Temp1,Temp2,Temp3,Time,dates
15.291533394902151,14.986625324755115,14.460595823929497,900.0,2022-05-01 14:15:00
15.31191332428819,14.962599033955645,14.457157414636468,1800.0,2022-05-01 14:30:00
15.335605912121204,14.956581830615304,14.45585606427058,2700.0,2022-05-01 14:45:00
15.361854070128595,14.963842492835653,14.457737211624735,3600.0,2022-05-01 15:00:00
15.355374178988573,14.967364816392308,14.461499731639584,4500.0,2022-05-01 15:15:00
15.346775527835876,14.975029156373544,14.46777987366544,5400.0,2022-05-01 15:30:00
15.337123334304748,14.958889286055504,14.470341947516763,6300.0,2022-05-01 15:45:00
15.335248414066536,14.962626644222372,14.47403524084626,7200.0,2022-05-01 16:00:00
15.336571647527618,14.96754564526248,14.479473816235071,8100.0,2022-05-01 16:15:00
15.334727712877203,14.960902904248668,14.483428082167674,9000.0,2022-05-01 16:30:00
15.320326790419156,14.969156950025551,14.489579427962168,9900.0,2022-05-01 16:45:00
15.287495747227368,14.959710590706187,14.494257353845953,10800.0,2022-05-01 17:00:00
15.240838784733354,14.947100537549604,14.497167917466252,11700.0,2022-05-01 17:15:00
15.183302276987147,14.929578258806092,14.498072546538888,12600.0,2022-05-01 17:30:00
15.113979500357564,14.91417637118722,14.498622263665228,13500.0,2022-05-01 17:45:00
15.03091215219792,14.868257851027233,14.49267756287792,14400.0,2022-05-01 18:00:00
14.948643914289216,14.83341899937794,14.484103887571676,15300.0,2022-05-01 18:15:00
14.868304188678392,14.77782604186091,14.46959006012404,16200.0,2022-05-01 18:30:00
14.809324142742286,14.7411644090072,14.45411627552678,17100.0,2022-05-01 18:45:00
14.758767407688008,14.706148281195178,14.438743944334448,18000.0,2022-05-01 19:00:00
14.714523107326348,14.670935116625554,14.423231643212857,18900.0,2022-05-01 19:15:00
14.667580203585963,14.629302174871432,14.406212984304652,19800.0,2022-05-01 19:30:00
14.619017216504009,14.598576772411125,14.38978152728999,20700.0,2022-05-01 19:45:00
14.557977523599735,14.566634694399118,14.374004565463954,21600.0,2022-05-01 20:00:00
14.484746418284118,14.515396015528516,14.355095832531276,22500.0,2022-05-01 20:15:00
14.417367807976978,14.479142873552044,14.336122587552632,23400.0,2022-05-01 20:30:00
14.361304040454073,14.435456437019482,14.316107931041207,24300.0,2022-05-01 20:45:00
14.331728377561152,14.405840594192926,14.297327582574756,25200.0,2022-05-01 21:00:00
14.312685260202825,14.368347658577598,14.278112981334552,26100.0,2022-05-01 21:15:00
14.306656711902384,14.337877427307625,14.258970216368326,27000.0,2022-05-01 21:30:00
14.312404597164813,14.3307492493881,14.24378182719776,27900.0,2022-05-01 21:45:00
14.31809551497144,14.31374882294356,14.230194927689004,28800.0,2022-05-01 22:00:00
14.32336031666994,14.299370926678089,14.217854918116178,29700.0,2022-05-01 22:15:00
14.336689716275524,14.296135163627046,14.208024961240396,30600.0,2022-05-01 22:30:00
14.355777176008107,14.29045253712884,14.199671721965052,31500.0,2022-05-01 22:45:00
14.377070420272927,14.289195771271109,14.19272273997808,32400.0,2022-05-01 23:00:00
14.393768304804269,14.296379481573656,14.188350098902283,33300.0,2022-05-01 23:15:00
14.406106637760525,14.304023656575673,14.186241274229529,34200.0,2022-05-01 23:30:00
14.412992685292831,14.3036630776658,14.18444874712526,35100.0,2022-05-01 23:45:00
14.427566816485603,14.317781097670146,14.185078655006397,36000.0,2022-05-02 00:00:00
14.439673454715363,14.32037082057087,14.18584652608268,36900.0,2022-05-02 00:15:00
14.444720645356432,14.313942228263375,14.184792827148888,37800.0,2022-05-02 00:30:00
14.441573902163311,14.319719757859165,14.18429189854944,38700.0,2022-05-02 00:45:00
14.415619321362504,14.322267865766912,14.184456376018554,39600.0,2022-05-02 01:00:00
14.379596026895475,14.305098640237922,14.18187867747057,40500.0,2022-05-02 01:15:00
14.358656960992812,14.305084343005884,14.179663101689934,41400.0,2022-05-02 01:30:00
14.345029017337977,14.294028824044531,14.176454587944413,42300.0,2022-05-02 01:45:00
14.343750802638649,14.286236176797788,14.172703780281909,43200.0,2022-05-02 02:00:00
14.354413272307092,14.288652082636911,14.170133846272762,44100.0,2022-05-02 02:15:00
14.36873482767012,14.28094475465034,14.166869111572042,45000.0,2022-05-02 02:30:00
14.392339360381865,14.287934939851931,14.16511653669848,45900.0,2022-05-02 02:45:00
14.420329168109683,14.303512283010782,14.166305635618397,46800.0,2022-05-02 03:00:00
14.439718843163464,14.301179382157397,14.166679418592787,47700.0,2022-05-02 03:15:00
14.465799758687552,14.304919796529855,14.16687818264151,48600.0,2022-05-02 03:30:00
14.476963962180855,14.316771016636016,14.16846457867095,49500.0,2022-05-02 03:45:00
14.49229259605842,14.334610915265555,14.172505084756768,50400.0,2022-05-02 04:00:00
14.503056934097106,14.349291274451495,14.178019688726495,51300.0,2022-05-02 04:15:00
14.511721090125087,14.34542678270868,14.181308546655575,52200.0,2022-05-02 04:30:00
14.518871812246529,14.347815244785952,14.183527480737942,53100.0,2022-05-02 04:45:00
14.52636401659914,14.358613929847818,14.186654463881007,54000.0,2022-05-02 05:00:00
14.529445388795018,14.368245632299685,14.190630248731514,54900.0,2022-05-02 05:15:00
14.533210474238164,14.386240629789445,14.197032556561624,55800.0,2022-05-02 05:30:00
14.529634187837951,14.380571636764616,14.201122297695704,56700.0,2022-05-02 05:45:00
14.525481490808858,14.380639697630292,14.20390648878014,57600.0,2022-05-02 06:00:00
14.520408332933982,14.382683157869424,14.206205673049146,58500.0,2022-05-02 06:15:00
14.515083996274557,14.388633571290212,14.209193140210733,59400.0,2022-05-02 06:30:00
14.505514222534469,14.379843776330269,14.210171614510656,60300.0,2022-05-02 06:45:00
14.496008953621724,14.370273537560502,14.20917978497028,61200.0,2022-05-02 07:00:00
14.4910730042131,14.378075865033235,14.209827476251771,62100.0,2022-05-02 07:15:00
14.484057455287203,14.373579314515228,14.210098612388848,63000.0,2022-05-02 07:30:00
14.480246717039682,14.367507720645191,14.20932002977986,63900.0,2022-05-02 07:45:00
14.478030327873368,14.363512705822425,14.20803693569266,64800.0,2022-05-02 08:00:00
14.4791893560554,14.367863334890426,14.208038300252593,65700.0,2022-05-02 08:15:00
14.48317075029777,14.36351634336632,14.207496750807712,66600.0,2022-05-02 08:30:00
14.496495619272451,14.370992016590389,14.208263758889428,67500.0,2022-05-02 08:45:00
14.514593850491073,14.375165960196687,14.209654793868648,68400.0,2022-05-02 09:00:00
14.536618626052132,14.375029086722524,14.210413979420048,69300.0,2022-05-02 09:15:00
14.570265365400669,14.386574156058122,14.21240665490608,70200.0,2022-05-02 09:30:00
14.620095841093972,14.40768190230704,14.217245204486312,71100.0,2022-05-02 09:45:00
14.669984445005998,14.421347067035938,14.222751598443793,72000.0,2022-05-02 10:00:00
14.726979486134397,14.453716390782262,14.231738993799034,72900.0,2022-05-02 10:15:00
14.764744256570449,14.483241211546416,14.243263309070484,73800.0,2022-05-02 10:30:00
14.819499811850996,14.506512262515193,14.255429418345487,74700.0,2022-05-02 10:45:00
14.897767518292428,14.541547888736618,14.269614256967063,75600.0,2022-05-02 11:00:00
14.974696565480883,14.57819188144161,14.285599587362022,76500.0,2022-05-02 11:15:00
15.016763007195255,14.622488918586969,14.304659384515524,77400.0,2022-05-02 11:30:00
15.017408833133867,14.657465620054008,14.325087152521602,78300.0,2022-05-02 11:45:00
15.047644175287305,14.68285324765736,14.344552052453054,79200.0,2022-05-02 12:00:00
15.07989370368308,14.720865625771609,14.365796022819136,80100.0,2022-05-02 12:15:00
15.10136653062645,14.736098316605924,14.384112439831767,81000.0,2022-05-02 12:30:00
15.141678046522758,14.759862129271102,14.401229799394486,81900.0,2022-05-02 12:45:00
15.183754681248512,14.787208650046294,14.418377518144712,82800.0,2022-05-02 13:00:00
15.202267911009455,14.814154483867776,14.435980135036896,83700.0,2022-05-02 13:15:00
15.208497801599092,14.83260916152162,14.45246898540316,84600.0,2022-05-02 13:30:00
15.20643467898156,14.852211488228866,14.468596121988403,85500.0,2022-05-02 13:45:00
15.191215252944072,14.860624661837043,14.482527515362811,86400.0,2022-05-02 14:00:00
15.195459687797706,14.86519499152565,14.493816287210546,87300.0,2022-05-02 14:15:00
15.209206426876968,14.87628809050586,14.504437401753089,88200.0,2022-05-02 14:30:00
15.218377939424723,14.89053897532582,14.51555393656405,89100.0,2022-05-02 14:45:00
15.236991128457948,14.911060231007516,14.528361916403576,90000.0,2022-05-02 15:00:00
15.23797975325664,14.922235766141997,14.540906901068734,90900.0,2022-05-02 15:15:00
15.206336164523648,14.917265243928416,14.549987333626731,91800.0,2022-05-02 15:30:00
15.159548831489564,14.906088871446354,14.555191402726846,92700.0,2022-05-02 15:45:00
15.107116673656767,14.901952055379049,14.55965373652048,93600.0,2022-05-02 16:00:00
15.04037683329911,14.882691436111935,14.561307644763891,94500.0,2022-05-02 16:15:00
14.969063951614851,14.84606030585948,14.557230658356811,95400.0,2022-05-02 16:30:00
14.900831633082372,14.8179518310194,14.550609535839238,96300.0,2022-05-02 16:45:00
14.827007936776056,14.781652672420272,14.54096549408914,97200.0,2022-05-02 17:00:00
14.745403367210042,14.738449969487778,14.527865499165388,98100.0,2022-05-02 17:15:00
14.662157025524271,14.68989087907742,14.51112767491758,99000.0,2022-05-02 17:30:00
14.580162349917153,14.64096093649274,14.491781138610714,99900.0,2022-05-02 17:45:00
14.50774141087416,14.604345442740389,14.472851289879832,100800.0,2022-05-02 18:00:00
14.442594952860384,14.542675592043066,14.449741982098354,101700.0,2022-05-02 18:15:00
14.390782609882796,14.504253375619513,14.4269563511005,102600.0,2022-05-02 18:30:00
14.34362969298216,14.469462864484216,14.40543431741152,103500.0,2022-05-02 18:45:00
14.301442932697691,14.42982876503486,14.383840947177548,104400.0,2022-05-02 19:00:00
14.26275863773724,14.395834369030569,14.362896931622032,105300.0,2022-05-02 19:15:00
14.218527639794717,14.353146642457398,14.340946618228855,106200.0,2022-05-02 19:30:00
14.175515953429736,14.313958977620496,14.318360666043588,107100.0,2022-05-02 19:45:00
14.142577157717756,14.291150737855912,14.297921786176774,108000.0,2022-05-02 20:00:00
14.120088717750695,14.256685259732308,14.277517411274603,108900.0,2022-05-02 20:15:00
14.099428381574706,14.232452230059844,14.258210747961424,109800.0,2022-05-02 20:30:00
14.08297626374788,14.207239991606713,14.239680373755537,110700.0,2022-05-02 20:45:00
14.079883849283162,14.191121442972118,14.222939266724383,111600.0,2022-05-02 21:00:00
14.080340761084772,14.176396923700096,14.20776149473585,112500.0,2022-05-02 21:15:00
14.09479217698028,14.162520715930102,14.193807311812698,113400.0,2022-05-02 21:30:00
14.126866863921553,14.156156690099438,14.181539868541996,114300.0,2022-05-02 21:45:00
14.184431345290706,14.171843097576408,14.173733452502468,115200.0,2022-05-02 22:00:00
14.24846671613248,14.176939579197342,14.167971398603422,116100.0,2022-05-02 22:15:00
14.321717781448656,14.203996716677008,14.166594657928384,117000.0,2022-05-02 22:30:00
14.403335136987724,14.233172448812024,14.169250348154694,117900.0,2022-05-02 22:45:00
14.491486747897916,14.272572775430069,14.176232048114372,118800.0,2022-05-02 23:00:00
14.552994664449905,14.311839363572798,14.18675595707553,119700.0,2022-05-02 23:15:00
14.595804807907218,14.338199868428536,14.198039691280927,120600.0,2022-05-02 23:30:00
14.624611005896805,14.375334253092946,14.211426450905089,121500.0,2022-05-02 23:45:00
14.638703003490996,14.403798598520613,14.225559120267164,122400.0,2022-05-03 00:00:00
14.63742742560104,14.420701334773684,14.238502004179788,123300.0,2022-05-03 00:15:00
14.633531524338096,14.43621728606,14.25018201790658,124200.0,2022-05-03 00:30:00
14.628669402774053,14.451281944823496,14.261151830364494,125100.0,2022-05-03 00:45:00
14.619809670500375,14.451034493692989,14.269068551038304,126000.0,2022-05-03 01:00:00
14.618403463210132,14.46023233077957,14.276255037577195,126900.0,2022-05-03 01:15:00
14.624022936685613,14.467848186297685,14.282892799185037,127800.0,2022-05-03 01:30:00
14.625134968930904,14.463717070461575,14.28706210489134,128700.0,2022-05-03 01:45:00
14.629947993861837,14.473268345961811,14.291428226528849,129600.0,2022-05-03 02:00:00
14.630966592103768,14.469138908339252,14.29389892953762,130500.0,2022-05-03 02:15:00
14.63262948982117,14.475630826448478,14.296681161973517,131400.0,2022-05-03 02:30:00
14.631253433899452,14.47581758992291,14.298859615496983,132300.0,2022-05-03 02:45:00
14.628281728964932,14.4830506353235,14.30186155574782,133200.0,2022-05-03 03:00:00
14.623114762800354,14.474660331493764,14.302815510869284,134100.0,2022-05-03 03:15:00
14.624108811104223,14.477423841074462,14.303865098600207,135000.0,2022-05-03 03:30:00
14.6258234852354,14.48687132425837,14.306471091786348,135900.0,2022-05-03 03:45:00
14.636222505000832,14.490933798756927,14.30948405430946,136800.0,2022-05-03 04:00:00
14.637387837945752,14.488088389324949,14.31131196285215,137700.0,2022-05-03 04:15:00
14.637630454897106,14.496482018828257,14.314179889002874,138600.0,2022-05-03 04:30:00
14.639280284328766,14.495708961168708,14.316426228376589,139500.0,2022-05-03 04:45:00
14.641341778147872,14.4970442804021,14.31822917959346,140400.0,2022-05-03 05:00:00
14.64696031826666,14.50802289988545,14.321637773110922,141300.0,2022-05-03 05:15:00
14.643402958709606,14.498658759904105,14.322809161172488,142200.0,2022-05-03 05:30:00
14.647941027999998,14.505300964871,14.324702584878542,143100.0,2022-05-03 05:45:00
14.648579670510651,14.506242584825788,14.326482990396563,144000.0,2022-05-03 06:00:00
14.64615105594949,14.507495790443414,14.328049629557176,144900.0,2022-05-03 06:15:00
14.643038166735783,14.506275165428136,14.329155968657522,145800.0,2022-05-03 06:30:00
14.6391566596992,14.500413163844772,14.328988663798295,146700.0,2022-05-03 06:45:00
14.633799900740142,14.50224208251018,14.329253096570849,147600.0,2022-05-03 07:00:00
14.62664009805646,14.503008066436411,14.329894994736703,148500.0,2022-05-03 07:15:00
14.61864651628126,14.495595746240904,14.32940703131226,149400.0,2022-05-03 07:30:00
14.614631445560024,14.495874833609856,14.329172445344026,150300.0,2022-05-03 07:45:00
14.6113332502841,14.49350571332822,14.328907321199038,151200.0,2022-05-03 08:00:00
14.606466035293645,14.486405516617689,14.327562158076343,152100.0,2022-05-03 08:15:00
14.608909791480423,14.496335780652796,14.328269187235517,153000.0,2022-05-03 08:30:00
14.61447665443441,14.497670360238756,14.329467585495202,153900.0,2022-05-03 08:45:00
14.627256772469808,14.496354440371848,14.330128332051684,154800.0,2022-05-03 09:00:00
14.646853815469996,14.487676158788418,14.328844799210197,155700.0,2022-05-03 09:15:00
14.68437797713294,14.50638309454693,14.330464474403684,156600.0,2022-05-03 09:30:00
14.723626802939418,14.520001136910738,14.333857344830925,157500.0,2022-05-03 09:45:00
14.780640537130624,14.542060277128678,14.339741306616228,158400.0,2022-05-03 10:00:00
14.826983946985738,14.562568886774756,14.347139626739084,159300.0,2022-05-03 10:15:00
14.899162258857134,14.597016934609345,14.35795791578399,160200.0,2022-05-03 10:30:00
14.983297902614373,14.631520843627166,14.371223033182137,161100.0,2022-05-03 10:45:00
15.089338696959947,14.677563934909475,14.387935209071026,162000.0,2022-05-03 11:00:00
15.154926200923327,14.724514299582218,14.407570393302365,162900.0,2022-05-03 11:15:00
15.173427778523784,14.770453292470895,14.429947057656026,163800.0,2022-05-03 11:30:00
15.154432363516325,14.78781178302366,14.449488261759384,164700.0,2022-05-03 11:45:00
15.116146138018673,14.80491424828063,14.46705953155422,165600.0,2022-05-03 12:00:00
15.063136579944617,14.809489028403878,14.481465407593536,166500.0,2022-05-03 12:15:00
15.019801533288955,14.804464805432804,14.491860313123873,167400.0,2022-05-03 12:30:00
14.990144142253358,14.796515437139824,14.498752346620096,168300.0,2022-05-03 12:45:00
14.962762173493624,14.781979338492668,14.501809758503082,169200.0,2022-05-03 13:00:00
14.94159943286476,14.77266950890792,14.503007424584007,170100.0,2022-05-03 13:15:00
14.915521518901263,14.760731503361905,14.502632330110597,171000.0,2022-05-03 13:30:00
14.878670726812176,14.74219517716954,14.499985762479657,171900.0,2022-05-03 13:45:00
14.838925408126684,14.734353146047402,14.497715570136466,172800.0,2022-05-03 14:00:00
14.785159267983666,14.705248967529718,14.492229019000504,173700.0,2022-05-03 14:15:00
14.723978856128888,14.680508927493744,14.484901382085816,174600.0,2022-05-03 14:30:00
14.6652070376497,14.645458673360755,14.474461089958364,175500.0,2022-05-03 14:45:00
14.62403514718137,14.61538330457468,14.46235198404716,176400.0,2022-05-03 15:00:00
14.59734139033048,14.59474831157678,14.45077421037632,177300.0,2022-05-03 15:15:00
14.579890205790072,14.573246730220609,14.439561159357574,178200.0,2022-05-03 15:30:00
14.571703028251472,14.552262364971703,14.428312189323565,179100.0,2022-05-03 15:45:00
14.564703768360271,14.53505245268624,14.417384696933542,180000.0,2022-05-03 16:00:00
14.54895981018589,14.522638640427866,14.407577600755127,180900.0,2022-05-03 16:15:00
14.529909972497004,14.502391508846303,14.397365262161705,181800.0,2022-05-03 16:30:00
14.520948402282317,14.491069803856949,14.388101797607485,182700.0,2022-05-03 16:45:00
14.514100376620078,14.478993250097716,14.379468262099222,183600.0,2022-05-03 17:00:00
14.502813476589411,14.47391076551131,14.37236574253846,184500.0,2022-05-03 17:15:00
14.478543318972418,14.455959597783597,14.36450075238001,185400.0,2022-05-03 17:30:00
14.440280606017865,14.434817571641569,14.355358846964064,186300.0,2022-05-03 17:45:00
14.385656442238338,14.419792375104953,14.346294089190264,187200.0,2022-05-03 18:00:00
14.31947848869452,14.39267404877108,14.335747356241573,188100.0,2022-05-03 18:15:00
14.25633429171078,14.352932577720878,14.321802763542726,189000.0,2022-05-03 18:30:00
14.20170762344747,14.3233342437089,14.306823745495434,189900.0,2022-05-03 18:45:00
14.146901690813802,14.286325659479523,14.29013560766674,190800.0,2022-05-03 19:00:00
14.109867569448298,14.265219356748569,14.27439012484074,191700.0,2022-05-03 19:15:00
14.081718063322358,14.226895437384304,14.2568284699386,192600.0,2022-05-03 19:30:00
14.067333513118063,14.208323712544258,14.240366596608036,193500.0,2022-05-03 19:45:00
14.057335105525958,14.174126303420712,14.222740391781018,194400.0,2022-05-03 20:00:00
14.06360256292274,14.169069515050754,14.208099703860888,195300.0,2022-05-03 20:15:00
14.068315419774729,14.144289744930743,14.19333908619826,196200.0,2022-05-03 20:30:00
14.083636981996612,14.141978878132456,14.18110707017456,197100.0,2022-05-03 20:45:00
14.096537296071247,14.139239315719752,14.171153252512552,198000.0,2022-05-03 21:00:00
14.102918695656546,14.134876067190516,14.16248584872352,198900.0,2022-05-03 21:15:00
14.090129085119717,14.130716022580469,14.154891079747944,199800.0,2022-05-03 21:30:00
14.082067361096923,14.128967563920956,14.148483181752452,200700.0,2022-05-03 21:45:00
14.067615913768316,14.113583431329133,14.141057756006704,201600.0,2022-05-03 22:00:00
14.056114816200465,14.116376994132755,14.135128136937691,202500.0,2022-05-03 22:15:00
14.04531980476987,14.100448476503352,14.12803836354732,203400.0,2022-05-03 22:30:00
14.045319538003747,14.09542753595772,14.121144032398234,204300.0,2022-05-03 22:45:00
14.047018976092106,14.09222450832062,14.114864432716963,205200.0,2022-05-03 23:00:00
14.047380281481322,14.087036710699916,14.108818889671303,206100.0,2022-05-03 23:15:00
14.040678726500795,14.080647104575355,14.102916143679955,207000.0,2022-05-03 23:30:00
14.02355042360233,14.070868063388213,14.096560328537478,207900.0,2022-05-03 23:45:00
14.004052690700478,14.063068587049084,14.09014174795154,208800.0,2022-05-04 00:00:00
13.975281224759074,14.049453336992526,14.082896604698393,209700.0,2022-05-04 00:15:00
13.96457578870798,14.047657275602935,14.076675408151296,210600.0,2022-05-04 00:30:00
13.949106914313592,14.032247605608358,14.069437639079515,211500.0,2022-05-04 00:45:00
13.938725068568242,14.015924968307298,14.060992232474772,212400.0,2022-05-04 01:00:00
13.924123746637006,14.006626876527433,14.052728152477254,213300.0,2022-05-04 01:15:00
13.912977802502978,14.000914472146125,14.045175851549734,214200.0,2022-05-04 01:30:00
13.89744728075873,13.983334105147156,14.036634787786408,215100.0,2022-05-04 01:45:00
13.888904165301025,13.978796288058296,14.028792461773216,216000.0,2022-05-04 02:00:00
13.870501437831445,13.959757005641004,14.019937507286617,216900.0,2022-05-04 02:15:00
13.85635006643048,13.953091652181104,14.011604174660954,217800.0,2022-05-04 02:30:00
13.840701230125378,13.939270266190205,14.002996893627346,218700.0,2022-05-04 02:45:00
13.825978235685731,13.935560477487552,13.995344585689487,219600.0,2022-05-04 03:00:00
13.806162938926272,13.91555658031201,13.986387990299704,220500.0,2022-05-04 03:15:00
13.788077130641806,13.898407210633408,13.976640741234778,221400.0,2022-05-04 03:30:00
13.778255808436652,13.888359797265473,13.967199770748332,222300.0,2022-05-04 03:45:00
13.761047274393327,13.876944104582154,13.957966064156548,223200.0,2022-05-04 04:00:00
13.746017615511992,13.872857118520963,13.94990382626842,224100.0,2022-05-04 04:15:00
13.7256483558903,13.850078889669827,13.940352707734675,225000.0,2022-05-04 04:30:00
13.71352742715226,13.835632564058358,13.930309137893063,225900.0,2022-05-04 04:45:00
13.69586109611462,13.820812591853873,13.920059440410077,226800.0,2022-05-04 05:00:00
13.681257395283623,13.813205125466022,13.91061605136739,227700.0,2022-05-04 05:15:00
13.665907135344424,13.796232949529175,13.90074829159528,228600.0,2022-05-04 05:30:00
13.655240288817469,13.793850987671773,13.892178718434067,229500.0,2022-05-04 05:45:00
13.644489963740211,13.783636127564028,13.883869459407002,230400.0,2022-05-04 06:00:00
13.638342103210755,13.767721257328526,13.874827310642823,231300.0,2022-05-04 06:15:00
13.64078001309072,13.760607976089624,13.866182598541371,232200.0,2022-05-04 06:30:00
13.644884785249769,13.750681611212048,13.85770063108906,233100.0,2022-05-04 06:45:00
13.657681138641218,13.74772174515174,13.850173224776883,234000.0,2022-05-04 07:00:00
13.678108440563353,13.753279015024122,13.844570436735166,234900.0,2022-05-04 07:15:00
13.703279895239303,13.758732011761737,13.84048436456095,235800.0,2022-05-04 07:30:00
13.727200733732392,13.75752462431449,13.83670361051287,236700.0,2022-05-04 07:45:00
13.7651307544439,13.767245563733429,13.834366450199571,237600.0,2022-05-04 08:00:00
13.816415203434074,13.796700122849153,13.835893963818062,238500.0,2022-05-04 08:15:00
13.868478224735616,13.814879221367388,13.839266738506884,239400.0,2022-05-04 08:30:00
13.923559683704234,13.826840946416867,13.842884174986857,240300.0,2022-05-04 08:45:00
13.993650957499849,13.865798081861776,13.850075132789572,241200.0,2022-05-04 09:00:00
14.054049856750298,13.899625438692697,13.860031059167856,242100.0,2022-05-04 09:15:00
14.120208648670486,13.932584769645944,13.871897118523387,243000.0,2022-05-04 09:30:00
14.208580429947563,13.975709803643449,13.886331951627367,243900.0,2022-05-04 09:45:00
14.315247023649412,14.027557928748871,13.904147123074912,244800.0,2022-05-04 10:00:00
14.4168088539773,14.079693612889931,13.92481194440002,245700.0,2022-05-04 10:15:00
14.517768309431313,14.142776647374724,13.94928777055224,246600.0,2022-05-04 10:30:00
14.619845569004124,14.187776510567767,13.973612236777551,247500.0,2022-05-04 10:45:00
14.738064079829458,14.269021308737898,14.003472432574284,248400.0,2022-05-04 11:00:00
14.838079771305692,14.33341588104259,14.035509705823952,249300.0,2022-05-04 11:15:00
14.929784665700772,14.396571437479029,14.06863990401863,250200.0,2022-05-04 11:30:00
15.013391971657256,14.468175899670747,14.10424470979578,251100.0,2022-05-04 11:45:00
15.0967884666415,14.540524972625446,14.142421895689186,252000.0,2022-05-04 12:00:00
15.173710587446564,14.607660469419711,14.181822147229427,252900.0,2022-05-04 12:15:00
15.229346199642608,14.65901116802394,14.21907109108808,253800.0,2022-05-04 12:30:00
15.283150385745705,14.720351777925886,14.256776084391724,254700.0,2022-05-04 12:45:00
15.336233426650844,14.7833116143277,14.296085223441054,255600.0,2022-05-04 13:00:00
15.370062255209918,14.816463159438966,14.330487652131032,256500.0,2022-05-04 13:15:00
15.396563088897604,14.864158312920702,14.36426106362646,257400.0,2022-05-04 13:30:00
15.403966158014953,14.893774573815298,14.394700895499913,258300.0,2022-05-04 13:45:00
15.39591700984861,14.920212264097652,14.42228544140039,259200.0,2022-05-04 14:00:00
15.373327876968643,14.932360004927425,14.445403928773516,260100.0,2022-05-04 14:15:00
15.333493822587071,14.950277742027954,14.46718408747778,261000.0,2022-05-04 14:30:00
15.277579320751444,14.946282888477114,14.484298633213788,261900.0,2022-05-04 14:45:00
15.209408655790812,14.918371471795654,14.492849140006648,262800.0,2022-05-04 15:00:00
15.13574192129918,14.906496524591946,14.49874736557854,263700.0,2022-05-04 15:15:00
15.043567441423004,14.879054892917967,14.50079989987363,264600.0,2022-05-04 15:30:00
14.93574164415536,14.835553075564572,14.497023249595896,265500.0,2022-05-04 15:45:00
14.818594621801338,14.785094684121614,14.487744695620144,266400.0,2022-05-04 16:00:00
14.695195908914446,14.723645280740302,14.472620311532744,267300.0,2022-05-04 16:15:00
14.563153092647548,14.658347474768537,14.452761690910169,268200.0,2022-05-04 16:30:00
14.424552179516748,14.581649958610774,14.427503707292896,269100.0,2022-05-04 16:45:00
14.298972213851703,14.514410455022771,14.400137727534023,270000.0,2022-05-04 17:00:00
14.16658521038063,14.426786205046254,14.367837745019436,270900.0,2022-05-04 17:15:00
14.043025524019644,14.358282412206227,14.334789274526626,271800.0,2022-05-04 17:30:00
13.926992333465597,14.27695340291859,14.299373373752932,272700.0,2022-05-04 17:45:00
13.820197316004668,14.187233703522471,14.260388747099643,273600.0,2022-05-04 18:00:00
13.718598610428016,14.116849404112063,14.221457008584686,274500.0,2022-05-04 18:15:00
13.615508254073047,14.045317743911015,14.182714033708669,275400.0,2022-05-04 18:30:00
13.509670527082212,13.9687036969683,14.143220713412576,276300.0,2022-05-04 18:45:00
13.423582091343883,13.890379377746628,14.10261403846068,277200.0,2022-05-04 19:00:00
13.359111913272034,13.832091270156234,14.063417513061989,278100.0,2022-05-04 19:15:00
13.316362739778397,13.773279173597672,14.025483429447975,279000.0,2022-05-04 19:30:00
13.30045836485462,13.72658348383786,13.989660298994234,279900.0,2022-05-04 19:45:00
13.304874396169696,13.689388474358026,13.95669403134548,280800.0,2022-05-04 20:00:00
13.319088361057537,13.661350764144858,13.92691496521658,281700.0,2022-05-04 20:15:00
13.336370787649892,13.641522495131593,13.900699469781513,282600.0,2022-05-04 20:30:00
13.356146099519368,13.628446002546315,13.877974223673643,283500.0,2022-05-04 20:45:00
13.379247876087575,13.609675272780557,13.85761858752238,284400.0,2022-05-04 21:00:00
13.406913734080048,13.609880374178864,13.840765897938889,285300.0,2022-05-04 21:15:00
13.436383823875506,13.60937356743526,13.826935779413006,286200.0,2022-05-04 21:30:00
13.465577544250324,13.611591337478831,13.815785886027935,287100.0,2022-05-04 21:45:00
13.503318083025707,13.627137420562413,13.807904076372814,288000.0,2022-05-04 22:00:00
13.539841564498788,13.636959883449332,13.80223327747042,288900.0,2022-05-04 22:15:00
13.584332372006696,13.658313615250888,13.799375047127914,289800.0,2022-05-04 22:30:00
13.624205939105584,13.669463100120064,13.797715464821673,290700.0,2022-05-04 22:45:00
13.67272731979495,13.682087647674388,13.797054300099097,291600.0,2022-05-04 23:00:00
13.7239443057615,13.710295300907925,13.798984534905776,292500.0,2022-05-04 23:15:00
13.773029479993774,13.730352770410672,13.802392076670994,293400.0,2022-05-04 23:30:00
13.826284637317324,13.75943810870001,13.807891729397843,294300.0,2022-05-04 23:45:00
13.886210393630362,13.790549543530355,13.815384276207652,295200.0,2022-05-05 00:00:00
13.94948071584515,13.820907469404432,13.824436511659108,296100.0,2022-05-05 00:15:00
14.021035038922973,13.861079707981114,13.836064318333394,297000.0,2022-05-05 00:30:00
14.094065005020678,13.890471642884034,13.84828173871707,297900.0,2022-05-05 00:45:00
14.177026127391136,13.941712491433256,13.863830350478922,298800.0,2022-05-05 01:00:00
14.25419290480049,13.989085508625624,13.881941596040424,299700.0,2022-05-05 01:15:00
14.33233378272874,14.041176705340993,13.902726176305368,300600.0,2022-05-05 01:30:00
14.403510890845872,14.078901130804203,13.9233329759402,301500.0,2022-05-05 01:45:00
14.479310096963124,14.134223211130829,13.946340324490926,302400.0,2022-05-05 02:00:00
14.552041240029595,14.193976367230295,13.97255240467549,303300.0,2022-05-05 02:15:00
14.623092441928126,14.2487432881911,14.000561935689587,304200.0,2022-05-05 02:30:00
14.685444720663606,14.293643029318224,14.028079347863564,305100.0,2022-05-05 02:45:00
14.747974315385948,14.337204259548807,14.054811070075912,306000.0,2022-05-05 03:00:00
14.80379897103011,14.381027313564053,14.081048132120522,306900.0,2022-05-05 03:15:00
14.859770490526044,14.431193751695222,14.108429032619044,307800.0,2022-05-05 03:30:00
14.908546545794492,14.474489862741498,14.135825482440667,308700.0,2022-05-05 03:45:00
14.950736406713114,14.518168924189965,14.163358117796738,309600.0,2022-05-05 04:00:00
14.984092152204036,14.550033524542483,14.188889552147923,310500.0,2022-05-05 04:15:00
15.023108793209532,14.597965142238891,14.216177011903577,311400.0,2022-05-05 04:30:00
15.041702860491553,14.627924359757658,14.24203829211234,312300.0,2022-05-05 04:45:00
15.087731239316533,14.66645469257948,14.268148112627037,313200.0,2022-05-05 05:00:00
15.098991444180005,14.697497276168727,14.293483908891677,314100.0,2022-05-05 05:15:00
15.115253428636182,14.7105275305192,14.314455618722697,315000.0,2022-05-05 05:30:00
15.132529201067264,14.736620430503988,14.334698013734853,315900.0,2022-05-05 05:45:00
15.149015499813984,14.755329648944077,14.353325661180314,316800.0,2022-05-05 06:00:00
15.154011087135578,14.782419558194793,14.37282893504451,317700.0,2022-05-05 06:15:00
15.169750155585628,14.80060984353789,14.391402528952906,318600.0,2022-05-05 06:30:00
15.188936876833624,14.812658512823395,14.407677216838412,319500.0,2022-05-05 06:45:00
15.21319038735236,14.828791199030544,14.422909045299122,320400.0,2022-05-05 07:00:00
15.238856340891054,14.85641094531085,14.439887690883568,321300.0,2022-05-05 07:15:00
15.253662873986848,14.869188319455404,14.455492578390754,322200.0,2022-05-05 07:30:00
15.272026050815342,14.88704314266012,14.470753441931436,323100.0,2022-05-05 07:45:00
15.284509899019469,14.907168182616934,14.48658656231274,324000.0,2022-05-05 08:00:00
15.291826813313948,14.912579118855591,14.499661108677008,324900.0,2022-05-05 08:15:00
15.296089058278769,14.931750166074448,14.513583936813513,325800.0,2022-05-05 08:30:00
15.291063829917006,14.94157561749586,14.526779147790938,326700.0,2022-05-05 08:45:00
15.28199487802008,14.946672247329063,14.53832182940247,327600.0,2022-05-05 09:00:00
15.277261142662011,14.950721711499874,14.548431644931002,328500.0,2022-05-05 09:15:00
15.284407880341677,14.956374502057194,14.557690087876123,329400.0,2022-05-05 09:30:00
15.28368816653488,14.96795296914264,14.56793670224652,330300.0,2022-05-05 09:45:00
15.296745500692165,14.97496940759708,14.577994233281467,331200.0,2022-05-05 10:00:00
15.313623812905744,14.987414228058851,14.588703751475204,332100.0,2022-05-05 10:15:00
15.288394876719815,14.972337145727682,14.594200114546048,333000.0,2022-05-05 10:30:00
15.255612983025635,14.981141436673884,14.600936804741488,333900.0,2022-05-05 10:45:00
15.26816989354344,14.98731530061968,14.6085297279915,334800.0,2022-05-05 11:00:00
15.286987025310031,14.983534427650431,14.614183079140282,335700.0,2022-05-05 11:15:00
15.264520265884846,14.982767107270943,14.61892406319172,336600.0,2022-05-05 11:30:00
15.243910000297294,14.984331413022216,14.623915521015768,337500.0,2022-05-05 11:45:00
15.223281835111797,14.97841264104609,14.627819491428609,338400.0,2022-05-05 12:00:00
15.203190636508968,14.980648998832445,14.632497856061544,339300.0,2022-05-05 12:15:00
15.182635311219814,14.95825271768663,14.632849610241609,340200.0,2022-05-05 12:30:00
15.171526294593413,14.954697377422924,14.633179727220766,341100.0,2022-05-05 12:45:00
15.194491021345236,14.96287371617627,14.636025481951236,342000.0,2022-05-05 13:00:00
15.232914828800036,14.95942357664756,14.638096197088368,342900.0,2022-05-05 13:15:00
15.266584918685776,14.970463074864524,14.64176947518326,343800.0,2022-05-05 13:30:00
15.292819325826937,14.985876598076963,14.647685797224929,344700.0,2022-05-05 13:45:00
15.302776308168388,14.993064205338245,14.653729502735969,345600.0,2022-05-05 14:00:00
15.31076968604499,15.008059432873765,14.661519777769938,346500.0,2022-05-05 14:15:00
15.306705765757837,15.018992978531308,14.670129358308508,347400.0,2022-05-05 14:30:00
15.299315930676256,15.0190531748095,14.677070076604974,348300.0,2022-05-05 14:45:00
15.289070513769248,15.01826681515881,14.682372598923171,349200.0,2022-05-05 15:00:00
15.270916821846534,15.021161076909811,14.687469966078057,350100.0,2022-05-05 15:15:00
15.249290688734376,15.014502373094224,14.690893409992556,351000.0,2022-05-05 15:30:00
15.225704043715307,15.0119675274583,14.693870312877474,351900.0,2022-05-05 15:45:00
15.20305215949848,15.003410747010888,14.695528359456311,352800.0,2022-05-05 16:00:00
15.18022560611168,14.99541325833074,14.696292256226211,353700.0,2022-05-05 16:15:00
15.144379335904464,14.974415213431753,14.693945680427596,354600.0,2022-05-05 16:30:00
15.11119652537854,14.963640429238424,14.691219783206316,355500.0,2022-05-05 16:45:00
15.070545152764872,14.945270590243856,14.687153847591263,356400.0,2022-05-05 17:00:00
15.018861278011958,14.913468690421208,14.679544093947555,357300.0,2022-05-05 17:15:00
14.963739036970807,14.895297453045403,14.671803897416392,358200.0,2022-05-05 17:30:00
14.902588514928444,14.858127853171467,14.660801978356766,359100.0,2022-05-05 17:45:00
14.845154259944035,14.832496933883878,14.649441832752675,360000.0,2022-05-05 18:00:00
14.786858490892191,14.798009171724637,14.636505516082677,360900.0,2022-05-05 18:15:00
14.723996003942528,14.758610328595855,14.621205856302852,361800.0,2022-05-05 18:30:00
14.66448468322302,14.721633865217722,14.60456456839746,362700.0,2022-05-05 18:45:00
14.613473485168331,14.684013371434713,14.586757805561206,363600.0,2022-05-05 19:00:00
14.576789701811933,14.650727386232589,14.568684780464585,364500.0,2022-05-05 19:15:00
14.549514980560762,14.619596409976708,14.550747079427344,365400.0,2022-05-05 19:30:00
14.532604877453757,14.591271313746276,14.533103805930248,366300.0,2022-05-05 19:45:00
14.525179197566429,14.574176866180956,14.517471041362269,367200.0,2022-05-05 20:00:00
14.52180695236202,14.558366497812008,14.50353994919302,368100.0,2022-05-05 20:15:00
14.521928749220434,14.54258159518851,14.490692915353364,369000.0,2022-05-05 20:30:00
14.517505957881111,14.52510668922741,14.478075391271526,369900.0,2022-05-05 20:45:00
14.512677241149722,14.51848676816166,14.467385128585814,370800.0,2022-05-05 21:00:00
14.503498079695984,14.50815498610936,14.457775697187662,371700.0,2022-05-05 21:15:00
14.492341708161678,14.500506602367883,14.449201541660516,372600.0,2022-05-05 21:30:00
14.48393386372017,14.487083646885305,14.440507676058212,373500.0,2022-05-05 21:45:00
14.475180472061846,14.473291015141324,14.431401617454314,374400.0,2022-05-05 22:00:00
14.47310325718534,14.470670999061378,14.42375511981784,375300.0,2022-05-05 22:15:00
14.473925940188671,14.460273810467443,14.416053125344476,376200.0,2022-05-05 22:30:00
14.48690267485132,14.454771392811184,14.408775294128455,377100.0,2022-05-05 22:45:00
14.509963972604565,14.472195884545611,14.405568179087354,378000.0,2022-05-05 23:00:00
14.532570854224412,14.469917437664192,14.40270510456841,378900.0,2022-05-05 23:15:00
14.561824334657953,14.479475538106296,14.401396082580376,379800.0,2022-05-05 23:30:00
14.5871939020151,14.486346384289105,14.401087637706253,380700.0,2022-05-05 23:45:00
14.611292917274834,14.49938236591697,14.402304086341834,381600.0,2022-05-06 00:00:00
14.633834148573444,14.507987004759942,14.404052632563063,382500.0,2022-05-06 00:15:00
14.65608552416466,14.522226001382856,14.407080295920842,383400.0,2022-05-06 00:30:00
14.681291814246018,14.532472582239643,14.410498838062836,384300.0,2022-05-06 00:45:00
14.717286821783116,14.550940973803854,14.41536516855817,385200.0,2022-05-06 01:00:00
14.741698004728088,14.568836623509664,14.421507898034072,386100.0,2022-05-06 01:15:00
14.759122968470948,14.580406409542062,14.427651691068112,387000.0,2022-05-06 01:30:00
14.774616868152934,14.59428975392508,14.4339945892403,387900.0,2022-05-06 01:45:00
14.780832044383091,14.602356326261509,14.439654148072064,388800.0,2022-05-06 02:00:00
14.797829484419136,14.624669063882724,14.44731247656755,389700.0,2022-05-06 02:15:00
14.812315262304164,14.630223342726422,14.453742577250196,390600.0,2022-05-06 02:30:00
14.834245342291526,14.64445650463502,14.460380020045458,391500.0,2022-05-06 02:45:00
14.853251182530473,14.663214156266672,14.468436630255276,392400.0,2022-05-06 03:00:00
14.871072245093618,14.674572375330673,14.476284503487667,393300.0,2022-05-06 03:15:00
14.894528823343029,14.677045050733424,14.48202834067088,394200.0,2022-05-06 03:30:00
14.926736820949769,14.704200089114138,14.490455419320636,395100.0,2022-05-06 03:45:00
14.951122046917844,14.71852463491061,14.499100768043846,396000.0,2022-05-06 04:00:00
14.975828103760326,14.730901992415411,14.507348786181884,396900.0,2022-05-06 04:15:00
15.003288554355468,14.755865653865222,14.517458348662972,397800.0,2022-05-06 04:30:00
15.02247153367128,14.766348635252731,14.526641906433849,398700.0,2022-05-06 04:45:00
15.050737790207704,14.791626942343909,14.537610955040098,399600.0,2022-05-06 05:00:00
15.07449637245744,14.812019548845882,14.549444328216042,400500.0,2022-05-06 05:15:00
15.097585137185696,14.823952596021934,14.560133410512735,401400.0,2022-05-06 05:30:00
15.123521627470629,14.837903417236827,14.569989830077995,402300.0,2022-05-06 05:45:00
15.150475902108946,14.865268499457477,14.581894551643492,403200.0,2022-05-06 06:00:00
15.172511817298334,14.882613186498306,14.593914830686924,404100.0,2022-05-06 06:15:00
15.201255188337695,14.900238393845736,14.60583517499288,405000.0,2022-05-06 06:30:00
15.226715051939308,14.921601656375502,14.618335244493938,405900.0,2022-05-06 06:45:00
15.25332868771638,14.955256204031189,14.634007615322254,406800.0,2022-05-06 07:00:00
15.263183420371854,14.958528274639823,14.646321778025444,407700.0,2022-05-06 07:15:00
15.289444078618734,14.977968460420652,14.658461882039472,408600.0,2022-05-06 07:30:00
15.315198079606972,14.989550869080103,14.669297348223433,409500.0,2022-05-06 07:45:00
15.342176200111664,15.016227958063444,14.682101244683794,410400.0,2022-05-06 08:00:00
15.366819303184796,15.042024618493867,14.696578991013595,411300.0,2022-05-06 08:15:00
15.385781261039892,15.05733563003162,14.710282880463792,412200.0,2022-05-06 08:30:00
15.404183412647084,15.075314514494334,14.723707031070926,413100.0,2022-05-06 08:45:00
15.429748813383176,15.087231025414194,14.735771086807308,414000.0,2022-05-06 09:00:00
15.455550298570229,15.108659380814585,14.748492868010638,414900.0,2022-05-06 09:15:00
15.478989453551456,15.13086482864136,14.762226658954054,415800.0,2022-05-06 09:30:00
15.499805502038086,15.149679644440688,14.776036601595724,416700.0,2022-05-06 09:45:00
15.522130918132044,15.16669704584826,14.789527560727786,417600.0,2022-05-06 10:00:00
15.534897458241083,15.186625952113586,14.803454805682712,418500.0,2022-05-06 10:15:00
15.53598486575804,15.199237035250432,14.81656526952724,419400.0,2022-05-06 10:30:00
15.566211199521158,15.214523208123705,14.82918276026847,420300.0,2022-05-06 10:45:00
15.612025372717431,15.23311920852548,14.84182006764633,421200.0,2022-05-06 11:00:00
15.649883198853283,15.26536984253062,14.857500895269666,422100.0,2022-05-06 11:15:00
15.68638760384308,15.281493335446616,14.872095031430936,423000.0,2022-05-06 11:30:00
15.705655185485124,15.308451695144315,14.888004914213743,423900.0,2022-05-06 11:45:00
15.737757166169889,15.32631509950226,14.903094056452437,424800.0,2022-05-06 12:00:00
15.78234963384454,15.352313969450377,14.918882469431876,425700.0,2022-05-06 12:15:00
15.805506772639108,15.388344273692825,14.93787965561614,426600.0,2022-05-06 12:30:00
15.804227309354095,15.398268222928635,14.95423244350568,427500.0,2022-05-06 12:45:00
15.805482277551624,15.419674681230058,14.970755036456534,428400.0,2022-05-06 13:00:00
15.808171387890663,15.43139241843437,14.985858527874978,429300.0,2022-05-06 13:15:00
15.811295214429611,15.445002205513434,15.00020270447964,430200.0,2022-05-06 13:30:00
15.81076397807288,15.449577806062193,15.012194104615746,431100.0,2022-05-06 13:45:00
15.800981320190823,15.465086660983443,15.024955378609471,432000.0,2022-05-06 14:00:00
15.7841446379023,15.456513949337918,15.033632040695911,432900.0,2022-05-06 14:15:00
15.75906025727226,15.453901311969792,15.040162455664142,433800.0,2022-05-06 14:30:00
15.732954211060848,15.450348388145091,15.045453545999266,434700.0,2022-05-06 14:45:00
15.701876670862196,15.439001958906482,15.048397509097835,435600.0,2022-05-06 15:00:00
15.666392979254407,15.429171327277738,15.050046002837032,436500.0,2022-05-06 15:15:00
15.615855714295067,15.397533105962951,15.04639224141229,437400.0,2022-05-06 15:30:00
15.565017305844645,15.383756858518703,15.042496685239897,438300.0,2022-05-06 15:45:00
15.50760901608262,15.362192737317308,15.037695561617346,439200.0,2022-05-06 16:00:00
15.445198686182422,15.3311947369799,15.030329522920791,440100.0,2022-05-06 16:15:00
15.37795518723537,15.299011877932152,15.02092391764032,441000.0,2022-05-06 16:30:00
15.307241393280544,15.24994139564566,15.006612692766982,441900.0,2022-05-06 16:45:00
15.244125630879198,15.227431544919222,14.993780394108438,442800.0,2022-05-06 17:00:00
15.181082561754772,15.17607196796051,14.976990723525333,443700.0,2022-05-06 17:15:00
15.111514505114084,15.135579914431576,14.958824277513312,444600.0,2022-05-06 17:30:00
15.043326757290505,15.094742178844715,14.93986685472057,445500.0,2022-05-06 17:45:00
14.972605917411364,15.049395010160111,14.919434711779305,446400.0,2022-05-06 18:00:00
14.912205906798848,15.006661261797992,14.898122030031658,447300.0,2022-05-06 18:15:00
14.852413107874575,14.961285725828326,14.8756997819036,448200.0,2022-05-06 18:30:00
14.799725697602568,14.92384605340936,14.853758882293372,449100.0,2022-05-06 18:45:00
14.757218098073238,14.874475838433597,14.830118108794784,450000.0,2022-05-06 19:00:00
14.731264342722108,14.83950041779362,14.806949832060544,450900.0,2022-05-06 19:15:00
14.721249760627448,14.816769824200229,14.786225569545172,451800.0,2022-05-06 19:30:00
14.72051785811051,14.790348195995987,14.766649883405524,452700.0,2022-05-06 19:45:00
14.726214474156532,14.774866023973445,14.749398072147317,453600.0,2022-05-06 20:00:00
14.734651902298024,14.77165824609761,14.735897006142164,454500.0,2022-05-06 20:15:00
14.737489964418325,14.754599346083191,14.72307533024598,455400.0,2022-05-06 20:30:00
14.743360414770304,14.756442740412352,14.713261978489022,456300.0,2022-05-06 20:45:00
14.744639136168358,14.73938016880509,14.703034542561213,457200.0,2022-05-06 21:00:00
14.748163299738176,14.73491210826166,14.693940772203185,458100.0,2022-05-06 21:15:00
14.753864946085816,14.733205636301994,14.68628394746359,459000.0,2022-05-06 21:30:00
14.76684867899704,14.738334155532936,14.680858992735407,459900.0,2022-05-06 21:45:00
14.783124385927648,14.72760170675231,14.674611980085668,460800.0,2022-05-06 22:00:00
14.808537350125434,14.732829342510117,14.66980522641887,461700.0,2022-05-06 22:15:00
14.839063348660822,14.746381015338413,14.667648822361476,462600.0,2022-05-06 22:30:00
14.872286514126836,14.767187904989022,14.66881715427777,463500.0,2022-05-06 22:45:00
14.903346156948212,14.768005436123063,14.669387777156672,464400.0,2022-05-06 23:00:00
14.9423691674764,14.787054322601234,14.671782061533936,465300.0,2022-05-06 23:15:00
14.982287705042175,14.81214820315852,14.676994106694538,466200.0,2022-05-06 23:30:00
15.017753548753982,14.83086265736995,14.683326999006658,467100.0,2022-05-06 23:45:00
15.053445390449296,14.845181582183995,14.689573444563122,468000.0,2022-05-07 00:00:00
15.093845871406844,14.872091767960807,14.697753053024954,468900.0,2022-05-07 00:15:00
15.128100979305325,14.890361491548266,14.706339560451571,469800.0,2022-05-07 00:30:00
15.16310060444978,14.918437467860857,14.716717419734197,470700.0,2022-05-07 00:45:00
15.193485797154764,14.932587593496248,14.726203445569496,471600.0,2022-05-07 01:00:00
15.229169937624564,14.967586437707554,14.738365682353702,472500.0,2022-05-07 01:15:00
15.261241485045122,14.988740193764553,14.750702808881558,473400.0,2022-05-07 01:30:00
15.3004488170737,15.01878712037282,14.764633516646407,474300.0,2022-05-07 01:45:00
15.335993168891562,15.04177733659438,14.778509125763916,475200.0,2022-05-07 02:00:00
15.37316085833332,15.066283114087987,14.792559846571232,476100.0,2022-05-07 02:15:00
15.403482505527045,15.091390277269904,14.80683208009638,477000.0,2022-05-07 02:30:00
15.43770094511856,15.11620802263714,14.821340167928186,477900.0,2022-05-07 02:45:00
15.471745565755324,15.135093078292382,14.83483404574278,478800.0,2022-05-07 03:00:00
15.517806888756049,15.16782525659165,14.85000594079714,479700.0,2022-05-07 03:15:00
15.556298505016706,15.196425968039255,14.866161744813503,480600.0,2022-05-07 03:30:00
15.592525794196376,15.22663818908223,14.88328853337516,481500.0,2022-05-07 03:45:00
15.624295212410702,15.25766462739705,14.901480932900986,482400.0,2022-05-07 04:00:00
15.65094893535946,15.282099767160172,14.919171075410972,483300.0,2022-05-07 04:15:00
15.675327879531306,15.306527925839978,14.936503235561496,484200.0,2022-05-07 04:30:00
15.695960185739104,15.32577415620881,14.952624706232475,485100.0,2022-05-07 04:45:00
15.716752006186145,15.352867344200089,14.969661894309642,486000.0,2022-05-07 05:00:00
15.735850177498332,15.370748818072814,14.985679474876052,486900.0,2022-05-07 05:15:00
15.756155256983227,15.386726500854405,15.00030917715293,487800.0,2022-05-07 05:30:00
15.775297003138544,15.412791122045633,15.016197008033847,488700.0,2022-05-07 05:45:00
15.792600309316423,15.430119771262168,15.03153036812494,489600.0,2022-05-07 06:00:00
15.811629300429948,15.439887390443795,15.044583591840627,490500.0,2022-05-07 06:15:00
15.828382887648653,15.451562686792178,15.056022059911273,491400.0,2022-05-07 06:30:00
15.848108300588413,15.48319798007082,15.070914379352104,492300.0,2022-05-07 06:45:00
15.863014790817015,15.490663744716658,15.083824105999268,493200.0,2022-05-07 07:00:00
15.876288591655836,15.506440091930603,15.096294365649866,494100.0,2022-05-07 07:15:00
15.887976980561085,15.526807508005556,15.109908055366352,495000.0,2022-05-07 07:30:00
15.892254682728623,15.53002342039406,15.120896350158452,495900.0,2022-05-07 07:45:00
15.9062696683742,15.554289112156598,15.134161491557093,496800.0,2022-05-07 08:00:00
15.916475145209796,15.562391170559222,15.146113881297406,497700.0,2022-05-07 08:15:00
15.931395865050336,15.570553983116705,15.1566597370286,498600.0,2022-05-07 08:30:00
15.952063010890546,15.584519474563017,15.167325823852938,499500.0,2022-05-07 08:45:00
15.962436369957748,15.599861753906628,15.178525164786237,500400.0,2022-05-07 09:00:00
15.973857389705389,15.610480281447824,15.189302220214705,501300.0,2022-05-07 09:15:00
15.9704931004223,15.622829436956527,15.200242757415245,502200.0,2022-05-07 09:30:00
15.953414355577022,15.622708307512124,15.209041790086612,503100.0,2022-05-07 09:45:00
15.934332343180763,15.623309482019213,15.216248942727471,504000.0,2022-05-07 10:00:00
15.919841105216788,15.626032151915837,15.2231076394171,504900.0,2022-05-07 10:15:00
15.901580850184036,15.618456190916865,15.227777829105268,505800.0,2022-05-07 10:30:00
15.887190904812094,15.613411834978542,15.231105598987837,506700.0,2022-05-07 10:45:00
15.871041278755529,15.608182195118308,15.233474453967858,507600.0,2022-05-07 11:00:00
15.852411451976598,15.603635906578718,15.235506779057411,508500.0,2022-05-07 11:15:00
15.828785257740908,15.592276657808116,15.235972279942,509400.0,2022-05-07 11:30:00
15.816333500755317,15.5830345890168,15.235568624241884,510300.0,2022-05-07 11:45:00
15.812785405278396,15.57333698973902,15.234264886143007,511200.0,2022-05-07 12:00:00
15.815228261052107,15.582228983677508,15.236037105276878,512100.0,2022-05-07 12:15:00
15.836082030019435,15.577708843342023,15.237400296663624,513000.0,2022-05-07 12:30:00
15.868142188208637,15.580307310000562,15.239023491653988,513900.0,2022-05-07 12:45:00
15.87939265719982,15.591179567069815,15.242589173474034,514800.0,2022-05-07 13:00:00
15.92229573446143,15.604411557625646,15.248003888809054,515700.0,2022-05-07 13:15:00
15.956811920523505,15.626114839948103,15.256266835685183,516600.0,2022-05-07 13:30:00
15.995291845397334,15.634516083056674,15.263824564799668,517500.0,2022-05-07 13:45:00
16.024812370409194,15.660371839002588,15.27410645618915,518400.0,2022-05-07 14:00:00
16.052236596618148,15.681292445632796,15.285797599000816,519300.0,2022-05-07 14:15:00
16.071483119667683,15.699027471576407,15.297759911982032,520200.0,2022-05-07 14:30:00
16.086001211938857,15.715425428061767,15.309681956112092,521100.0,2022-05-07 14:45:00
16.09435510929895,15.73187927796617,15.321670905470803,522000.0,2022-05-07 15:00:00
16.10803262324129,15.741990550977858,15.33250681651608,522900.0,2022-05-07 15:15:00
16.120960530744043,15.748716476936584,15.341505748305249,523800.0,2022-05-07 15:30:00
16.120197431707773,15.758689224276129,15.349932206197582,524700.0,2022-05-07 15:45:00
16.103504245808672,15.779843776523157,15.361250671306523,525600.0,2022-05-07 16:00:00
16.08073726101863,15.77128208421184,15.369014739295189,526500.0,2022-05-07 16:15:00
16.06574393111138,15.768677193641958,15.3745939279649,527400.0,2022-05-07 16:30:00
16.042560612569957,15.760192502559056,15.377752138326892,528300.0,2022-05-07 16:45:00
16.013783711839597,15.761407669187816,15.381371541825049,529200.0,2022-05-07 17:00:00
15.97351865513898,15.745447094019848,15.382399859482708,530100.0,2022-05-07 17:15:00
15.93221602826288,15.728162915256304,15.380997150891384,531000.0,2022-05-07 17:30:00
15.888922656952271,15.71770096142038,15.379510431206809,531900.0,2022-05-07 17:45:00
15.834079060300713,15.678884662528782,15.37249180551024,532800.0,2022-05-07 18:00:00
15.774872795900784,15.655633631935052,15.3641785187047,533700.0,2022-05-07 18:15:00
15.716514415827826,15.626794688124496,15.354526142840356,534600.0,2022-05-07 18:30:00
15.661149282703134,15.58452068743191,15.34094875165467,535500.0,2022-05-07 18:45:00
15.617477139858703,15.567638877925445,15.329293660058532,536400.0,2022-05-07 19:00:00
15.566953460434908,15.53339685453178,15.31635743139748,537300.0,2022-05-07 19:15:00
15.510742903648998,15.495120830113631,15.30128948046973,538200.0,2022-05-07 19:30:00
15.455463463291792,15.465081420947024,15.286015049907286,539100.0,2022-05-07 19:45:00
15.400191544500965,15.421189209920705,15.268284987412216,540000.0,2022-05-07 20:00:00
15.353551384159411,15.388259842060393,15.250339229431614,540900.0,2022-05-07 20:15:00
15.309274561206887,15.348166986059727,15.231070949862508,541800.0,2022-05-07 20:30:00
15.269577170683196,15.32247788914486,15.21309633231804,542700.0,2022-05-07 20:45:00
15.231103708480797,15.282406863424498,15.193746637106155,543600.0,2022-05-07 21:00:00
15.203701753889725,15.25634686800364,15.175369962016555,544500.0,2022-05-07 21:15:00
15.18615231050818,15.23106527829021,15.15773487805648,545400.0,2022-05-07 21:30:00
15.181119883650211,15.210198252351748,15.141262189754473,546300.0,2022-05-07 21:45:00
15.189528688217433,15.203342204767557,15.127834457899407,547200.0,2022-05-07 22:00:00
15.204046875250508,15.191414019994864,15.115846657318697,548100.0,2022-05-07 22:15:00
15.223707986187575,15.18442953434791,15.105421424625254,549000.0,2022-05-07 22:30:00
15.248020652891784,15.18841395295485,15.097761497463486,549900.0,2022-05-07 22:45:00
15.26845023155382,15.181606754173991,15.090516905903405,550800.0,2022-05-07 23:00:00
15.290778016063756,15.192992169899547,15.086159521113212,551700.0,2022-05-07 23:15:00
15.310308038043308,15.20248664538274,15.084030051099912,552600.0,2022-05-07 23:30:00
15.323532791187006,15.198504175070962,15.081328893726864,553500.0,2022-05-07 23:45:00
15.341110505279293,15.211464049175165,15.080598567487504,554400.0,2022-05-08 00:00:00
15.355414669181982,15.223215176255334,15.0816438003874,555300.0,2022-05-08 00:15:00
15.366857380302529,15.225801709120365,15.082346967727233,556200.0,2022-05-08 00:30:00
15.38109279569688,15.234715648652532,15.083703600056303,557100.0,2022-05-08 00:45:00
15.394241084328982,15.244607070696167,15.085926636372324,558000.0,2022-05-08 01:00:00
15.404464316145257,15.24942266885337,15.087957171937886,558900.0,2022-05-08 01:15:00
15.410872889847516,15.25107988982004,15.08914247866296,559800.0,2022-05-08 01:30:00
15.414373581390256,15.254801213044535,15.08999752636538,560700.0,2022-05-08 01:45:00
15.419830751914828,15.269475131641812,15.092857376490802,561600.0,2022-05-08 02:00:00
15.422348709045602,15.274288901014994,15.095835849196527,562500.0,2022-05-08 02:15:00
15.422573266508248,15.27308892188142,15.097631831863568,563400.0,2022-05-08 02:30:00
15.424691320766293,15.270611306769982,15.098034327913345,564300.0,2022-05-08 02:45:00
15.429113448112972,15.278086020526114,15.099211539893146,565200.0,2022-05-08 03:00:00
15.436495704688152,15.291021167485376,15.10241106391809,566100.0,2022-05-08 03:15:00
15.4409772894421,15.283319832996684,15.103397223531037,567000.0,2022-05-08 03:30:00
15.45223307582234,15.292078115263362,15.105148916860696,567900.0,2022-05-08 03:45:00
15.461649543376208,15.29297536247719,15.106490906860358,568800.0,2022-05-08 04:00:00
15.475662752798142,15.304846002366371,15.109317163570251,569700.0,2022-05-08 04:15:00
15.485294846985358,15.303347400418309,15.111071118514223,570600.0,2022-05-08 04:30:00
15.502446698328102,15.32110932918732,15.115132928538465,571500.0,2022-05-08 04:45:00
15.517009158627268,15.320285957171656,15.117959048771064,572400.0,2022-05-08 05:00:00
15.538729292876152,15.342815564698329,15.123604918531626,573300.0,2022-05-08 05:15:00
15.556692356045088,15.351279117766882,15.129517881164778,574200.0,2022-05-08 05:30:00
15.577032178707915,15.362197385028932,15.135538058703473,575100.0,2022-05-08 05:45:00
15.59905197359892,15.365032112269375,15.140033687197038,576000.0,2022-05-08 06:00:00
15.624085865566094,15.378454817459774,15.14496958355728,576900.0,2022-05-08 06:15:00
15.651925525759696,15.40500947696459,15.153137096902258,577800.0,2022-05-08 06:30:00
15.674830305772668,15.416998225765305,15.161337761747015,578700.0,2022-05-08 06:45:00
15.699699851030283,15.433774633500436,15.170049520317995,579600.0,2022-05-08 07:00:00
15.724238186549458,15.459089363160158,15.181004389091882,580500.0,2022-05-08 07:15:00
15.744961971878046,15.461203876609998,15.189197822585434,581400.0,2022-05-08 07:30:00
15.77180283645552,15.484039392513909,15.198703715324145,582300.0,2022-05-08 07:45:00
15.79541898869756,15.502729040055344,15.209020504804949,583200.0,2022-05-08 08:00:00
15.818729780391624,15.51056984083197,15.217684066386449,584100.0,2022-05-08 08:15:00
15.847690396453151,15.541363249650402,15.229281889081037,585000.0,2022-05-08 08:30:00
15.87246375803184,15.560383486530766,15.24143594014934,585900.0,2022-05-08 08:45:00
15.896660258691965,15.581232832045549,15.254230948036186,586800.0,2022-05-08 09:00:00
15.917255000320838,15.593958435522644,15.265842698774453,587700.0,2022-05-08 09:15:00
15.942387857920348,15.617698693814742,15.278608959486128,588600.0,2022-05-08 09:30:00
15.965101076236882,15.63330033695138,15.290839959533118,589500.0,2022-05-08 09:45:00
15.987866038076634,15.65897563135862,15.304704248459384,590400.0,2022-05-08 10:00:00
16.01027089332771,15.666081189218993,15.316152937637025,591300.0,2022-05-08 10:15:00
16.064933705963032,15.692044167893888,15.328774715750312,592200.0,2022-05-08 10:30:00
16.128208120563457,15.731325041005512,15.345226670805213,593100.0,2022-05-08 10:45:00
16.192157700599832,15.756458865463769,15.361610201892512,594000.0,2022-05-08 11:00:00
16.24498979075563,15.792886508398626,15.379703923111393,594900.0,2022-05-08 11:15:00
16.31128415852384,15.834963328626824,15.400411816083736,595800.0,2022-05-08 11:30:00
16.387312367945977,15.882326612792363,15.424175146759056,596700.0,2022-05-08 11:45:00
16.45994163055494,15.921854308519222,15.4482624073269,597600.0,2022-05-08 12:00:00
16.508574069608258,15.963920710554191,15.472908171598188,598500.0,2022-05-08 12:15:00
16.539688304890795,16.002863995884113,15.497865080720036,599400.0,2022-05-08 12:30:00
16.56119088197297,16.048728251400313,15.52519263353388,600300.0,2022-05-08 12:45:00
16.604885914174268,16.07768202072351,15.550844955036489,601200.0,2022-05-08 13:00:00
16.67544660807992,16.120510629524887,15.577542224348717,602100.0,2022-05-08 13:15:00
16.737428518628935,16.154656044771826,15.603073677700664,603000.0,2022-05-08 13:30:00
16.70513251969327,16.173016013620245,15.625046653032983,603900.0,2022-05-08 13:45:00
16.694213089481593,16.200285801768693,15.646963428286654,604800.0,2022-05-08 14:00:00
16.713748906016914,16.224724702896395,15.668690813863266,605700.0,2022-05-08 14:15:00
16.701967090684406,16.235710521727704,15.68763105028082,606600.0,2022-05-08 14:30:00
16.669399075994125,16.247205437525796,15.705012797309433,607500.0,2022-05-08 14:45:00
16.64750804299034,16.243779020028626,15.718281480017836,608400.0,2022-05-08 15:00:00
16.61689901258407,16.23959794931019,15.728290369900684,609300.0,2022-05-08 15:15:00
16.610808248010873,16.242407773572232,15.737540970077118,610200.0,2022-05-08 15:30:00
16.61368383714784,16.23978630337347,15.745036811050763,611100.0,2022-05-08 15:45:00
16.603878234876507,16.237916212879387,15.751315300080892,612000.0,2022-05-08 16:00:00
16.577063531468635,16.235943955309125,15.757100096476291,612900.0,2022-05-08 16:15:00
16.54475160828386,16.227746799114218,15.761465285892092,613800.0,2022-05-08 16:30:00
16.49728036375078,16.224738788109594,15.766328645403147,614700.0,2022-05-08 16:45:00
16.44242687516487,16.190655777715435,15.765138577796044,615600.0,2022-05-08 17:00:00
16.385114539100456,16.158227999727963,15.758956975225924,616500.0,2022-05-08 17:15:00
16.34369819856035,16.136605448711705,15.751715387713654,617400.0,2022-05-08 17:30:00
16.30067722516611,16.11629533731843,15.744625561653825,618300.0,2022-05-08 17:45:00
16.264592380738428,16.0926210698385,15.73691439955326,619200.0,2022-05-08 18:00:00
16.247398081062084,16.0696578123672,15.728539628113458,620100.0,2022-05-08 18:15:00
16.259416828006547,16.063040402708427,15.722450631679392,621000.0,2022-05-08 18:30:00
16.272917663685107,16.046808577110628,15.71588552299244,621900.0,2022-05-08 18:45:00
16.279924130887665,16.04052921733861,15.71045682680213,622800.0,2022-05-08 19:00:00
16.26440689089659,16.035270536775528,15.706309205329536,623700.0,2022-05-08 19:15:00
16.234602154082186,16.029293871189033,15.7033750629415,624600.0,2022-05-08 19:30:00
16.206486217885256,16.018175588565832,15.700325012917544,625500.0,2022-05-08 19:45:00
16.187264767807164,16.01474814879111,15.698703814233474,626400.0,2022-05-08 20:00:00
16.16350956596069,15.98602028723412,15.693186809134843,627300.0,2022-05-08 20:15:00
16.13906701146876,15.969299174223751,15.686358303135249,628200.0,2022-05-08 20:30:00
16.103874574865102,15.959753460075015,15.680521840324309,629100.0,2022-05-08 20:45:00
16.054513390284896,15.928465755982286,15.671457467355232,630000.0,2022-05-08 21:00:00
16.005725146738804,15.906772251731086,15.661558361378226,630900.0,2022-05-08 21:15:00
15.963849524107252,15.880489707017375,15.650617475318692,631800.0,2022-05-08 21:30:00
15.941085771370505,15.859655395586367,15.639628866528716,632700.0,2022-05-08 21:45:00
15.940538042307224,15.848196940176406,15.630104633119249,633600.0,2022-05-08 22:00:00
15.962380374815712,15.843690786660764,15.622924547952666,634500.0,2022-05-08 22:15:00
15.996834316213947,15.839587020589295,15.617114446635906,635400.0,2022-05-08 22:30:00
16.031684050900473,15.84307775355402,15.61328702207777,636300.0,2022-05-08 22:45:00
16.0631268423764,15.84986439824106,15.611308950775197,637200.0,2022-05-08 23:00:00
16.08947669217407,15.855250730964151,15.61044301003653,638100.0,2022-05-08 23:15:00
16.11894346974092,15.872395590264126,15.612438301952428,639000.0,2022-05-08 23:30:00
16.14350305585402,15.878724271563687,15.614582174902669,639900.0,2022-05-08 23:45:00
16.173922250080064,15.893453480724492,15.618100558739927,640800.0,2022-05-09 00:00:00
16.212716876484787,15.913540142238418,15.623751619175346,641700.0,2022-05-09 00:15:00
16.24948103093736,15.936973953718272,15.631706860107506,642600.0,2022-05-09 00:30:00
16.28358305677823,15.957999215654494,15.640914447261387,643500.0,2022-05-09 00:45:00
16.313766538702353,15.989348510145229,15.653235077653513,644400.0,2022-05-09 01:00:00
16.335079134127962,15.999872328182771,15.66398489173976,645300.0,2022-05-09 01:15:00
16.356654352848288,16.021816407504406,15.675338010873096,646200.0,2022-05-09 01:30:00
16.378673925397003,16.033846993996388,15.685345751893,647100.0,2022-05-09 01:45:00
16.397531061645928,16.051310252063903,15.69536968877584,648000.0,2022-05-09 02:00:00
16.413051259835186,16.072321890746377,15.70649018679194,648900.0,2022-05-09 02:15:00
16.424146736107136,16.091071708865766,15.718295707420276,649800.0,2022-05-09 02:30:00
16.432992513500054,16.099041941213788,15.72839667590382,650700.0,2022-05-09 02:45:00
16.438107808752967,16.118571894564198,15.739653758612596,651600.0,2022-05-09 03:00:00
16.43460734924567,16.118469351558478,15.748079530834628,652500.0,2022-05-09 03:15:00
16.430406815404705,16.12535927684984,15.755500227868,653400.0,2022-05-09 03:30:00
16.426819760437926,16.13404351931354,15.762945962159506,654300.0,2022-05-09 03:45:00
16.413481811301978,16.133613946152263,15.76900005225064,655200.0,2022-05-09 04:00:00
16.402263849476913,16.124825211251004,15.77208276352598,656100.0,2022-05-09 04:15:00
16.389843071590477,16.122783348786097,15.774125702177724,657000.0,2022-05-09 04:30:00
16.379341688241507,16.124529205152168,15.776592772374515,657900.0,2022-05-09 04:45:00
16.3653376362222,16.12733483515699,15.779898361590512,658800.0,2022-05-09 05:00:00
16.34588604077742,16.117468644174323,15.781521097804411,659700.0,2022-05-09 05:15:00
16.32402003234177,16.10855728319643,15.781815210969471,660600.0,2022-05-09 05:30:00
16.303957301378748,16.100773682902652,15.781289792275484,661500.0,2022-05-09 05:45:00
16.284787027391772,16.088801669518755,15.779419613854303,662400.0,2022-05-09 06:00:00
16.266448696775736,16.078786815951034,15.776990976411824,663300.0,2022-05-09 06:15:00
16.252068186750858,16.071745459487286,15.774711361261962,664200.0,2022-05-09 06:30:00
16.24004057961159,16.06387635900849,15.772484753320851,665100.0,2022-05-09 06:45:00
16.23015975166017,16.04863775280307,15.768629395874452,666000.0,2022-05-09 07:00:00
16.22947665546158,16.04082043111333,15.76462910915926,666900.0,2022-05-09 07:15:00
16.235481857808796,16.032761897042075,15.760466529984186,667800.0,2022-05-09 07:30:00
16.255222521227584,16.03517318708743,15.757905210871796,668700.0,2022-05-09 07:45:00
16.283225225934753,16.04133650296882,15.757152761817045,669600.0,2022-05-09 08:00:00
16.31929253443284,16.052965859603987,15.758651363319382,670500.0,2022-05-09 08:15:00
16.370346414911364,16.070998307236685,15.76274589259428,671400.0,2022-05-09 08:30:00
16.42482869572716,16.08850812783905,15.768447197165736,672300.0,2022-05-09 08:45:00
16.485886797025927,16.120273316038908,15.77773507516175,673200.0,2022-05-09 09:00:00
16.55627721838834,16.160403065741665,15.791501666183596,674100.0,2022-05-09 09:15:00
16.621952730329063,16.18798646068567,15.806024056075362,675000.0,2022-05-09 09:30:00
16.695084565122777,16.230963327519316,15.823551955977718,675900.0,2022-05-09 09:45:00
16.77197641155561,16.276435296884628,15.843943085415132,676800.0,2022-05-09 10:00:00
16.855256275026772,16.324121161960107,15.866653094473993,677700.0,2022-05-09 10:15:00
16.935643916894826,16.37440271382824,15.891472853084684,678600.0,2022-05-09 10:30:00
17.016458621537968,16.428742543782988,15.918614823870213,679500.0,2022-05-09 10:45:00
17.094010106355235,16.48179821792473,15.947318991267776,680400.0,2022-05-09 11:00:00
17.17732581734801,16.54670327949613,15.979741818477812,681300.0,2022-05-09 11:15:00
17.254975740559054,16.605131737452243,16.013926704274752,682200.0,2022-05-09 11:30:00
17.320086772068375,16.651586175831326,16.04656618352486,683100.0,2022-05-09 11:45:00
17.376170077457857,16.71081417609889,16.081017078650696,684000.0,2022-05-09 12:00:00
17.41641245560958,16.759464377661594,16.115327119257515,684900.0,2022-05-09 12:15:00
17.426398054170484,16.803193693022546,16.149125334065552,685800.0,2022-05-09 12:30:00
17.443804962654625,16.84169729912397,16.181842740613472,686700.0,2022-05-09 12:45:00
17.474165410788945,16.863524554463556,16.209674905903945,687600.0,2022-05-09 13:00:00
17.50887139551308,16.900526977728358,16.237146130628055,688500.0,2022-05-09 13:15:00
17.53940563715844,16.93045951233019,16.263326601260935,689400.0,2022-05-09 13:30:00
17.588493336137258,16.96432402041167,16.289269182879615,690300.0,2022-05-09 13:45:00
17.619496791075456,16.99161922087454,16.31345387722882,691200.0,2022-05-09 14:00:00
17.648308461793352,17.021687392562626,16.33711501956066,692100.0,2022-05-09 14:15:00
17.68265696738735,17.059735028409275,16.36285717090997,693000.0,2022-05-09 14:30:00
17.725483679360515,17.099579231247233,16.39071117313113,693900.0,2022-05-09 14:45:00
17.76174117120714,17.118536151304838,16.414725981212193,694800.0,2022-05-09 15:00:00
17.798502010976897,17.157902883410642,16.440548309742514,695700.0,2022-05-09 15:15:00
17.82247709620091,17.181018857000414,16.464326643148528,696600.0,2022-05-09 15:30:00
17.828201086077545,17.203662253053206,16.486563915914353,697500.0,2022-05-09 15:45:00
17.82484455304813,17.22822727845562,16.508965191178,698400.0,2022-05-09 16:00:00
17.797006357214514,17.23295878202598,16.52743038142751,699300.0,2022-05-09 16:15:00
17.760434485605778,17.23415027326308,16.54240028570473,700200.0,2022-05-09 16:30:00
17.708592821677012,17.228592728428463,16.554110255325988,701100.0,2022-05-09 16:45:00
17.65610418735233,17.215870128664086,16.56227693131605,702000.0,2022-05-09 17:00:00
17.598825835621266,17.202152230760383,16.568256365357378,702900.0,2022-05-09 17:15:00
17.521503700986027,17.161861737305205,16.566584386540672,703800.0,2022-05-09 17:30:00
17.43966622168476,17.139186260970874,16.56394991114518,704700.0,2022-05-09 17:45:00
17.362517117886945,17.096512286462435,16.55681720544861,705600.0,2022-05-09 18:00:00
17.304587932701274,17.066680836657525,16.548905509462834,706500.0,2022-05-09 18:15:00
17.262797198309283,17.023144904700775,16.53725105510357,707400.0,2022-05-09 18:30:00
17.23510345275524,16.987867027131244,16.523702181402175,708300.0,2022-05-09 18:45:00
17.207036052456324,16.97181988310766,16.513193072659938,709200.0,2022-05-09 19:00:00
17.147815838781185,16.93798302684889,16.50172456371824,710100.0,2022-05-09 19:15:00
17.074624926377275,16.898793948745094,16.48818492377212,711000.0,2022-05-09 19:30:00
17.01199139469752,16.861713646401842,16.473502209887563,711900.0,2022-05-09 19:45:00
16.978523533690048,16.830710159629135,16.45894111761705,712800.0,2022-05-09 20:00:00
16.964932971705178,16.795495052561858,16.443092760973226,713700.0,2022-05-09 20:15:00
16.96516365894027,16.778954543067922,16.429431464484743,714600.0,2022-05-09 20:30:00
16.960199383827874,16.76260420335247,16.417661004112986,715500.0,2022-05-09 20:45:00
16.94297567878845,16.742492068067133,16.406359203713066,716400.0,2022-05-09 21:00:00
16.935716102600562,16.734535788319615,16.39747742463078,717300.0,2022-05-09 21:15:00
16.944329797711994,16.73155580772582,16.391556533294885,718200.0,2022-05-09 21:30:00
16.97054079288824,16.729009918391064,16.387424565013543,719100.0,2022-05-09 21:45:00
17.00898246860316,16.727673336778313,16.38404695534842,720000.0,2022-05-09 22:00:00
17.041732451859417,16.73407893879298,16.38243332626753,720900.0,2022-05-09 22:15:00
17.053698108150588,16.736200105344132,16.381342439506003,721800.0,2022-05-09 22:30:00
17.04892458044988,16.75243320783181,16.38364954457104,722700.0,2022-05-09 22:45:00
17.04373287393997,16.755972855725126,16.386622010819305,723600.0,2022-05-09 23:00:00
17.054328474390104,16.76030066914363,16.389751361210664,724500.0,2022-05-09 23:15:00
17.08127999471674,16.765461702098772,16.392754339765887,725400.0,2022-05-09 23:30:00
17.106740184202366,16.77662536517912,16.39675775770793,726300.0,2022-05-09 23:45:00
17.13134665439237,16.79477599531169,16.403011477509303,727200.0,2022-05-10 00:00:00
17.148823640122853,16.794050690448305,16.40711792976178,728100.0,2022-05-10 00:15:00
17.161631909341327,16.814749361769255,16.41375416556377,729000.0,2022-05-10 00:30:00
17.16135571439677,16.811257506859565,16.417794655158758,729900.0,2022-05-10 00:45:00
17.166096295452377,16.82925962514656,16.42403068746037,730800.0,2022-05-10 01:00:00
17.150307247945182,16.826886409127464,16.42857542110274,731700.0,2022-05-10 01:15:00
17.135373148278873,16.82890588799109,16.43268485449591,732600.0,2022-05-10 01:30:00
17.120513820635693,16.82892088617475,16.43626732379577,733500.0,2022-05-10 01:45:00
17.105294805498865,16.82199130099713,16.438030360241775,734400.0,2022-05-10 02:00:00
17.098116537719232,16.82612456726598,16.440716380242517,735300.0,2022-05-10 02:15:00
17.092578867770293,16.81993682396,16.442174150883027,736200.0,2022-05-10 02:30:00
17.091953385803592,16.81598950833054,16.44277515715881,737100.0,2022-05-10 02:45:00
17.089512366887448,16.815473233413996,16.443475291587177,738000.0,2022-05-10 03:00:00
17.087641119069016,16.815254420707088,16.44459872245472,738900.0,2022-05-10 03:15:00
17.084556906315058,16.804874658962227,16.443762310694535,739800.0,2022-05-10 03:30:00
17.08232700087255,16.811422539752936,16.444673956782342,740700.0,2022-05-10 03:45:00
17.0795108708824,16.81370036973041,16.446549981688865,741600.0,2022-05-10 04:00:00
17.07037719091623,16.808955958913156,16.447646511961114,742500.0,2022-05-10 04:15:00
17.05756688581868,16.797317390590468,16.446521458034884,743400.0,2022-05-10 04:30:00
17.039709365224237,16.78822660873352,16.44416810602342,744300.0,2022-05-10 04:45:00
17.019189575433973,16.78928214130943,16.443164058618105,745200.0,2022-05-10 05:00:00
16.994111958581872,16.777286215968385,16.441113673311325,746100.0,2022-05-10 05:15:00
16.968234788528445,16.76978176355994,16.43907263267463,747000.0,2022-05-10 05:30:00
16.93976563909526,16.74310373313558,16.4332024207665,747900.0,2022-05-10 05:45:00
16.92193376158455,16.743845257410648,16.429624327536605,748800.0,2022-05-10 06:00:00
16.90097534576954,16.72564135550357,16.424605560230816,749700.0,2022-05-10 06:15:00
16.88568599283584,16.710949147716576,16.41859304103707,750600.0,2022-05-10 06:30:00
16.872748823975705,16.6993609207962,16.412526676911668,751500.0,2022-05-10 06:45:00
16.856255771490233,16.687862438789974,16.406513033425476,752400.0,2022-05-10 07:00:00
16.84477149833001,16.672093689720644,16.39969021555218,753300.0,2022-05-10 07:15:00
16.844331915465748,16.665141193821416,16.393572331815104,754200.0,2022-05-10 07:30:00
16.850045856561245,16.659872931012288,16.38830276742343,755100.0,2022-05-10 07:45:00
16.858842836417036,16.65209589265644,16.38300404257348,756000.0,2022-05-10 08:00:00
16.877219087504667,16.655514132648207,16.37954062730716,756900.0,2022-05-10 08:15:00
16.908846822127565,16.67576291066438,16.38082279694144,757800.0,2022-05-10 08:30:00
16.942730337661654,16.673676120921698,16.38139517338674,758700.0,2022-05-10 08:45:00
16.992007879811915,16.686211616904835,16.382974550280178,759600.0,2022-05-10 09:00:00
17.048553792478014,16.711480191880224,16.387861723125692,760500.0,2022-05-10 09:15:00
17.1119132772334,16.73597950400808,16.395116033115208,761400.0,2022-05-10 09:30:00
17.18226879486343,16.780406776502176,16.407795871282,762300.0,2022-05-10 09:45:00
17.25569534854542,16.81367614714868,16.42261442435061,763200.0,2022-05-10 10:00:00
17.333245712682693,16.853589710622533,16.439519833866665,764100.0,2022-05-10 10:15:00
17.415555387100678,16.90620702327168,16.46045633192197,765000.0,2022-05-10 10:30:00
17.49950184560349,16.950520892245663,16.48285005162407,765900.0,2022-05-10 10:45:00
17.587506032166083,17.006779864773453,16.508352364398046,766800.0,2022-05-10 11:00:00
17.673167047669363,17.06036307640035,16.535820321585298,767700.0,2022-05-10 11:15:00
17.757840676552217,17.121440091780144,16.566137083057203,768600.0,2022-05-10 11:30:00
17.836492833856664,17.173813495520925,16.597002717099684,769500.0,2022-05-10 11:45:00
17.9151799990676,17.236857885324465,16.63032743526206,770400.0,2022-05-10 12:00:00
17.97715730874678,17.29071920001911,16.66406433406823,771300.0,2022-05-10 12:15:00
18.03238281414517,17.349675915109742,16.699447376887253,772200.0,2022-05-10 12:30:00
18.079469461028175,17.398291695892446,16.734128901622203,773100.0,2022-05-10 12:45:00
18.1186673270796,17.448250008463358,16.769054847666716,774000.0,2022-05-10 13:00:00
18.15596407405397,17.487018036877302,16.801857194996845,774900.0,2022-05-10 13:15:00
18.199801397745738,17.523664184964698,16.832365913421608,775800.0,2022-05-10 13:30:00
18.22906263813309,17.562457428107834,16.862084781020783,776700.0,2022-05-10 13:45:00
18.24549040520573,17.60171334296913,16.89221419438061,777600.0,2022-05-10 14:00:00
18.243391603890625,17.62530438803202,16.91950263135514,778500.0,2022-05-10 14:15:00
18.23042765669443,17.635222795245873,16.941712005841712,779400.0,2022-05-10 14:30:00
18.20915342004137,17.64734904878197,16.96108027816157,780300.0,2022-05-10 14:45:00
18.182232529532488,17.659909627064362,16.979586189719775,781200.0,2022-05-10 15:00:00
18.14383298033288,17.651132859892,16.9928996954661,782100.0,2022-05-10 15:15:00
18.098352101452637,17.634502510015146,17.000472825921072,783000.0,2022-05-10 15:30:00
18.046311162116684,17.625894431502676,17.006260991639504,783900.0,2022-05-10 15:45:00
17.980671166481446,17.60157360208927,17.00804453240805,784800.0,2022-05-10 16:00:00
17.910242080823238,17.58412160832947,17.00897395050121,785700.0,2022-05-10 16:15:00
17.829862825904932,17.5513320530948,17.00645305189946,786600.0,2022-05-10 16:30:00
17.740181256601662,17.502055449756217,16.997622474778137,787500.0,2022-05-10 16:45:00
17.645376625722747,17.45184364791038,16.983942377027862,788400.0,2022-05-10 17:00:00
17.54964428355183,17.410122755613717,16.969183477342682,789300.0,2022-05-10 17:15:00
17.450454939732293,17.35049704119655,16.950279197565457,790200.0,2022-05-10 17:30:00
17.354634597661693,17.29193627454882,16.92826526871935,791100.0,2022-05-10 17:45:00
17.256434601690636,17.229350533749052,16.903274086187785,792000.0,2022-05-10 18:00:00
17.159114102647084,17.173783866850272,16.87767283651285,792900.0,2022-05-10 18:15:00
17.058744093239543,17.109995938374244,16.850183418298297,793800.0,2022-05-10 18:30:00
16.960906917370615,17.051617333203176,16.82221868982337,794700.0,2022-05-10 18:45:00
16.86843833196927,16.97437628701798,16.789907523604445,795600.0,2022-05-10 19:00:00
16.790809730526224,16.91815561839448,16.75770554201791,796500.0,2022-05-10 19:15:00
16.7227957677685,16.85476357111454,16.724617578784958,797400.0,2022-05-10 19:30:00
16.679858193988345,16.803088179141902,16.69229487700235,798300.0,2022-05-10 19:45:00
16.664443668528488,16.762608648563138,16.662255682436736,799200.0,2022-05-10 20:00:00
16.678777001187292,16.735008350336976,16.635776843252884,800100.0,2022-05-10 20:15:00
16.717115884991593,16.713775304548918,16.61250514586671,801000.0,2022-05-10 20:30:00
16.771167978898422,16.707472903511665,16.593646579266547,801900.0,2022-05-10 20:45:00
16.8284099735232,16.71115962498522,16.5796706210165,802800.0,2022-05-10 21:00:00
16.8867993459087,16.724298056491957,16.570679034368517,803700.0,2022-05-10 21:15:00
16.94264164827985,16.742084452670174,16.566162550177395,804600.0,2022-05-10 21:30:00
16.99119451317274,16.757143594883885,16.564212783576448,805500.0,2022-05-10 21:45:00
17.0478766301057,16.787426754991344,16.566727415825824,806400.0,2022-05-10 22:00:00
17.10018173228657,16.81022782512738,16.571349535489976,807300.0,2022-05-10 22:15:00
17.151420844616947,16.834458448524433,16.57750570324673,808200.0,2022-05-10 22:30:00
17.201747804233936,16.87209328089141,16.587432959791965,809100.0,2022-05-10 22:45:00
17.24686835869755,16.895081309085963,16.59780947326538,810000.0,2022-05-10 23:00:00
17.28699238352846,16.918395451312172,16.60800592087523,810900.0,2022-05-10 23:15:00
17.327957095254174,16.95539166459027,16.620982672292744,811800.0,2022-05-10 23:30:00
17.373752054405706,16.996756700894615,16.637342055472732,812700.0,2022-05-10 23:45:00
17.412733124665113,17.02316761901587,16.65363848973299,813600.0,2022-05-11 00:00:00
17.454750900175398,17.05131485418514,16.669767309880008,814500.0,2022-05-11 00:15:00
17.498607242577712,17.08002770487592,16.685809686695034,815400.0,2022-05-11 00:30:00
17.543781777488803,17.10221922552756,16.700406989530563,816300.0,2022-05-11 00:45:00
17.592752482828903,17.143813860441373,16.717886220880956,817200.0,2022-05-11 01:00:00
17.635158968106957,17.169431922354516,16.734835321177844,818100.0,2022-05-11 01:15:00
17.678605116060222,17.211770531951014,16.754522500703224,819000.0,2022-05-11 01:30:00
17.71734271269956,17.23412447628804,16.77262410968109,819900.0,2022-05-11 01:45:00
17.760473160850754,17.26619061265843,16.790940427144694,820800.0,2022-05-11 02:00:00
17.800889474072797,17.300814746451586,16.810393942821158,821700.0,2022-05-11 02:15:00
17.84275237245691,17.335870484369728,16.830997251954425,822600.0,2022-05-11 02:30:00
17.8855087111923,17.366955134952804,16.851571765383397,823500.0,2022-05-11 02:45:00
17.919500046270752,17.399809580437683,16.87255656895159,824400.0,2022-05-11 03:00:00
17.9629003366284,17.439287071066534,16.895515563539767,825300.0,2022-05-11 03:15:00
17.989658886012617,17.461667131964692,16.916390622580344,826200.0,2022-05-11 03:30:00
18.014919999589807,17.489869029448972,16.936793471283504,827100.0,2022-05-11 03:45:00
18.039981946461964,17.520016502212098,16.95769535141427,828000.0,2022-05-11 04:00:00
18.05472111468213,17.53424633721613,16.97562997250194,828900.0,2022-05-11 04:15:00
18.06302544439608,17.558875438519838,16.993679793350854,829800.0,2022-05-11 04:30:00
18.067684912564328,17.57575267351589,17.010656545952177,830700.0,2022-05-11 04:45:00
18.071116835583247,17.579802876195767,17.023993638718956,831600.0,2022-05-11 05:00:00
18.07668267047824,17.60596392748718,17.039577595968176,832500.0,2022-05-11 05:15:00
18.072024118483185,17.60774781907205,17.052246911846474,833400.0,2022-05-11 05:30:00
18.069935488409804,17.618218654717975,17.06420695833738,834300.0,2022-05-11 05:45:00
18.067014794837927,17.619108918504107,17.073922996400608,835200.0,2022-05-11 06:00:00
18.068524674275064,17.629127463828723,17.083812183746762,836100.0,2022-05-11 06:15:00
18.067876283355183,17.635625392373743,17.09345392466587,837000.0,2022-05-11 06:30:00
18.067317419042997,17.63720802791949,17.10169276661982,837900.0,2022-05-11 06:45:00
18.067071594857577,17.650989635564326,17.111716395963228,838800.0,2022-05-11 07:00:00
18.062764849166687,17.64992833129315,17.1200010329402,839700.0,2022-05-11 07:15:00
18.064087326634063,17.65411576162003,17.127757512588882,840600.0,2022-05-11 07:30:00
18.06909821844194,17.65602296486974,17.134578654507635,841500.0,2022-05-11 07:45:00
18.078080861272536,17.66269439394673,17.14160977737292,842400.0,2022-05-11 08:00:00
18.0913883870278,17.666150909596688,17.14811392264676,843300.0,2022-05-11 08:15:00
18.11213709922188,17.678256526985923,17.15575435420431,844200.0,2022-05-11 08:30:00
18.13632841429219,17.692325244925954,17.164595156190995,845100.0,2022-05-11 08:45:00
18.16194120633469,17.7050110941082,17.173981485843175,846000.0,2022-05-11 09:00:00
18.19255767258507,17.71165109885084,17.18205067054124,846900.0,2022-05-11 09:15:00
18.242832425087183,17.747357278055297,17.19500657581974,847800.0,2022-05-11 09:30:00
18.307832251387385,17.774636052572735,17.210231128506024,848700.0,2022-05-11 09:45:00
18.38859134285528,17.770908420428693,17.216927945056323,849600.0,2022-05-11 10:00:00
18.466379481830945,17.81413145522354,17.227132256604605,850500.0,2022-05-11 10:15:00
18.526942976268607,17.85708111217086,17.241734201907366,851400.0,2022-05-11 10:30:00
18.59509428975852,17.924939477793693,17.265939977020803,852300.0,2022-05-11 10:45:00
18.64046771657131,17.955620056766826,17.289498296603764,853200.0,2022-05-11 11:00:00
18.693956240409687,18.002829051079264,17.315326175659255,854100.0,2022-05-11 11:15:00
18.739498004157294,18.029576041114357,17.33841128112669,855000.0,2022-05-11 11:30:00
18.779574197596983,18.08567465162539,17.366407651584385,855900.0,2022-05-11 11:45:00
18.800514953331927,18.10043428260803,17.38923309652502,856800.0,2022-05-11 12:00:00
18.797784353607113,18.133544252012303,17.412353928861123,857700.0,2022-05-11 12:15:00
18.7944811994059,18.156224535638803,17.434509744984034,858600.0,2022-05-11 12:30:00
18.781440830573683,18.16091150545448,17.451922250841797,859500.0,2022-05-11 12:45:00
18.776306485621717,18.1816450185831,17.469660185793902,860400.0,2022-05-11 13:00:00
18.761124042514595,18.187821009158263,17.484939620543834,861300.0,2022-05-11 13:15:00
18.753490542840563,18.19722301527212,17.499370151515286,862200.0,2022-05-11 13:30:00
18.70644519286513,18.18214616013663,17.507984382422244,863100.0,2022-05-11 13:45:00
18.657526237067835,18.181149370563087,17.515853450433223,864000.0,2022-05-11 14:00:00
18.5991059748734,18.161313307593208,17.519848453825894,864900.0,2022-05-11 14:15:00
18.534767830044316,18.1402693401754,17.521000239954304,865800.0,2022-05-11 14:30:00
18.466766176737128,18.114566224153265,17.51951007013445,866700.0,2022-05-11 14:45:00
18.410536703536295,18.060210621108055,17.509227185022674,867600.0,2022-05-11 15:00:00
18.38147824662837,18.05135129796439,17.501877355689285,868500.0,2022-05-11 15:15:00
18.342567495055835,18.007014477086585,17.48968131079248,869400.0,2022-05-11 15:30:00
18.316369174996098,18.007291255211193,17.483576904804174,870300.0,2022-05-11 15:45:00
18.25757503720596,17.974428031970362,17.47581331219443,871200.0,2022-05-11 16:00:00
18.20002378413044,17.94528665974459,17.466774884944535,872100.0,2022-05-11 16:15:00
18.145368703070726,17.90220203459812,17.453618114877305,873000.0,2022-05-11 16:30:00
18.1003179079764,17.890788862630895,17.444008442589805,873900.0,2022-05-11 16:45:00
18.04268177734668,17.85010158124517,17.431794867614094,874800.0,2022-05-11 17:00:00
17.984825025309505,17.815648845833206,17.418098637678376,875700.0,2022-05-11 17:15:00
17.936482706536385,17.762660063604404,17.39922877326062,876600.0,2022-05-11 17:30:00
17.89661851174299,17.736104654691015,17.381468202826554,877500.0,2022-05-11 17:45:00
17.848497212481963,17.699220651735136,17.363059559007148,878400.0,2022-05-11 18:00:00
17.809046322066333,17.68105325775707,17.347685485426922,879300.0,2022-05-11 18:15:00
17.759412698067198,17.640667968722333,17.33056243747489,880200.0,2022-05-11 18:30:00
17.720449094427764,17.624278502115352,17.31635322071484,881100.0,2022-05-11 18:45:00
17.681153796501828,17.593171738677736,17.30187630650437,882000.0,2022-05-11 19:00:00
17.63445099319879,17.545134951420458,17.28324458364099,882900.0,2022-05-11 19:15:00
17.596062005241517,17.514761710655417,17.26425565443373,883800.0,2022-05-11 19:30:00
17.55946087808392,17.48988732191961,17.246524818390647,884700.0,2022-05-11 19:45:00
17.525548022567047,17.45488970141749,17.227935960319417,885600.0,2022-05-11 20:00:00
17.503276180229413,17.43388313755493,17.210920777534206,886500.0,2022-05-11 20:15:00
17.48522299579984,17.411508750041847,17.194939268449073,887400.0,2022-05-11 20:30:00
17.470230279754098,17.385776872525255,17.178681778510086,888300.0,2022-05-11 20:45:00
17.45438416565766,17.362129944288558,17.162349490106468,889200.0,2022-05-11 21:00:00
17.44333320807405,17.36257829390173,17.150340796543883,890100.0,2022-05-11 21:15:00
17.42042431757267,17.327659974764252,17.135681674343083,891000.0,2022-05-11 21:30:00
17.406559713169294,17.332775109055998,17.125545741155133,891900.0,2022-05-11 21:45:00
17.380745761427356,17.299244824157906,17.112593582096583,892800.0,2022-05-11 22:00:00
17.359037002861882,17.272172617779933,17.097620828636725,893700.0,2022-05-11 22:15:00
17.339363992632425,17.26041313287602,17.08399905801631,894600.0,2022-05-11 22:30:00
17.321588350644845,17.259537285199666,17.073892145232072,895500.0,2022-05-11 22:45:00
17.300635524690694,17.23542917650332,17.06241275430328,896400.0,2022-05-11 23:00:00
17.285664379528722,17.20655351968348,17.048357709039315,897300.0,2022-05-11 23:15:00
17.281737599555967,17.202084036472787,17.03643330390655,898200.0,2022-05-11 23:30:00
17.27667270729077,17.203920866036107,17.027929736049558,899100.0,2022-05-11 23:45:00
17.267206941747634,17.183654563408137,17.01815910856555,900000.0,2022-05-12 00:00:00
17.260712139208884,17.16558941201727,17.007118608483275,900900.0,2022-05-12 00:15:00
17.259435998223616,17.155964426843507,16.996452258296287,901800.0,2022-05-12 00:30:00
17.260542701215524,17.15165473510836,16.987242582818826,902700.0,2022-05-12 00:45:00
17.261822125816362,17.141739324294615,16.978266623065995,903600.0,2022-05-12 01:00:00
17.26939939800648,17.151483885629542,16.97251875759926,904500.0,2022-05-12 01:15:00
17.270481170061185,17.133098924696043,16.96479666454709,905400.0,2022-05-12 01:30:00
17.27630123117345,17.135354417602024,16.958417568407757,906300.0,2022-05-12 01:45:00
17.281767989841867,17.139329030040855,16.953853343972845,907200.0,2022-05-12 02:00:00
17.282197655114082,17.136734668598415,16.949596237773434,908100.0,2022-05-12 02:15:00
17.279280627948697,17.125004032461504,16.94373558797555,909000.0,2022-05-12 02:30:00
17.276734488061287,17.132456665657784,16.939896841437445,909900.0,2022-05-12 02:45:00
17.270309341582404,17.137668745390283,16.937862271955364,910800.0,2022-05-12 03:00:00
17.264238611919982,17.136650246911287,16.936026915662687,911700.0,2022-05-12 03:15:00
17.251429606230037,17.113296765396452,16.930268307091318,912600.0,2022-05-12 03:30:00
17.24583363185856,17.116265897729352,16.925582942202073,913500.0,2022-05-12 03:45:00
17.23979223219689,17.118030921672695,16.922342394300646,914400.0,2022-05-12 04:00:00
17.227147216209747,17.09615085610112,16.91596779028766,915300.0,2022-05-12 04:15:00
17.215894655150542,17.076641361117158,16.90702859956865,916200.0,2022-05-12 04:30:00
17.20914779844627,17.082806394661862,16.900691931438992,917100.0,2022-05-12 04:45:00
17.20107196494104,17.08833309677993,16.897123229466523,918000.0,2022-05-12 05:00:00
17.19170505583398,17.084150735250898,16.89393724726464,918900.0,2022-05-12 05:15:00
17.178311604242477,17.065512473107262,16.88827615317447,919800.0,2022-05-12 05:30:00
17.168079941323427,17.05253086492073,16.881260093225936,920700.0,2022-05-12 05:45:00
17.160293417341823,17.052501664640292,16.875563887163498,921600.0,2022-05-12 06:00:00
17.15198730613841,17.046546805503645,16.870287252428003,922500.0,2022-05-12 06:15:00
17.143066726409042,17.027256415077954,16.86282686696963,923400.0,2022-05-12 06:30:00
17.146017361379496,17.038592450276415,16.858568604485363,924300.0,2022-05-12 06:45:00
17.147772964509734,17.02542147244815,16.85321811598463,925200.0,2022-05-12 07:00:00
17.16126476228715,17.021460508795453,16.84779029107931,926100.0,2022-05-12 07:15:00
17.180477464953185,17.029466018123706,16.8445834644646,927000.0,2022-05-12 07:30:00
17.201041132513108,17.027027453256004,16.841383504984478,927900.0,2022-05-12 07:45:00
17.231040071311295,17.03626520178143,16.839647189771547,928800.0,2022-05-12 08:00:00
17.261384771256303,17.050018186281875,16.83999458921962,929700.0,2022-05-12 08:15:00
17.284183469648017,17.058560303958664,16.841162183403277,930600.0,2022-05-12 08:30:00
17.312555867001493,17.08111716144353,16.845111332778746,931500.0,2022-05-12 08:45:00
17.34409048981234,17.090814761160225,16.849164446175916,932400.0,2022-05-12 09:00:00
17.39417749712157,17.113251831682557,16.855189898063536,933300.0,2022-05-12 09:15:00
17.44083852327866,17.124781837520676,16.860648502698194,934200.0,2022-05-12 09:30:00
17.497646840705617,17.15182880616693,16.86799373095873,935100.0,2022-05-12 09:45:00
17.529378029391992,17.174703092408425,16.87636186386082,936000.0,2022-05-12 10:00:00
17.57263358685257,17.207061296347963,16.887390607983573,936900.0,2022-05-12 10:15:00
17.606799176265113,17.23944163301358,16.90076608620679,937800.0,2022-05-12 10:30:00
17.66607943612028,17.249895837819306,16.911451621805355,938700.0,2022-05-12 10:45:00
17.752828459449994,17.29836696101442,16.92622316496585,939600.0,2022-05-12 11:00:00
17.839711601858152,17.357498811153548,16.946942392883706,940500.0,2022-05-12 11:15:00
17.904553000194053,17.390365325145908,16.967395616884446,941400.0,2022-05-12 11:30:00
17.97125504492719,17.43448224533515,16.988968190526716,942300.0,2022-05-12 11:45:00
18.029879522459314,17.48177023190237,17.012369933461738,943200.0,2022-05-12 12:00:00
18.04782945910585,17.519419268893877,17.035922678255137,944100.0,2022-05-12 12:15:00
18.071654491954213,17.540614500609383,17.05625946037262,945000.0,2022-05-12 12:30:00
18.08486773610449,17.581768631756148,17.07833186220062,945900.0,2022-05-12 12:45:00
18.062607240336735,17.58322364835921,17.095452852962282,946800.0,2022-05-12 13:00:00
18.024845904816623,17.583879990766903,17.10791302901926,947700.0,2022-05-12 13:15:00
18.00753373793076,17.590373297170835,17.118922713505825,948600.0,2022-05-12 13:30:00
17.989736573482027,17.604970341675266,17.130525431640653,949500.0,2022-05-12 13:45:00
17.964706864991136,17.604720274326407,17.140198697601278,950400.0,2022-05-12 14:00:00
17.95107973094112,17.60913575466501,17.1494653367881,951300.0,2022-05-12 14:15:00
17.942037425984616,17.588974142348878,17.153116646445238,952200.0,2022-05-12 14:30:00
17.924898097325475,17.588354580604683,17.15616311866372,953100.0,2022-05-12 14:45:00
17.891510657089196,17.57705783100736,17.157388951702362,954000.0,2022-05-12 15:00:00
17.84921733228936,17.576120193228356,17.159618310543586,954900.0,2022-05-12 15:15:00
17.78949729078736,17.543295981729855,17.15685836620272,955800.0,2022-05-12 15:30:00
17.724537386453473,17.517145589715586,17.151233046368876,956700.0,2022-05-12 15:45:00
17.649412316988773,17.491404705895807,17.14423697291521,957600.0,2022-05-12 16:00:00
17.56997090131624,17.459630990672654,17.135503563229694,958500.0,2022-05-12 16:15:00
17.485248355836084,17.408996712300628,17.12189403930762,959400.0,2022-05-12 16:30:00
17.399143768104448,17.357031830792636,17.104006364260226,960300.0,2022-05-12 16:45:00
17.315660804255927,17.316820054066405,17.085494418045567,961200.0,2022-05-12 17:00:00
17.23220324464872,17.26405862804409,17.064595921305816,962100.0,2022-05-12 17:15:00
17.14803192066503,17.21913902021235,17.043126386595638,963000.0,2022-05-12 17:30:00
17.062569146570915,17.17124526821893,17.02109965461878,963900.0,2022-05-12 17:45:00
16.974004602079262,17.107335436992507,16.99553740704914,964800.0,2022-05-12 18:00:00
16.883899925322805,17.046401290874748,16.967347250514482,965700.0,2022-05-12 18:15:00
16.794853344810456,16.991584681953462,16.93838961800916,966600.0,2022-05-12 18:30:00
16.70372600344593,16.937099203860157,16.90914661889184,967500.0,2022-05-12 18:45:00
16.611603173115164,16.86601935839581,16.87694076193564,968400.0,2022-05-12 19:00:00
16.527895367384698,16.811986405015467,16.8447376747153,969300.0,2022-05-12 19:15:00
16.443563775724922,16.75149328632194,16.8119033224781,970200.0,2022-05-12 19:30:00
16.365849615958588,16.69532188429253,16.778896344236166,971100.0,2022-05-12 19:45:00
16.294639243475366,16.64162424804789,16.74607355550589,972000.0,2022-05-12 20:00:00
16.24285345122835,16.585528701711354,16.712811968175867,972900.0,2022-05-12 20:15:00
16.21883689108724,16.545493217794743,16.681172562650627,973800.0,2022-05-12 20:30:00
16.211954213881135,16.49708912397323,16.649560169097935,974700.0,2022-05-12 20:45:00
16.222506933751188,16.474834961417294,16.621043271480918,975600.0,2022-05-12 21:00:00
16.23778740307734,16.45715866706608,16.595962469541107,976500.0,2022-05-12 21:15:00
16.251293878247225,16.440501850468806,16.57350581838769,977400.0,2022-05-12 21:30:00
16.26109454340937,16.42401348418787,16.552938405200337,978300.0,2022-05-12 21:45:00
16.269325743705988,16.413579318432728,16.53449766004472,979200.0,2022-05-12 22:00:00
16.273056011033148,16.405389368829233,16.518039993990794,980100.0,2022-05-12 22:15:00
16.27535902510352,16.40084036049692,16.503542760291808,981000.0,2022-05-12 22:30:00
16.275135979185453,16.394725585118977,16.49034083394056,981900.0,2022-05-12 22:45:00
16.273856833284427,16.391995006919366,16.47862852762584,982800.0,2022-05-12 23:00:00
16.266539312908126,16.370975390273458,16.465774641764263,983700.0,2022-05-12 23:15:00
16.263214612834545,16.366635979679806,16.453710905711603,984600.0,2022-05-12 23:30:00
16.26205624264082,16.36207852646088,16.442617771087374,985500.0,2022-05-12 23:45:00
16.261421344482645,16.355522077837406,16.43193299862413,986400.0,2022-05-13 00:00:00
16.262017673283122,16.35395354456079,16.42226850673168,987300.0,2022-05-13 00:15:00
16.262137956544912,16.347981872290244,16.413024616528407,988200.0,2022-05-13 00:30:00
16.262879662551384,16.347425751160028,16.404744676408303,989100.0,2022-05-13 00:45:00
16.26233131532402,16.33488718942625,16.39560042887069,990000.0,2022-05-13 01:00:00
16.262888242038272,16.327062199222055,16.386292004321618,990900.0,2022-05-13 01:15:00
16.263865593663144,16.326746311769107,16.37795148096619,991800.0,2022-05-13 01:30:00
16.263065962674784,16.321085236584974,16.36988267149934,992700.0,2022-05-13 01:45:00
16.265990051553228,16.32317959589577,16.362956196808696,993600.0,2022-05-13 02:00:00
16.2631385762608,16.30880087120635,16.354901735844123,994500.0,2022-05-13 02:15:00
16.265642999548486,16.31402263431438,16.34812884720669,995400.0,2022-05-13 02:30:00
16.26262032857156,16.31223664369416,16.341931380591312,996300.0,2022-05-13 02:45:00
16.259688232291904,16.309406236357724,16.3359359312132,997200.0,2022-05-13 03:00:00
16.255931027982,16.2984019033489,16.32908424477473,998100.0,2022-05-13 03:15:00
16.255422302243698,16.291357975641194,16.32182683242507,999000.0,2022-05-13 03:30:00
16.258124762656465,16.300098809647178,16.3165782094092,999900.0,2022-05-13 03:45:00
16.25616884420399,16.292731056408176,16.31101191328049,1000800.0,2022-05-13 04:00:00
16.256245138294165,16.289621230447025,16.30540939874034,1001700.0,2022-05-13 04:15:00
16.255888629153798,16.28575950452622,16.299821028008722,1002600.0,2022-05-13 04:30:00
16.253339575367757,16.275399488190722,16.29327508170904,1003500.0,2022-05-13 04:45:00
16.253755697488383,16.27265955374627,16.286987130215934,1004400.0,2022-05-13 05:00:00
16.254184466544828,16.272359848114494,16.281543487653902,1005300.0,2022-05-13 05:15:00
16.25805208300512,16.27308419037825,16.276803462475844,1006200.0,2022-05-13 05:30:00
16.266424042324473,16.274578550469307,16.272785420658614,1007100.0,2022-05-13 05:45:00
16.27695078422435,16.273496280199208,16.26886920684094,1008000.0,2022-05-13 06:00:00
16.29287213891916,16.28412761670083,16.26666417704331,1008900.0,2022-05-13 06:15:00
16.309605557311336,16.27796675708305,16.26356225881842,1009800.0,2022-05-13 06:30:00
16.333370118008855,16.28572313497031,16.261335201966144,1010700.0,2022-05-13 06:45:00
16.359927861667114,16.29447773024447,16.260174197276303,1011600.0,2022-05-13 07:00:00
16.392604498302944,16.311621122630623,16.26104022722752,1012500.0,2022-05-13 07:15:00
16.425780584002972,16.32135254508714,16.262620435946666,1013400.0,2022-05-13 07:30:00
16.464000672562506,16.3437481617534,16.266274531474778,1014300.0,2022-05-13 07:45:00
16.504039627540486,16.358718722215546,16.270590108182066,1015200.0,2022-05-13 08:00:00
16.553796441412548,16.371602568783857,16.274828336621937,1016100.0,2022-05-13 08:15:00
16.616589710464268,16.40222128222686,16.281457751181655,1017000.0,2022-05-13 08:30:00
16.674554155552396,16.430896598029012,16.290077710472225,1017900.0,2022-05-13 08:45:00
16.736269677311842,16.469594513299423,16.301753480004596,1018800.0,2022-05-13 09:00:00
16.783889210396868,16.498564044895275,16.31454126757917,1019700.0,2022-05-13 09:15:00
16.836625564988,16.542934667470327,16.33045299469166,1020600.0,2022-05-13 09:30:00
16.898857610541924,16.580982026600026,16.3479967659811,1021500.0,2022-05-13 09:45:00
16.96908011558112,16.607616872752068,16.36444613129923,1022400.0,2022-05-13 10:00:00
17.045001036748022,16.650466951410397,16.382358561604402,1023300.0,2022-05-13 10:15:00
17.10745990171801,16.692100097417335,16.401636376548186,1024200.0,2022-05-13 10:30:00
17.196551705876974,16.74400862621951,16.42368915946376,1025100.0,2022-05-13 10:45:00
17.302042514703437,16.799193855001946,16.448424492749265,1026000.0,2022-05-13 11:00:00
17.411436186281612,16.86268749514229,16.47649753660671,1026900.0,2022-05-13 11:15:00
17.49919900571668,16.920552964116325,16.50618238103984,1027800.0,2022-05-13 11:30:00
17.56140244302783,16.982587109042036,16.538181696894068,1028700.0,2022-05-13 11:45:00
17.647019177881326,17.036664799245678,16.570376344715573,1029600.0,2022-05-13 12:00:00
17.74434203146818,17.10164105698045,16.60458837887995,1030500.0,2022-05-13 12:15:00
17.829733636926843,17.16523305433363,16.640396549400645,1031400.0,2022-05-13 12:30:00
17.891360517925534,17.220364896320202,16.67585471449208,1032300.0,2022-05-13 12:45:00
17.94115547294482,17.274348925868765,16.711001573430742,1033200.0,2022-05-13 13:00:00
17.96659389828093,17.321542808140602,16.745256918286916,1034100.0,2022-05-13 13:15:00
17.977495713821025,17.355336638191975,16.776587184393023,1035000.0,2022-05-13 13:30:00
17.97519139708406,17.38968652420937,16.80641422853667,1035900.0,2022-05-13 13:45:00
17.957994785251472,17.409424277910965,16.832709900536187,1036800.0,2022-05-13 14:00:00
17.929023502796223,17.427701577783633,16.856618119391296,1037700.0,2022-05-13 14:15:00
17.882590596559126,17.42584944945243,16.87514892407707,1038600.0,2022-05-13 14:30:00
17.827148798487773,17.417068418456264,16.888687039017462,1039500.0,2022-05-13 14:45:00
17.763533333145258,17.4091947211019,16.89935338216403,1040400.0,2022-05-13 15:00:00
17.68592644914193,17.38116445415738,16.904136706771027,1041300.0,2022-05-13 15:15:00
17.599016901236208,17.352400327702988,16.90477268361009,1042200.0,2022-05-13 15:30:00
17.500790343698693,17.316081535464697,16.90142506852932,1043100.0,2022-05-13 15:45:00
17.396933241622733,17.27234084507385,16.894155006505244,1044000.0,2022-05-13 16:00:00
17.285306383314666,17.217927365620262,16.882060591230374,1044900.0,2022-05-13 16:15:00
17.175693698310578,17.153181142463477,16.864219910239434,1045800.0,2022-05-13 16:30:00
17.063992569844306,17.102279580747616,16.84511244027726,1046700.0,2022-05-13 16:45:00
16.938413339963102,17.03573293328607,16.822620008157205,1047600.0,2022-05-13 17:00:00
16.81089656058498,16.964537909695007,16.796550390311126,1048500.0,2022-05-13 17:15:00
16.698659091676724,16.890345708554882,16.767056428449614,1049400.0,2022-05-13 17:30:00
16.590147029826355,16.816508066885806,16.73513651414503,1050300.0,2022-05-13 17:45:00
16.481165625056985,16.74320566438996,16.701352216424766,1051200.0,2022-05-13 18:00:00
16.380408672208866,16.680412894293198,16.66781109860725,1052100.0,2022-05-13 18:15:00
16.280149624008487,16.60569443996868,16.632667335363106,1053000.0,2022-05-13 18:30:00
16.19063797484995,16.53614570075336,16.596605994647426,1053900.0,2022-05-13 18:45:00
16.110988424433685,16.46787151272685,16.559861635552068,1054800.0,2022-05-13 19:00:00
16.044372368940067,16.410506080672945,16.52397867850119,1055700.0,2022-05-13 19:15:00
15.99593620669028,16.35899635119449,16.489527548206592,1056600.0,2022-05-13 19:30:00
15.962223327828058,16.302169041066747,16.45522563890596,1057500.0,2022-05-13 19:45:00
15.947556424946477,16.26083459800317,16.422691959121043,1058400.0,2022-05-13 20:00:00
15.945288380864564,16.22711170061377,16.392515511191636,1059300.0,2022-05-13 20:15:00
15.952316994267315,16.20517948256576,16.365640574591033,1060200.0,2022-05-13 20:30:00
15.965904439714164,16.1887904516482,16.34193354501149,1061100.0,2022-05-13 20:45:00
15.985942225074378,16.171689694698273,16.320581641678686,1062000.0,2022-05-13 21:00:00
16.013157617792356,16.16283705956294,16.30195257069616,1062900.0,2022-05-13 21:15:00
16.046072387310506,16.16659755986419,16.286879553230627,1063800.0,2022-05-13 21:30:00
16.076324763912236,16.16624932094095,16.27421778371206,1064700.0,2022-05-13 21:45:00
16.107701185987978,16.170644892611733,16.263915708807257,1065600.0,2022-05-13 22:00:00
16.134319303035628,16.175073390355173,16.255472678401034,1066500.0,2022-05-13 22:15:00
16.161740862258668,16.18865237114877,16.249487048476865,1067400.0,2022-05-13 22:30:00
16.18368089449485,16.19262983569286,16.244381857921,1068300.0,2022-05-13 22:45:00
16.205120560353496,16.19998419981583,16.240173863435334,1069200.0,2022-05-13 23:00:00
16.228589914379967,16.21445662363227,16.237638308528357,1070100.0,2022-05-13 23:15:00
16.249499956311016,16.219608019169655,16.235481075862303,1071000.0,2022-05-13 23:30:00
16.27592935094176,16.235488008176716,16.23484758873258,1071900.0,2022-05-13 23:45:00
16.298906893775804,16.246579547888143,16.234975752230657,1072800.0,2022-05-14 00:00:00
16.32070191386586,16.25916101057549,16.23579361506004,1073700.0,2022-05-14 00:15:00
16.341031962561807,16.265885360964823,16.236452545537443,1074600.0,2022-05-14 00:30:00
16.35885366975951,16.2790524412041,16.237773731586458,1075500.0,2022-05-14 00:45:00
16.37302407857737,16.290409188297254,16.23965713372755,1076400.0,2022-05-14 01:00:00
16.38138810504396,16.294917770896138,16.240996034909564,1077300.0,2022-05-14 01:15:00
16.390515642338617,16.305594017574922,16.242706930767383,1078200.0,2022-05-14 01:30:00
16.39718949381614,16.315237328427255,16.24490277572103,1079100.0,2022-05-14 01:45:00
16.403664397992472,16.324150863578858,16.247353526911972,1080000.0,2022-05-14 02:00:00
16.40688063380225,16.329740290426788,16.249553832010697,1080900.0,2022-05-14 02:15:00
16.406142219135006,16.324113639142166,16.249865717041565,1081800.0,2022-05-14 02:30:00
16.409209596812243,16.328501838473585,16.250084978506365,1082700.0,2022-05-14 02:45:00
16.40942263375004,16.326570000551936,16.24954712677644,1083600.0,2022-05-14 03:00:00
16.411316881942312,16.338690051645813,16.250553323995543,1084500.0,2022-05-14 03:15:00
16.409908743672634,16.336587531104588,16.250875620938604,1085400.0,2022-05-14 03:30:00
16.406444834083537,16.332003830480822,16.249952325840884,1086300.0,2022-05-14 03:45:00
16.406845309763384,16.34095607206847,16.250330957675466,1087200.0,2022-05-14 04:00:00
16.40269193777277,16.3370840380759,16.249954729298462,1088100.0,2022-05-14 04:15:00
16.399081838665733,16.331572783361295,16.24847410533141,1089000.0,2022-05-14 04:30:00
16.396611559241094,16.334637913208866,16.247410200169718,1089900.0,2022-05-14 04:45:00
16.391240979265262,16.331212557934293,16.246041911698786,1090800.0,2022-05-14 05:00:00
16.384869878392593,16.325127777415172,16.24378638694157,1091700.0,2022-05-14 05:15:00
16.380005355079287,16.325245379831127,16.24181325429962,1092600.0,2022-05-14 05:30:00
16.37585283332086,16.322734373840277,16.239921622145133,1093500.0,2022-05-14 05:45:00
16.369522461692473,16.316866547252047,16.23738530919704,1094400.0,2022-05-14 06:00:00
16.36672402470884,16.314524396002717,16.234842264450034,1095300.0,2022-05-14 06:15:00
16.36938611898001,16.31830050070307,16.233436168205674,1096200.0,2022-05-14 06:30:00
16.373377951147326,16.31748009514866,16.232156012653245,1097100.0,2022-05-14 06:45:00
16.381598052718314,16.31005833510588,16.22973937979488,1098000.0,2022-05-14 07:00:00
16.396828905089155,16.31167466517133,16.227554930541196,1098900.0,2022-05-14 07:15:00
16.419860927474254,16.323667893317758,16.22748158258244,1099800.0,2022-05-14 07:30:00
16.445850901748614,16.331943760427084,16.22857904980815,1100700.0,2022-05-14 07:45:00
16.47524304866522,16.333982740650285,16.229203879045325,1101600.0,2022-05-14 08:00:00
16.510530728268215,16.352423135224573,16.231921619191528,1102500.0,2022-05-14 08:15:00
16.553813092024306,16.37343795226752,16.236898426451155,1103400.0,2022-05-14 08:30:00
16.60409160314508,16.398680705287756,16.244261497077584,1104300.0,2022-05-14 08:45:00
16.659740331686976,16.417236688814896,16.252114722746548,1105200.0,2022-05-14 09:00:00
16.723333569098443,16.449165103777045,16.262201420428298,1106100.0,2022-05-14 09:15:00
16.79068201337302,16.482406043350625,16.274437187033783,1107000.0,2022-05-14 09:30:00
16.860805619294077,16.51652608354406,16.288310087564046,1107900.0,2022-05-14 09:45:00
16.938737972516908,16.563141082237554,16.30539461802207,1108800.0,2022-05-14 10:00:00
17.019605270477783,16.611246235851933,16.325387752470746,1109700.0,2022-05-14 10:15:00
17.103879724016096,16.655470255177566,16.346762435652824,1110600.0,2022-05-14 10:30:00
17.193250744069132,16.7095090782811,16.370541150661236,1111500.0,2022-05-14 10:45:00
17.27948336060941,16.760086340183044,16.395824943314242,1112400.0,2022-05-14 11:00:00
17.367586534092442,16.82312924653369,16.424444192192514,1113300.0,2022-05-14 11:15:00
17.449847847137054,16.8801185913744,16.454733079418165,1114200.0,2022-05-14 11:30:00
17.53126389880181,16.940423631328024,16.486813233251024,1115100.0,2022-05-14 11:45:00
17.608649308197915,16.995772346122447,16.519365084817725,1116000.0,2022-05-14 12:00:00
17.67979403393824,17.053226848979563,16.55279503076602,1116900.0,2022-05-14 12:15:00
17.746909772113614,17.11455686058396,16.58797100374147,1117800.0,2022-05-14 12:30:00
17.80442561030157,17.165783321958518,16.622719509498545,1118700.0,2022-05-14 12:45:00
17.85879254658016,17.212232731637204,16.656150178180283,1119600.0,2022-05-14 13:00:00
17.90362962884685,17.261299735304018,16.68935706611257,1120500.0,2022-05-14 13:15:00
17.939285972886587,17.302539939246593,16.721139961514837,1121400.0,2022-05-14 13:30:00
17.974788314632523,17.341745107059094,16.751736386609718,1122300.0,2022-05-14 13:45:00
18.018566840364155,17.38257673486352,16.781892072669727,1123200.0,2022-05-14 14:00:00
18.056469986711807,17.427274283237548,16.812876203282585,1124100.0,2022-05-14 14:15:00
18.069628107225476,17.455338565263066,16.841568118780355,1125000.0,2022-05-14 14:30:00
18.067096734148976,17.47671927534627,16.867182404860266,1125900.0,2022-05-14 14:45:00
18.064031924721935,17.50033435187659,16.89147016991506,1126800.0,2022-05-14 15:00:00
18.066041736808227,17.511862627976463,16.912360570173636,1127700.0,2022-05-14 15:15:00
18.066368132944568,17.525343355931955,16.931076889511797,1128600.0,2022-05-14 15:30:00
18.063140829291616,17.543385480108952,16.949735833427546,1129500.0,2022-05-14 15:45:00
18.046724208807163,17.55458946761198,16.967436967126712,1130400.0,2022-05-14 16:00:00
18.03131838875719,17.5538931065376,16.98180943432973,1131300.0,2022-05-14 16:15:00
18.019322921439212,17.551664735034816,16.993053174980513,1132200.0,2022-05-14 16:30:00
18.01378747417492,17.56223585250591,17.0051166498839,1133100.0,2022-05-14 16:45:00
18.010651010420435,17.567393633502714,17.016964659422204,1134000.0,2022-05-14 17:00:00
18.008568079524906,17.56635866676558,17.027032139429547,1134900.0,2022-05-14 17:15:00
18.014554587325687,17.572077185614283,17.036786051174875,1135800.0,2022-05-14 17:30:00
18.030231200880085,17.575371575059073,17.04562265202171,1136700.0,2022-05-14 17:45:00
18.057635836263525,17.586057513492495,17.05507435378276,1137600.0,2022-05-14 18:00:00
18.09065872211883,17.61193080176377,17.068285085528906,1138500.0,2022-05-14 18:15:00
18.113005815522943,17.620656269054013,17.08064964441316,1139400.0,2022-05-14 18:30:00
18.13797823230116,17.641461657881255,17.094402461189546,1140300.0,2022-05-14 18:45:00
18.15723105924348,17.655990795268448,17.108050479249897,1141200.0,2022-05-14 19:00:00
18.168627790340405,17.66445583213341,17.120124319616288,1142100.0,2022-05-14 19:15:00
18.16235357274964,17.678392158332805,17.132422935207437,1143000.0,2022-05-14 19:30:00
18.13963919998653,17.690208092708264,17.145236389925007,1143900.0,2022-05-14 19:45:00
18.116933065177992,17.692687481128086,17.15671018675943,1144800.0,2022-05-14 20:00:00
18.09737131118936,17.685671902472,17.164953765624304,1145700.0,2022-05-14 20:15:00
18.085160653080127,17.684145415168196,17.171876725487444,1146600.0,2022-05-14 20:30:00
18.0726234409508,17.6855650151981,17.178642201367126,1147500.0,2022-05-14 20:45:00
18.05979641046909,17.67824233202898,17.183401390657405,1148400.0,2022-05-14 21:00:00
18.043537421511157,17.67987919665911,17.18868334815664,1149300.0,2022-05-14 21:15:00
18.018343945926397,17.667674361062307,17.19176227858522,1150200.0,2022-05-14 21:30:00
17.987845816592234,17.65928944632881,17.19382042063743,1151100.0,2022-05-14 21:45:00
17.950295232215275,17.64873755756095,17.195060494297525,1152000.0,2022-05-14 22:00:00
17.903041690939663,17.629380379352018,17.19421305316076,1152900.0,2022-05-14 22:15:00
17.850606995805133,17.604133531270026,17.190598648047835,1153800.0,2022-05-14 22:30:00
17.798199631075068,17.581696723559848,17.185645620626566,1154700.0,2022-05-14 22:45:00
17.745231200135887,17.557539736414537,17.17962456888545,1155600.0,2022-05-14 23:00:00
17.68875930848778,17.515476681733773,17.16900784582865,1156500.0,2022-05-14 23:15:00
17.642864332374245,17.49675056469956,17.159397831417447,1157400.0,2022-05-14 23:30:00
17.597789250743887,17.468271504245322,17.149072090694183,1158300.0,2022-05-14 23:45:00
17.559606263482575,17.43537429270585,17.137098046129154,1159200.0,2022-05-15 00:00:00
17.525720031164358,17.40295618716768,17.123511106794716,1160100.0,2022-05-15 00:15:00
17.497925542690325,17.382162203586223,17.11100812334558,1161000.0,2022-05-15 00:30:00
17.47071329032524,17.359240315997944,17.099063918688614,1161900.0,2022-05-15 00:45:00
17.444385127027903,17.327110317652977,17.08537816488642,1162800.0,2022-05-15 01:00:00
17.42710186797228,17.313631038303356,17.073539186177833,1163700.0,2022-05-15 01:15:00
17.408294415314693,17.29440647613141,17.062276618815577,1164600.0,2022-05-15 01:30:00
17.392349828797638,17.27455289544106,17.051020134555287,1165500.0,2022-05-15 01:45:00
17.379665288174944,17.26961485651181,17.042418082542053,1166400.0,2022-05-15 02:00:00
17.365583060367054,17.25529888988677,17.034247168659324,1167300.0,2022-05-15 02:15:00
17.345552296861047,17.229732686214692,17.024018908820263,1168200.0,2022-05-15 02:30:00
17.330236116277188,17.223308154107578,17.015320879047515,1169100.0,2022-05-15 02:45:00
17.309022955802135,17.207885871669344,17.006751342031954,1170000.0,2022-05-15 03:00:00
17.290385805848175,17.194256595922074,16.998337168066165,1170900.0,2022-05-15 03:15:00
17.27126538455214,17.17859563538672,16.9897366862698,1171800.0,2022-05-15 03:30:00
17.249947603609833,17.15986101403211,16.980246581985188,1172700.0,2022-05-15 03:45:00
17.23198019510882,17.148028995953354,16.971168013530818,1173600.0,2022-05-15 04:00:00
17.21476352709196,17.137799746083168,16.96295542566882,1174500.0,2022-05-15 04:15:00
17.195997941966816,17.12071782720996,16.9541781732033,1175400.0,2022-05-15 04:30:00
17.176713301035182,17.102807036348928,16.944593939861814,1176300.0,2022-05-15 04:45:00
17.158972411265463,17.087790271930217,16.934773043863984,1177200.0,2022-05-15 05:00:00
17.146944543773877,17.088610988386044,16.927685216337196,1178100.0,2022-05-15 05:15:00
17.130372371258648,17.068933593095306,16.919531233336993,1179000.0,2022-05-15 05:30:00
17.117075899705327,17.053497146414358,16.910623445253616,1179900.0,2022-05-15 05:45:00
17.104861867780244,17.04412861761516,16.9022894897607,1180800.0,2022-05-15 06:00:00
17.092303793754944,17.03112995838416,16.893790361117805,1181700.0,2022-05-15 06:15:00
17.08092856011131,17.02243911163914,16.88591226692594,1182600.0,2022-05-15 06:30:00
17.06552628500968,17.008408754487846,16.877671119172962,1183500.0,2022-05-15 06:45:00
17.052222162961435,16.990710946585672,16.868256848884823,1184400.0,2022-05-15 07:00:00
17.04313063721699,16.982841051089004,16.859615956146147,1185300.0,2022-05-15 07:15:00
17.0320551750646,16.972668171125218,16.851411225131773,1186200.0,2022-05-15 07:30:00
17.02272939154475,16.96630034068617,16.844014667796216,1187100.0,2022-05-15 07:45:00
17.0096922220262,16.95174648014232,16.83580382464963,1188000.0,2022-05-15 08:00:00
17.001256344091296,16.948396462827027,16.828834751554623,1188900.0,2022-05-15 08:15:00
16.991015139429386,16.935966071990944,16.821563174899502,1189800.0,2022-05-15 08:30:00
16.985364519946874,16.92567430356234,16.814040475617805,1190700.0,2022-05-15 08:45:00
16.983195305821944,16.923607615760485,16.807732616084074,1191600.0,2022-05-15 09:00:00
16.980493214131965,16.921657642765023,16.80259501055518,1192500.0,2022-05-15 09:15:00
16.975677559708277,16.909922002761313,16.796597960973646,1193400.0,2022-05-15 09:30:00
16.979894978735146,16.904851630605968,16.790740213738747,1194300.0,2022-05-15 09:45:00
16.98722517443325,16.894747829410036,16.784143615579293,1195200.0,2022-05-15 10:00:00
16.999564980427653,16.901440634719364,16.779637058908815,1196100.0,2022-05-15 10:15:00
17.011140040874555,16.902170537315953,16.776043547444328,1197000.0,2022-05-15 10:30:00
17.025070965347357,16.903854369136617,16.773124781494428,1197900.0,2022-05-15 10:45:00
17.049464146103404,16.9143276235543,16.771983498945765,1198800.0,2022-05-15 11:00:00
17.099399938072633,16.924738259293918,16.77221212072943,1199700.0,2022-05-15 11:15:00
17.174699510890406,16.947781123700604,16.775115704984575,1200600.0,2022-05-15 11:30:00
17.268945372229986,16.9826757714916,16.78194652028316,1201500.0,2022-05-15 11:45:00
17.35888258694613,17.022694164245127,16.792619415581115,1202400.0,2022-05-15 12:00:00
17.43329345625247,17.0620601108981,16.806021983830743,1203300.0,2022-05-15 12:15:00
17.496779068258242,17.102341689005655,16.82160453444813,1204200.0,2022-05-15 12:30:00
17.537465348986036,17.135965470767207,16.83783107462671,1205100.0,2022-05-15 12:45:00
17.56315601179674,17.162297946575293,16.853305780635456,1206000.0,2022-05-15 13:00:00
17.579853699307762,17.199761230173106,16.870526266886603,1206900.0,2022-05-15 13:15:00
17.611220403476068,17.223663655543927,16.887015519814025,1207800.0,2022-05-15 13:30:00
17.667652367670545,17.263999043840084,16.90566471951908,1208700.0,2022-05-15 13:45:00
17.73036827241697,17.294474733800907,16.924218420501514,1209600.0,2022-05-15 14:00:00
17.800023331927832,17.335883417926315,16.944374933053613,1210500.0,2022-05-15 14:15:00
17.86196427324152,17.37647579388668,16.96584768098735,1211400.0,2022-05-15 14:30:00
17.90559722554809,17.409286865877885,16.98693032516473,1212300.0,2022-05-15 14:45:00
17.939773346185422,17.443092648904248,17.00790194948994,1213200.0,2022-05-15 15:00:00
17.958311840239382,17.474964060340564,17.028869545984314,1214100.0,2022-05-15 15:15:00
17.95599789750664,17.504919967552308,17.050136967454716,1215000.0,2022-05-15 15:30:00
17.930744243452438,17.515727270575315,17.0682976565656,1215900.0,2022-05-15 15:45:00
17.90318350031281,17.516600073186282,17.08220443569882,1216800.0,2022-05-15 16:00:00
17.875818591251623,17.522895054371215,17.09431174084218,1217700.0,2022-05-15 16:15:00
17.839033727792557,17.514683785350094,17.10275189120859,1218600.0,2022-05-15 16:30:00
17.797261517117384,17.507160366734198,17.108704674987692,1219500.0,2022-05-15 16:45:00
17.758957322474085,17.496669042410023,17.112576448689826,1220400.0,2022-05-15 17:00:00
17.729198456847794,17.48774776288785,17.115356558098807,1221300.0,2022-05-15 17:15:00
17.7035740228065,17.463866340041285,17.11434123472817,1222200.0,2022-05-15 17:30:00
17.687061705405895,17.45961644385695,17.113847918010578,1223100.0,2022-05-15 17:45:00
17.667508199499025,17.442353784858906,17.111545210373297,1224000.0,2022-05-15 18:00:00
17.646542644041787,17.42573129503353,17.10774571615369,1224900.0,2022-05-15 18:15:00
17.624213734842986,17.423749258811483,17.105779937221445,1225800.0,2022-05-15 18:30:00
17.59136333332623,17.40665115132229,17.102729278706367,1226700.0,2022-05-15 18:45:00
17.552040955464555,17.383584517295947,17.097511586805727,1227600.0,2022-05-15 19:00:00
17.508707455644522,17.3607589394614,17.09056674684117,1228500.0,2022-05-15 19:15:00
17.464703321017215,17.339608345068434,17.082883104854783,1229400.0,2022-05-15 19:30:00
17.42108895226754,17.321125817994826,17.07524967783751,1230300.0,2022-05-15 19:45:00
17.380416787328414,17.288741727789024,17.0649493508797,1231200.0,2022-05-15 20:00:00
17.35351782122274,17.27452586383282,17.055677287522705,1232100.0,2022-05-15 20:15:00
17.328312952106685,17.247885833021353,17.045264561340687,1233000.0,2022-05-15 20:30:00
17.314420040593085,17.236732202851694,17.03618974021124,1233900.0,2022-05-15 20:45:00
17.298661781996323,17.220519974478293,17.027520127232997,1234800.0,2022-05-15 21:00:00
17.277890637669195,17.1950989828665,17.01725508352885,1235700.0,2022-05-15 21:15:00
17.247397798005967,17.182253361080654,17.007739637439947,1236600.0,2022-05-15 21:30:00
17.20669452322046,17.160837348339616,16.997652747123652,1237500.0,2022-05-15 21:45:00
17.17204917558302,17.138436943815506,16.986867723889013,1238400.0,2022-05-15 22:00:00
17.157889791523374,17.117493060502913,16.975559611681724,1239300.0,2022-05-15 22:15:00
17.165321704061693,17.109111628400452,16.965674675343852,1240200.0,2022-05-15 22:30:00
17.18489580424862,17.101290300974373,16.957112068398573,1241100.0,2022-05-15 22:45:00
17.20912318518771,17.096698023740725,16.949557398293564,1242000.0,2022-05-15 23:00:00
17.232547507915474,17.1008969755726,16.94418951327845,1242900.0,2022-05-15 23:15:00
17.24329283929258,17.093883534472887,16.938738180073493,1243800.0,2022-05-15 23:30:00
17.249676617176092,17.109587245311804,16.936869198137565,1244700.0,2022-05-15 23:45:00
17.239905409708253,17.10429802371916,16.934702200422993,1245600.0,2022-05-16 00:00:00
17.226144520963096,17.09992875425087,16.932061261217054,1246500.0,2022-05-16 00:15:00
17.211102938823963,17.094964341560875,16.929038635099637,1247400.0,2022-05-16 00:30:00
17.194395024185788,17.090290279507904,16.92586991885541,1248300.0,2022-05-16 00:45:00
17.176882060068976,17.082250698281847,16.922100296267807,1249200.0,2022-05-16 01:00:00
17.161130543934792,17.073153079308252,16.91773415012337,1250100.0,2022-05-16 01:15:00
17.1432303996403,17.06110270670666,16.91237476676347,1251000.0,2022-05-16 01:30:00
17.12635053859981,17.048892338559774,16.906344507079066,1251900.0,2022-05-16 01:45:00
17.1108793994863,17.03887012036424,16.90010239656682,1252800.0,2022-05-16 02:00:00
17.095242191471954,17.02855555781663,16.893688322705966,1253700.0,2022-05-16 02:15:00
17.08001498768857,17.02839661063524,16.88890820639941,1254600.0,2022-05-16 02:30:00
17.05622068623552,17.003834595156267,16.881710191621313,1255500.0,2022-05-16 02:45:00
17.03792735429809,16.997372631466185,16.87501944025928,1256400.0,2022-05-16 03:00:00
17.016344883878343,16.973066863264748,16.86613029415323,1257300.0,2022-05-16 03:15:00
17.002568746472452,16.962709115371855,16.85744906050686,1258200.0,2022-05-16 03:30:00
16.991327639836722,16.95599191661666,16.84969032389239,1259100.0,2022-05-16 03:45:00
16.977608748843444,16.938436852767946,16.8410578328846,1260000.0,2022-05-16 04:00:00
16.963739069964827,16.92858141196948,16.832709465467552,1260900.0,2022-05-16 04:15:00
16.948214512846175,16.91810097238167,16.8247401437018,1261800.0,2022-05-16 04:30:00
16.934618952456834,16.91288827225125,16.817783504235702,1262700.0,2022-05-16 04:45:00
16.92054628031895,16.899087741130014,16.810417685703367,1263600.0,2022-05-16 05:00:00
16.905459352395972,16.885307420037613,16.802479728239483,1264500.0,2022-05-16 05:15:00
16.888835784862284,16.87663685017045,16.79483298422545,1265400.0,2022-05-16 05:30:00
16.8703014448602,16.861252250699277,16.786537689669174,1266300.0,2022-05-16 05:45:00
16.85498867173685,16.85068378167777,16.778304295732223,1267200.0,2022-05-16 06:00:00
16.841112673786952,16.83999049435106,16.770263595967474,1268100.0,2022-05-16 06:15:00
16.830335743062193,16.814991367970055,16.75999688566873,1269000.0,2022-05-16 06:30:00
16.828794753896325,16.810685494456383,16.750938811435077,1269900.0,2022-05-16 06:45:00
16.829833889839584,16.812642236405726,16.744121568379153,1270800.0,2022-05-16 07:00:00
16.829287337087383,16.809314650092908,16.738438316703988,1271700.0,2022-05-16 07:15:00
16.83081990678998,16.802081303134973,16.732649304821418,1272600.0,2022-05-16 07:30:00
16.8362277128044,16.79490822640899,16.72659359896377,1273500.0,2022-05-16 07:45:00
16.851032255533894,16.790498335190133,16.720751941631637,1274400.0,2022-05-16 08:00:00
16.872369108951506,16.795594692038172,16.71640094385976,1275300.0,2022-05-16 08:15:00
16.901577160942953,16.803716571973123,16.71379395084921,1276200.0,2022-05-16 08:30:00
16.93670144982001,16.80698148861439,16.711738805561566,1277100.0,2022-05-16 08:45:00
16.98119444458255,16.826876714976677,16.7123808984373,1278000.0,2022-05-16 09:00:00
17.03212477847781,16.841445459257162,16.714465483798936,1278900.0,2022-05-16 09:15:00
17.095390843170136,16.870191922652715,16.71950656738708,1279800.0,2022-05-16 09:30:00
17.16318456395447,16.899384220282812,16.72709933891644,1280700.0,2022-05-16 09:45:00
17.235601268477243,16.92957952585417,16.736593781408764,1281600.0,2022-05-16 10:00:00
17.31070262912783,16.976228916662976,16.750222595053337,1282500.0,2022-05-16 10:15:00
17.374748586702502,17.009940952615924,16.7650894878306,1283400.0,2022-05-16 10:30:00
17.442031415338235,17.056395063982244,16.782756843017463,1284300.0,2022-05-16 10:45:00
17.500400966691267,17.094322533884103,16.80138888110259,1285200.0,2022-05-16 11:00:00
17.56905158737244,17.142877094777546,16.822475141161654,1286100.0,2022-05-16 11:15:00
17.64050081892592,17.186881622480094,16.84481510717068,1287000.0,2022-05-16 11:30:00
17.70265401810231,17.229427563176333,16.867672406860517,1287900.0,2022-05-16 11:45:00
17.7397288504726,17.273182218994304,16.891601423605227,1288800.0,2022-05-16 12:00:00
17.7591669234727,17.30067587252087,16.913592010578068,1289700.0,2022-05-16 12:15:00
17.795906607967254,17.338074378701446,16.935803514388656,1290600.0,2022-05-16 12:30:00
17.83820956717678,17.3738049597477,16.95834426655613,1291500.0,2022-05-16 12:45:00
17.885639502810996,17.407247965233793,16.980748635796697,1292400.0,2022-05-16 13:00:00
17.93341856951386,17.435995738062697,17.001870999878708,1293300.0,2022-05-16 13:15:00
17.972052595741243,17.476522425290455,17.024535161710986,1294200.0,2022-05-16 13:30:00
17.98467666704535,17.498576421482966,17.04534752276406,1295100.0,2022-05-16 13:45:00
17.991709384093156,17.529145984435186,17.066484218514265,1296000.0,2022-05-16 14:00:00
18.007970071180722,17.546954239876495,17.085449126331696,1296900.0,2022-05-16 14:15:00
18.016779118657457,17.571325827483005,17.104076295618523,1297800.0,2022-05-16 14:30:00
17.997410791165326,17.58891547563198,17.121784005139745,1298700.0,2022-05-16 14:45:00
17.96993511441522,17.595761493510786,17.137140782975838,1299600.0,2022-05-16 15:00:00
17.961329346439513,17.595251963385472,17.149262506711235,1300500.0,2022-05-16 15:15:00
17.970811503917595,17.595268532400308,17.15867462356374,1301400.0,2022-05-16 15:30:00
17.973678478385057,17.596235420442635,17.166306933352505,1302300.0,2022-05-16 15:45:00
17.94349767020584,17.592927036361957,17.172182897300388,1303200.0,2022-05-16 16:00:00
17.88428642583011,17.5881364415883,17.177097869393265,1304100.0,2022-05-16 16:15:00
17.80882307022754,17.569379543598963,17.179309601272895,1305000.0,2022-05-16 16:30:00
17.718213355270926,17.533717109979946,17.17638502996039,1305900.0,2022-05-16 16:45:00
17.622617054626307,17.503446457910336,17.170969890010156,1306800.0,2022-05-16 17:00:00
17.53151898880376,17.468906394762424,17.163570208067952,1307700.0,2022-05-16 17:15:00
17.446329046240802,17.418073262058126,17.151575328980485,1308600.0,2022-05-16 17:30:00
17.368580130321863,17.365349898377648,17.135163663859057,1309500.0,2022-05-16 17:45:00
17.30169053461396,17.320128200588233,17.116852564000652,1310400.0,2022-05-16 18:00:00
17.238686267883715,17.27706798214214,17.097739597044637,1311300.0,2022-05-16 18:15:00
17.176608521011172,17.22981353983965,17.0770089508754,1312200.0,2022-05-16 18:30:00
17.116988735994063,17.183907901998133,17.054983121666996,1313100.0,2022-05-16 18:45:00
17.067613429746174,17.15392587798417,17.034724465386052,1314000.0,2022-05-16 19:00:00
17.0163371775668,17.110758795763186,17.013796592132277,1314900.0,2022-05-16 19:15:00
16.96669746742187,17.070495212176613,16.99227245552858,1315800.0,2022-05-16 19:30:00
16.919254176612398,17.02905417352202,16.970027498513186,1316700.0,2022-05-16 19:45:00
16.869421172699646,16.991551940396516,16.947608624626444,1317600.0,2022-05-16 20:00:00
16.812637893863368,16.943471485937312,16.923594718677318,1318500.0,2022-05-16 20:15:00
16.753273835892813,16.913131903105594,16.900908085407632,1319400.0,2022-05-16 20:30:00
16.69073765255741,16.871352505965064,16.87788805003542,1320300.0,2022-05-16 20:45:00
16.626783136213994,16.82731508399338,16.854042389956774,1321200.0,2022-05-16 21:00:00
16.56028332043441,16.786962233061764,16.830093329742784,1322100.0,2022-05-16 21:15:00
16.49512333653043,16.746718489847638,16.805931712019834,1323000.0,2022-05-16 21:30:00
16.43522902307612,16.69842322372455,16.780413427702776,1323900.0,2022-05-16 21:45:00
16.389051057999726,16.653490029485187,16.753947131681894,1324800.0,2022-05-16 22:00:00
16.361356184099634,16.624821424354234,16.72901141847886,1325700.0,2022-05-16 22:15:00
16.34578735699021,16.58640951200672,16.703952000063694,1326600.0,2022-05-16 22:30:00
16.346338308623718,16.56475351897709,16.680805152945887,1327500.0,2022-05-16 22:45:00
16.34647439281217,16.540230107578292,16.65891765602676,1328400.0,2022-05-16 23:00:00
16.343645195425523,16.52519982417481,16.63911160025039,1329300.0,2022-05-16 23:15:00
16.330507677554564,16.50285108343585,16.61994470376603,1330200.0,2022-05-16 23:30:00
16.31047586751459,16.484229835187033,16.601783854114363,1331100.0,2022-05-16 23:45:00
16.282794547592893,16.457192824536563,16.583226056585143,1332000.0,2022-05-17 00:00:00
16.257014295397376,16.449751769196926,16.56677501588274,1332900.0,2022-05-17 00:15:00
16.229742481963246,16.42656612729589,16.55024714402799,1333800.0,2022-05-17 00:30:00
16.20448056147374,16.411275881586498,16.53433184086946,1334700.0,2022-05-17 00:45:00
16.175686712534176,16.381999595779725,16.517243392333768,1335600.0,2022-05-17 01:00:00
16.147631172846264,16.35544887426999,16.499345458212428,1336500.0,2022-05-17 01:15:00
16.11702645738997,16.333875692105902,16.481560756703637,1337400.0,2022-05-17 01:30:00
16.08554826033899,16.306561826312173,16.463321029698243,1338300.0,2022-05-17 01:45:00
16.058515874105158,16.294078054051937,16.446418774806535,1339200.0,2022-05-17 02:00:00
16.03366858465581,16.264362721549688,16.428711826372343,1340100.0,2022-05-17 02:15:00
16.01850297090811,16.256820265976813,16.41257010083455,1341000.0,2022-05-17 02:30:00
16.006955186956198,16.236350804275112,16.396498660191227,1341900.0,2022-05-17 02:45:00
15.999491704132067,16.209082136809737,16.379424275262462,1342800.0,2022-05-17 03:00:00
15.9953985421318,16.19000037428799,16.36248687572432,1343700.0,2022-05-17 03:15:00
15.9948865784884,16.1859629416443,16.34758427443275,1344600.0,2022-05-17 03:30:00
15.994509493785804,16.167707214918927,16.33294707190292,1345500.0,2022-05-17 03:45:00
16.005107341552094,16.171269727169403,16.320784305407308,1346400.0,2022-05-17 04:00:00
16.016795631965277,16.16219515534143,16.30940152139105,1347300.0,2022-05-17 04:15:00
16.03594239814654,16.158858831754923,16.298999542150852,1348200.0,2022-05-17 04:30:00
16.061185958414452,16.16874847576739,16.291012431183002,1349100.0,2022-05-17 04:45:00
16.086226682905682,16.161670167471353,16.28305178950359,1350000.0,2022-05-17 05:00:00
16.120114610821744,16.185518221972554,16.278708438469895,1350900.0,2022-05-17 05:15:00
16.150564769411293,16.1837345148188,16.274586319887995,1351800.0,2022-05-17 05:30:00
16.188137857512498,16.202148432162517,16.272527497905326,1352700.0,2022-05-17 05:45:00
16.226055769962066,16.212781202241338,16.27145207240139,1353600.0,2022-05-17 06:00:00
16.26766075477729,16.229642300214156,16.27184708605318,1354500.0,2022-05-17 06:15:00
16.314791396790664,16.250103923029197,16.273944496209484,1355400.0,2022-05-17 06:30:00
16.365556469470512,16.27195195264153,16.27762861996439,1356300.0,2022-05-17 06:45:00
16.431372650138872,16.299737368350314,16.283357346506527,1357200.0,2022-05-17 07:00:00
16.49673533735609,16.341084357039872,16.292765023225332,1358100.0,2022-05-17 07:15:00
16.560632285897313,16.365262677434163,16.30272357216606,1359000.0,2022-05-17 07:30:00
16.623428737118275,16.398228438351296,16.313853310030247,1359900.0,2022-05-17 07:45:00
16.693826774095523,16.442506442094878,16.327843806080097,1360800.0,2022-05-17 08:00:00
16.766229702381743,16.479310092515444,16.34317496546707,1361700.0,2022-05-17 08:15:00
16.84411378813693,16.53062188201098,16.361557681132517,1362600.0,2022-05-17 08:30:00
16.923918129032053,16.584016230726903,16.382966580879728,1363500.0,2022-05-17 08:45:00
17.010881168807618,16.62321899143161,16.404314039382403,1364400.0,2022-05-17 09:00:00
17.110237547223516,16.681138140926777,16.42818069007743,1365300.0,2022-05-17 09:15:00
17.217944812958443,16.747078047547472,16.455785918834806,1366200.0,2022-05-17 09:30:00
17.33300886800914,16.825436092826312,16.48852796386728,1367100.0,2022-05-17 09:45:00
17.44657525752502,16.88860278664949,16.522551900480476,1368000.0,2022-05-17 10:00:00
17.562705042121213,16.966593870162775,16.559865942352474,1368900.0,2022-05-17 10:15:00
17.673597486249466,17.03379528879018,16.597686358145086,1369800.0,2022-05-17 10:30:00
17.793742445139003,17.10064683649743,16.63540445678649,1370700.0,2022-05-17 10:45:00
17.905236292175122,17.1858309816676,16.676629214156986,1371600.0,2022-05-17 11:00:00
17.992244067777456,17.275534021794567,16.722559434564754,1372500.0,2022-05-17 11:15:00
18.053304316243292,17.335679331343034,16.76655344829193,1373400.0,2022-05-17 11:30:00
18.104521653031497,17.396042639284506,16.80890657522114,1374300.0,2022-05-17 11:45:00
18.14974553026664,17.467694750480273,16.853385008166015,1375200.0,2022-05-17 12:00:00
18.18856671013077,17.51040412038207,16.893851847023598,1376100.0,2022-05-17 12:15:00
18.21892499195708,17.564010281572827,16.93363620385276,1377000.0,2022-05-17 12:30:00
18.22938341511687,17.585710067069943,16.966575314291255,1377900.0,2022-05-17 12:45:00
18.217859165732964,17.61667201063527,16.99665974156267,1378800.0,2022-05-17 13:00:00
18.205992627900148,17.64204682249583,17.024719583229047,1379700.0,2022-05-17 13:15:00
18.21741301893277,17.66512463768744,17.050971716649965,1380600.0,2022-05-17 13:30:00
18.24283429139664,17.691275186030857,17.076481705787767,1381500.0,2022-05-17 13:45:00
18.25896508346764,17.707593230338876,17.099360908689896,1382400.0,2022-05-17 14:00:00
18.27550728218449,17.71889063662495,17.118853499040107,1383300.0,2022-05-17 14:15:00
18.28806213642229,17.737510719888856,17.13734857400742,1384200.0,2022-05-17 14:30:00
18.274511157662158,17.75044967124403,17.15472636163824,1385100.0,2022-05-17 14:45:00
18.252113668120245,17.757323418657528,17.17037726161841,1386000.0,2022-05-17 15:00:00
18.248400784776635,17.779517170989006,17.188367531795375,1386900.0,2022-05-17 15:15:00
18.237316420918773,17.78521800900162,17.204988312070935,1387800.0,2022-05-17 15:30:00
18.202733681438936,17.76729095675509,17.21508992130301,1388700.0,2022-05-17 15:45:00
18.179182564328123,17.76838891413021,17.224218177412247,1389600.0,2022-05-17 16:00:00
18.1665234212407,17.756297123875978,17.23012087360087,1390500.0,2022-05-17 16:15:00
18.164653430179488,17.75892605462175,17.236506519719722,1391400.0,2022-05-17 16:30:00
18.161931753790803,17.76960048908539,17.245550107133102,1392300.0,2022-05-17 16:45:00
18.153071736718644,17.766620753863346,17.253674936404796,1393200.0,2022-05-17 17:00:00
18.1367174131679,17.747856561196865,17.256993991766578,1394100.0,2022-05-17 17:15:00
18.122866456580766,17.752694002889715,17.261554275849456,1395000.0,2022-05-17 17:30:00
18.10294138757554,17.754224884519203,17.267144497052115,1395900.0,2022-05-17 17:45:00
18.085498287387743,17.742692164403913,17.27068885170444,1396800.0,2022-05-17 18:00:00
18.07157702660401,17.73810854421374,17.273765958963434,1397700.0,2022-05-17 18:15:00
18.048021119637173,17.730565517704495,17.27625420778444,1398600.0,2022-05-17 18:30:00
18.022760679334056,17.723933929324836,17.27850888689092,1399500.0,2022-05-17 18:45:00
17.987835086145292,17.696089792674055,17.27611756336745,1400400.0,2022-05-17 19:00:00
17.955291420332646,17.68958466844062,17.274437863294455,1401300.0,2022-05-17 19:15:00
17.916617909015358,17.66146136352206,17.26942449935461,1402200.0,2022-05-17 19:30:00
17.89154170570035,17.662405209640024,17.26759286590145,1403100.0,2022-05-17 19:45:00
17.866864104307215,17.63666742477687,17.263233112110164,1404000.0,2022-05-17 20:00:00
17.85342378304574,17.629080850006613,17.259946543001732,1404900.0,2022-05-17 20:15:00
17.840455068344216,17.61190613586511,17.255655194050693,1405800.0,2022-05-17 20:30:00
17.831129417117552,17.599687028270647,17.251175964140153,1406700.0,2022-05-17 20:45:00
17.825796750849577,17.59122707785517,17.247126846363592,1407600.0,2022-05-17 21:00:00
17.826977716424345,17.585707687473988,17.243957810776706,1408500.0,2022-05-17 21:15:00
17.830219514039815,17.585895589141906,17.242486736034436,1409400.0,2022-05-17 21:30:00
17.83277687332328,17.57217743040523,17.23932471210794,1410300.0,2022-05-17 21:45:00
17.836859098630086,17.581068427911134,17.23908944374219,1411200.0,2022-05-17 22:00:00
17.83223319467002,17.57792498408628,17.239109757082847,1412100.0,2022-05-17 22:15:00
17.825387075721284,17.582163966386283,17.240569525511013,1413000.0,2022-05-17 22:30:00
17.817467419345142,17.572410149505625,17.240475804981877,1413900.0,2022-05-17 22:45:00
17.81306647008319,17.561479328972652,17.23840520356901,1414800.0,2022-05-17 23:00:00
17.81924089214304,17.57101468455873,17.238857533525888,1415700.0,2022-05-17 23:15:00
17.826029398537013,17.573056301548743,17.240282297805354,1416600.0,2022-05-17 23:30:00
17.834221993500755,17.57462077119731,17.24204590634893,1417500.0,2022-05-17 23:45:00
17.842835244842597,17.573554543224216,17.24318159547259,1418400.0,2022-05-18 00:00:00
17.85836009927811,17.579591809816847,17.245118318267224,1419300.0,2022-05-18 00:15:00
17.87951096896082,17.585031502258392,17.247512541074393,1420200.0,2022-05-18 00:30:00
17.903526301026805,17.594483780848584,17.250913837253762,1421100.0,2022-05-18 00:45:00
17.92998893141531,17.608530004054852,17.255965093323535,1422000.0,2022-05-18 01:00:00
17.954956280179466,17.621049033797984,17.26179159229002,1422900.0,2022-05-18 01:15:00
17.98264067518447,17.634010428547832,17.268177912299834,1423800.0,2022-05-18 01:30:00
18.01058465800689,17.660587757768077,17.277747725639895,1424700.0,2022-05-18 01:45:00
18.03556624830805,17.678783190491718,17.288394160294857,1425600.0,2022-05-18 02:00:00
18.055069121449566,17.692962314169694,17.298763733217143,1426500.0,2022-05-18 02:15:00
18.072752002691985,17.706266639181113,17.308740820831556,1427400.0,2022-05-18 02:30:00
18.085452193444294,17.72052717369061,17.31856305313356,1428300.0,2022-05-18 02:45:00
18.092151210691966,17.723806266046882,17.326138476322743,1429200.0,2022-05-18 03:00:00
18.15069138689499,17.740594034538482,17.334033585843322,1430100.0,2022-05-18 03:15:00
18.168922018057327,17.76962859927687,17.345238389234716,1431000.0,2022-05-18 03:30:00
18.176263428545365,17.784754272908913,17.356737716226917,1431900.0,2022-05-18 03:45:00
18.182315103435105,17.799357118521765,17.36822446440661,1432800.0,2022-05-18 04:00:00
18.18215076804696,17.800754323226162,17.37702813278483,1433700.0,2022-05-18 04:15:00
18.183210655250164,17.82057312010653,17.387366734157737,1434600.0,2022-05-18 04:30:00
18.177683661765403,17.820014321668626,17.39539973793639,1435500.0,2022-05-18 04:45:00
18.174457548914425,17.827698788563143,17.403082283412594,1436400.0,2022-05-18 05:00:00
18.17041995025051,17.830103242951107,17.409734299937163,1437300.0,2022-05-18 05:15:00
18.168546637408724,17.83242676426149,17.41545591817273,1438200.0,2022-05-18 05:30:00
18.172650797395544,17.833761164458362,17.420277495271282,1439100.0,2022-05-18 05:45:00
18.180820875290493,17.844623825265998,17.426412084799058,1440000.0,2022-05-18 06:00:00
18.190872429566017,17.846675179728315,17.431800102341153,1440900.0,2022-05-18 06:15:00
18.206496282165663,17.85062593412613,17.436565013353988,1441800.0,2022-05-18 06:30:00
18.224860070752403,17.867380333634674,17.443572775258172,1442700.0,2022-05-18 06:45:00
18.246186095941,17.87819489967492,17.45114734364476,1443600.0,2022-05-18 07:00:00
18.27053080330425,17.88807068374972,17.458603142022874,1444500.0,2022-05-18 07:15:00
18.30090952249713,17.909476160452503,17.468274176537903,1445400.0,2022-05-18 07:30:00
18.327153822132267,17.922756124446295,17.477961712902527,1446300.0,2022-05-18 07:45:00
18.360052308023054,17.944998826817212,17.48927741912222,1447200.0,2022-05-18 08:00:00
18.39390369106732,17.961716410317926,17.5006458346727,1448100.0,2022-05-18 08:15:00
18.428839007844804,17.976891441564604,17.511394651986993,1449000.0,2022-05-18 08:30:00
18.470683778112235,18.016483688032967,17.52681018602615,1449900.0,2022-05-18 08:45:00
18.496633584184977,18.029731213139176,17.54059791441108,1450800.0,2022-05-18 09:00:00
18.53078139475184,18.054355362983568,17.55485938381617,1451700.0,2022-05-18 09:15:00
18.570789506699008,18.08123918671706,17.570153134195348,1452600.0,2022-05-18 09:30:00
18.613808369112924,18.109843788512435,17.5866319398448,1453500.0,2022-05-18 09:45:00
18.67123546302909,18.14148248529829,17.604317060922924,1454400.0,2022-05-18 10:00:00
18.719962170456217,18.170965985095435,17.622415994384845,1455300.0,2022-05-18 10:15:00
18.763693667617204,18.219385573628585,17.64507929022623,1456200.0,2022-05-18 10:30:00
18.800212769742892,18.2463810125152,17.66702498231482,1457100.0,2022-05-18 10:45:00
18.84981192711972,18.275162059643687,17.688041516775684,1458000.0,2022-05-18 11:00:00
18.893190273889275,18.30930913224064,17.70936259472154,1458900.0,2022-05-18 11:15:00
18.923804083741135,18.335054731805496,17.729385409763626,1459800.0,2022-05-18 11:30:00
18.94857135466956,18.365262221068875,17.749628668249795,1460700.0,2022-05-18 11:45:00
18.96294847061772,18.40324310874408,17.772480622638223,1461600.0,2022-05-18 12:00:00
18.968032981972545,18.41419636930392,17.79174564202429,1462500.0,2022-05-18 12:15:00
18.981022305733955,18.437674038349964,17.81079029115743,1463400.0,2022-05-18 12:30:00
18.985346845855943,18.45605162257338,17.829027937072237,1464300.0,2022-05-18 12:45:00
18.97732845213917,18.464208659019945,17.84467136270455,1465200.0,2022-05-18 13:00:00
18.957577873184995,18.46812389696652,17.85749059810815,1466100.0,2022-05-18 13:15:00
18.94149076978908,18.469408496323993,17.867888094018326,1467000.0,2022-05-18 13:30:00
18.911287318947025,18.467132381351476,17.876246483423763,1467900.0,2022-05-18 13:45:00
18.873740824083264,18.459846083108115,17.88238922384328,1468800.0,2022-05-18 14:00:00
18.83231782378133,18.449984480387496,17.88676455107156,1469700.0,2022-05-18 14:15:00
18.796332596007385,18.43681383129856,17.889286071195766,1470600.0,2022-05-18 14:30:00
18.749185138940373,18.416882529364376,17.88923554501536,1471500.0,2022-05-18 14:45:00
18.706561923454085,18.388606539252415,17.885244916691374,1472400.0,2022-05-18 15:00:00
18.674490596361125,18.373370204218283,17.88099029772407,1473300.0,2022-05-18 15:15:00
18.63174989191796,18.359624672035807,17.877637935208114,1474200.0,2022-05-18 15:30:00
18.584733129521183,18.323417732309903,17.870145436287004,1475100.0,2022-05-18 15:45:00
18.55646143346277,18.30708291070817,17.863122550078753,1476000.0,2022-05-18 16:00:00
18.52605674527636,18.288535733734705,17.856411945196022,1476900.0,2022-05-18 16:15:00
18.486349656272207,18.266089125057785,17.849241189136894,1477800.0,2022-05-18 16:30:00
18.446816382433497,18.232125123326277,17.838995023303685,1478700.0,2022-05-18 16:45:00
18.420474726278368,18.20691667336297,17.827782355114582,1479600.0,2022-05-18 17:00:00
18.397572220552128,18.19051717822357,17.817707878059842,1480500.0,2022-05-18 17:15:00
18.38399407096153,18.176112115781383,17.8089774366786,1481400.0,2022-05-18 17:30:00
18.38281328007756,18.16215316271092,17.801154859205703,1482300.0,2022-05-18 17:45:00
18.387297995607465,18.147976676199573,17.793440813492943,1483200.0,2022-05-18 18:00:00
18.395761206304112,18.147484499614556,17.78809554440312,1484100.0,2022-05-18 18:15:00
18.40561733348561,18.14187114846341,17.783613679888802,1485000.0,2022-05-18 18:30:00
18.41955034965359,18.141214172275536,17.780325798899618,1485900.0,2022-05-18 18:45:00
18.436676797221487,18.14057741527728,17.777837468115752,1486800.0,2022-05-18 19:00:00
18.462412920794566,18.14757681481465,17.777151703652248,1487700.0,2022-05-18 19:15:00
18.496389850721513,18.166782947308647,17.780148148312193,1488600.0,2022-05-18 19:30:00
18.536071530672185,18.188086308634517,17.78655166513671,1489500.0,2022-05-18 19:45:00
18.582113934799835,18.19828926103538,17.79278234610138,1490400.0,2022-05-18 20:00:00
18.63239578875363,18.218870342420697,17.800288210591845,1491300.0,2022-05-18 20:15:00
18.676739386486563,18.239066489698043,17.808539248573826,1492200.0,2022-05-18 20:30:00
18.716783501903453,18.281728316433853,17.822146486903307,1493100.0,2022-05-18 20:45:00
18.740209937937845,18.300801346764025,17.835787987362924,1494000.0,2022-05-18 21:00:00
18.76149647059597,18.329030954249387,17.85086260622949,1494900.0,2022-05-18 21:15:00
18.766833270861735,18.338781276746484,17.863527535228503,1495800.0,2022-05-18 21:30:00
18.776951548272685,18.359170409653505,17.876456015145454,1496700.0,2022-05-18 21:45:00
18.78203920566572,18.36682993219077,17.887241376675387,1497600.0,2022-05-18 22:00:00
18.78363252345876,18.37828740928336,17.897246008535014,1498500.0,2022-05-18 22:15:00
18.783908550331045,18.398469467677447,17.908977744160055,1499400.0,2022-05-18 22:30:00
18.781643377814607,18.39746240440758,17.917860659308072,1500300.0,2022-05-18 22:45:00
18.781888700392095,18.39598462901691,17.923906142384837,1501200.0,2022-05-18 23:00:00
18.78474741897985,18.40187814335501,17.929440523298727,1502100.0,2022-05-18 23:15:00
18.78578071531365,18.409580902419357,17.93545644373795,1503000.0,2022-05-18 23:30:00
18.785732883962055,18.413178078989343,17.941157270666288,1503900.0,2022-05-18 23:45:00
18.7852192063426,18.421600597844648,17.94750961528385,1504800.0,2022-05-19 00:00:00
18.786866135831836,18.42589265631544,17.953717722706948,1505700.0,2022-05-19 00:15:00
18.791392717831965,18.433717239768168,17.960522692687732,1506600.0,2022-05-19 00:30:00
18.794231765503525,18.42544456338392,17.96415266624836,1507500.0,2022-05-19 00:45:00
18.803424780052215,18.43744004202756,17.969344103576947,1508400.0,2022-05-19 01:00:00
18.811057154341153,18.440345434130982,17.97430910527693,1509300.0,2022-05-19 01:15:00
18.821457422228608,18.44483290701533,17.978971573243783,1510200.0,2022-05-19 01:30:00
18.829470413579205,18.446073355869753,17.98273811787779,1511100.0,2022-05-19 01:45:00
18.839415624730545,18.45580261939032,17.98746224931353,1512000.0,2022-05-19 02:00:00
18.85259240027361,18.47203022478837,17.994631805659786,1512900.0,2022-05-19 02:15:00
18.859508734545887,18.476778552643644,18.00145259957423,1513800.0,2022-05-19 02:30:00
18.866555027367333,18.478744948821326,18.00686173902065,1514700.0,2022-05-19 02:45:00
18.87836658117149,18.4987266324943,18.0151805683304,1515600.0,2022-05-19 03:00:00
18.88740445628376,18.511877734714638,18.024790591192893,1516500.0,2022-05-19 03:15:00
18.890784562383608,18.503468403641197,18.0304061702728,1517400.0,2022-05-19 03:30:00
18.901386296321903,18.518263777813328,18.037268425760473,1518300.0,2022-05-19 03:45:00
18.906401060937164,18.517835615938736,18.04250869848456,1519200.0,2022-05-19 04:00:00
18.91610149702681,18.52661524518325,18.048193430992875,1520100.0,2022-05-19 04:15:00
18.923293233844877,18.538758179392065,18.055125701449455,1521000.0,2022-05-19 04:30:00
18.924955311092337,18.54707300107311,18.06250688963988,1521900.0,2022-05-19 04:45:00
18.925615200717168,18.554559110104005,18.070082678617077,1522800.0,2022-05-19 05:00:00
18.92115275157011,18.562416792081372,18.077946586344627,1523700.0,2022-05-19 05:15:00
18.9097564546178,18.554324316084394,18.08267595924945,1524600.0,2022-05-19 05:30:00
18.89534928035581,18.54723130422479,18.084957065524435,1525500.0,2022-05-19 05:45:00
18.878834265948967,18.556240469785465,18.089140868314367,1526400.0,2022-05-19 06:00:00
18.85056447933193,18.535746459831277,18.08908389635576,1527300.0,2022-05-19 06:15:00
18.825144171502913,18.532210318292726,18.08906397161354,1528200.0,2022-05-19 06:30:00
18.793575667451357,18.526206222931847,18.08923656832673,1529100.0,2022-05-19 06:45:00
18.75558621726246,18.50583869298932,18.086799994855955,1530000.0,2022-05-19 07:00:00
18.717061501844704,18.490997992685152,18.083317481539037,1530900.0,2022-05-19 07:15:00
18.676065661803232,18.4661480406496,18.077284793553325,1531800.0,2022-05-19 07:30:00
18.635871501544628,18.43699428088397,18.068223185433727,1532700.0,2022-05-19 07:45:00
18.600070391836866,18.42295195134972,18.060013078981022,1533600.0,2022-05-19 08:00:00
18.571033904738886,18.40061723622967,18.05115241932143,1534500.0,2022-05-19 08:15:00
18.56077410199289,18.384942833915883,18.04272999185313,1535400.0,2022-05-19 08:30:00
18.555432324677646,18.366374698676264,18.03381114600055,1536300.0,2022-05-19 08:45:00
18.543727902638768,18.35211202886233,18.02523833467318,1537200.0,2022-05-19 09:00:00
18.53910967170073,18.34180955201662,18.01757232523177,1538100.0,2022-05-19 09:15:00
18.559761469792114,18.34561783788704,18.013073704156085,1539000.0,2022-05-19 09:30:00
18.575405861826297,18.329488328257256,18.00699430893615,1539900.0,2022-05-19 09:45:00
18.610639793143356,18.342606581829397,18.004523916072582,1540800.0,2022-05-19 10:00:00
18.630356592001856,18.35988880611368,18.006140961534644,1541700.0,2022-05-19 10:15:00
18.65516332396238,18.35244038596521,18.005720500162294,1542600.0,2022-05-19 10:30:00
18.681840649936778,18.359840370130808,18.005703275940533,1543500.0,2022-05-19 10:45:00
18.704739515343004,18.379770273542885,18.008946782767428,1544400.0,2022-05-19 11:00:00
18.722347035399608,18.388616236336055,18.01264444058795,1545300.0,2022-05-19 11:15:00
18.746136838593277,18.40777836500449,18.01851976817287,1546200.0,2022-05-19 11:30:00
18.779650055668466,18.418568561347367,18.02436028688241,1547100.0,2022-05-19 11:45:00
18.81327497806284,18.458457600363474,18.035987953715303,1548000.0,2022-05-19 12:00:00
18.827569194176487,18.46247386699259,18.04549228218451,1548900.0,2022-05-19 12:15:00
18.82964071189963,18.472231386127856,18.053703091257,1549800.0,2022-05-19 12:30:00
18.828432204595607,18.48376577457347,18.061726407582594,1550700.0,2022-05-19 12:45:00
18.814828063370943,18.478227324888277,18.066307875059447,1551600.0,2022-05-19 13:00:00
18.793978449830075,18.492126091858587,18.072478720280863,1552500.0,2022-05-19 13:15:00
18.75727498252432,18.47602501844137,18.074643308842056,1553400.0,2022-05-19 13:30:00
18.723045602001854,18.458655649038818,18.07287126608917,1554300.0,2022-05-19 13:45:00
18.699896138325155,18.460520834592053,18.07248170238909,1555200.0,2022-05-19 14:00:00
18.64879784690269,18.440766325111227,18.06976387488852,1556100.0,2022-05-19 14:15:00
18.616983837005147,18.42802111916104,18.066391114379403,1557000.0,2022-05-19 14:30:00
18.60485229864136,18.408757991796808,18.06106022006486,1557900.0,2022-05-19 14:45:00
18.588933895567887,18.401617108196916,18.056517575112174,1558800.0,2022-05-19 15:00:00
18.563099106941102,18.376571901237863,18.04925034339347,1559700.0,2022-05-19 15:15:00
18.557932191932448,18.371349382213253,18.043294101959425,1560600.0,2022-05-19 15:30:00
18.55199833003926,18.35322427522573,18.036109616486584,1561500.0,2022-05-19 15:45:00
18.551327251528416,18.34270438711937,18.02896282291068,1562400.0,2022-05-19 16:00:00
18.560319224012865,18.35632201415028,18.026725284603685,1563300.0,2022-05-19 16:15:00
18.559201705101756,18.341075030916777,18.022890445390075,1564200.0,2022-05-19 16:30:00
18.576610002172902,18.343536458054945,18.02028673243525,1565100.0,2022-05-19 16:45:00
18.607369997516532,18.346997407299888,18.01884089313389,1566000.0,2022-05-19 17:00:00
18.643095572164235,18.359451591789227,18.019705336784693,1566900.0,2022-05-19 17:15:00
18.672240603787255,18.372052407225635,18.02243024260775,1567800.0,2022-05-19 17:30:00
18.69835198813176,18.37993951011485,18.025278301278608,1568700.0,2022-05-19 17:45:00
18.725308520801807,18.395113294412376,18.029510517300213,1569600.0,2022-05-19 18:00:00
18.75826115344313,18.413083147130887,18.035367265185965,1570500.0,2022-05-19 18:15:00
18.791613966709487,18.441716968369015,18.044735099768857,1571400.0,2022-05-19 18:30:00
18.825702594389803,18.46605291093273,18.05611291998125,1572300.0,2022-05-19 18:45:00
18.856687954828637,18.481966228356047,18.066951878869688,1573200.0,2022-05-19 19:00:00
18.88624606639642,18.487916086975527,18.074842462277385,1574100.0,2022-05-19 19:15:00
18.925650401999945,18.52110236708645,18.085795770741164,1575000.0,2022-05-19 19:30:00
18.95322720792232,18.548116512819487,18.098831711862953,1575900.0,2022-05-19 19:45:00
18.976660574311158,18.572145119263883,18.1127640812198,1576800.0,2022-05-19 20:00:00
18.997468980065104,18.596171476063677,18.12749335923093,1577700.0,2022-05-19 20:15:00
19.01587651027859,18.608985595903764,18.14043905301435,1578600.0,2022-05-19 20:30:00
19.038433519382487,18.625155321258905,18.15239544162014,1579500.0,2022-05-19 20:45:00
19.065649039214936,18.64758964255805,18.165042788217427,1580400.0,2022-05-19 21:00:00
19.094727804300472,18.67231033902722,18.179079577506524,1581300.0,2022-05-19 21:15:00
19.129180355136768,18.694326906873886,18.193416408267023,1582200.0,2022-05-19 21:30:00
19.163278032432896,18.707894296507515,18.205789596614004,1583100.0,2022-05-19 21:45:00
19.199025329990068,18.730101533223575,18.21835361617052,1584000.0,2022-05-19 22:00:00
19.24046853219042,18.775457237285558,18.23656523447484,1584900.0,2022-05-19 22:15:00
19.270870534187686,18.787714090067954,18.25211636707643,1585800.0,2022-05-19 22:30:00
19.30281776485858,18.82201469448841,18.269798469833816,1586700.0,2022-05-19 22:45:00
19.32799942563849,18.840408441612286,18.286155918229383,1587600.0,2022-05-19 23:00:00
19.343275822188488,18.86886901973234,18.303682976379605,1588500.0,2022-05-19 23:15:00
19.349042306704785,18.878048030361484,18.31819311145992,1589400.0,2022-05-19 23:30:00
19.357186010929944,18.901703412964228,18.333595542537218,1590300.0,2022-05-19 23:45:00
19.36099181378732,18.913727735391568,18.347618258629424,1591200.0,2022-05-20 00:00:00
19.36354710021962,18.919701067443093,18.35916101108653,1592100.0,2022-05-20 00:15:00
19.370614652910607,18.937161684504492,18.371460531519297,1593000.0,2022-05-20 00:30:00
19.37669706466472,18.94481482837376,18.382411254746003,1593900.0,2022-05-20 00:45:00
19.376811682880255,18.94875861986344,18.391367814336206,1594800.0,2022-05-20 01:00:00
19.37806215661622,18.96235907353841,18.401263311620184,1595700.0,2022-05-20 01:15:00
19.376553335828056,18.974849782410868,18.412139401448812,1596600.0,2022-05-20 01:30:00
19.366634458346653,18.97137647165076,18.420077449335317,1597500.0,2022-05-20 01:45:00
19.355909916068704,18.96743689011305,18.425443188716688,1598400.0,2022-05-20 02:00:00
19.341182502970383,18.951642415438545,18.42616478904157,1599300.0,2022-05-20 02:15:00
19.329621587322958,18.960026301780967,18.42902135138287,1600200.0,2022-05-20 02:30:00
19.3139258662002,18.979561573560904,18.437260363890687,1601100.0,2022-05-20 02:45:00
19.28652558103656,18.950540229847828,18.43882056609516,1602000.0,2022-05-20 03:00:00
19.267672068664396,18.964124332012883,18.44391264815048,1602900.0,2022-05-20 03:15:00
19.233578747489847,18.92990057546031,18.44195377702501,1603800.0,2022-05-20 03:30:00
19.20309054889237,18.91378745166265,18.43773500016469,1604700.0,2022-05-20 03:45:00
19.172959545574905,18.897259875289215,18.432391094371788,1605600.0,2022-05-20 04:00:00
19.14186312325004,18.884073952443167,18.427179595535424,1606500.0,2022-05-20 04:15:00
19.10544142668088,18.863198587403964,18.420721203283385,1607400.0,2022-05-20 04:30:00
19.06421531662826,18.842175626411382,18.41318514826431,1608300.0,2022-05-20 04:45:00
19.01526298715352,18.818081154741204,18.40449301080772,1609200.0,2022-05-20 05:00:00
18.962771193023062,18.7852523805962,18.393140841412645,1610100.0,2022-05-20 05:15:00
18.90824908144214,18.756551448174005,18.380624419110696,1611000.0,2022-05-20 05:30:00
18.8537138227809,18.73429561506708,18.369054509863886,1611900.0,2022-05-20 05:45:00
18.797836528859243,18.69500531034205,18.35490440202734,1612800.0,2022-05-20 06:00:00
18.749312338312077,18.663974296838735,18.339966668186435,1613700.0,2022-05-20 06:15:00
18.7018693950314,18.609457507970056,18.319609467612775,1614600.0,2022-05-20 06:30:00
18.669125334957684,18.583010086050056,18.30011038394295,1615500.0,2022-05-20 06:45:00
18.645191019641455,18.556887521970456,18.281939340824923,1616400.0,2022-05-20 07:00:00
18.62183579461328,18.531812751735455,18.26490300886284,1617300.0,2022-05-20 07:15:00
18.595843964569703,18.50261995820908,18.247610215566624,1618200.0,2022-05-20 07:30:00
18.57233939992332,18.49341581532691,18.23399273242688,1619100.0,2022-05-20 07:45:00
18.539100799240128,18.465343610221453,18.21982816974908,1620000.0,2022-05-20 08:00:00
18.49876333759483,18.430853898685616,18.203407618501743,1620900.0,2022-05-20 08:15:00
18.45610242403756,18.40510957619969,18.18687316330572,1621800.0,2022-05-20 08:30:00
18.412523959830907,18.391981762001503,18.173194628167828,1622700.0,2022-05-20 08:45:00
18.358612119932623,18.354563325324804,18.157428602597747,1623600.0,2022-05-20 09:00:00
18.302183835780088,18.30553374835201,18.137274817772234,1624500.0,2022-05-20 09:15:00
18.250555997229508,18.2713767786717,18.116231063115976,1625400.0,2022-05-20 09:30:00
18.205119545096924,18.238296424859143,18.09508938425348,1626300.0,2022-05-20 09:45:00
18.167276919262523,18.203263517247024,18.07367147587552,1627200.0,2022-05-20 10:00:00
18.13188884121548,18.17355088012797,18.052808455713592,1628100.0,2022-05-20 10:15:00
18.085907711548952,18.140026357340314,18.031819601377283,1629000.0,2022-05-20 10:30:00
18.029478566140853,18.098357310929806,18.009292471730024,1629900.0,2022-05-20 10:45:00
17.989531079178867,18.0774359807518,17.988896469347978,1630800.0,2022-05-20 11:00:00
17.9549347140425,18.03662901135264,17.96724461204691,1631700.0,2022-05-20 11:15:00
17.938093854701606,18.010041729512068,17.946145316359782,1632600.0,2022-05-20 11:30:00
17.952685653964032,17.990949858014904,17.926677446553235,1633500.0,2022-05-20 11:45:00
18.000557560219193,17.991269845969743,17.911569616773264,1634400.0,2022-05-20 12:00:00
18.058673652207787,17.98311456756394,17.89816810052246,1635300.0,2022-05-20 12:15:00
18.120497036608032,17.991654768051063,17.888196679697984,1636200.0,2022-05-20 12:30:00
18.175033090243208,18.01311730347465,17.88321979131923,1637100.0,2022-05-20 12:45:00
18.212138838620408,18.037284088786357,17.882818082665835,1638000.0,2022-05-20 13:00:00
18.230618676699184,18.048048333749495,17.883575769456087,1638900.0,2022-05-20 13:15:00
18.25456549182424,18.059438692280768,17.884791127632468,1639800.0,2022-05-20 13:30:00
18.27562515296099,18.07300888798844,17.88681031213558,1640700.0,2022-05-20 13:45:00
18.298333309084775,18.096302873391288,17.89141611714426,1641600.0,2022-05-20 14:00:00
18.325211156473696,18.11867849280576,17.898126458542514,1642500.0,2022-05-20 14:15:00
18.344866316969995,18.134348191136976,17.905167341740217,1643400.0,2022-05-20 14:30:00
18.362291280203188,18.146471634772443,17.91172225064785,1644300.0,2022-05-20 14:45:00
18.37637787662924,18.153913620309503,17.916888070060374,1645200.0,2022-05-20 15:00:00
18.384379639495997,18.168380610270823,17.922459718526053,1646100.0,2022-05-20 15:15:00
18.383519377981077,18.17752379873394,17.92780038611217,1647000.0,2022-05-20 15:30:00
18.37911338253252,18.18182490239952,17.93208864746077,1647900.0,2022-05-20 15:45:00
18.37258152413284,18.17865131199448,17.934107043815857,1648800.0,2022-05-20 16:00:00
18.367454855588043,18.192537276293585,17.937817399165723,1649700.0,2022-05-20 16:15:00
18.35153026156052,18.185376809652876,17.93943370986479,1650600.0,2022-05-20 16:30:00
18.330778114576695,18.173563526377546,17.93820981552721,1651500.0,2022-05-20 16:45:00
18.306887166554883,18.175163538666823,17.93746134266782,1652400.0,2022-05-20 17:00:00
18.27376691983549,18.16289982195273,17.93524173719907,1653300.0,2022-05-20 17:15:00
18.234140771201936,18.149020054839,17.931498668381405,1654200.0,2022-05-20 17:30:00
18.18829090992793,18.117705201392003,17.92332716871857,1655100.0,2022-05-20 17:45:00
18.146382209525523,18.095414707319595,17.913277723068994,1656000.0,2022-05-20 18:00:00
18.111386536955504,18.07561035679058,17.90277479227324,1656900.0,2022-05-20 18:15:00
18.082490152567825,18.051016454422548,17.891052648431966,1657800.0,2022-05-20 18:30:00
18.06642459467632,18.03507380062213,17.879811315381122,1658700.0,2022-05-20 18:45:00
18.05648948154805,18.02008454586065,17.86907772235948,1659600.0,2022-05-20 19:00:00
18.05223504616765,18.002158866106072,17.85807781614252,1660500.0,2022-05-20 19:15:00
18.0585377474978,17.9911081920724,17.847755810407545,1661400.0,2022-05-20 19:30:00
18.07426290215248,17.99287430535439,17.840215466501597,1662300.0,2022-05-20 19:45:00
18.09267312765888,17.98560949189288,17.833188466116717,1663200.0,2022-05-20 20:00:00
18.11552784233895,17.98752562369748,17.827769147237763,1664100.0,2022-05-20 20:15:00
18.140377861451395,17.997955643130798,17.825033905236822,1665000.0,2022-05-20 20:30:00
18.166012856877877,18.007119351189733,17.824375278856525,1665900.0,2022-05-20 20:45:00
18.190063730066917,18.016661085938665,17.825013967255465,1666800.0,2022-05-20 21:00:00
18.212470758242446,18.027375270662805,17.826803033194686,1667700.0,2022-05-20 21:15:00
18.232292951085615,18.0391840367646,17.829668783053272,1668600.0,2022-05-20 21:30:00
18.25133548926874,18.061276991988198,17.83532066660082,1669500.0,2022-05-20 21:45:00
18.264004110445835,18.06514309435692,17.83993599394858,1670400.0,2022-05-20 22:00:00
18.28062744890634,18.07827182344909,17.844937230214875,1671300.0,2022-05-20 22:15:00
18.290899397245603,18.080041422708355,17.848453809188268,1672200.0,2022-05-20 22:30:00
18.30358520618592,18.09886255054837,17.853829405721267,1673100.0,2022-05-20 22:45:00
18.3102035967768,18.102896846656034,17.858396479909413,1674000.0,2022-05-20 23:00:00
18.31393837436815,18.10929276180183,17.862412487526772,1674900.0,2022-05-20 23:15:00
18.314315956497246,18.11351683291332,17.865774212173246,1675800.0,2022-05-20 23:30:00
18.31088022454734,18.124413153875352,17.87015610258588,1676700.0,2022-05-20 23:45:00
18.302181423094183,18.12582866202021,17.87388087496893,1677600.0,2022-05-21 00:00:00
18.289665872608985,18.114120236915195,17.87438890246267,1678500.0,2022-05-21 00:15:00
18.27954158994439,18.11800935021571,17.87528331985163,1679400.0,2022-05-21 00:30:00
18.26256415488867,18.115181776062485,17.875778173152934,1680300.0,2022-05-21 00:45:00
18.244052886155753,18.10776447937252,17.875212172465137,1681200.0,2022-05-21 01:00:00
18.224308946424905,18.10562027919948,17.87476624461901,1682100.0,2022-05-21 01:15:00
18.19485892848405,18.07472135303765,17.869166943113655,1683000.0,2022-05-21 01:30:00
18.171178345204087,18.070833455966525,17.864100848558692,1683900.0,2022-05-21 01:45:00
18.140917485180953,18.05693867812966,17.85847346313584,1684800.0,2022-05-21 02:00:00
18.10530683413804,18.03520832220955,17.850893378041597,1685700.0,2022-05-21 02:15:00
18.069390788504197,18.01845053688313,17.842680712756,1686600.0,2022-05-21 02:30:00
18.027313392578765,17.998889649598837,17.83380537350061,1687500.0,2022-05-21 02:45:00
17.98314080623278,17.96903973175595,17.822532413787663,1688400.0,2022-05-21 03:00:00
17.93848861706877,17.941448310763164,17.80975089632232,1689300.0,2022-05-21 03:15:00
17.893313491325298,17.924983558812517,17.797942347990112,1690200.0,2022-05-21 03:30:00
17.838599619058755,17.88723552858028,17.783391163271993,1691100.0,2022-05-21 03:45:00
17.78657167866613,17.85181332083347,17.76682715089168,1692000.0,2022-05-21 04:00:00
17.736547388718712,17.82215064511649,17.749786508234294,1692900.0,2022-05-21 04:15:00
17.683338507212824,17.77407576507556,17.729423574501485,1693800.0,2022-05-21 04:30:00
17.634440824954307,17.744419696715166,17.7091230015575,1694700.0,2022-05-21 04:45:00
17.584519877805405,17.707552622030185,17.688317000687572,1695600.0,2022-05-21 05:00:00
17.54009096380253,17.682268572295698,17.668722855580274,1696500.0,2022-05-21 05:15:00
17.4955887850448,17.64311610430136,17.648113531287212,1697400.0,2022-05-21 05:30:00
17.45341378920714,17.60978669041416,17.627180248083555,1698300.0,2022-05-21 05:45:00
17.412952030988464,17.573812954347105,17.605561210949165,1699200.0,2022-05-21 06:00:00
17.377836052792542,17.537032400047142,17.583100731407008,1700100.0,2022-05-21 06:15:00
17.34899916242786,17.503991395121844,17.560582875393,1701000.0,2022-05-21 06:30:00
17.32447343279456,17.483620529408928,17.539975471537183,1701900.0,2022-05-21 06:45:00
17.302616171490794,17.455144595263885,17.519755762451222,1702800.0,2022-05-21 07:00:00
17.282419500757317,17.43112258855638,17.500198245121506,1703700.0,2022-05-21 07:15:00
17.265029682491928,17.413898390955037,17.4822617067825,1704600.0,2022-05-21 07:30:00
17.249830476130896,17.38848491696529,17.464243696836448,1705500.0,2022-05-21 07:45:00
17.238198529763345,17.37689022738092,17.448001615054828,1706400.0,2022-05-21 08:00:00
17.218401517111307,17.35134007103699,17.43134455023096,1707300.0,2022-05-21 08:15:00
17.212142026349436,17.32491342201264,17.413762297953898,1708200.0,2022-05-21 08:30:00
17.235661937126384,17.32655320511365,17.399391870165218,1709100.0,2022-05-21 08:45:00
17.25486038718926,17.31618301847193,17.386390586252016,1710000.0,2022-05-21 09:00:00
17.29304233239557,17.327089065703586,17.37701822500292,1710900.0,2022-05-21 09:15:00
17.322503758493497,17.334136613675472,17.370302278065445,1711800.0,2022-05-21 09:30:00
17.346559586630445,17.336572131497356,17.364699069553954,1712700.0,2022-05-21 09:45:00
17.36967135825189,17.34677460965778,17.361012059668468,1713600.0,2022-05-21 10:00:00
17.386352281315776,17.35457198895486,17.358548840165007,1714500.0,2022-05-21 10:15:00
17.380141397849698,17.34837692150088,17.354953983183645,1715400.0,2022-05-21 10:30:00
17.369953483540776,17.36008685546035,17.352952698174867,1716300.0,2022-05-21 10:45:00
17.38416111227415,17.360185525979478,17.350898159618435,1717200.0,2022-05-21 11:00:00
17.41297894157963,17.375320584321837,17.350587129812602,1718100.0,2022-05-21 11:15:00
17.443705062780055,17.38568124240637,17.351299878581077,1719000.0,2022-05-21 11:30:00
17.469607896592265,17.395435063388273,17.352447578426602,1719900.0,2022-05-21 11:45:00
17.486000869809082,17.39762592201073,17.35287835462916,1720800.0,2022-05-21 12:00:00
17.49497479600834,17.4216906659739,17.35599616238273,1721700.0,2022-05-21 12:15:00
17.50627895571691,17.421516703610596,17.358068429388325,1722600.0,2022-05-21 12:30:00
17.527070454887216,17.432209686266873,17.36034230083434,1723500.0,2022-05-21 12:45:00
17.548652534917622,17.449068407980512,17.36402626926238,1724400.0,2022-05-21 13:00:00
17.560600261597838,17.459186244479515,17.368002375480863,1725300.0,2022-05-21 13:15:00
17.570896094726486,17.469182210383188,17.37198020063837,1726200.0,2022-05-21 13:30:00
17.57553527543398,17.468816223299793,17.374281424630134,1727100.0,2022-05-21 13:45:00
17.58305993837767,17.475199772398888,17.376289129581924,1728000.0,2022-05-21 14:00:00
17.5908913668843,17.489403210906886,17.379666183273923,1728900.0,2022-05-21 14:15:00
17.584438005190393,17.487613106801508,17.381729389450427,1729800.0,2022-05-21 14:30:00
17.579763342088036,17.495422289216563,17.38407857448249,1730700.0,2022-05-21 14:45:00
17.579263086970922,17.493417158545483,17.38530201578022,1731600.0,2022-05-21 15:00:00
17.59139618230931,17.493217021316575,17.385749374778108,1732500.0,2022-05-21 15:15:00
17.616170194402525,17.506113700014513,17.38763059648638,1733400.0,2022-05-21 15:30:00
17.64870645674934,17.525709076249964,17.39203283100325,1734300.0,2022-05-21 15:45:00
17.680628371509307,17.534988612835036,17.39671758335995,1735200.0,2022-05-21 16:00:00
17.72202666717792,17.544346453031956,17.40112815548112,1736100.0,2022-05-21 16:15:00
17.775024412985854,17.570290573057605,17.407894727906392,1737000.0,2022-05-21 16:30:00
17.831012732400303,17.598294390968565,17.41713651670994,1737900.0,2022-05-21 16:45:00
17.89110891987025,17.634210938913533,17.429507661032602,1738800.0,2022-05-21 17:00:00
17.94963995006526,17.669537162591656,17.44431941044399,1739700.0,2022-05-21 17:15:00
18.00905458059092,17.6926595803907,17.4585034143194,1740600.0,2022-05-21 17:30:00
18.073811614032454,17.736785259306718,17.475535644426447,1741500.0,2022-05-21 17:45:00
18.132672521726057,17.785317451114608,17.496290457361265,1742400.0,2022-05-21 18:00:00
18.184267853992807,17.818683038397836,17.51706502803196,1743300.0,2022-05-21 18:15:00
18.23213793211129,17.863454720357584,17.53967088808952,1744200.0,2022-05-21 18:30:00
18.2725037043819,17.889769487615098,17.56036556804764,1745100.0,2022-05-21 18:45:00
18.314205402694093,17.929379948742074,17.581851674102335,1746000.0,2022-05-21 19:00:00
18.35450046418229,17.971796495289947,17.60520229680002,1746900.0,2022-05-21 19:15:00
18.390421289373823,18.01150985561519,17.629860813087383,1747800.0,2022-05-21 19:30:00
18.422172077651176,18.04353164803431,17.654002280155268,1748700.0,2022-05-21 19:45:00
18.449427106755824,18.063748788905,17.675092072925345,1749600.0,2022-05-21 20:00:00
18.482138323973626,18.089577755215945,17.694673128380774,1750500.0,2022-05-21 20:15:00
18.518219170967647,18.128833586291297,17.71628790967588,1751400.0,2022-05-21 20:30:00
18.549584993690015,18.15383479131868,17.737054476390483,1752300.0,2022-05-21 20:45:00
18.582922180440253,18.192536886160408,17.759909004457107,1753200.0,2022-05-21 21:00:00
18.611894964679408,18.20617044564244,17.779251547559568,1754100.0,2022-05-21 21:15:00
18.645486828348275,18.241697467807825,17.799911614971673,1755000.0,2022-05-21 21:30:00
18.67520858530812,18.26606392081317,17.81990958843475,1755900.0,2022-05-21 21:45:00
18.7072383459306,18.298138618065916,17.84096435092071,1756800.0,2022-05-21 22:00:00
18.738647080899515,18.321275847842884,17.86100671035921,1757700.0,2022-05-21 22:15:00
18.7727445215096,18.349830018155487,17.881303736231775,1758600.0,2022-05-21 22:30:00
18.80349678008292,18.367508707352076,17.899288714554118,1759500.0,2022-05-21 22:45:00
18.829826360912865,18.397928191284127,17.918301559460055,1760400.0,2022-05-21 23:00:00
18.85719511617892,18.43148033575403,17.939360555888268,1761300.0,2022-05-21 23:15:00
18.880178317190225,18.453111685122728,17.959578944655917,1762200.0,2022-05-21 23:30:00
18.902107996782274,18.47852775268244,17.979823563212936,1763100.0,2022-05-21 23:45:00
18.917054140982255,18.492336571505465,17.99753506417113,1764000.0,2022-05-22 00:00:00
18.929837502491992,18.513424122276938,18.01477324142525,1764900.0,2022-05-22 00:15:00
18.940425634195083,18.53579145944519,18.03257700146941,1765800.0,2022-05-22 00:30:00
18.94205330052485,18.549030609831767,18.0490815281455,1766700.0,2022-05-22 00:45:00
18.942448866222595,18.558546125878397,18.063755988869552,1767600.0,2022-05-22 01:00:00
18.9362928226976,18.56411611047129,18.07623645424925,1768500.0,2022-05-22 01:15:00
18.9267388418122,18.573960063170823,18.088252764653816,1769400.0,2022-05-22 01:30:00
18.91168143610116,18.576068005102872,18.098735490741383,1770300.0,2022-05-22 01:45:00
18.89080487787301,18.577313188948377,18.107903051869165,1771200.0,2022-05-22 02:00:00
18.864136758211902,18.57204166405413,18.115049178126927,1772100.0,2022-05-22 02:15:00
18.834348842313617,18.562509839922036,18.11975699861641,1773000.0,2022-05-22 02:30:00
18.802104339226727,18.552378524914243,18.12272780626682,1773900.0,2022-05-22 02:45:00
18.763689057177725,18.528536640837167,18.12147653943256,1774800.0,2022-05-22 03:00:00
18.727898650925017,18.521985472012503,18.120844456691987,1775700.0,2022-05-22 03:15:00
18.686182113318782,18.4964479344524,18.117250809465663,1776600.0,2022-05-22 03:30:00
18.642582336036444,18.476400603287697,18.11233915756071,1777500.0,2022-05-22 03:45:00
18.59541053473033,18.454017965496625,18.10619875366856,1778400.0,2022-05-22 04:00:00
18.544472567186816,18.420983875056717,18.097051139860568,1779300.0,2022-05-22 04:15:00
18.49048422356686,18.390502676114338,18.08598489983204,1780200.0,2022-05-22 04:30:00
18.433308512894968,18.354128233763525,18.072509460489872,1781100.0,2022-05-22 04:45:00
18.377706581391767,18.32370496101905,18.05852734628641,1782000.0,2022-05-22 05:00:00
18.321008053416197,18.285413091634886,18.042746584950628,1782900.0,2022-05-22 05:15:00
18.262565633227958,18.23946807868872,18.023992391986173,1783800.0,2022-05-22 05:30:00
18.205246936566247,18.20905019424191,18.005890218173512,1784700.0,2022-05-22 05:45:00
18.151746465815208,18.16917459104869,17.98674541956988,1785600.0,2022-05-22 06:00:00
18.09518764164523,18.130841727045595,17.966956047507857,1786500.0,2022-05-22 06:15:00
18.037564500810834,18.088361814047424,17.945848724915283,1787400.0,2022-05-22 06:30:00
17.987138660846078,18.04998851300714,17.92435828520999,1788300.0,2022-05-22 06:45:00
17.941120513312015,18.016345114606505,17.903537792643583,1789200.0,2022-05-22 07:00:00
17.893283901102688,17.965877379448035,17.880020132009086,1790100.0,2022-05-22 07:15:00
17.85409765770836,17.94310569969684,17.858844227577602,1791000.0,2022-05-22 07:30:00
17.81133438918861,17.9076963456053,17.83791774133641,1791900.0,2022-05-22 07:45:00
17.774067216427472,17.86095579234922,17.81463401555398,1792800.0,2022-05-22 08:00:00
17.743752085528964,17.82979767095157,17.791848033088268,1793700.0,2022-05-22 08:15:00
17.719309918169422,17.806621374817514,17.771088965209593,1794600.0,2022-05-22 08:30:00
17.696116870603557,17.778887039124644,17.75115624099518,1795500.0,2022-05-22 08:45:00
17.676636186703856,17.759013847025884,17.73280874520569,1796400.0,2022-05-22 09:00:00
17.652987561074394,17.729662162548653,17.714251591994106,1797300.0,2022-05-22 09:15:00
17.626148708922514,17.70726240995643,17.696355566250492,1798200.0,2022-05-22 09:30:00
17.593762840039382,17.691005551143,17.680059534734273,1799100.0,2022-05-22 09:45:00
17.55942460001184,17.656272150726323,17.66220098765608,1800000.0,2022-05-22 10:00:00
17.532921883868937,17.636122661232644,17.644911157538548,1800900.0,2022-05-22 10:15:00
17.515170222887292,17.61636591908106,17.628291843762987,1801800.0,2022-05-22 10:30:00
17.495646900192504,17.590358218986285,17.611305256702618,1802700.0,2022-05-22 10:45:00
17.47049388807069,17.56845085634852,17.594426528583835,1803600.0,2022-05-22 11:00:00
17.44173004454789,17.548685111074597,17.578211127884444,1804500.0,2022-05-22 11:15:00
17.426859762044113,17.53104701123633,17.562717245931786,1805400.0,2022-05-22 11:30:00
17.426724918478318,17.5115803882338,17.547337688877988,1806300.0,2022-05-22 11:45:00
17.43807391497114,17.49772324424092,17.53268982923566,1807200.0,2022-05-22 12:00:00
17.45740970642236,17.50139435460739,17.521294288493486,1808100.0,2022-05-22 12:15:00
17.498955673089128,17.50511307287068,17.51261989014177,1809000.0,2022-05-22 12:30:00
17.541817736149632,17.510838696299178,17.506119248822767,1809900.0,2022-05-22 12:45:00
17.570707769289378,17.520773810400968,17.501871823926017,1810800.0,2022-05-22 13:00:00
17.615943996928387,17.531218917016535,17.49933441079605,1811700.0,2022-05-22 13:15:00
17.682362281934743,17.557781751935355,17.500379793881645,1812600.0,2022-05-22 13:30:00
17.752772322480734,17.5807704535403,17.50388221292271,1813500.0,2022-05-22 13:45:00
17.801334546352773,17.61733237638919,17.511230471575445,1814400.0,2022-05-22 14:00:00
17.845034547950497,17.64949300168371,17.52129410826739,1815300.0,2022-05-22 14:15:00
17.90286230424897,17.683185460116988,17.533468332967242,1816200.0,2022-05-22 14:30:00
17.96029379969099,17.708661499799913,17.54562598676347,1817100.0,2022-05-22 14:45:00
18.001199187361443,17.74724090856491,17.559995600578894,1818000.0,2022-05-22 15:00:00
18.037030354280176,17.770111663052575,17.573623913328536,1818900.0,2022-05-22 15:15:00
18.064697782923496,17.79871053555523,17.58750656297844,1819800.0,2022-05-22 15:30:00
18.081829695729247,17.826577655086417,17.601997168560054,1820700.0,2022-05-22 15:45:00
18.09924505073269,17.849557684831247,17.616191624714773,1821600.0,2022-05-22 16:00:00
18.1237362523228,17.867123644614054,17.629067632945656,1822500.0,2022-05-22 16:15:00
18.15783648163043,17.902665309126146,17.64433236959763,1823400.0,2022-05-22 16:30:00
18.1847317641592,17.9207411671003,17.658634497810908,1824300.0,2022-05-22 16:45:00
18.20308328855124,17.929257016666607,17.670051207709555,1825200.0,2022-05-22 17:00:00
18.226811730609136,17.9491221404264,17.681139640864203,1826100.0,2022-05-22 17:15:00
18.254645658482115,17.97994851998123,17.694647760428143,1827000.0,2022-05-22 17:30:00
18.28008640193313,18.00282007458829,17.708847122455232,1827900.0,2022-05-22 17:45:00
18.311334470982832,18.02620741839416,17.723439685049815,1828800.0,2022-05-22 18:00:00
18.3442697271672,18.04839972948888,17.738084168410463,1829700.0,2022-05-22 18:15:00
18.380503414860996,18.068782612892672,17.752191293364543,1830600.0,2022-05-22 18:30:00
18.42214924019092,18.101612432011684,17.768363845033925,1831500.0,2022-05-22 18:45:00
18.456277777266425,18.11399426830096,17.782212300498983,1832400.0,2022-05-22 19:00:00
18.496277645943486,18.14411571080741,17.797175874387687,1833300.0,2022-05-22 19:15:00
18.53344541961889,18.18371830630356,17.815569304358988,1834200.0,2022-05-22 19:30:00
18.566878575726417,18.20967595872124,17.834063679673186,1835100.0,2022-05-22 19:45:00
18.59078003860896,18.222236492503168,17.849539865212883,1836000.0,2022-05-22 20:00:00
18.620953715083072,18.249318036437927,17.865363212048727,1836900.0,2022-05-22 20:15:00
18.65049372410504,18.29107324963784,17.88516790306808,1837800.0,2022-05-22 20:30:00
18.670422361984528,18.30000675962636,17.901605525231705,1838700.0,2022-05-22 20:45:00
18.696036887161224,18.32562844884555,17.918195013833806,1839600.0,2022-05-22 21:00:00
18.718652581743008,18.35065972624633,17.935304882430493,1840500.0,2022-05-22 21:15:00
18.74279048751928,18.37945985238881,17.953748973800128,1841400.0,2022-05-22 21:30:00
18.76151642338301,18.38685487252737,17.968834534106,1842300.0,2022-05-22 21:45:00
18.781350033720408,18.408995465599936,17.98393266137399,1843200.0,2022-05-22 22:00:00
18.79984403583815,18.43030927236943,17.999309282029454,1844100.0,2022-05-22 22:15:00
18.81061166851236,18.443200888370846,18.013360255332426,1845000.0,2022-05-22 22:30:00
18.822434967355505,18.455160768783177,18.02608891643786,1845900.0,2022-05-22 22:45:00
18.83291575797768,18.47268031660204,18.039143527096343,1846800.0,2022-05-22 23:00:00
18.842634563975107,18.493445932091657,18.053530731234822,1847700.0,2022-05-22 23:15:00
18.8460756152532,18.50618503452592,18.06732179013101,1848600.0,2022-05-22 23:30:00
18.844990453973008,18.502877407312766,18.07706578690852,1849500.0,2022-05-22 23:45:00
18.849617926202484,18.51778579587515,18.087394034825113,1850400.0,2022-05-23 00:00:00
18.84856824371929,18.5279316021273,18.097908539021144,1851300.0,2022-05-23 00:15:00
18.847585123625535,18.542169545683947,18.1095856477125,1852200.0,2022-05-23 00:30:00
18.84052504947307,18.54078103158985,18.11895258571936,1853100.0,2022-05-23 00:45:00
18.83221764653764,18.540775185987936,18.126510623652692,1854000.0,2022-05-23 01:00:00
18.823057693439523,18.541442605777373,18.132863245781685,1854900.0,2022-05-23 01:15:00
18.807874876673296,18.533792109983825,18.1368091147346,1855800.0,2022-05-23 01:30:00
18.794856780441208,18.53906933248693,18.1417069554732,1856700.0,2022-05-23 01:45:00
18.774291421447177,18.528773716099003,18.144611066654388,1857600.0,2022-05-23 02:00:00
18.752434573135027,18.52005014731348,18.145951943810765,1858500.0,2022-05-23 02:15:00
18.728064764161857,18.512576454436253,18.14656104819966,1859400.0,2022-05-23 02:30:00
18.70207194728871,18.49788418870143,18.145370888791327,1860300.0,2022-05-23 02:45:00
18.673638851694843,18.485510392356773,18.143171054564785,1861200.0,2022-05-23 03:00:00
18.64169874699432,18.47432461518451,18.1407093034416,1862100.0,2022-05-23 03:15:00
18.60644808785392,18.456460448166688,18.13689537772012,1863000.0,2022-05-23 03:30:00
18.570189012199407,18.435760221141354,18.131431371346885,1863900.0,2022-05-23 03:45:00
18.532399464909744,18.414919967004096,18.124605825453354,1864800.0,2022-05-23 04:00:00
18.49559498345344,18.390390047139295,18.116129302737136,1865700.0,2022-05-23 04:15:00
18.45766935466152,18.366949210832438,18.106595233160192,1866600.0,2022-05-23 04:30:00
18.41756379782304,18.337381641525702,18.095068478874033,1867500.0,2022-05-23 04:45:00
18.37889955979068,18.312757853508177,18.082928699498712,1868400.0,2022-05-23 05:00:00
18.340667641526192,18.291950589074368,18.0713377597874,1869300.0,2022-05-23 05:15:00
18.298034869412096,18.2592207288634,18.057874900964546,1870200.0,2022-05-23 05:30:00
18.256142585273192,18.234823148913527,18.044380536899833,1871100.0,2022-05-23 05:45:00
18.213103759713952,18.20356435390436,18.029781183899708,1872000.0,2022-05-23 06:00:00
18.17035252394753,18.171035194071447,18.01387679800096,1872900.0,2022-05-23 06:15:00
18.125560499574114,18.14051186324095,17.997286216002774,1873800.0,2022-05-23 06:30:00
18.079967158438567,18.115809797117635,17.981319650757364,1874700.0,2022-05-23 06:45:00
18.032306046362766,18.083420690160462,17.964701203211725,1875600.0,2022-05-23 07:00:00
17.984883483550938,18.04519778080946,17.946208113823918,1876500.0,2022-05-23 07:15:00
17.933631251666252,18.006792561173654,17.926188242657556,1877400.0,2022-05-23 07:30:00
17.88058641137081,17.97288227755807,17.905793935602734,1878300.0,2022-05-23 07:45:00
17.826911428565037,17.938011372273493,17.885209976337265,1879200.0,2022-05-23 08:00:00
17.773687234066294,17.900849380725976,17.864066750571787,1880100.0,2022-05-23 08:15:00
17.722520984775823,17.864246964316024,17.842361056025418,1881000.0,2022-05-23 08:30:00
17.667652385320988,17.813176279680114,17.817861346428817,1881900.0,2022-05-23 08:45:00
17.621355917071728,17.777819352446052,17.79343339800618,1882800.0,2022-05-23 09:00:00
17.577166270697898,17.740062427611424,17.768996088443014,1883700.0,2022-05-23 09:15:00
17.536575978164095,17.710053682583066,17.745630054721783,1884600.0,2022-05-23 09:30:00
17.49410315975648,17.673157198771047,17.72219547018518,1885500.0,2022-05-23 09:45:00
17.45391709034613,17.63669209077759,17.698434083509785,1886400.0,2022-05-23 10:00:00
17.416900998768227,17.594203234986963,17.67342836889231,1887300.0,2022-05-23 10:15:00
17.38486544943328,17.57724567669547,17.651169136600114,1888200.0,2022-05-23 10:30:00
17.348668044713065,17.54903694752464,17.629845031828765,1889100.0,2022-05-23 10:45:00
17.314354330134233,17.50541952956315,17.606499043470603,1890000.0,2022-05-23 11:00:00
17.293889293131645,17.4723337987761,17.58275011892232,1890900.0,2022-05-23 11:15:00
17.281086119654635,17.45655337858697,17.561459871063676,1891800.0,2022-05-23 11:30:00
17.27370860279498,17.438724830262693,17.5420708765673,1892700.0,2022-05-23 11:45:00
17.266806267060463,17.413042980511456,17.522774425799167,1893600.0,2022-05-23 12:00:00
17.261168943510615,17.39468454768019,17.504299252437193,1894500.0,2022-05-23 12:15:00
17.277378193395382,17.38025437654185,17.487240941895983,1895400.0,2022-05-23 12:30:00
17.301395976744878,17.383993996812457,17.473745755641623,1896300.0,2022-05-23 12:45:00
17.32236389356846,17.387098756542123,17.46319800532993,1897200.0,2022-05-23 13:00:00
17.335343766295868,17.38163470647445,17.453567525528758,1898100.0,2022-05-23 13:15:00
17.381704525187654,17.40282584086269,17.448198880063188,1899000.0,2022-05-23 13:30:00
17.423230230120478,17.40854421193403,17.44422932216368,1899900.0,2022-05-23 13:45:00
17.442525249319637,17.410381648066828,17.440455158083562,1900800.0,2022-05-23 14:00:00
17.4531638927135,17.42827055684477,17.43910092295142,1901700.0,2022-05-23 14:15:00
17.446138161310504,17.423575350350845,17.436726224050965,1902600.0,2022-05-23 14:30:00
17.429596499551813,17.430737867766485,17.43498771362433,1903500.0,2022-05-23 14:45:00
17.40388700081166,17.429770738433277,17.432898522438933,1904400.0,2022-05-23 15:00:00
17.37167656648358,17.416922520205652,17.428691938063395,1905300.0,2022-05-23 15:15:00
17.337229110920017,17.39810167319252,17.42183116603833,1906200.0,2022-05-23 15:30:00
17.302915777293038,17.386156121134736,17.413986921628474,1907100.0,2022-05-23 15:45:00
17.27056589670866,17.36932213074433,17.40484954305577,1908000.0,2022-05-23 16:00:00
17.2420420108332,17.34744650834707,17.393950867831787,1908900.0,2022-05-23 16:15:00
17.211285917696753,17.32843593159256,17.382022076577776,1909800.0,2022-05-23 16:30:00
17.176658419260633,17.304511098425166,17.36887736646813,1910700.0,2022-05-23 16:45:00
17.145415673791522,17.28318863382641,17.35511741359002,1911600.0,2022-05-23 17:00:00
17.122143277016747,17.25877816430133,17.340491576513486,1912500.0,2022-05-23 17:15:00
17.10791477560098,17.245867887825618,17.326693396619646,1913400.0,2022-05-23 17:30:00
17.100647852115006,17.23150313356455,17.31359590757429,1914300.0,2022-05-23 17:45:00
17.106654882527565,17.220793917095722,17.301380653052313,1915200.0,2022-05-23 18:00:00
17.125225825735725,17.215181275742765,17.29042952014789,1916100.0,2022-05-23 18:15:00
17.14739850021036,17.197025272198054,17.27882270200291,1917000.0,2022-05-23 18:30:00
17.182189634132655,17.209051031622764,17.270568698434907,1917900.0,2022-05-23 18:45:00
17.214006182521974,17.216245280291332,17.264905816849545,1918800.0,2022-05-23 19:00:00
17.245698879845996,17.23881528301663,17.263324472306486,1919700.0,2022-05-23 19:15:00
17.263973847781624,17.240750424994665,17.26209954428374,1920600.0,2022-05-23 19:30:00
17.27608833612065,17.258234791278454,17.26282258685024,1921500.0,2022-05-23 19:45:00
17.275353099017252,17.258887800486683,17.262989315143923,1922400.0,2022-05-23 20:00:00
17.269456555812578,17.25581074603388,17.2617498870304,1923300.0,2022-05-23 20:15:00
17.259256869836225,17.252426123106893,17.259472030501357,1924200.0,2022-05-23 20:30:00
17.248547816581265,17.264209432438406,17.258870173223734,1925100.0,2022-05-23 20:45:00
17.226529986771602,17.248042626014993,17.255662399794996,1926000.0,2022-05-23 21:00:00
17.206001792278155,17.24302535934283,17.2517385666465,1926900.0,2022-05-23 21:15:00
17.1797939391009,17.23969094006297,17.24780732497375,1927800.0,2022-05-23 21:30:00
17.144910067125203,17.22098310243053,17.24171909469437,1928700.0,2022-05-23 21:45:00
17.104117681530585,17.202829941582227,17.233731879560075,1929600.0,2022-05-23 22:00:00
17.05558470073377,17.17338351259148,17.222868527703113,1930500.0,2022-05-23 22:15:00
17.006833392794803,17.152439684607447,17.210864216428217,1931400.0,2022-05-23 22:30:00
16.954777684915136,17.122729896880085,17.197047339368712,1932300.0,2022-05-23 22:45:00
16.903584084038652,17.098528075555972,17.18246946097951,1933200.0,2022-05-23 23:00:00
16.849993501266088,17.055814318807876,17.164793308766296,1934100.0,2022-05-23 23:15:00
16.796086946603303,17.012875055049548,17.144426987150702,1935000.0,2022-05-23 23:30:00
16.746359300857534,16.985697463228824,17.12438143582684,1935900.0,2022-05-23 23:45:00
16.693213988290026,16.95116158652787,17.10381804610972,1936800.0,2022-05-24 00:00:00
16.641090313908347,16.910957628932252,17.081953565236937,1937700.0,2022-05-24 00:15:00
16.589144816065584,16.873297139111774,17.05924997780693,1938600.0,2022-05-24 00:30:00
16.538562890812916,16.83462241278188,17.035931652571943,1939500.0,2022-05-24 00:45:00
16.48819983397988,16.800400628859176,17.012573180783267,1940400.0,2022-05-24 01:00:00
16.436119107988798,16.755214973438804,16.987750369554778,1941300.0,2022-05-24 01:15:00
16.39038028806686,16.71586682284755,16.962512944218,1942200.0,2022-05-24 01:30:00
16.346537133942643,16.68649500950014,16.93810557202099,1943100.0,2022-05-24 01:45:00
16.30035825313257,16.64918471195078,16.913455244548043,1944000.0,2022-05-24 02:00:00
16.2554992265991,16.61575921201602,16.888950673949623,1944900.0,2022-05-24 02:15:00
16.20638475518775,16.5671443060996,16.86289432607723,1945800.0,2022-05-24 02:30:00
16.16226902438743,16.53344771847266,16.836904674097156,1946700.0,2022-05-24 02:45:00
16.113500415433364,16.49441282338591,16.81080758503918,1947600.0,2022-05-24 03:00:00
16.069105193263262,16.4628757291229,16.785148115872726,1948500.0,2022-05-24 03:15:00
16.01728761287031,16.41840285339963,16.758695333850564,1949400.0,2022-05-24 03:30:00
15.971309576728302,16.38615748454305,16.732504600642216,1950300.0,2022-05-24 03:45:00
15.92200037081268,16.34547168778914,16.70598143847595,1951200.0,2022-05-24 04:00:00
15.871879201302503,16.31075261749885,16.679428184370952,1952100.0,2022-05-24 04:15:00
15.815713389133885,16.261886792511156,16.651655369468852,1953000.0,2022-05-24 04:30:00
15.762260191365304,16.230159325296455,16.62415378630575,1953900.0,2022-05-24 04:45:00
15.705190788832368,16.178697574799187,16.595609517176065,1954800.0,2022-05-24 05:00:00
15.653690481623936,16.1471251804721,16.567308093627723,1955700.0,2022-05-24 05:15:00
15.59298877905508,16.098401526969987,16.538200951626763,1956600.0,2022-05-24 05:30:00
15.53585430517863,16.053922313305435,16.5085196848957,1957500.0,2022-05-24 05:45:00
15.482449459605542,16.011595579409168,16.478644027401447,1958400.0,2022-05-24 06:00:00
15.430654120000668,15.97268134867104,16.44870602489544,1959300.0,2022-05-24 06:15:00
15.382435324434462,15.931081214731329,16.418573491040167,1960200.0,2022-05-24 06:30:00
15.337718425536435,15.892026159323215,16.388419865746258,1961100.0,2022-05-24 06:45:00
15.297120887280824,15.852168220801309,16.358199192937697,1962000.0,2022-05-24 07:00:00
15.259484615353268,15.808819769588816,16.327870055895378,1962900.0,2022-05-24 07:15:00
15.230743531803194,15.781179499863333,16.298267770344207,1963800.0,2022-05-24 07:30:00
15.202941638271923,15.73746947874574,16.268997909292622,1964700.0,2022-05-24 07:45:00
15.18548133604244,15.712207253991403,16.240877790659034,1965600.0,2022-05-24 08:00:00
15.176370812819377,15.682357007040528,16.21400343384844,1966500.0,2022-05-24 08:15:00
15.179795600614852,15.671718527289,16.189247053435242,1967400.0,2022-05-24 08:30:00
15.175240353600888,15.644530336679493,16.16567512731828,1968300.0,2022-05-24 08:45:00
15.175590653216055,15.63225971837492,16.143802071483304,1969200.0,2022-05-24 09:00:00
15.195643272824023,15.620197325077958,16.123790957225722,1970100.0,2022-05-24 09:15:00
15.223278376633315,15.623843087951055,16.106222831150347,1971000.0,2022-05-24 09:30:00
15.230888246223875,15.614959943146614,16.09029305712906,1971900.0,2022-05-24 09:45:00
15.246369129320856,15.614611124266608,16.075946085939528,1972800.0,2022-05-24 10:00:00
15.262538943229975,15.603409195794416,16.062551444466866,1973700.0,2022-05-24 10:15:00
15.27544647075906,15.605390786944836,16.050715927823358,1974600.0,2022-05-24 10:30:00
15.280204309572136,15.611427151658894,16.040483932511354,1975500.0,2022-05-24 10:45:00
15.293189230743538,15.610924643458771,16.031197729793337,1976400.0,2022-05-24 11:00:00
15.326026544151546,15.622862303321702,16.02324478601798,1977300.0,2022-05-24 11:15:00
15.35152031247353,15.61711703639934,16.015650073405695,1978200.0,2022-05-24 11:30:00
15.371554145276631,15.6293719910742,16.009448349807617,1979100.0,2022-05-24 11:45:00
15.386363405373752,15.637394626500113,16.004381498642132,1980000.0,2022-05-24 12:00:00
15.41444598865943,15.654921302035955,16.000964283481224,1980900.0,2022-05-24 12:15:00
15.471318496368372,15.666752702484118,15.99852142051496,1981800.0,2022-05-24 12:30:00
15.564448850064329,15.686944151822718,15.99800864780052,1982700.0,2022-05-24 12:45:00
15.675835565009438,15.736128954041105,16.002104309991037,1983600.0,2022-05-24 13:00:00
15.788303805203212,15.777749556031738,16.010178945183714,1984500.0,2022-05-24 13:15:00
15.909669500495658,15.83465290258372,16.02309221382951,1985400.0,2022-05-24 13:30:00
16.037593886351416,15.903226839888694,16.04150305636194,1986300.0,2022-05-24 13:45:00
16.159259156258827,15.958523815312708,16.063100383345926,1987200.0,2022-05-24 14:00:00
16.28215915029643,16.04539208295054,16.090675821478257,1988100.0,2022-05-24 14:15:00
16.398941722044132,16.124654361046666,16.122793396442134,1989000.0,2022-05-24 14:30:00
16.51445152168668,16.19690582517364,16.15727734368456,1989900.0,2022-05-24 14:45:00
16.62261683774338,16.281980179735307,16.195246094558435,1990800.0,2022-05-24 15:00:00
16.712801295891065,16.345761146130567,16.233134838596687,1991700.0,2022-05-24 15:15:00
16.794547894138535,16.418610711148055,16.272028812900086,1992600.0,2022-05-24 15:30:00
16.864051890439445,16.47975599022889,16.31020839371805,1993500.0,2022-05-24 15:45:00
16.932023951381126,16.55683597540481,16.350642664592574,1994400.0,2022-05-24 16:00:00
16.99555281551902,16.61943877169297,16.391004982037067,1995300.0,2022-05-24 16:15:00
17.060353934654866,16.679195595440547,16.430591818555804,1996200.0,2022-05-24 16:30:00
17.126773100146423,16.73691666873387,16.469264909917793,1997100.0,2022-05-24 16:45:00
17.191352123333107,16.797032530412185,16.507943654719927,1998000.0,2022-05-24 17:00:00
17.24944620198971,16.84335944610482,16.544319199783764,1998900.0,2022-05-24 17:15:00
17.30515726220354,16.903512802665546,16.581533117470606,1999800.0,2022-05-24 17:30:00
17.35082633581062,16.954528802908264,16.618308206931463,2000700.0,2022-05-24 17:45:00
17.38891620435444,16.996353336725427,16.652995843996834,2001600.0,2022-05-24 18:00:00
17.422492123158133,17.03938217554022,16.686346351987552,2002500.0,2022-05-24 18:15:00
17.44613916865566,17.07743150402838,16.718219379473755,2003400.0,2022-05-24 18:30:00
17.460388667947118,17.098583891625157,16.745730311145184,2004300.0,2022-05-24 18:45:00
17.473282064620218,17.142668497867355,16.774684966992922,2005200.0,2022-05-24 19:00:00
17.471486071568798,17.157494876884606,16.799913514312824,2006100.0,2022-05-24 19:15:00
17.461826375497203,17.167063302209996,16.820616216563646,2007000.0,2022-05-24 19:30:00
17.443519696328767,17.184739155590158,16.84011433199316,2007900.0,2022-05-24 19:45:00
17.408330032030126,17.17895536814721,16.854654946687234,2008800.0,2022-05-24 20:00:00
17.370012546541453,17.17731392450767,16.866133194274695,2009700.0,2022-05-24 20:15:00
17.33056741405204,17.163332242043104,16.87339976720857,2010600.0,2022-05-24 20:30:00
17.292422184564625,17.15052332324016,16.877588521995463,2011500.0,2022-05-24 20:45:00
17.258024985397753,17.138920955105803,16.880020696481623,2012400.0,2022-05-24 21:00:00
17.225809188332814,17.128984308480003,16.881768926159037,2013300.0,2022-05-24 21:15:00
17.190813161162684,17.104901226729453,16.88027317808158,2014200.0,2022-05-24 21:30:00
17.15685010757889,17.093639249931627,16.87853766182557,2015100.0,2022-05-24 21:45:00
17.11599811026415,17.06547847508387,16.873692405184407,2016000.0,2022-05-24 22:00:00
17.07169202937089,17.035954000267182,16.865917949636835,2016900.0,2022-05-24 22:15:00
17.021636757437523,17.007858050030755,16.85639998461811,2017800.0,2022-05-24 22:30:00
16.96940240243016,16.98350712341938,16.84644741567585,2018700.0,2022-05-24 22:45:00
16.907986691991113,16.949787541990556,16.83465847761236,2019600.0,2022-05-24 23:00:00
16.840150221512374,16.903621809763365,16.81913352469981,2020500.0,2022-05-24 23:15:00
16.771262174644946,16.87433368061013,16.803648848144014,2021400.0,2022-05-24 23:30:00
16.694837940859966,16.83158003834645,16.78640729285957,2022300.0,2022-05-24 23:45:00
16.614537004507397,16.787218967449917,16.767458187974523,2023200.0,2022-05-25 00:00:00
16.527041820681838,16.724118358151344,16.74388112735435,2024100.0,2022-05-25 00:15:00
16.44261576347719,16.678638149785463,16.719387626226162,2025000.0,2022-05-25 00:30:00
16.356005863331962,16.624004445226284,16.693258442463858,2025900.0,2022-05-25 00:45:00
16.271510148930947,16.56786700396951,16.665431268954798,2026800.0,2022-05-25 01:00:00
16.184465005440387,16.497682082216865,16.6341491319973,2027700.0,2022-05-25 01:15:00
16.103877857447095,16.44558042005594,16.602470620905184,2028600.0,2022-05-25 01:30:00
16.02117873631864,16.379838485450957,16.569045230594003,2029500.0,2022-05-25 01:45:00
15.944561875539613,16.32626533187587,16.53553699594924,2030400.0,2022-05-25 02:00:00
15.865654377968646,16.256167326672355,16.50004344000233,2031300.0,2022-05-25 02:15:00
15.791863067463543,16.20939655382204,16.465528498318523,2032200.0,2022-05-25 02:30:00
15.71509648612208,16.13888521823119,16.429370796049025,2033100.0,2022-05-25 02:45:00
15.642003152089758,16.082037495228054,16.3930779787986,2034000.0,2022-05-25 03:00:00
15.569480455282864,16.036664712380798,16.358215647539534,2034900.0,2022-05-25 03:15:00
15.493019633862412,15.972047253037951,16.322320052650646,2035800.0,2022-05-25 03:30:00
15.41900041525628,15.917144779587428,16.286180801262116,2036700.0,2022-05-25 03:45:00
15.343463137189888,15.857952186845736,16.249474138913207,2037600.0,2022-05-25 04:00:00
15.269947122921945,15.80296644297994,16.212498092691728,2038500.0,2022-05-25 04:15:00
15.195529031194566,15.740511609030731,16.174824963531524,2039400.0,2022-05-25 04:30:00
15.120624174213864,15.67726029233286,16.13648330676052,2040300.0,2022-05-25 04:45:00
15.050792853341925,15.625751134329178,16.098558564911094,2041200.0,2022-05-25 05:00:00
14.983078135070873,15.571038931375035,16.060815104395154,2042100.0,2022-05-25 05:15:00
14.919369896648096,15.509092817105508,16.022719270780794,2043000.0,2022-05-25 05:30:00
14.862040308452992,15.461840487545372,15.985278734980302,2043900.0,2022-05-25 05:45:00
14.803569739740734,15.413161976550802,15.948402397511702,2044800.0,2022-05-25 06:00:00
14.749701362535603,15.365564019598036,15.91175171432308,2045700.0,2022-05-25 06:15:00
14.69653213533377,15.312587893196868,15.87509854294792,2046600.0,2022-05-25 06:30:00
14.65001434423112,15.264610492513672,15.838878686722795,2047500.0,2022-05-25 06:45:00
14.608799261421671,15.221856426723177,15.803463793686372,2048400.0,2022-05-25 07:00:00
14.580456765983548,15.183702903424283,15.769052312701104,2049300.0,2022-05-25 07:15:00
14.564908075440474,15.148070873633744,15.735958032734723,2050200.0,2022-05-25 07:30:00
14.548415529228476,15.110617934248976,15.704295757053858,2051100.0,2022-05-25 07:45:00
14.529879298736642,15.08375456423645,15.674304797906208,2052000.0,2022-05-25 08:00:00
14.513790351244053,15.060890675343195,15.64620503170308,2052900.0,2022-05-25 08:15:00
14.505149453100508,15.041888515339233,15.619595666805832,2053800.0,2022-05-25 08:30:00
14.495790918091336,15.015612556361065,15.594119489872128,2054700.0,2022-05-25 08:45:00
14.489725594168291,14.994564666959826,15.569999012565724,2055600.0,2022-05-25 09:00:00
14.488641903343536,14.978209228403983,15.547402413035998,2056500.0,2022-05-25 09:15:00
14.490830552778208,14.970060250489304,15.526423299670553,2057400.0,2022-05-25 09:30:00
14.48973881742808,14.95310980160693,15.506555528700378,2058300.0,2022-05-25 09:45:00
14.493116498864662,14.938786755080177,15.487753690452251,2059200.0,2022-05-25 10:00:00
14.504608591133024,14.942656994150184,15.470583740400697,2060100.0,2022-05-25 10:15:00
14.52336377224458,14.928961517275972,15.454587102493065,2061000.0,2022-05-25 10:30:00
14.558554138280384,14.932214408891898,15.440446444538845,2061900.0,2022-05-25 10:45:00
14.600644236400656,14.938619861275482,15.428498217382655,2062800.0,2022-05-25 11:00:00
14.630616694838492,14.949000481285893,15.418843341308875,2063700.0,2022-05-25 11:15:00
14.65538364362556,14.951556651875247,15.410797742355898,2064600.0,2022-05-25 11:30:00
14.68892403739571,14.969764187228929,15.404778771829784,2065500.0,2022-05-25 11:45:00
14.720335445916891,14.978275835638362,15.400220974771548,2066400.0,2022-05-25 12:00:00
14.754467363144077,14.992655515497084,15.397120509707936,2067300.0,2022-05-25 12:15:00
14.7898179549981,15.006614738568572,15.3953884823875,2068200.0,2022-05-25 12:30:00
14.824944339582778,15.027504458014404,15.395238855887412,2069100.0,2022-05-25 12:45:00
14.85213033622016,15.042349724242372,15.39605010674222,2070000.0,2022-05-25 13:00:00
14.880324985863757,15.061589446037711,15.397859705419986,2070900.0,2022-05-25 13:15:00
14.912078510505347,15.078929548322096,15.400437024960237,2071800.0,2022-05-25 13:30:00
14.94855743988491,15.096864719391332,15.403669025163117,2072700.0,2022-05-25 13:45:00
14.983711099137704,15.111948871015514,15.407245825020238,2073600.0,2022-05-25 14:00:00
15.027923429039884,15.144751774084748,15.412777544945843,2074500.0,2022-05-25 14:15:00
15.072867838972448,15.169692122665904,15.419605750434972,2075400.0,2022-05-25 14:30:00
15.119035979505265,15.18923705773942,15.426831605097387,2076300.0,2022-05-25 14:45:00
15.164303129399242,15.218846221216458,15.435279066820913,2077200.0,2022-05-25 15:00:00
15.206237458237498,15.2450121148462,15.444714820549036,2078100.0,2022-05-25 15:15:00
15.251516931625906,15.27438379625775,15.455324547762288,2079000.0,2022-05-25 15:30:00
15.29353955028007,15.2971959210347,15.466221236490192,2079900.0,2022-05-25 15:45:00
15.332944788653425,15.33475247639935,15.478842834625596,2080800.0,2022-05-25 16:00:00
15.36922375921262,15.363812397141974,15.492170076776189,2081700.0,2022-05-25 16:15:00
15.402336776368111,15.3834241189187,15.504776426674749,2082600.0,2022-05-25 16:30:00
15.428781013431744,15.409577458503998,15.51750230950596,2083500.0,2022-05-25 16:45:00
15.452399878417411,15.430204874563955,15.529821988255406,2084400.0,2022-05-25 17:00:00
15.47195954289952,15.45052772438815,15.54168180542824,2085300.0,2022-05-25 17:15:00
15.487249362964056,15.47183470085316,15.553386418635707,2086200.0,2022-05-25 17:30:00
15.496310467495594,15.49362515234438,15.565259526513476,2087100.0,2022-05-25 17:45:00
15.500374510270412,15.496784533538111,15.5747737987436,2088000.0,2022-05-25 18:00:00
15.50599666886842,15.51370241595705,15.58395493712318,2088900.0,2022-05-25 18:15:00
15.506006555597718,15.5251059006675,15.592524663245705,2089800.0,2022-05-25 18:30:00
15.501342352902912,15.529425262225796,15.599587543321622,2090700.0,2022-05-25 18:45:00
15.496393972607764,15.534673077987984,15.605551426891129,2091600.0,2022-05-25 19:00:00
15.486606766572928,15.533383134220824,15.609801343600036,2092500.0,2022-05-25 19:15:00
15.475372700786869,15.53167254381694,15.612732460088155,2093400.0,2022-05-25 19:30:00
15.461423265961972,15.529310032833024,15.614523979551423,2094300.0,2022-05-25 19:45:00
15.445007915978096,15.527717979954184,15.615542761775258,2095200.0,2022-05-25 20:00:00
15.425376367298648,15.523810921681724,15.615774910529815,2096100.0,2022-05-25 20:15:00
15.403807057878607,15.514288794406877,15.614554029537873,2097000.0,2022-05-25 20:30:00
15.379904271293784,15.499799660163614,15.611428058548013,2097900.0,2022-05-25 20:45:00
15.35649292900024,15.485999588978984,15.607043472988796,2098800.0,2022-05-25 21:00:00
15.335188299687596,15.473963100970929,15.60176068047176,2099700.0,2022-05-25 21:15:00
15.312134569665051,15.457634562939967,15.59538098261816,2100600.0,2022-05-25 21:30:00
15.29382928843305,15.446151888285035,15.588771885285276,2101500.0,2022-05-25 21:45:00
15.274651412443216,15.435433561875742,15.582140318641947,2102400.0,2022-05-25 22:00:00
15.256096871580691,15.41969262229124,15.574763825818168,2103300.0,2022-05-25 22:15:00
15.23974538296183,15.4041065107022,15.566782135092568,2104200.0,2022-05-25 22:30:00
15.222837689586813,15.393731955606285,15.558965765163975,2105100.0,2022-05-25 22:45:00
15.204744212707611,15.37965815244728,15.55084770018024,2106000.0,2022-05-25 23:00:00
15.18615399040744,15.366194958741897,15.542620454358644,2106900.0,2022-05-25 23:15:00
15.164837080181204,15.348191052699272,15.533685677596315,2107800.0,2022-05-25 23:30:00
15.142232184044676,15.3310694645535,15.524050573631207,2108700.0,2022-05-25 23:45:00
15.120058689698215,15.316605792533831,15.514331767765054,2109600.0,2022-05-26 00:00:00
15.094947126238893,15.301370683145755,15.504500047128412,2110500.0,2022-05-26 00:15:00
15.07118564088565,15.2888238711024,15.494738873689403,2111400.0,2022-05-26 00:30:00
15.042049878042972,15.26768686424546,15.484102696966614,2112300.0,2022-05-26 00:45:00
15.014325745306992,15.242757713865265,15.47232216017167,2113200.0,2022-05-26 01:00:00
14.988282824889405,15.228297590612923,15.460589168225107,2114100.0,2022-05-26 01:15:00
14.963596405452597,15.211417406965156,15.448911070931436,2115000.0,2022-05-26 01:30:00
14.93879698458303,15.188527647222614,15.43645982955714,2115900.0,2022-05-26 01:45:00
14.916049247049086,15.173243530027683,15.424132549314708,2116800.0,2022-05-26 02:00:00
14.895649134422449,15.159215476570546,15.412095120863604,2117700.0,2022-05-26 02:15:00
14.870941442758683,15.132604584363058,15.398966696307024,2118600.0,2022-05-26 02:30:00
14.849780468321208,15.115017231058452,15.385653492438369,2119500.0,2022-05-26 02:45:00
14.829024536999825,15.1020783297258,15.372910212855697,2120400.0,2022-05-26 03:00:00
14.802814762267015,15.0727591137415,15.358957597401757,2121300.0,2022-05-26 03:15:00
14.781929568423042,15.05987733343552,15.345452988160352,2122200.0,2022-05-26 03:30:00
14.75799919467277,15.041642792197464,15.332177329647855,2123100.0,2022-05-26 03:45:00
14.732677028247362,15.015278530574273,15.31811324470185,2124000.0,2022-05-26 04:00:00
14.712135498865234,15.005005695072157,15.3046739953588,2124900.0,2022-05-26 04:15:00
14.686921510069144,14.98147208261054,15.29087660736873,2125800.0,2022-05-26 04:30:00
14.66438313535942,14.9625989569025,15.277066610657274,2126700.0,2022-05-26 04:45:00
14.642934677180488,14.946054260715108,15.263390924808784,2127600.0,2022-05-26 05:00:00
14.620957795372895,14.931734663525011,15.250033457118056,2128500.0,2022-05-26 05:15:00
14.59888918809469,14.90960334445211,15.236162081727038,2129400.0,2022-05-26 05:30:00
14.57775326476046,14.889013704177732,15.221900227778288,2130300.0,2022-05-26 05:45:00
14.559917692551252,14.876323113311324,15.20806880856474,2131200.0,2022-05-26 06:00:00
14.541812728996932,14.856286196439887,15.194091624089255,2132100.0,2022-05-26 06:15:00
14.526831321279616,14.840245607218913,15.180245448042182,2133000.0,2022-05-26 06:30:00
14.515226831936438,14.82470866975826,15.166662909886297,2133900.0,2022-05-26 06:45:00
14.502565678329232,14.803620136753564,15.152957206548594,2134800.0,2022-05-26 07:00:00
14.49569049574314,14.800142234692702,15.140651687162787,2135700.0,2022-05-26 07:15:00
14.486908941503271,14.784790890685388,15.12870607083016,2136600.0,2022-05-26 07:30:00
14.481330302848292,14.77253722296438,15.117094513730336,2137500.0,2022-05-26 07:45:00
14.478321580047393,14.764947520733308,15.106210239810595,2138400.0,2022-05-26 08:00:00
14.474763646717705,14.755996503779423,15.095733136369716,2139300.0,2022-05-26 08:15:00
14.476396155400964,14.746796956341411,15.08568624870222,2140200.0,2022-05-26 08:30:00
14.482122511923723,14.743729267733093,15.076598526419572,2141100.0,2022-05-26 08:45:00
14.500085672790552,14.7553710496284,15.069598502552346,2142000.0,2022-05-26 09:00:00
14.520181228876291,14.747195881864526,15.062819921690892,2142900.0,2022-05-26 09:15:00
14.54494172709486,14.753581923911932,15.057230158013809,2143800.0,2022-05-26 09:30:00
14.568038494613836,14.752625176792778,15.052432549287868,2144700.0,2022-05-26 09:45:00
14.59263608216156,14.764846497681496,15.049218792555587,2145600.0,2022-05-26 10:00:00
14.623546834940113,14.787621357762148,15.048685321635762,2146500.0,2022-05-26 10:15:00
14.65461714634774,14.797533874760544,15.049190375838608,2147400.0,2022-05-26 10:30:00
14.687514763362149,14.8157659049846,15.050933239992816,2148300.0,2022-05-26 10:45:00
14.714966469104992,14.823208536923064,15.052840272052697,2149200.0,2022-05-26 11:00:00
14.745823150079309,14.844276940717949,15.056247839906328,2150100.0,2022-05-26 11:15:00
14.77750896849569,14.861592613387293,15.060758222745848,2151000.0,2022-05-26 11:30:00
14.804824871028812,14.864627962211838,15.064539418557963,2151900.0,2022-05-26 11:45:00
14.840415831805172,14.89911256014206,15.070957122597363,2152800.0,2022-05-26 12:00:00
14.865432320534463,14.909696167451845,15.077375439015333,2153700.0,2022-05-26 12:15:00
14.899509371182724,14.936429205475928,15.08519646116406,2154600.0,2022-05-26 12:30:00
14.93296112259364,14.952110448291045,15.093196117945585,2155500.0,2022-05-26 12:45:00
14.972299413983205,14.975439437645926,15.102137681001851,2156400.0,2022-05-26 13:00:00
15.011397087311854,15.003742067058305,15.112635945461845,2157300.0,2022-05-26 13:15:00
15.04691866370874,15.0294036425684,15.124120017357562,2158200.0,2022-05-26 13:30:00
15.083609332358384,15.056525409843276,15.136531239417293,2159100.0,2022-05-26 13:45:00
15.122195982791936,15.085021648499328,15.14994178291188,2160000.0,2022-05-26 14:00:00
15.150672638518524,15.102262439910438,15.162558793769836,2160900.0,2022-05-26 14:15:00
15.173687535104964,15.124407417565116,15.17512207564212,2161800.0,2022-05-26 14:30:00
15.195866924511249,15.149961698746823,15.188328392202452,2162700.0,2022-05-26 14:45:00
15.215279730173522,15.167718761661051,15.201022629530751,2163600.0,2022-05-26 15:00:00
15.234948969375337,15.188560487149754,15.213725491236485,2164500.0,2022-05-26 15:15:00
15.255566953839802,15.215402705477286,15.227394535390218,2165400.0,2022-05-26 15:30:00
15.269290252923884,15.214302719421816,15.237829413276424,2166300.0,2022-05-26 15:45:00
15.29042252209209,15.24016089369659,15.249102682098007,2167200.0,2022-05-26 16:00:00
15.306711346784803,15.255399181910406,15.260200568453124,2168100.0,2022-05-26 16:15:00
15.319422511814125,15.271108631636755,15.27114779796796,2169000.0,2022-05-26 16:30:00
15.32778261441502,15.283433912542192,15.281518208230915,2169900.0,2022-05-26 16:45:00
15.333436014957634,15.290400026568152,15.290570110210393,2170800.0,2022-05-26 17:00:00
15.344552034493692,15.314521909400066,15.301200023797549,2171700.0,2022-05-26 17:15:00
15.348956875479033,15.31935548503264,15.310474335702732,2172600.0,2022-05-26 17:30:00
15.356944578185876,15.32269439398848,15.317965877983108,2173500.0,2022-05-26 17:45:00
15.368875094811573,15.326861559246865,15.324250926974322,2174400.0,2022-05-26 18:00:00
15.38309592268692,15.346103661090163,15.33206325809986,2175300.0,2022-05-26 18:15:00
15.390383070775442,15.349132483229738,15.338889278570427,2176200.0,2022-05-26 18:30:00
15.400169200508072,15.364096289983362,15.346462904392585,2177100.0,2022-05-26 18:45:00
15.405151769285274,15.36796606775662,15.35313176873152,2178000.0,2022-05-26 19:00:00
15.40675105983205,15.377487651650103,15.359938535830416,2178900.0,2022-05-26 19:15:00
15.400268300554984,15.375497952328574,15.365103062870736,2179800.0,2022-05-26 19:30:00
15.394196916309632,15.385759831180104,15.370725241713869,2180700.0,2022-05-26 19:45:00
15.383725977926977,15.378669974590006,15.374248503079432,2181600.0,2022-05-26 20:00:00
15.371185406871252,15.376764587084113,15.376631491991596,2182500.0,2022-05-26 20:15:00
15.358942713621277,15.374408652113557,15.378343577109352,2183400.0,2022-05-26 20:30:00
15.344766359449832,15.370648761534438,15.379275393718396,2184300.0,2022-05-26 20:45:00
15.32915840248786,15.363785231174178,15.37915522902861,2185200.0,2022-05-26 21:00:00
15.311622410448106,15.354867545579982,15.377900181179674,2186100.0,2022-05-26 21:15:00
15.29201517364023,15.348073863526189,15.376134887147312,2187000.0,2022-05-26 21:30:00
15.269918733431144,15.329883126327823,15.372165268102236,2187900.0,2022-05-26 21:45:00
15.250997089364782,15.32347872040787,15.368128677436816,2188800.0,2022-05-26 22:00:00
15.231848817121568,15.315527440142716,15.364087588940244,2189700.0,2022-05-26 22:15:00
15.210322270264689,15.2948960397381,15.358149257073,2190600.0,2022-05-26 22:30:00
15.1920375335108,15.285912886295874,15.3521793754614,2191500.0,2022-05-26 22:45:00
15.173481787874156,15.27066585855561,15.34546569454606,2192400.0,2022-05-26 23:00:00
15.15343436162197,15.258424990598652,15.338492298213646,2193300.0,2022-05-26 23:15:00
15.134246208974796,15.243275271430791,15.330969218954351,2194200.0,2022-05-26 23:30:00
15.113339103709563,15.231155048751583,15.323424826284764,2195100.0,2022-05-26 23:45:00
15.0899732152496,15.212549694384252,15.315015408219564,2196000.0,2022-05-27 00:00:00
15.068618121249406,15.197597863181391,15.30625713967423,2196900.0,2022-05-27 00:15:00
15.044070602840048,15.176238441257308,15.296342293711293,2197800.0,2022-05-27 00:30:00
15.021362265678084,15.162137360784511,15.286498131451731,2198700.0,2022-05-27 00:45:00
14.99657899474458,15.144425825334654,15.27635473743628,2199600.0,2022-05-27 01:00:00
14.971418123363208,15.128142599490165,15.266004491525438,2200500.0,2022-05-27 01:15:00
14.944744481397882,15.1092507124048,15.255129145822991,2201400.0,2022-05-27 01:30:00
14.91921389514158,15.086645467728562,15.243450881221085,2202300.0,2022-05-27 01:45:00
14.89304903258583,15.063394565751787,15.230954631452452,2203200.0,2022-05-27 02:00:00
14.870184845641338,15.05207238778074,15.219206733303364,2204100.0,2022-05-27 02:15:00
14.844551348418516,15.030882975447067,15.207106754461636,2205000.0,2022-05-27 02:30:00
14.818823086531346,15.010259532951652,15.194550656746191,2205900.0,2022-05-27 02:45:00
14.797165195629413,14.99289453706271,15.181957474601672,2206800.0,2022-05-27 03:00:00
14.775323910010734,14.970618314148858,15.168865276808482,2207700.0,2022-05-27 03:15:00
14.75499060939596,14.953896895562435,15.155948862150504,2208600.0,2022-05-27 03:30:00
14.734528617852664,14.938378428481814,15.143340256080634,2209500.0,2022-05-27 03:45:00
14.715559926210576,14.917875923631527,15.130511780968003,2210400.0,2022-05-27 04:00:00
14.698011279210856,14.902187469343035,15.117890687178097,2211300.0,2022-05-27 04:15:00
14.6788210354378,14.879903294227088,15.104749442576228,2212200.0,2022-05-27 04:30:00
14.663666243566771,14.866809901734648,15.09217804794756,2213100.0,2022-05-27 04:45:00
14.647080844956164,14.85800424448118,15.08071784010121,2214000.0,2022-05-27 05:00:00
14.628386158521842,14.840758023884202,15.06916976980014,2214900.0,2022-05-27 05:15:00
14.611621784907197,14.826058580167032,15.05752914017092,2215800.0,2022-05-27 05:30:00
14.597378515735782,14.80725203313199,15.045453110801285,2216700.0,2022-05-27 05:45:00
14.582794963669548,14.788837529729694,15.032961202591048,2217600.0,2022-05-27 06:00:00
14.572819149752958,14.784880633503958,15.021905311483987,2218500.0,2022-05-27 06:15:00
14.561950853846554,14.76830573435026,15.010819551540298,2219400.0,2022-05-27 06:30:00
14.554582791186458,14.755853157382187,14.99981455642312,2220300.0,2022-05-27 06:45:00
14.54707531166159,14.73934241484298,14.988619519353287,2221200.0,2022-05-27 07:00:00
14.5446002848555,14.74190127361441,14.979420288642867,2222100.0,2022-05-27 07:15:00
14.540052824466622,14.732086337223972,14.970641495351927,2223000.0,2022-05-27 07:30:00
14.538929404749458,14.722126035010572,14.961906243860335,2223900.0,2022-05-27 07:45:00
14.538872182424784,14.716752479222547,14.953658348608029,2224800.0,2022-05-27 08:00:00
14.541581788102704,14.713791502107394,14.946234053847746,2225700.0,2022-05-27 08:15:00
14.545225440631048,14.707331266714874,14.939239427264404,2226600.0,2022-05-27 08:30:00
14.54994951361796,14.700476029633748,14.932398836754638,2227500.0,2022-05-27 08:45:00
14.559722133350087,14.705432123438248,14.92704372548556,2228400.0,2022-05-27 09:00:00
14.564673071127729,14.698784699779155,14.92192410430832,2229300.0,2022-05-27 09:15:00
14.580377989847827,14.71198537798776,14.91898401830646,2230200.0,2022-05-27 09:30:00
14.596789439114923,14.717248803223317,14.917126241737009,2231100.0,2022-05-27 09:45:00
14.613556619237286,14.716835079395866,14.915302906781754,2232000.0,2022-05-27 10:00:00
14.635368370290628,14.730666694446544,14.915060827194836,2232900.0,2022-05-27 10:15:00
14.654460299040611,14.735650370265196,14.915336540283276,2233800.0,2022-05-27 10:30:00
14.678538737666596,14.74972287236992,14.91698381447361,2234700.0,2022-05-27 10:45:00
14.708890541732703,14.758983776153842,14.91925062470707,2235600.0,2022-05-27 11:00:00
14.743928974969403,14.775452257234113,14.922920862729336,2236500.0,2022-05-27 11:15:00
14.78225776092173,14.79735069455651,14.92850409333846,2237400.0,2022-05-27 11:30:00
14.826117517047296,14.822605977916703,14.936159120585236,2238300.0,2022-05-27 11:45:00
14.871178329666092,14.845666291198125,14.94525524407394,2239200.0,2022-05-27 12:00:00
14.927316856771114,14.879883907403771,14.956726038773164,2240100.0,2022-05-27 12:15:00
14.982339570029046,14.910895540706964,14.969909876393343,2241000.0,2022-05-27 12:30:00
15.035818709261784,14.942022201026049,14.984500893176696,2241900.0,2022-05-27 12:45:00
15.10657240488943,14.986597482489556,15.001949149051883,2242800.0,2022-05-27 13:00:00
15.181384268563018,15.027461611285624,15.021323836046887,2243700.0,2022-05-27 13:15:00
15.274405463052458,15.083636160033684,15.044463759103918,2244600.0,2022-05-27 13:30:00
15.374093960684288,15.141170639496512,15.07102452981713,2245500.0,2022-05-27 13:45:00
15.482203610640754,15.205658092824123,15.101354597884502,2246400.0,2022-05-27 14:00:00
15.579761930289196,15.26646542640329,15.133939194971438,2247300.0,2022-05-27 14:15:00
15.676688180880449,15.333991001055931,15.169267649382656,2248200.0,2022-05-27 14:30:00
15.77948431547669,15.408384319639495,15.207985124631934,2249100.0,2022-05-27 14:45:00
15.877598274006935,15.4786330856125,15.248715416899088,2250000.0,2022-05-27 15:00:00
15.97750599816984,15.562172573630471,15.293416211367944,2250900.0,2022-05-27 15:15:00
16.069508877711662,15.637662260500989,15.340031471623114,2251800.0,2022-05-27 15:30:00
16.158511571211456,15.709831953177776,15.387291524873744,2252700.0,2022-05-27 15:45:00
16.236825884592704,15.784593895570382,15.43559277518747,2253600.0,2022-05-27 16:00:00
16.30405076207085,15.855124969728625,15.484272267807324,2254500.0,2022-05-27 16:15:00
16.365204205659513,15.913091790348831,15.53071454523772,2255400.0,2022-05-27 16:30:00
16.432790727054503,15.982511101729566,15.57783030857059,2256300.0,2022-05-27 16:45:00
16.494966611954354,16.03623363973717,15.62247080095578,2257200.0,2022-05-27 17:00:00
16.555549862944154,16.10308862091167,15.66811085216805,2258100.0,2022-05-27 17:15:00
16.610467104632278,16.16009610891621,15.71299367666318,2259000.0,2022-05-27 17:30:00
16.667712578338968,16.217318401953086,15.757386754984363,2259900.0,2022-05-27 17:45:00
16.72543233291899,16.272065304857655,15.800905060522023,2260800.0,2022-05-27 18:00:00
16.7790339459216,16.31746391856414,15.841648774533024,2261700.0,2022-05-27 18:15:00
16.8216299606038,16.37006991211222,15.882104656490371,2262600.0,2022-05-27 18:30:00
16.85075473393697,16.41223599181624,15.920596034531998,2263500.0,2022-05-27 18:45:00
16.86478289037333,16.446669326744153,15.956061083946633,2264400.0,2022-05-27 19:00:00
16.872582456931138,16.485140348593937,15.990799662408207,2265300.0,2022-05-27 19:15:00
16.87531041857786,16.50932455047132,16.02237441748787,2266200.0,2022-05-27 19:30:00
16.87409221080628,16.52583563854176,16.049552470418565,2267100.0,2022-05-27 19:45:00
16.870737146038806,16.542042200671986,16.07370967320615,2268000.0,2022-05-27 20:00:00
16.858025170225822,16.55004746748994,16.09415867273667,2268900.0,2022-05-27 20:15:00
16.84109244580431,16.556987251855205,16.11195990185079,2269800.0,2022-05-27 20:30:00
16.813753966668145,16.550491647477788,16.12493679481035,2270700.0,2022-05-27 20:45:00
16.78299469407054,16.554358701032246,16.13707099187452,2271600.0,2022-05-27 21:00:00
16.745652297616108,16.537756840405418,16.144479326478965,2272500.0,2022-05-27 21:15:00
16.707237136524572,16.530898584351352,16.15039920842117,2273400.0,2022-05-27 21:30:00
16.662857550256017,16.51515913420241,16.153928307321596,2274300.0,2022-05-27 21:45:00
16.61338938625958,16.483605282230688,16.151957009262738,2275200.0,2022-05-27 22:00:00
16.564430690557423,16.467100800991087,16.14929905879227,2276100.0,2022-05-27 22:15:00
16.505173701569873,16.425160896205284,16.140985094829983,2277000.0,2022-05-27 22:30:00
16.44954038263968,16.402594354980952,16.13244406211873,2277900.0,2022-05-27 22:45:00
16.388844033461993,16.3606346293123,16.12019045923486,2278800.0,2022-05-27 23:00:00
16.332974692436082,16.33216697303888,16.10775913088601,2279700.0,2022-05-27 23:15:00
16.270992518984908,16.28514216963411,16.091551992124575,2280600.0,2022-05-27 23:30:00
16.21261199553434,16.25024267674419,16.074717720420363,2281500.0,2022-05-27 23:45:00
16.151378134951162,16.213630002013026,16.05747847659454,2282400.0,2022-05-28 00:00:00
16.087253417061806,16.166229226731232,16.037709982852157,2283300.0,2022-05-28 00:15:00
16.02304854896074,16.11893691477292,16.015735210511934,2284200.0,2022-05-28 00:30:00
15.957197366201756,16.06733128773053,15.991204220379492,2285100.0,2022-05-28 00:45:00
15.894082234403172,16.02824058000417,15.967223397622044,2286000.0,2022-05-28 01:00:00
15.828930006001173,15.97852624717468,15.941989041961138,2286900.0,2022-05-28 01:15:00
15.764106853712423,15.922027758448156,15.914127247924393,2287800.0,2022-05-28 01:30:00
15.699244228308094,15.871184351847688,15.88521617043483,2288700.0,2022-05-28 01:45:00
15.637387464885734,15.828980049095993,15.857166941279935,2289600.0,2022-05-28 02:00:00
15.57078334288876,15.774120798348388,15.827874433542895,2290500.0,2022-05-28 02:15:00
15.50968947676218,15.734583139383336,15.799655006572069,2291400.0,2022-05-28 02:30:00
15.44216078215316,15.680353588731238,15.770154705615807,2292300.0,2022-05-28 02:45:00
15.37671842852018,15.63226430921015,15.740296483681725,2293200.0,2022-05-28 03:00:00
15.305767632966482,15.57125538311534,15.70822451582812,2294100.0,2022-05-28 03:15:00
15.238971329746162,15.522861499151228,15.676174711038334,2295000.0,2022-05-28 03:30:00
15.170329060162658,15.473526154281451,15.644228134789891,2295900.0,2022-05-28 03:45:00
15.100636864925072,15.414428053691132,15.6108729238085,2296800.0,2022-05-28 04:00:00
15.034064355689353,15.367480105210136,15.577776514848566,2297700.0,2022-05-28 04:15:00
14.965436058460922,15.30973244371626,15.543624263469807,2298600.0,2022-05-28 04:30:00
14.897787334438322,15.253063587027953,15.508611649566776,2299500.0,2022-05-28 04:45:00
14.834944485710205,15.207659962702085,15.474294507958245,2300400.0,2022-05-28 05:00:00
14.769187250548836,15.150832031103787,15.43928387572276,2301300.0,2022-05-28 05:15:00
14.707580962794212,15.097992604831878,15.404039137354188,2302200.0,2022-05-28 05:30:00
14.646017081616002,15.04598746978205,15.36871247197018,2303100.0,2022-05-28 05:45:00
14.584853879425836,14.991902066284013,15.33307988580068,2304000.0,2022-05-28 06:00:00
14.525875683359716,14.943533966292916,15.297857029959244,2304900.0,2022-05-28 06:15:00
14.469269916531204,14.895775693979836,15.262919738943422,2305800.0,2022-05-28 06:30:00
14.417777763771785,14.847354413057946,15.228151905322962,2306700.0,2022-05-28 06:45:00
14.372245382745191,14.801411916216631,15.193726837578367,2307600.0,2022-05-28 07:00:00
14.330954970311424,14.750479067486438,15.159375600571217,2308500.0,2022-05-28 07:15:00
14.298278908553645,14.71370871844702,15.126365133028798,2309400.0,2022-05-28 07:30:00
14.272823308841977,14.682051309106248,15.09517029323234,2310300.0,2022-05-28 07:45:00
14.252885566632091,14.6483163712131,15.065340595055796,2311200.0,2022-05-28 08:00:00
14.243167071988928,14.624851310917103,15.037495999511012,2312100.0,2022-05-28 08:15:00
14.240580343361808,14.595899826155382,15.011050290961476,2313000.0,2022-05-28 08:30:00
14.251598817273116,14.587924449783756,14.987457088402603,2313900.0,2022-05-28 08:45:00
14.2680336174183,14.569490947413367,14.966002556298866,2314800.0,2022-05-28 09:00:00
14.296027282583823,14.564839810961988,14.9473121082638,2315700.0,2022-05-28 09:15:00
14.332699695254147,14.567863792295062,14.932026751161924,2316600.0,2022-05-28 09:30:00
14.375754012262426,14.574078233107809,14.920026467195074,2317500.0,2022-05-28 09:45:00
14.428270484416103,14.593212587208273,14.911980659874876,2318400.0,2022-05-28 10:00:00
14.488437131310125,14.615269462908596,14.907613208204452,2319300.0,2022-05-28 10:15:00
14.559150973348125,14.638253926035704,14.906606982852397,2320200.0,2022-05-28 10:30:00
14.640863945362288,14.675778036393666,14.90992362578953,2321100.0,2022-05-28 10:45:00
14.72949253012422,14.71722902729524,14.917568027415983,2322000.0,2022-05-28 11:00:00
14.830865434955486,14.766781124575653,14.92962279842177,2322900.0,2022-05-28 11:15:00
14.942350375379217,14.816182358172597,14.945585883297577,2323800.0,2022-05-28 11:30:00
15.06406212992872,14.884596399884222,14.966991282397183,2324700.0,2022-05-28 11:45:00
15.197714972259552,14.962615196606183,14.994478829571015,2325600.0,2022-05-28 12:00:00
15.338575072313498,15.044206425251344,15.02752031795349,2326500.0,2022-05-28 12:15:00
15.486901755801824,15.133558847939764,15.066018314988549,2327400.0,2022-05-28 12:30:00
15.644364225692886,15.236380801335129,15.110932636932834,2328300.0,2022-05-28 12:45:00
15.807551410761256,15.34194104381937,15.161531287593652,2329200.0,2022-05-28 13:00:00
15.97568711832098,15.460166952235287,15.218731460307357,2330100.0,2022-05-28 13:15:00
16.136660635824306,15.564643295925276,15.27862791674778,2331000.0,2022-05-28 13:30:00
16.30562679984698,15.69292882429272,15.344610073707294,2331900.0,2022-05-28 13:45:00
16.468702274730866,15.813544399648483,15.414412108062804,2332800.0,2022-05-28 14:00:00
16.633978248974238,15.944087448954347,15.488968219127676,2333700.0,2022-05-28 14:15:00
16.792062095118755,16.073418237775236,15.567159699321609,2334600.0,2022-05-28 14:30:00
16.937148858433943,16.209216014808643,15.649969968040477,2335500.0,2022-05-28 14:45:00
17.08136881509157,16.328831492887918,15.732960413792004,2336400.0,2022-05-28 15:00:00
17.226764006337035,16.452633195856134,15.816533832208112,2337300.0,2022-05-28 15:15:00
17.362643114534258,16.57834474248925,15.901528846402602,2338200.0,2022-05-28 15:30:00
17.489461926893416,16.691446881175374,15.984911591063508,2339100.0,2022-05-28 15:45:00
17.611020605901974,16.810142218397996,16.068747462215228,2340000.0,2022-05-28 16:00:00
17.724555152065804,16.927150266892703,16.153248537293184,2340900.0,2022-05-28 16:15:00
17.822155718459445,17.02536964960692,16.233993204316214,2341800.0,2022-05-28 16:30:00
17.912827579811168,17.12835566479126,16.31350797374247,2342700.0,2022-05-28 16:45:00
17.99157965673999,17.217908479422036,16.389480058857977,2343600.0,2022-05-28 17:00:00
18.06048007535032,17.307326063004925,16.463522450067924,2344500.0,2022-05-28 17:15:00
18.114867549463064,17.386543618449313,16.534452981231972,2345400.0,2022-05-28 17:30:00
18.15796139644328,17.4553310922112,16.60100226859859,2346300.0,2022-05-28 17:45:00
18.193161194845903,17.521796410494957,16.66453056718415,2347200.0,2022-05-28 18:00:00
18.2102821717566,17.56163660490418,16.71923375644437,2348100.0,2022-05-28 18:15:00
18.21743574863125,17.610027545557053,16.770467085695717,2349000.0,2022-05-28 18:30:00
18.206522879855825,17.632476634239715,16.813399806204146,2349900.0,2022-05-28 18:45:00
18.189009026516302,17.66819707619733,16.85481008323639,2350800.0,2022-05-28 19:00:00
18.155409660197048,17.676111966977903,16.889067840468652,2351700.0,2022-05-28 19:15:00
18.114953331608938,17.680516102152634,16.91747271019075,2352600.0,2022-05-28 19:30:00
18.067163167229985,17.673179255863303,16.93917544651911,2353500.0,2022-05-28 19:45:00
18.01358474404154,17.64920835430273,16.951734890001084,2354400.0,2022-05-28 20:00:00
17.96549289218793,17.643631948430937,16.96319101879919,2355300.0,2022-05-28 20:15:00
17.911213536726002,17.615722463047074,16.968791579342387,2356200.0,2022-05-28 20:30:00
17.855691444759465,17.581606314316222,16.9680155955236,2357100.0,2022-05-28 20:45:00
17.80050164724924,17.555627783505663,16.965098114588965,2358000.0,2022-05-28 21:00:00
17.741587926658944,17.531519599240358,16.96191548898829,2358900.0,2022-05-28 21:15:00
17.67768709726553,17.491572436346235,16.95476757662786,2359800.0,2022-05-28 21:30:00
17.61627619931572,17.45446848229993,16.94508986763985,2360700.0,2022-05-28 21:45:00
17.55269974824486,17.410698274242737,16.93187218099388,2361600.0,2022-05-28 22:00:00
17.48960028025694,17.366660305331415,16.915994880312553,2362500.0,2022-05-28 22:15:00
17.426226657114405,17.325257876060004,16.89897314624349,2363400.0,2022-05-28 22:30:00
17.358943202224218,17.277871552995034,16.879709595813434,2364300.0,2022-05-28 22:45:00
17.288164619107047,17.228520604455305,16.858222163923873,2365200.0,2022-05-28 23:00:00
17.213545634424143,17.177003992852125,16.834753726202813,2366100.0,2022-05-28 23:15:00
17.13772203656085,17.123495424497527,16.809414718672414,2367000.0,2022-05-28 23:30:00
17.05827115804689,17.07306684723448,16.78349621122535,2367900.0,2022-05-28 23:45:00
16.977384262216702,17.02179661271786,16.757378705940155,2368800.0,2022-05-29 00:00:00
16.895139260303374,16.958744891268793,16.728306538630157,2369700.0,2022-05-29 00:15:00
16.81124682156591,16.8958687177611,16.696819489772142,2370600.0,2022-05-29 00:30:00
16.727753233850457,16.83520779152758,16.663992742578916,2371500.0,2022-05-29 00:45:00
16.643097871883743,16.773625069406034,16.630169423764073,2372400.0,2022-05-29 01:00:00
16.556986929832416,16.70417059072218,16.593927069084945,2373300.0,2022-05-29 01:15:00
16.47225523816468,16.643303127810466,16.557332654664627,2374200.0,2022-05-29 01:30:00
16.387186018704327,16.57928629190794,16.520234476232687,2375100.0,2022-05-29 01:45:00
16.30265449450033,16.51679420046566,16.48279258795108,2376000.0,2022-05-29 02:00:00
16.215742986933915,16.44691131651418,16.443765305762803,2376900.0,2022-05-29 02:15:00
16.128439574858856,16.37686444193262,16.403265547169113,2377800.0,2022-05-29 02:30:00
16.042858563737965,16.306604591821557,16.36151855559918,2378700.0,2022-05-29 02:45:00
15.959409827283734,16.242206132037495,16.31995728315338,2379600.0,2022-05-29 03:00:00
15.874877400278482,16.17853404887595,16.278686161669487,2380500.0,2022-05-29 03:15:00
15.787308301633177,16.10875466711689,16.236563210922448,2381400.0,2022-05-29 03:30:00
15.702450191737492,16.04665037219426,16.19488755919936,2382300.0,2022-05-29 03:45:00
15.615347426460676,15.97113891242738,16.15146893902962,2383200.0,2022-05-29 04:00:00
15.530754999319727,15.907834742248808,16.108219661965812,2384100.0,2022-05-29 04:15:00
15.44659501564434,15.842153403360648,16.065004272595736,2385000.0,2022-05-29 04:30:00
15.36292304370707,15.773491880021524,16.021279639941948,2385900.0,2022-05-29 04:45:00
15.280663631051636,15.701939240097108,15.976672332352823,2386800.0,2022-05-29 05:00:00
15.201348757265006,15.634961926958518,15.931827379724544,2387700.0,2022-05-29 05:15:00
15.123329479738508,15.571200591124253,15.887312564968264,2388600.0,2022-05-29 05:30:00
15.04727938627864,15.509599396032192,15.84337912665214,2389500.0,2022-05-29 05:45:00
14.973017370191908,15.444440999557392,15.79948117616128,2390400.0,2022-05-29 06:00:00
14.900745681532507,15.378888886675307,15.755405754734165,2391300.0,2022-05-29 06:15:00
14.835895146253288,15.323820843851264,15.712226872078467,2392200.0,2022-05-29 06:30:00
14.774429153866208,15.262243104280913,15.669400680139882,2393100.0,2022-05-29 06:45:00
14.718874201958014,15.209640211383029,15.62756642965485,2394000.0,2022-05-29 07:00:00
14.670721335552631,15.161641316257962,15.587066227884668,2394900.0,2022-05-29 07:15:00
14.62700572216219,15.11019518410167,15.547311977402428,2395800.0,2022-05-29 07:30:00
14.592965413512752,15.065952703693004,15.508749146012958,2396700.0,2022-05-29 07:45:00
14.566546562839356,15.021768460263145,15.47149299748245,2397600.0,2022-05-29 08:00:00
14.547899542385435,14.988822317778762,15.436366756864086,2398500.0,2022-05-29 08:15:00
14.535014627172568,14.957337926660417,15.403410630142554,2399400.0,2022-05-29 08:30:00
14.528707455297909,14.928137438199158,15.3724988413617,2400300.0,2022-05-29 08:45:00
14.52933714015683,14.91153327973628,15.344352472360692,2401200.0,2022-05-29 09:00:00
14.534934978591735,14.893328015112052,15.31854461084366,2402100.0,2022-05-29 09:15:00
14.543181864457756,14.882597501965314,15.295229612464414,2403000.0,2022-05-29 09:30:00
14.561905489207232,14.87085242502023,15.274086958555277,2403900.0,2022-05-29 09:45:00
14.586630078700248,14.86512713977326,15.25531316886194,2404800.0,2022-05-29 10:00:00
14.625573538616615,14.871074069585031,15.239648669341763,2405700.0,2022-05-29 10:15:00
14.676810554309544,14.879843943742568,15.227260900016327,2406600.0,2022-05-29 10:30:00
14.726033547344407,14.890463641194412,15.217843255587749,2407500.0,2022-05-29 10:45:00
14.784361741634855,14.913417678888273,15.212170594531663,2408400.0,2022-05-29 11:00:00
14.857622575715922,14.94521920692865,15.21075868080395,2409300.0,2022-05-29 11:15:00
14.948033087240075,14.97717692928375,15.213052974416309,2410200.0,2022-05-29 11:30:00
15.050453315996297,15.026847143318973,15.220406970020871,2411100.0,2022-05-29 11:45:00
15.159933603771538,15.073788040432175,15.231966469551637,2412000.0,2022-05-29 12:00:00
15.28225506843742,15.139443591258717,15.249177189146302,2412900.0,2022-05-29 12:15:00
15.416528047988272,15.209882092090195,15.271960942637634,2413800.0,2022-05-29 12:30:00
15.560491930562902,15.285620247628811,15.29998518043564,2414700.0,2022-05-29 12:45:00
15.70997332016743,15.376711304771325,15.334369342763516,2415600.0,2022-05-29 13:00:00
15.861253673222013,15.474156174144271,15.374996601092375,2416500.0,2022-05-29 13:15:00
16.01392713299537,15.573126453929058,15.420948108376924,2417400.0,2022-05-29 13:30:00
16.160395450127638,15.676977346410368,15.471653902164412,2418300.0,2022-05-29 13:45:00
16.29208620650946,15.784862965119713,15.527064255651789,2419200.0,2022-05-29 14:00:00
16.413736778704553,15.87394647024098,15.582778435669026,2420100.0,2022-05-29 14:15:00
16.536988876980963,15.97464510774528,15.640434037844091,2421000.0,2022-05-29 14:30:00
16.649669086060758,16.07950074147106,15.701061030517126,2421900.0,2022-05-29 14:45:00
16.74818720833481,16.174163458735087,15.76247262086531,2422800.0,2022-05-29 15:00:00
16.83704893198118,16.26305564526367,15.823410766418554,2423700.0,2022-05-29 15:15:00
16.91415684945416,16.349492772268153,15.883807145662743,2424600.0,2022-05-29 15:30:00
16.984163029651867,16.427888627948988,15.942561846789706,2425500.0,2022-05-29 15:45:00
17.044446885505653,16.499060275838367,15.998955093650892,2426400.0,2022-05-29 16:00:00
17.091780379753096,16.555936646574136,16.05063672413707,2427300.0,2022-05-29 16:15:00
17.14388078652274,16.625134679708164,16.101912056561098,2428200.0,2022-05-29 16:30:00
17.190200184313593,16.677432680787767,16.149862723740355,2429100.0,2022-05-29 16:45:00
17.22484137980965,16.72583741082329,16.19435658384717,2430000.0,2022-05-29 17:00:00
17.24059827176546,16.77154923679085,16.2364963369771,2430900.0,2022-05-29 17:15:00
17.245398419668156,16.803881874699112,16.27442473639233,2431800.0,2022-05-29 17:30:00
17.25111776643197,16.83777333817909,16.309959204874023,2432700.0,2022-05-29 17:45:00
17.248871277156823,16.85747140841011,16.34087002108789,2433600.0,2022-05-29 18:00:00
17.241422147431162,16.872433552824795,16.367440707473413,2434500.0,2022-05-29 18:15:00
17.22886027359291,16.886647281816504,16.390983868576864,2435400.0,2022-05-29 18:30:00
17.211697483034364,16.895491998251707,16.411608483724596,2436300.0,2022-05-29 18:45:00
17.183518522252736,16.890499973860972,16.42707195184405,2437200.0,2022-05-29 19:00:00
17.151021476781356,16.886324285606563,16.43895436395766,2438100.0,2022-05-29 19:15:00
17.110674389106716,16.878425885363754,16.448020681714723,2439000.0,2022-05-29 19:30:00
17.06529464946984,16.86229680779934,16.453420115565194,2439900.0,2022-05-29 19:45:00
17.016375707346416,16.838627736541458,16.454565040188598,2440800.0,2022-05-29 20:00:00
16.96045880487625,16.820976712610072,16.454199275629183,2441700.0,2022-05-29 20:15:00
16.899862508925963,16.79189714771403,16.450680268391967,2442600.0,2022-05-29 20:30:00
16.833188219110504,16.74970391722293,16.441852253669865,2443500.0,2022-05-29 20:45:00
16.771075278379723,16.722211007252586,16.432213307668423,2444400.0,2022-05-29 21:00:00
16.71195544268433,16.68356503584761,16.42007567598385,2445300.0,2022-05-29 21:15:00
16.65381783755711,16.639806609113446,16.404735033159547,2446200.0,2022-05-29 21:30:00
16.59677130298346,16.598890284384694,16.387340503896766,2447100.0,2022-05-29 21:45:00
16.53979528681279,16.558887374269734,16.368764346942758,2448000.0,2022-05-29 22:00:00
16.48418636619753,16.521646549609407,16.349894958125056,2448900.0,2022-05-29 22:15:00
16.428241589556,16.4880100400821,16.331772207378,2449800.0,2022-05-29 22:30:00
16.363917447847115,16.439504282905908,16.311154552963476,2450700.0,2022-05-29 22:45:00
16.29798952420781,16.39624840913186,16.289356879845315,2451600.0,2022-05-29 23:00:00
16.227805674450465,16.342349910059728,16.26475160489413,2452500.0,2022-05-29 23:15:00
16.15715831270413,16.29575370675634,16.239262791247683,2453400.0,2022-05-29 23:30:00
16.08759309378761,16.244304510036674,16.21238485100983,2454300.0,2022-05-29 23:45:00
16.01250342226263,16.188789261042807,16.183626865307723,2455200.0,2022-05-30 00:00:00
15.941720315591132,16.14140430111771,16.1547692350404,2456100.0,2022-05-30 00:15:00
15.862739134912877,16.089831756212945,16.125353463633683,2457000.0,2022-05-30 00:30:00
15.782581142498351,16.027899800959784,16.093796941097985,2457900.0,2022-05-30 00:45:00
15.702508837269814,15.971202265562289,16.061018323074276,2458800.0,2022-05-30 01:00:00
15.621545987883955,15.911831072702562,16.027082897667285,2459700.0,2022-05-30 01:15:00
15.542457873144487,15.84774497536538,15.991448831366666,2460600.0,2022-05-30 01:30:00
15.461186372645562,15.787651102727478,15.95507518952316,2461500.0,2022-05-30 01:45:00
15.379296565167405,15.726338456301656,15.918008128508763,2462400.0,2022-05-30 02:00:00
15.300113019253988,15.669515191744503,15.880913055464829,2463300.0,2022-05-30 02:15:00
15.21908461833967,15.608910276424856,15.843425877455816,2464200.0,2022-05-30 02:30:00
15.1394178044637,15.545303364160414,15.804969811549428,2465100.0,2022-05-30 02:45:00
15.059193253205237,15.477377803969448,15.765269169133878,2466000.0,2022-05-30 03:00:00
14.982661712354304,15.421819445129255,15.725921820144151,2466900.0,2022-05-30 03:15:00
14.903883256117952,15.358974929771868,15.68609621667622,2467800.0,2022-05-30 03:30:00
14.825226096387928,15.29440245771721,15.645641932139696,2468700.0,2022-05-30 03:45:00
14.74377010308293,15.232404986033702,15.604865078911804,2469600.0,2022-05-30 04:00:00
14.663512942577912,15.173577043259588,15.564136824407132,2470500.0,2022-05-30 04:15:00
14.57957464035435,15.106064956502127,15.522629598884032,2471400.0,2022-05-30 04:30:00
14.49848072510686,15.041530460323916,15.48059959436463,2472300.0,2022-05-30 04:45:00
14.418850906509537,14.984616518984245,15.438691034947674,2473200.0,2022-05-30 05:00:00
14.336389214702546,14.91207192397205,15.395947226406609,2474100.0,2022-05-30 05:15:00
14.260590701408187,14.854162414552434,15.353228429846784,2475000.0,2022-05-30 05:30:00
14.187063351420012,14.790254446654602,15.310466494973529,2475900.0,2022-05-30 05:45:00
14.117848147818032,14.736118754896983,15.268107085155046,2476800.0,2022-05-30 06:00:00
14.05102787879614,14.675299543668228,15.225810063868474,2477700.0,2022-05-30 06:15:00
13.989867957933903,14.618016886167878,15.183525193902913,2478600.0,2022-05-30 06:30:00
13.933439562242755,14.56285259445613,15.141576831557998,2479500.0,2022-05-30 06:45:00
13.883704888321166,14.510608286859762,15.10022796373852,2480400.0,2022-05-30 07:00:00
13.840434667507084,14.460167606419615,15.059837620617415,2481300.0,2022-05-30 07:15:00
13.804021126173538,14.417220513083777,15.02064321845156,2482200.0,2022-05-30 07:30:00
13.773229603809666,14.37372988967067,14.982720700073171,2483100.0,2022-05-30 07:45:00
13.754555198433634,14.341613064256912,14.946398735067625,2484000.0,2022-05-30 08:00:00
13.7439211341599,14.30441041636986,14.911839599375124,2484900.0,2022-05-30 08:15:00
13.743283197139364,14.27878292573733,14.879259212341516,2485800.0,2022-05-30 08:30:00
13.752755963377004,14.258600701947197,14.84912941409986,2486700.0,2022-05-30 08:45:00
13.770291091928271,14.2442491718762,14.821701178411017,2487600.0,2022-05-30 09:00:00
13.795314845812795,14.233672587901925,14.797016031009914,2488500.0,2022-05-30 09:15:00
13.832882132121672,14.22980414949469,14.77537890487163,2489400.0,2022-05-30 09:30:00
13.879262303460612,14.235500472793944,14.757295483715684,2490300.0,2022-05-30 09:45:00
13.93348131274988,14.247951527139556,14.742766870718532,2491200.0,2022-05-30 10:00:00
13.995926931832363,14.264158620822776,14.731825439311002,2492100.0,2022-05-30 10:15:00
14.061205932711667,14.286106725572488,14.724542898035436,2493000.0,2022-05-30 10:30:00
14.13243726901667,14.31814541574282,14.721104655812477,2493900.0,2022-05-30 10:45:00
14.206232459968268,14.341023521492197,14.72081661842648,2494800.0,2022-05-30 11:00:00
14.280528018195628,14.379545692931677,14.724035494073402,2495700.0,2022-05-30 11:15:00
14.342630112336304,14.415904271018988,14.730442071446864,2496600.0,2022-05-30 11:30:00
14.402458750892269,14.456160988699596,14.739634442615085,2497500.0,2022-05-30 11:45:00
14.47572873247452,14.5013565049231,14.7515173078232,2498400.0,2022-05-30 12:00:00
14.590268151841116,14.544952422482403,14.765693076179566,2499300.0,2022-05-30 12:15:00
14.713418539047074,14.612832831431447,14.784492298085574,2500200.0,2022-05-30 12:30:00
14.877252596736204,14.69314100344495,14.809333113167147,2501100.0,2022-05-30 12:45:00
15.060557378839675,14.781224664041853,14.84048434755976,2502000.0,2022-05-30 13:00:00
15.232928305888157,14.879120119259715,14.878185126297383,2502900.0,2022-05-30 13:15:00
15.379473324801282,14.980800482248004,14.921906031472831,2503800.0,2022-05-30 13:30:00
15.534792898833372,15.087152405065591,14.971109841748152,2504700.0,2022-05-30 13:45:00
15.688366023464724,15.199047235044162,15.025559272117324,2505600.0,2022-05-30 14:00:00
15.835536005007436,15.308434255569544,15.083738589569752,2506500.0,2022-05-30 14:15:00
15.97481903067036,15.409684122960908,15.143363597781477,2507400.0,2022-05-30 14:30:00
16.069542764441582,15.512061922461518,15.20437126955462,2508300.0,2022-05-30 14:45:00
16.097486147187414,15.594309125745331,15.26381162962008,2509200.0,2022-05-30 15:00:00
16.09149618841742,15.652105245406718,15.317899729057244,2510100.0,2022-05-30 15:15:00
16.09886397335013,15.705172483813058,15.367177237926956,2511000.0,2022-05-30 15:30:00
16.1234894191082,15.75724505095612,15.413177785446392,2511900.0,2022-05-30 15:45:00
16.14021094791138,15.794864685312996,15.45440288359258,2512800.0,2022-05-30 16:00:00
16.16365504596528,15.82618692995172,15.490724475961567,2513700.0,2022-05-30 16:15:00
16.207511209017877,15.863969508319803,15.524598284444677,2514600.0,2022-05-30 16:30:00
16.271270854438598,15.9169410445836,15.559925851089352,2515500.0,2022-05-30 16:45:00
16.337141396951505,15.951078031107212,15.5927279954084,2516400.0,2022-05-30 17:00:00
16.397491338226438,15.996816339213431,15.625364448892178,2517300.0,2022-05-30 17:15:00
16.446039564637395,16.045859924223343,15.659122308343113,2518200.0,2022-05-30 17:30:00
16.480841114242764,16.08194442783667,15.691358252176178,2519100.0,2022-05-30 17:45:00
16.50814979902822,16.121843299433266,15.72309655750953,2520000.0,2022-05-30 18:00:00
16.528054061877285,16.15388298758669,15.753187812909644,2520900.0,2022-05-30 18:15:00
16.54281617438183,16.189102016711374,15.782966540131437,2521800.0,2022-05-30 18:30:00
16.543325173178903,16.211540775334804,15.81031675256726,2522700.0,2022-05-30 18:45:00
16.536264153704312,16.223886602470948,15.833591342744228,2523600.0,2022-05-30 19:00:00
16.52440962548793,16.240061869477916,15.854991184895344,2524500.0,2022-05-30 19:15:00
16.508160828322357,16.249515557643605,15.874097722004343,2525400.0,2022-05-30 19:30:00
16.489327166259024,16.25252571994512,15.890175212581513,2526300.0,2022-05-30 19:45:00
16.469143057054772,16.250585317204646,15.902888178310077,2527200.0,2022-05-30 20:00:00
16.448872513699683,16.245984302566324,15.91265198013024,2528100.0,2022-05-30 20:15:00
16.42629556923837,16.24139282567109,15.920384154329286,2529000.0,2022-05-30 20:30:00
16.39955494608221,16.228915824846197,15.92512607568884,2529900.0,2022-05-30 20:45:00
16.369458647716723,16.218804514652717,15.928211001714232,2530800.0,2022-05-30 21:00:00
16.32967668927112,16.205017150279687,15.92965463305766,2531700.0,2022-05-30 21:15:00
16.2823333344819,16.184042355664957,15.928378306356642,2532600.0,2022-05-30 21:30:00
16.22645831869684,16.153373438345827,15.923163513021718,2533500.0,2022-05-30 21:45:00
16.166891713773445,16.132539587372385,15.91722399381279,2534400.0,2022-05-30 22:00:00
16.099999414382015,16.092200131027298,15.9073471667164,2535300.0,2022-05-30 22:15:00
16.032803829302054,16.056920355323513,15.895142212358476,2536200.0,2022-05-30 22:30:00
15.95979867581085,16.01594903949202,15.880459464775171,2537100.0,2022-05-30 22:45:00
15.887657126000148,15.973613430307685,15.863619212982758,2538000.0,2022-05-30 23:00:00
15.813850046123086,15.926199264191938,15.844385181031903,2538900.0,2022-05-30 23:15:00
15.741271593331678,15.878597536539536,15.82322529334482,2539800.0,2022-05-30 23:30:00
15.668309237330783,15.823955880498689,15.799277397523584,2540700.0,2022-05-30 23:45:00
15.599078596195282,15.78074241680346,15.775055595824014,2541600.0,2022-05-31 00:00:00
15.53204742587789,15.730334234557668,15.749720050287843,2542500.0,2022-05-31 00:15:00
15.468957374126004,15.683172223153344,15.723702726887394,2543400.0,2022-05-31 00:30:00
15.408667665138132,15.632916038287524,15.696646663807195,2544300.0,2022-05-31 00:45:00
15.350787418910135,15.5796553208732,15.668273120772382,2545200.0,2022-05-31 01:00:00
15.297400913595968,15.538345198353513,15.640495550640445,2546100.0,2022-05-31 01:15:00
15.242297920587756,15.492125382924163,15.612670420933,2547000.0,2022-05-31 01:30:00
15.188125668560051,15.44901817666084,15.585073540410812,2547900.0,2022-05-31 01:45:00
15.133090096275057,15.398357798079108,15.556550595371233,2548800.0,2022-05-31 02:00:00
15.077562165857309,15.355342656048212,15.52816456137016,2549700.0,2022-05-31 02:15:00
15.02154888209461,15.313030140028982,15.500154061885176,2550600.0,2022-05-31 02:30:00
14.962121902215364,15.262799827588584,15.471379426768022,2551500.0,2022-05-31 02:45:00
14.902894790454855,15.224080106107358,15.443139421706148,2552400.0,2022-05-31 03:00:00
14.841125472469525,15.172969800904006,15.414047967968177,2553300.0,2022-05-31 03:15:00
14.779625832973464,15.131724275622975,15.385094382349669,2554200.0,2022-05-31 03:30:00
14.713579924765378,15.080328472272296,15.35529800975366,2555100.0,2022-05-31 03:45:00
14.648799248403124,15.036422639802186,15.325347322382695,2556000.0,2022-05-31 04:00:00
14.58040807777764,14.981578429316851,15.294206748355052,2556900.0,2022-05-31 04:15:00
14.513893565355794,14.932416532514202,15.262505509053614,2557800.0,2022-05-31 04:30:00
14.445731357663671,14.88110570266136,15.23029316387735,2558700.0,2022-05-31 04:45:00
14.38141475966634,14.835343550595802,15.198163981944573,2559600.0,2022-05-31 05:00:00
14.31625924811276,14.786703507902388,15.165699902624434,2560500.0,2022-05-31 05:15:00
14.253124673711218,14.734254651926095,15.132424228056276,2561400.0,2022-05-31 05:30:00
14.191929338569444,14.680917001939132,15.098601402702403,2562300.0,2022-05-31 05:45:00
14.13554057605808,14.633286087855051,15.064748481311662,2563200.0,2022-05-31 06:00:00
14.079512837211166,14.58428372400984,15.030991982127572,2564100.0,2022-05-31 06:15:00
14.029312294315137,14.541965317480326,14.997666906459864,2565000.0,2022-05-31 06:30:00
13.98332298262334,14.49624803789345,14.964638130084865,2565900.0,2022-05-31 06:45:00
13.942567470837927,14.452840175481672,14.93195205750708,2566800.0,2022-05-31 07:00:00
13.908901757652956,14.414276743987028,14.900006354957949,2567700.0,2022-05-31 07:15:00
13.882098702969458,14.380017431983946,14.86914087251424,2568600.0,2022-05-31 07:30:00
13.862278888191128,14.346423408987086,14.839450219397962,2569500.0,2022-05-31 07:45:00
13.85111118318708,14.320170946403625,14.811336630353,2570400.0,2022-05-31 08:00:00
13.849037820407927,14.297252530480772,14.784928607434328,2571300.0,2022-05-31 08:15:00
13.854344677533344,14.28032817385484,14.760535331572584,2572200.0,2022-05-31 08:30:00
13.869674876636736,14.266916742244725,14.738156747736006,2573100.0,2022-05-31 08:45:00
13.892908273905595,14.257872680080414,14.718019790947952,2574000.0,2022-05-31 09:00:00
13.92108107511454,14.252245702100067,14.700382847017762,2574900.0,2022-05-31 09:15:00
13.947257293096127,14.25430834012652,14.68542730071526,2575800.0,2022-05-31 09:30:00
13.980427834058712,14.26059736338458,14.67316868161598,2576700.0,2022-05-31 09:45:00
14.012944056144404,14.26859722950597,14.663313297771246,2577600.0,2022-05-31 10:00:00
14.04103543087214,14.277357438280072,14.655525653391145,2578500.0,2022-05-31 10:15:00
14.063800515890028,14.291236992103975,14.64975354583662,2579400.0,2022-05-31 10:30:00
14.08140859495828,14.300436874861647,14.645273014467747,2580300.0,2022-05-31 10:45:00
14.117459886166426,14.310694025560649,14.641812222941043,2581200.0,2022-05-31 11:00:00
14.18668858271768,14.331799564621972,14.640426081536472,2582100.0,2022-05-31 11:15:00
14.278031458324682,14.360949939061074,14.641945958633016,2583000.0,2022-05-31 11:30:00
14.383622285245204,14.407392379430933,14.648011332270224,2583900.0,2022-05-31 11:45:00
14.503787497624716,14.457588560091455,14.658754373306554,2584800.0,2022-05-31 12:00:00
14.637371843022406,14.517530973202126,14.674497083123788,2585700.0,2022-05-31 12:15:00
14.777641627796008,14.590782090623422,14.696218597992994,2586600.0,2022-05-31 12:30:00
14.91111071793507,14.66526855403936,14.723173494534334,2587500.0,2022-05-31 12:45:00
15.045040404188432,14.74911940454672,14.755503572834122,2588400.0,2022-05-31 13:00:00
15.176067319430624,14.836226686099828,14.792673224724291,2589300.0,2022-05-31 13:15:00
15.304938204972348,14.92409225770349,14.833873764691583,2590200.0,2022-05-31 13:30:00
15.43515363173163,15.015874742693295,14.878853466461075,2591100.0,2022-05-31 13:45:00
15.565583411565676,15.115022429454378,14.927914711673225,2592000.0,2022-05-31 14:00:00
15.693676307305722,15.206215603505932,14.979164355822732,2592900.0,2022-05-31 14:15:00
15.826313948212633,15.30473534236008,15.033116624957264,2593800.0,2022-05-31 14:30:00
15.958544494269844,15.408102414559677,15.090385160094826,2594700.0,2022-05-31 14:45:00
16.084175982300803,15.502594887491648,15.148607377921254,2595600.0,2022-05-31 15:00:00
16.209712756478087,15.60770866033354,15.209600582034671,2596500.0,2022-05-31 15:15:00
16.32940173562684,15.705784691354596,15.27187631060906,2597400.0,2022-05-31 15:30:00
16.4396564514411,15.807374077514291,15.335928453642651,2598300.0,2022-05-31 15:45:00
16.540368706447566,15.899685345841798,15.399832939748093,2599200.0,2022-05-31 16:00:00
16.64163060889866,15.993200126953669,15.463862997211455,2600100.0,2022-05-31 16:15:00
16.738059291017354,16.08026646210581,15.5269305730874,2601000.0,2022-05-31 16:30:00
16.8309317857541,16.174120033710157,15.591064752492672,2601900.0,2022-05-31 16:45:00
16.91383902958175,16.251766182912597,15.652729759008391,2602800.0,2022-05-31 17:00:00
16.988817683334204,16.33287495794183,15.713465997424311,2603700.0,2022-05-31 17:15:00
17.050924799431122,16.40913862934684,15.77318556766984,2604600.0,2022-05-31 17:30:00
17.09817554768734,16.47219046884232,15.829544503463488,2605500.0,2022-05-31 17:45:00
17.138807450238897,16.529986838017916,15.882438686834345,2606400.0,2022-05-31 18:00:00
17.172407218980407,16.581852458695845,15.931880673969768,2607300.0,2022-05-31 18:15:00
17.193684334967475,16.63161397923095,15.978970672874468,2608200.0,2022-05-31 18:30:00
17.199421203325148,16.66084343398405,16.01993940263329,2609100.0,2022-05-31 18:45:00
17.19755603276683,16.6945277514375,16.05779925051653,2610000.0,2022-05-31 19:00:00
17.185205342589658,16.717807494263322,16.091894332196148,2610900.0,2022-05-31 19:15:00
17.166275991686845,16.731588886266792,16.121310199898783,2611800.0,2022-05-31 19:30:00
17.139013418178983,16.73973639487427,16.146364065845653,2612700.0,2022-05-31 19:45:00
17.10923338296903,16.742930418250136,16.167606824534495,2613600.0,2022-05-31 20:00:00
17.0755010297028,16.741740589821003,16.1854444124442,2614500.0,2022-05-31 20:15:00
17.04071647829729,16.738318525645653,16.200595857979277,2615400.0,2022-05-31 20:30:00
16.999384285053992,16.717666412729375,16.209771037271818,2616300.0,2022-05-31 20:45:00
16.95904464129206,16.70478025082135,16.216219774880205,2617200.0,2022-05-31 21:00:00
16.913355699080554,16.684765496642026,16.219486853343305,2618100.0,2022-05-31 21:15:00
16.86080542389427,16.662980028940673,16.2202748166223,2619000.0,2022-05-31 21:30:00
16.80379340431235,16.63208763981858,16.217275020137716,2619900.0,2022-05-31 21:45:00
16.742311115845833,16.597295453238026,16.210557537897976,2620800.0,2022-05-31 22:00:00
16.68018878389916,16.567213429269163,16.202485017082036,2621700.0,2022-05-31 22:15:00
16.614325114362742,16.528657873746074,16.191770957688544,2622600.0,2022-05-31 22:30:00
16.545505676030036,16.485289909635966,16.17798491833403,2623500.0,2022-05-31 22:45:00
16.477933859909832,16.446761098745554,16.163133113697917,2624400.0,2022-05-31 23:00:00
16.40605260273469,16.400939289786052,16.14609447260514,2625300.0,2022-05-31 23:15:00
16.332949200251136,16.355464650444294,16.127308905625515,2626200.0,2022-05-31 23:30:00
16.257499237480722,16.302586987136316,16.10585611908574,2627100.0,2022-05-31 23:45:00
16.183237750086086,16.252983016439348,16.082941378356942,2628000.0,2022-06-01 00:00:00
16.108497464544687,16.201774944004704,16.05867044760504,2628900.0,2022-06-01 00:15:00
16.034232553773638,16.1522680324806,16.0336906935435,2629800.0,2022-06-01 00:30:00
15.957152692396896,16.093238618963895,16.006291178742096,2630700.0,2022-06-01 00:45:00
15.879507197407564,16.03664032567104,15.977260939330156,2631600.0,2022-06-01 01:00:00
15.802555552201987,15.984484014447377,15.947987781958016,2632500.0,2022-06-01 01:15:00
15.721842685419078,15.923558529743108,15.917132460059694,2633400.0,2022-06-01 01:30:00
15.644191193277008,15.870948669384036,15.886219468821976,2634300.0,2022-06-01 01:45:00
15.565268440801637,15.81012063521252,15.853908857515911,2635200.0,2022-06-01 02:00:00
15.484673420483768,15.746418780388057,15.81996197344134,2636100.0,2022-06-01 02:15:00
15.40732812431378,15.689386616107544,15.785567616008548,2637000.0,2022-06-01 02:30:00
15.329605830918506,15.632281388055226,15.751027274665253,2637900.0,2022-06-01 02:45:00
15.25226532755811,15.572749743713118,15.715912216006023,2638800.0,2022-06-01 03:00:00
15.174258766846725,15.51313822751575,15.680269627145927,2639700.0,2022-06-01 03:15:00
15.096243862538062,15.453524791561348,15.64417723522594,2640600.0,2022-06-01 03:30:00
15.015717427939368,15.389953917832466,15.607096847840896,2641500.0,2022-06-01 03:45:00
14.93718658679166,15.33091693570188,15.56976923276671,2642400.0,2022-06-01 04:00:00
14.860019090325633,15.271340720729205,15.53215769156544,2643300.0,2022-06-01 04:15:00
14.781697759556522,15.209770703225727,15.493988606800883,2644200.0,2022-06-01 04:30:00
14.703913436585264,15.15028170323728,15.455589063277346,2645100.0,2022-06-01 04:45:00
14.627077337922048,15.087610480381976,15.41668967239224,2646000.0,2022-06-01 05:00:00
14.55568961958052,15.033238447442477,15.378203748171146,2646900.0,2022-06-01 05:15:00
14.482365935648284,14.97134347930678,15.339315392775784,2647800.0,2022-06-01 05:30:00
14.412418477270458,14.915028909131593,15.30049189140974,2648700.0,2022-06-01 05:45:00
14.343211924515328,14.859496712378183,15.261726110144169,2649600.0,2022-06-01 06:00:00
14.276751942919654,14.800629462363927,15.2228140721555,2650500.0,2022-06-01 06:15:00
14.213657155700824,14.747907276666927,15.184313113853074,2651400.0,2022-06-01 06:30:00
14.151638967744114,14.693593883753538,15.145848309003355,2652300.0,2022-06-01 06:45:00
14.096784478029758,14.643870794171107,15.107798116433134,2653200.0,2022-06-01 07:00:00
14.047384261902774,14.591530275095268,15.070054909058854,2654100.0,2022-06-01 07:15:00
14.005062499696232,14.542126813605533,15.032878589922404,2655000.0,2022-06-01 07:30:00
13.973587726531742,14.50304035123694,14.997134435121517,2655900.0,2022-06-01 07:45:00
13.94944643883326,14.467644483628344,14.962929676508134,2656800.0,2022-06-01 08:00:00
13.93474845795698,14.432023935997812,14.930162392868034,2657700.0,2022-06-01 08:15:00
13.932344419657754,14.407995501599888,14.899427933932854,2658600.0,2022-06-01 08:30:00
13.938728877126657,14.382608196786173,14.870751749837076,2659500.0,2022-06-01 08:45:00
13.958461381292766,14.365442220152069,14.844686031346766,2660400.0,2022-06-01 09:00:00
13.989237323487147,14.360488104242544,14.821860180209214,2661300.0,2022-06-01 09:15:00
14.026625227652527,14.360988569645167,14.802384354414643,2662200.0,2022-06-01 09:30:00
14.073425189028208,14.366470867322713,14.786202045112994,2663100.0,2022-06-01 09:45:00
14.129386520546822,14.375073802603126,14.773285455836698,2664000.0,2022-06-01 10:00:00
14.19059431838601,14.392156070153804,14.76398553376025,2664900.0,2022-06-01 10:15:00
14.265028670249054,14.417428473549258,14.7585943221338,2665800.0,2022-06-01 10:30:00
14.351596521179728,14.452228523747946,14.757504568834966,2666700.0,2022-06-01 10:45:00
14.441342199928702,14.491699554773849,14.760665439839096,2667600.0,2022-06-01 11:00:00
14.527147335336096,14.530782163022126,14.767430073701664,2668500.0,2022-06-01 11:15:00
14.620966832421969,14.580734714537511,14.778217479032662,2669400.0,2022-06-01 11:30:00
14.734922864004156,14.643608513715868,14.793900815044369,2670300.0,2022-06-01 11:45:00
14.865303400055028,14.703903094676363,14.813794973539228,2671200.0,2022-06-01 12:00:00
15.003495004673924,14.781421767692333,14.839126214832543,2672100.0,2022-06-01 12:15:00
15.156993666123732,14.867897147905504,14.870348379124778,2673000.0,2022-06-01 12:30:00
15.326414300118156,14.957341130995916,14.906751701097392,2673900.0,2022-06-01 12:45:00
15.511841425251855,15.064440850698713,14.94979712157858,2674800.0,2022-06-01 13:00:00
15.694507934343552,15.17972813570162,14.99982538194634,2675700.0,2022-06-01 13:15:00
15.87406363386561,15.293155559414878,15.05508709355134,2676600.0,2022-06-01 13:30:00
16.0481394172732,15.423261552610136,15.117173084577315,2677500.0,2022-06-01 13:45:00
16.218566655574,15.548864443663453,15.184188143035904,2678400.0,2022-06-01 14:00:00
16.383752855074775,15.674053156186858,15.254685684263873,2679300.0,2022-06-01 14:15:00
16.530591900378784,15.795750804511638,15.327359064465412,2680200.0,2022-06-01 14:30:00
16.663238575572088,15.918896285178883,15.402356436883938,2681100.0,2022-06-01 14:45:00
16.791770547213275,16.034400493137746,15.477911355732788,2682000.0,2022-06-01 15:00:00
16.915426570648783,16.145146281210558,15.553029825566735,2682900.0,2022-06-01 15:15:00
17.028197933034274,16.26155836087097,15.629615569998563,2683800.0,2022-06-01 15:30:00
17.13756525081005,16.365729028679244,15.705155066023602,2684700.0,2022-06-01 15:45:00
17.259235313532866,16.47535054169241,15.781279540983862,2685600.0,2022-06-01 16:00:00
17.379009101975814,16.583880598281187,15.85810971328116,2686500.0,2022-06-01 16:15:00
17.50878273381168,16.685575094394,15.933554816672803,2687400.0,2022-06-01 16:30:00
17.62838068509263,16.791999943406722,16.00907186658172,2688300.0,2022-06-01 16:45:00
17.72304939282427,16.890318984150692,16.08346869055219,2689200.0,2022-06-01 17:00:00
17.79662826823502,16.97586563680572,16.15431552314864,2690100.0,2022-06-01 17:15:00
17.85757775411761,17.067526854302184,16.225079840327666,2691000.0,2022-06-01 17:30:00
17.9018735461395,17.13704415374694,16.29130381641274,2691900.0,2022-06-01 17:45:00
17.934369492966205,17.19787538967582,16.35242366020692,2692800.0,2022-06-01 18:00:00
17.956056947963734,17.255420592697416,16.409775872404673,2693700.0,2022-06-01 18:15:00
17.961372758935607,17.29613855952866,16.460994777248576,2694600.0,2022-06-01 18:30:00
17.94966301230018,17.32082115302482,16.50406338299977,2695500.0,2022-06-01 18:45:00
17.917192955524683,17.337590591834797,16.539978945973278,2696400.0,2022-06-01 19:00:00
17.87270824695653,17.351541502119876,16.571562851589498,2697300.0,2022-06-01 19:15:00
17.820226713694986,17.357044519086053,16.59917250513917,2698200.0,2022-06-01 19:30:00
17.76556387511928,17.339877571471444,16.618373252476236,2699100.0,2022-06-01 19:45:00
17.720094337238372,17.333822936979765,16.63445982683876,2700000.0,2022-06-01 20:00:00
17.67172169828129,17.314592335940095,16.645629311046918,2700900.0,2022-06-01 20:15:00
17.62469316059865,17.296744525026593,16.653548702863773,2701800.0,2022-06-01 20:30:00
17.576476557939323,17.2724772444792,16.65767021792409,2702700.0,2022-06-01 20:45:00
17.52777975232392,17.251872036751458,16.66009280829632,2703600.0,2022-06-01 21:00:00
17.475466629054488,17.22278232554274,16.659409827639003,2704500.0,2022-06-01 21:15:00
17.418512914254066,17.18430788637952,16.653757758467112,2705400.0,2022-06-01 21:30:00
17.363856708256655,17.16364531785761,16.649128101658327,2706300.0,2022-06-01 21:45:00
17.302679733283526,17.124937189203244,16.64134684528357,2707200.0,2022-06-01 22:00:00
17.240135519890405,17.081686571045168,16.629736472069336,2708100.0,2022-06-01 22:15:00
17.17910549336916,17.039789897697638,16.6154348188666,2709000.0,2022-06-01 22:30:00
17.11628149837116,17.00191533276552,16.600240062832754,2709900.0,2022-06-01 22:45:00
17.050673513037097,16.96055310593316,16.583924703863914,2710800.0,2022-06-01 23:00:00
16.98173014469682,16.914479666766546,16.565737032309737,2711700.0,2022-06-01 23:15:00
16.91308933250656,16.8686188647137,16.54608147803717,2712600.0,2022-06-01 23:30:00
16.84185561547308,16.81814097647863,16.524339598149965,2713500.0,2022-06-01 23:45:00
16.77264736185964,16.776609134487874,16.50293655010225,2714400.0,2022-06-02 00:00:00
16.699114484931414,16.7204435256684,16.47892121759336,2715300.0,2022-06-02 00:15:00
16.625854895549118,16.66928407956181,16.45366780894552,2716200.0,2022-06-02 00:30:00
16.554095454618654,16.6232720964772,16.428535237449914,2717100.0,2022-06-02 00:45:00
16.477902759094665,16.565082054338745,16.401281188535545,2718000.0,2022-06-02 01:00:00
16.404628735044433,16.50432175658407,16.371430054958527,2718900.0,2022-06-02 01:15:00
16.332515561771686,16.456335971260124,16.342048548602307,2719800.0,2022-06-02 01:30:00
16.261792610082978,16.402631594199057,16.312245116528818,2720700.0,2022-06-02 01:45:00
16.193711691507357,16.350918263724875,16.282266934354066,2721600.0,2022-06-02 02:00:00
16.12455427239772,16.28947793133556,16.25027066217575,2722500.0,2022-06-02 02:15:00
16.055665325391427,16.24304310002303,16.219175647437364,2723400.0,2022-06-02 02:30:00
15.984200973981586,16.185169839680274,16.18707510977547,2724300.0,2022-06-02 02:45:00
15.909929024782414,16.126533501198573,16.153760485317846,2725200.0,2022-06-02 03:00:00
15.835545245126056,16.071927063194497,16.1201480684158,2726100.0,2022-06-02 03:15:00
15.759578283853733,16.01528829166564,16.08606031201504,2727000.0,2022-06-02 03:30:00
15.681798620021002,15.957746395666115,16.051383595143005,2727900.0,2022-06-02 03:45:00
15.605144644903072,15.901519786252086,16.01637060039494,2728800.0,2022-06-02 04:00:00
15.528519620233633,15.841330950789557,15.980461297319506,2729700.0,2022-06-02 04:15:00
15.452428855067538,15.777834194412772,15.943415945820464,2730600.0,2022-06-02 04:30:00
15.382979326363612,15.728601693808343,15.907269488187762,2731500.0,2022-06-02 04:45:00
15.313584102663032,15.670860537922042,15.870960320408166,2732400.0,2022-06-02 05:00:00
15.249974379399909,15.617008515972891,15.834692610313333,2733300.0,2022-06-02 05:15:00
15.188813574086486,15.562680098690228,15.798407479964274,2734200.0,2022-06-02 05:30:00
15.13371964577196,15.511895895229095,15.762386342233563,2735100.0,2022-06-02 05:45:00
15.08159719685459,15.458768091409164,15.726346009259323,2736000.0,2022-06-02 06:00:00
15.034299804399623,15.410817625479046,15.690924770199851,2736900.0,2022-06-02 06:15:00
14.99403996505141,15.36871837161388,15.65664997408132,2737800.0,2022-06-02 06:30:00
14.956735117872125,15.329247756205923,15.623705614065145,2738700.0,2022-06-02 06:45:00
14.9211655010909,15.29034594789136,15.591756765515733,2739600.0,2022-06-02 07:00:00
14.889150721324077,15.251965205495267,15.560677886449726,2740500.0,2022-06-02 07:15:00
14.85979983801427,15.213571193297067,15.53037833147067,2741400.0,2022-06-02 07:30:00
14.833142400874593,15.183651923633446,15.50146135089453,2742300.0,2022-06-02 07:45:00
14.810067231049793,15.157201550164556,15.474143796472276,2743200.0,2022-06-02 08:00:00
14.79201332880775,15.126550729789724,15.447659106172408,2744100.0,2022-06-02 08:15:00
14.777392994461511,15.101733023698438,15.422486422337474,2745000.0,2022-06-02 08:30:00
14.770273639197733,15.081431565139516,15.39883270820421,2745900.0,2022-06-02 08:45:00
14.771030719682024,15.066135952517786,15.376921004611964,2746800.0,2022-06-02 09:00:00
14.7736657842876,15.05205363188926,15.356754358115028,2747700.0,2022-06-02 09:15:00
14.785818079899212,15.042542391146382,15.338433432781708,2748600.0,2022-06-02 09:30:00
14.805610994238464,15.036591702813544,15.321948938402912,2749500.0,2022-06-02 09:45:00
14.8292711956402,15.03265354768912,15.307373251531148,2750400.0,2022-06-02 10:00:00
14.853222738845169,15.034604015060044,15.295130159769888,2751300.0,2022-06-02 10:15:00
14.882924487152971,15.041895801632824,15.28536447927802,2752200.0,2022-06-02 10:30:00
14.916662427210976,15.049090305514202,15.277677540134952,2753100.0,2022-06-02 10:45:00
14.964674190449188,15.062109599957449,15.27226871927834,2754000.0,2022-06-02 11:00:00
15.030825946216334,15.087258672257464,15.270308410736783,2754900.0,2022-06-02 11:15:00
15.1085809679655,15.115434780811173,15.271672290150793,2755800.0,2022-06-02 11:30:00
15.201424577786558,15.153084348038414,15.27698288033356,2756700.0,2022-06-02 11:45:00
15.300480571604767,15.196829643013238,15.28638141116278,2757600.0,2022-06-02 12:00:00
15.412250937165153,15.249443019452409,15.300351016913607,2758500.0,2022-06-02 12:15:00
15.528642728537395,15.309291420547094,15.31908069477625,2759400.0,2022-06-02 12:30:00
15.634936982290174,15.377404732343797,15.342792448256215,2760300.0,2022-06-02 12:45:00
15.739621054982823,15.448258778143616,15.37092515266438,2761200.0,2022-06-02 13:00:00
15.836623044892123,15.513483569641831,15.40180851908264,2762100.0,2022-06-02 13:15:00
15.932132333294351,15.58412873775008,15.435414240939943,2763000.0,2022-06-02 13:30:00
16.039621076616633,15.661516389745076,15.472368326949598,2763900.0,2022-06-02 13:45:00
16.149615571687065,15.739147811995608,15.512249508674923,2764800.0,2022-06-02 14:00:00
16.25438802293592,15.8165497879765,15.554310165504273,2765700.0,2022-06-02 14:15:00
16.36429845925257,15.89067180098907,15.597411965253585,2766600.0,2022-06-02 14:30:00
16.48068185098728,15.977658221781278,15.643741765133392,2767500.0,2022-06-02 14:45:00
16.59506415480326,16.058829708774017,15.691563205165028,2768400.0,2022-06-02 15:00:00
16.70507030418084,16.1423135520471,15.740958672225062,2769300.0,2022-06-02 15:15:00
16.805330539266635,16.226942065188073,15.792042065041173,2770200.0,2022-06-02 15:30:00
16.90229302833402,16.306596344278034,15.843512459985297,2771100.0,2022-06-02 15:45:00
16.992161558382985,16.393184291032334,15.897015580503904,2772000.0,2022-06-02 16:00:00
17.086784837026322,16.473610675748215,15.951009607657593,2772900.0,2022-06-02 16:15:00
17.17835444768911,16.557155973346628,16.006230668221086,2773800.0,2022-06-02 16:30:00
17.258539466179432,16.62889769975804,16.060018516999822,2774700.0,2022-06-02 16:45:00
17.3321150011385,16.704215142409613,16.113620834345227,2775600.0,2022-06-02 17:00:00
17.39545695273966,16.77017704080418,16.16543403966764,2776500.0,2022-06-02 17:15:00
17.439554112739916,16.82447027912383,16.213378935942035,2777400.0,2022-06-02 17:30:00
17.474830235235014,16.886163404172347,16.26091852689499,2778300.0,2022-06-02 17:45:00
17.50605087870916,16.93688308732739,16.30637337007661,2779200.0,2022-06-02 18:00:00
17.534355858537488,16.97766047826195,16.348090438997414,2780100.0,2022-06-02 18:15:00
17.55562458998961,17.018506159962794,16.387415902729803,2781000.0,2022-06-02 18:30:00
17.56911620688591,17.05186551002934,16.423689897637985,2781900.0,2022-06-02 18:45:00
17.581084604633524,17.08013369372031,16.456774288580863,2782800.0,2022-06-02 19:00:00
17.591264012491393,17.10602010970804,16.487294769049416,2783700.0,2022-06-02 19:15:00
17.60197763567552,17.12926139346727,16.515516502512924,2784600.0,2022-06-02 19:30:00
17.607078166137644,17.144266116314764,16.540109799029352,2785500.0,2022-06-02 19:45:00
17.604222648031936,17.16484360206454,16.563753593696923,2786400.0,2022-06-02 20:00:00
17.588562273186263,17.172606079742657,16.58423882640599,2787300.0,2022-06-02 20:15:00
17.566301083831153,17.17487716987596,16.60119848335237,2788200.0,2022-06-02 20:30:00
17.543005282852125,17.17525639686739,16.615420530538678,2789100.0,2022-06-02 20:45:00
17.522994156435004,17.178436101263795,16.628723439285896,2790000.0,2022-06-02 21:00:00
17.50042547643719,17.168608059580666,16.638347821013575,2790900.0,2022-06-02 21:15:00
17.48084691311064,17.16439122954325,16.64645885759727,2791800.0,2022-06-02 21:30:00
17.456969959320308,17.157329877275135,16.653068845542776,2792700.0,2022-06-02 21:45:00
17.427596683060077,17.143760856935835,16.657072958432426,2793600.0,2022-06-02 22:00:00
17.39458127453161,17.1275282258946,16.658543436929005,2794500.0,2022-06-02 22:15:00
17.358033933084226,17.11039627563046,16.658083977861335,2795400.0,2022-06-02 22:30:00
17.318609588017548,17.09206632824603,16.6561345506754,2796300.0,2022-06-02 22:45:00
17.27574521093963,17.07393845723066,16.653359718300635,2797200.0,2022-06-02 23:00:00
17.229413622657145,17.047714128869867,16.648283050327944,2798100.0,2022-06-02 23:15:00
17.181897344379063,17.02601012821374,16.64255967369301,2799000.0,2022-06-02 23:30:00
17.132496786177224,16.992235356908775,16.633851673494338,2799900.0,2022-06-02 23:45:00
17.08461100755362,16.961258318814025,16.623245489338323,2800800.0,2022-06-03 00:00:00
17.03638122105193,16.933515503847012,16.612106600033396,2801700.0,2022-06-03 00:15:00
16.985078019676347,16.9001948282276,16.599539932438617,2802600.0,2022-06-03 00:30:00
16.933998206633426,16.86625034285402,16.585562903937983,2803500.0,2022-06-03 00:45:00
16.87791701894039,16.828410626686658,16.56985319696725,2804400.0,2022-06-03 01:00:00
16.82146722640631,16.792399215930562,16.55317251700577,2805300.0,2022-06-03 01:15:00
16.76704233157018,16.75422748597279,16.53543804461327,2806200.0,2022-06-03 01:30:00
16.715902437481486,16.71806871608257,16.51717148519351,2807100.0,2022-06-03 01:45:00
16.667152089262483,16.680821667280238,16.498223398652687,2808000.0,2022-06-03 02:00:00
16.62236403684964,16.644980623300597,16.478953070738857,2808900.0,2022-06-03 02:15:00
16.57841022662892,16.60855463143648,16.459258624206928,2809800.0,2022-06-03 02:30:00
16.53599308042334,16.57058801099896,16.43879348556515,2810700.0,2022-06-03 02:45:00
16.494087422420428,16.538462274373014,16.418706342908305,2811600.0,2022-06-03 03:00:00
16.451200507700182,16.499306564836623,16.397713799545176,2812500.0,2022-06-03 03:15:00
16.407449173610665,16.466113363294745,16.37689967974086,2813400.0,2022-06-03 03:30:00
16.362264200174202,16.432707943784926,16.356276122467328,2814300.0,2022-06-03 03:45:00
16.319917762159694,16.40081621751112,16.335965750886825,2815200.0,2022-06-03 04:00:00
16.27643369262131,16.363299845001723,16.314889711445346,2816100.0,2022-06-03 04:15:00
16.236030221444526,16.3347341990089,16.294554242177693,2817000.0,2022-06-03 04:30:00
16.19614742669534,16.303124384977853,16.27437007566291,2817900.0,2022-06-03 04:45:00
16.15313333867785,16.263206469278277,16.25286141942495,2818800.0,2022-06-03 05:00:00
16.11591880863833,16.236450733262163,16.232264204492136,2819700.0,2022-06-03 05:15:00
16.079637959374125,16.201201181083437,16.211177566056243,2820600.0,2022-06-03 05:30:00
16.04221407322344,16.173748107624846,16.190673524921927,2821500.0,2022-06-03 05:45:00
16.003065236770365,16.141184984084784,16.170027335312195,2822400.0,2022-06-03 06:00:00
15.964703324995392,16.11088411472039,16.14945747283505,2823300.0,2022-06-03 06:15:00
15.92876588595383,16.07623292708508,16.1281973431211,2824200.0,2022-06-03 06:30:00
15.89524057672362,16.051138090001213,16.1078189153869,2825100.0,2022-06-03 06:45:00
15.866223507138626,16.021736469060713,16.08752472554259,2826000.0,2022-06-03 07:00:00
15.844073864807852,15.99794127376314,16.067999357717223,2826900.0,2022-06-03 07:15:00
15.822239131445423,15.972202739013056,16.04879283786508,2827800.0,2022-06-03 07:30:00
15.80117280435728,15.949394035034572,16.030163900385723,2828700.0,2022-06-03 07:45:00
15.783992704636676,15.925535158600656,16.011929308553356,2829600.0,2022-06-03 08:00:00
15.769903277879893,15.907145977666127,15.994523054593577,2830500.0,2022-06-03 08:15:00
15.758844770023687,15.888250461880506,15.977837605354807,2831400.0,2022-06-03 08:30:00
15.755596051252468,15.877218214737654,15.962800232732825,2832300.0,2022-06-03 08:45:00
15.760933647651758,15.867516799731613,15.949231473010018,2833200.0,2022-06-03 09:00:00
15.776779786331623,15.861537481186668,15.93727850952392,2834100.0,2022-06-03 09:15:00
15.792653282856888,15.855044636462392,15.926349071417828,2835000.0,2022-06-03 09:30:00
15.802506868300435,15.852810619770546,15.916873010833353,2835900.0,2022-06-03 09:45:00
15.810958769173968,15.851211232082898,15.908805210149064,2836800.0,2022-06-03 10:00:00
15.82298808908245,15.85529358123462,15.902395462383256,2837700.0,2022-06-03 10:15:00
15.833984039007422,15.85613591465437,15.897075695194356,2838600.0,2022-06-03 10:30:00
15.848596927456628,15.861102492522974,15.892981608902858,2839500.0,2022-06-03 10:45:00
15.862671089997043,15.86449287884159,15.889575917393444,2840400.0,2022-06-03 11:00:00
15.876728662643735,15.867386890790597,15.88659824504468,2841300.0,2022-06-03 11:15:00
15.896237673305308,15.879950536460296,15.88544126014771,2842200.0,2022-06-03 11:30:00
15.925784549419811,15.889561774197492,15.885485033268576,2843100.0,2022-06-03 11:45:00
15.964019795283356,15.900391466358675,15.886289781491884,2844000.0,2022-06-03 12:00:00
16.002417023026197,15.919098145875132,15.888919093479087,2844900.0,2022-06-03 12:15:00
16.03504793134268,15.934015723458996,15.89263324690708,2845800.0,2022-06-03 12:30:00
16.06770802772124,15.953256680691272,15.897752289560096,2846700.0,2022-06-03 12:45:00
16.09896486256395,15.976159315004608,15.904678606685728,2847600.0,2022-06-03 13:00:00
16.13014383204419,15.996520521993396,15.912563958248738,2848500.0,2022-06-03 13:15:00
16.158113412497922,16.01306176326276,15.920469057809097,2849400.0,2022-06-03 13:30:00
16.184768611255773,16.03083639287518,15.92854706868278,2850300.0,2022-06-03 13:45:00
16.212595545918912,16.059511776275798,15.938761175048567,2851200.0,2022-06-03 14:00:00
16.232289657375436,16.07814830758761,15.949204359170192,2852100.0,2022-06-03 14:15:00
16.247204209160067,16.083815312827472,15.957435370355547,2853000.0,2022-06-03 14:30:00
16.26171452689746,16.104405281379055,15.966386900253546,2853900.0,2022-06-03 14:45:00
16.27355067857643,16.118009341438302,15.975045624685876,2854800.0,2022-06-03 15:00:00
16.286449887285485,16.134649691248395,15.98417620768974,2855700.0,2022-06-03 15:15:00
16.294442604173778,16.140947268117543,15.99189866921678,2856600.0,2022-06-03 15:30:00
16.306615281529467,16.15605271001778,15.99982709636802,2857500.0,2022-06-03 15:45:00
16.322401626698717,16.1617662231113,16.006503406485496,2858400.0,2022-06-03 16:00:00
16.344499799843398,16.17244288533466,16.012910741379244,2859300.0,2022-06-03 16:15:00
16.363313963488633,16.188735975026948,16.02021908086113,2860200.0,2022-06-03 16:30:00
16.376861086629475,16.203425694996213,16.028214262199448,2861100.0,2022-06-03 16:45:00
16.386976650637063,16.21468551275909,16.036224166002967,2862000.0,2022-06-03 17:00:00
16.392236904821157,16.218485044017882,16.042692474519512,2862900.0,2022-06-03 17:15:00
16.393308803666763,16.229362305671554,16.049198652517376,2863800.0,2022-06-03 17:30:00
16.394074493434747,16.238325290090994,16.055796815642683,2864700.0,2022-06-03 17:45:00
16.391974680608286,16.245332457150813,16.06221538166617,2865600.0,2022-06-03 18:00:00
16.389348551165387,16.245276697116104,16.067036703457514,2866500.0,2022-06-03 18:15:00
16.389041403122164,16.249476986880943,16.071364271829687,2867400.0,2022-06-03 18:30:00
16.387765526117654,16.254280004757366,16.075669170120314,2868300.0,2022-06-03 18:45:00
16.385036141650502,16.256577218664972,16.079608419410764,2869200.0,2022-06-03 19:00:00
16.379590840122912,16.24893604159264,16.08124133210375,2870100.0,2022-06-03 19:15:00
16.37580022450229,16.25430763918873,16.083398685762003,2871000.0,2022-06-03 19:30:00
16.36779760464426,16.256671294175888,16.085937432722872,2871900.0,2022-06-03 19:45:00
16.35616062304731,16.24504258859695,16.086127995993323,2872800.0,2022-06-03 20:00:00
16.344524488992203,16.24544134932161,16.08646660825372,2873700.0,2022-06-03 20:15:00
16.329768513061005,16.23955959357416,16.08622863604007,2874600.0,2022-06-03 20:30:00
16.314144751310902,16.227422763688445,16.084179435516496,2875500.0,2022-06-03 20:45:00
16.3010450187182,16.220940926277493,16.081658365477914,2876400.0,2022-06-03 21:00:00
16.28484435479677,16.213579165030193,16.078965063740327,2877300.0,2022-06-03 21:15:00
16.2694976562887,16.20643378547283,16.076114386137263,2878200.0,2022-06-03 21:30:00
16.252361688536542,16.19892276452366,16.073003201061223,2879100.0,2022-06-03 21:45:00
16.23308604817154,16.18533242469997,16.068768429843573,2880000.0,2022-06-03 22:00:00
16.215054144656047,16.17148575592732,16.063479977997932,2880900.0,2022-06-03 22:15:00
16.19742936181245,16.15908716950283,16.057577453472767,2881800.0,2022-06-03 22:30:00
16.18179934399166,16.156920141484196,16.053219897098217,2882700.0,2022-06-03 22:45:00
16.160093589378523,16.141451962700742,16.047962346215062,2883600.0,2022-06-03 23:00:00
16.13890288401421,16.124418904441274,16.041199701702837,2884500.0,2022-06-03 23:15:00
16.117035374597933,16.115942033604156,16.034835271494867,2885400.0,2022-06-03 23:30:00
16.092711255242396,16.094684012283405,16.026941956338174,2886300.0,2022-06-03 23:45:00
16.067481217108774,16.07693717874855,16.018145298903814,2887200.0,2022-06-04 00:00:00
16.04122679474406,16.05986773475623,16.008812637696508,2888100.0,2022-06-04 00:15:00
16.01902203551171,16.054648795730166,16.00116525947689,2889000.0,2022-06-04 00:30:00
15.99383947480951,16.034632231121392,15.992626812424938,2889900.0,2022-06-04 00:45:00
15.965903264383872,16.00848668660556,15.982090640039106,2890800.0,2022-06-04 01:00:00
15.94170285814598,15.990040736070336,15.97099636494157,2891700.0,2022-06-04 01:15:00
15.919719028904746,15.98032960890923,15.96106812098602,2892600.0,2022-06-04 01:30:00
15.893122508518768,15.95536718079831,15.949940113685775,2893500.0,2022-06-04 01:45:00
15.8680271017159,15.9325740732992,15.937742702702236,2894400.0,2022-06-04 02:00:00
15.843147236700576,15.91543573160542,15.925708872842234,2895300.0,2022-06-04 02:15:00
15.817350230949764,15.900195557630187,15.914310980193408,2896200.0,2022-06-04 02:30:00
15.788358891990846,15.874679311866588,15.90183313143895,2897100.0,2022-06-04 02:45:00
15.76285928630228,15.862669582980669,15.890205340998367,2898000.0,2022-06-04 03:00:00
15.73366186465493,15.841584148541704,15.878241369767457,2898900.0,2022-06-04 03:15:00
15.705842762775417,15.820166928434764,15.865708230519616,2899800.0,2022-06-04 03:30:00
15.682401463770873,15.806991437209096,15.853972129936745,2900700.0,2022-06-04 03:45:00
15.655516476302129,15.783584511666588,15.841407840084887,2901600.0,2022-06-04 04:00:00
15.632604689937256,15.759294170982816,15.827777495713136,2902500.0,2022-06-04 04:15:00
15.615352134519751,15.744349447952906,15.814711908295006,2903400.0,2022-06-04 04:30:00
15.595038580688128,15.721171879848184,15.8011144452038,2904300.0,2022-06-04 04:45:00
15.578381653003072,15.708827585709212,15.788348225430855,2905200.0,2022-06-04 05:00:00
15.561057407297936,15.692691011871528,15.775964446538046,2906100.0,2022-06-04 05:15:00
15.543089434184353,15.668005786961084,15.762631814552794,2907000.0,2022-06-04 05:30:00
15.528954158110585,15.654316906496051,15.749727750815156,2907900.0,2022-06-04 05:45:00
15.513388036750438,15.637257723893958,15.737069551109265,2908800.0,2022-06-04 06:00:00
15.50359205621954,15.638698780701787,15.726982072223176,2909700.0,2022-06-04 06:15:00
15.48797615942588,15.614289585546564,15.715711220001385,2910600.0,2022-06-04 06:30:00
15.480535213427212,15.61620670856626,15.706511634066205,2911500.0,2022-06-04 06:45:00
15.470848664680894,15.595242612216897,15.69620674914908,2912400.0,2022-06-04 07:00:00
15.468953538967584,15.582406200655193,15.685649610147946,2913300.0,2022-06-04 07:15:00
15.469117463676668,15.572634601826266,15.675427500743284,2914200.0,2022-06-04 07:30:00
15.474005613786296,15.569639139289537,15.666517472839296,2915100.0,2022-06-04 07:45:00
15.48571300358133,15.57221216064567,15.659416450475556,2916000.0,2022-06-04 08:00:00
15.502138120993756,15.569410727817846,15.653167498832325,2916900.0,2022-06-04 08:15:00
15.525790833759077,15.573456748708203,15.648260670853915,2917800.0,2022-06-04 08:30:00
15.558753752919998,15.582041022080654,15.644963232767958,2918700.0,2022-06-04 08:45:00
15.600696504881036,15.592270129890345,15.643269165585403,2919600.0,2022-06-04 09:00:00
15.65371648564588,15.613152577089489,15.64435734116148,2920500.0,2022-06-04 09:15:00
15.708796421495226,15.633675658994491,15.647636611143096,2921400.0,2022-06-04 09:30:00
15.771664382769004,15.662285455095928,15.653591706284498,2922300.0,2022-06-04 09:45:00
15.836676205379526,15.690749071006437,15.661610652502263,2923200.0,2022-06-04 10:00:00
15.893861750590103,15.731234224054813,15.673032176486492,2924100.0,2022-06-04 10:15:00
15.949020340960958,15.760690883132872,15.685681828034088,2925000.0,2022-06-04 10:30:00
16.001398271447304,15.793975420664133,15.699602313087986,2925900.0,2022-06-04 10:45:00
16.05476035330261,15.838669400456766,15.71648491125919,2926800.0,2022-06-04 11:00:00
16.127044779119537,15.875253514872306,15.734531845908158,2927700.0,2022-06-04 11:15:00
16.229317860449306,15.928625978698353,15.75564791676314,2928600.0,2022-06-04 11:30:00
16.361055976326544,15.982919369923586,15.779255806076344,2929500.0,2022-06-04 11:45:00
16.494868323587003,16.04960909520761,15.806691908361731,2930400.0,2022-06-04 12:00:00
16.61600076405968,16.130925505544255,15.839805003640254,2931300.0,2022-06-04 12:15:00
16.74901476470868,16.20823090420487,15.876696184125915,2932200.0,2022-06-04 12:30:00
16.92299902602344,16.317709202130782,15.921966841719032,2933100.0,2022-06-04 12:45:00
17.11196631353289,16.417189670117388,15.971899842492038,2934000.0,2022-06-04 13:00:00
17.305474133146163,16.53171381515447,16.027368339615823,2934900.0,2022-06-04 13:15:00
17.464227036284907,16.638553484770295,16.085529771823623,2935800.0,2022-06-04 13:30:00
17.57718991523858,16.74172659130356,16.14519890149354,2936700.0,2022-06-04 13:45:00
17.692263544320788,16.85631214961192,16.209148516093883,2937600.0,2022-06-04 14:00:00
17.792189856612115,16.95303273215975,16.27320943387638,2938500.0,2022-06-04 14:15:00
17.894529268757328,17.058014345809944,16.339414783513174,2939400.0,2022-06-04 14:30:00
18.00998399129596,17.149907882850556,16.404506067108006,2940300.0,2022-06-04 14:45:00
18.138391976373573,17.25030672960509,16.470416080951516,2941200.0,2022-06-04 15:00:00
18.28562152139384,17.350129821790116,16.5364776604617,2942100.0,2022-06-04 15:15:00
18.42123469457928,17.460789519015293,16.60551601449087,2943000.0,2022-06-04 15:30:00
18.520006805686645,17.554521712501238,16.673243941725687,2943900.0,2022-06-04 15:45:00
18.593167510464767,17.64234963222488,16.7390182992646,2944800.0,2022-06-04 16:00:00
18.643855744509988,17.72536958672766,16.803374619849816,2945700.0,2022-06-04 16:15:00
18.669872621502503,17.796598451707023,16.86519654863371,2946600.0,2022-06-04 16:30:00
18.68128669001445,17.856143858804906,16.923498650267927,2947500.0,2022-06-04 16:45:00
18.680691133373585,17.887894738593367,16.972501030891298,2948400.0,2022-06-04 17:00:00
18.669859287541488,17.923644895199946,17.01636402870447,2949300.0,2022-06-04 17:15:00
18.660343694590633,17.952128082497435,17.05601376692319,2950200.0,2022-06-04 17:30:00
18.660018672003545,17.96610461390868,17.089056839622568,2951100.0,2022-06-04 17:45:00
18.662795297025035,17.9912153063791,17.1202478594377,2952000.0,2022-06-04 18:00:00
18.662652634905715,18.004981631704712,17.147703409990296,2952900.0,2022-06-04 18:15:00
18.653838927119413,18.00937102006156,17.170011586020856,2953800.0,2022-06-04 18:30:00
18.644440292836787,18.02137395522069,17.190804259017906,2954700.0,2022-06-04 18:45:00
18.636953988480077,18.03775990001424,17.21239896899493,2955600.0,2022-06-04 19:00:00
18.629388977621044,18.037584985080564,17.230291722251415,2956500.0,2022-06-04 19:15:00
18.62607259698721,18.04271625107864,17.246364445450737,2957400.0,2022-06-04 19:30:00
18.622204041960273,18.05496194611671,17.2634563331629,2958300.0,2022-06-04 19:45:00
18.610034682642805,18.06349222823589,17.280832489447732,2959200.0,2022-06-04 20:00:00
18.58595044996663,18.04678581207277,17.291583996627576,2960100.0,2022-06-04 20:15:00
18.55930212710625,18.04351373948897,17.300700569954177,2961000.0,2022-06-04 20:30:00
18.52607862604783,18.035004496786613,17.30803823044233,2961900.0,2022-06-04 20:45:00
18.489733993691843,18.02295604997593,17.313400015729624,2962800.0,2022-06-04 21:00:00
18.453883512819868,18.008181078027615,17.316907595914355,2963700.0,2022-06-04 21:15:00
18.419509128348096,17.990660539371742,17.318463457316337,2964600.0,2022-06-04 21:30:00
18.39038101573008,17.976037264665116,17.319122025478396,2965500.0,2022-06-04 21:45:00
18.361553247403787,17.96284409541782,17.319698487951328,2966400.0,2022-06-04 22:00:00
18.332956946121246,17.94248648434736,17.31843441511697,2967300.0,2022-06-04 22:15:00
18.298834231094308,17.92584193950829,17.31657572303239,2968200.0,2022-06-04 22:30:00
18.26051508470372,17.8994153726292,17.31201048055458,2969100.0,2022-06-04 22:45:00
18.2178914719128,17.878349083289027,17.306716004000055,2970000.0,2022-06-04 23:00:00
18.1617358193678,17.848922631968353,17.299229139877408,2970900.0,2022-06-04 23:15:00
18.104833138500023,17.81950732682016,17.290299866504622,2971800.0,2022-06-04 23:30:00
18.043718946790815,17.786527578857502,17.279790751246825,2972700.0,2022-06-04 23:45:00
17.986828514151057,17.756759414974518,17.268968673854147,2973600.0,2022-06-05 00:00:00
17.92942709852772,17.716135714366875,17.255521285772236,2974500.0,2022-06-05 00:15:00
17.87874074749142,17.68706433210692,17.242441524542762,2975400.0,2022-06-05 00:30:00
17.8266616665115,17.6499571043677,17.22801146750059,2976300.0,2022-06-05 00:45:00
17.777720838957467,17.612284422907827,17.21223142037333,2977200.0,2022-06-05 01:00:00
17.728088767418154,17.578635352787618,17.196208441792677,2978100.0,2022-06-05 01:15:00
17.676132397183057,17.53939730789476,17.178907101138435,2979000.0,2022-06-05 01:30:00
17.62286049343761,17.495938909399992,17.159451885808224,2979900.0,2022-06-05 01:45:00
17.57099659931098,17.466306587543798,17.141178194603196,2980800.0,2022-06-05 02:00:00
17.516227939374584,17.427820666420857,17.122412007436157,2981700.0,2022-06-05 02:15:00
17.462145935222583,17.38975829296971,17.103109466771464,2982600.0,2022-06-05 02:30:00
17.410031540341265,17.34860661753439,17.082653918527182,2983500.0,2022-06-05 02:45:00
17.358974369779894,17.310758074369957,17.061814830664066,2984400.0,2022-06-05 03:00:00
17.308800975830962,17.269756386180116,17.040126128187104,2985300.0,2022-06-05 03:15:00
17.26439023817954,17.24275520870531,17.020393975270927,2986200.0,2022-06-05 03:30:00
17.218184655288404,17.215955199119644,17.002660943406582,2987100.0,2022-06-05 03:45:00
17.173832715169706,17.208143852960227,16.990369290269303,2988000.0,2022-06-05 04:00:00
17.108561379690556,17.164452256027396,16.97622140077318,2988900.0,2022-06-05 04:15:00
17.04470696700891,17.144205910888285,16.964191310121038,2989800.0,2022-06-05 04:30:00
16.995861016552038,17.091265721844767,16.94762503368015,2990700.0,2022-06-05 04:45:00
16.95464131815566,17.028956872465802,16.9245497279557,2991600.0,2022-06-05 05:00:00
16.939783242427406,17.040168627200632,16.909565394867386,2992500.0,2022-06-05 05:15:00
16.90455645961159,16.977440771570297,16.888970257066752,2993400.0,2022-06-05 05:30:00
16.877151603001682,16.96283022826941,16.870782011099188,2994300.0,2022-06-05 05:45:00
16.83916195009565,16.957238186170972,16.857256597838315,2995200.0,2022-06-05 06:00:00
16.77756821857122,16.877794159531447,16.834161847438136,2996100.0,2022-06-05 06:15:00
16.736512817901357,16.84601799492019,16.810255460213696,2997000.0,2022-06-05 06:30:00
16.706122910205448,16.839108636128078,16.791237887686087,2997900.0,2022-06-05 06:45:00
16.651680813480805,16.79715732245881,16.770754534519003,2998800.0,2022-06-05 07:00:00
16.532532958216606,16.752211608474983,16.748159721675886,2999700.0,2022-06-05 07:15:00
16.302677159232577,16.664064026944484,16.717691488204732,3000600.0,2022-06-05 07:30:00
15.999113383888544,16.499134856930908,16.66935964322296,3001500.0,2022-06-05 07:45:00
15.708618019693722,16.38192394114046,16.614054264799492,3002400.0,2022-06-05 08:00:00
15.439406383974148,16.247697252850948,16.55244087366243,3003300.0,2022-06-05 08:15:00
15.046877366266187,16.076279648742908,16.48099197636268,3004200.0,2022-06-05 08:30:00
14.829870326484135,15.908081589545771,16.40070892887889,3005100.0,2022-06-05 08:45:00
14.664767405461506,15.748242159170708,16.314014790083004,3006000.0,2022-06-05 09:00:00
14.512213229891318,15.600099792442569,16.223331903177773,3006900.0,2022-06-05 09:15:00
14.444626520475678,15.439809240254103,16.130508569569674,3007800.0,2022-06-05 09:30:00
14.393283639578184,15.320443757092294,16.04070195157754,3008700.0,2022-06-05 09:45:00
14.33935974271726,15.246087612017003,15.957012028280989,3009600.0,2022-06-05 10:00:00
14.290252887627847,15.14974404923342,15.878327569129423,3010500.0,2022-06-05 10:15:00
14.244021649979656,15.060587700654352,15.804672608926804,3011400.0,2022-06-05 10:30:00
14.215687375251925,15.015197883327112,15.73634857055952,3012300.0,2022-06-05 10:45:00
14.195405257213618,14.930039534522331,15.67281719725942,3013200.0,2022-06-05 11:00:00
14.203256873742124,14.886661665739862,15.614642636732055,3014100.0,2022-06-05 11:15:00
14.221495928341122,14.849770148459635,15.562752868559611,3015000.0,2022-06-05 11:30:00
14.24792448619894,14.832449782894852,15.516840373674112,3015900.0,2022-06-05 11:45:00
14.28069658582362,14.819070840068736,15.476620363135256,3016800.0,2022-06-05 12:00:00
14.31442609140242,14.78356981252827,15.441460257011167,3017700.0,2022-06-05 12:15:00
14.364480766566992,14.78559205045936,15.412215888184868,3018600.0,2022-06-05 12:30:00
14.411994350032028,14.80326390413692,15.38891020929928,3019500.0,2022-06-05 12:45:00
14.453222544473958,14.802838286351768,15.370246717847982,3020400.0,2022-06-05 13:00:00
14.503574544885202,14.836890673236413,15.356146492878771,3021300.0,2022-06-05 13:15:00
14.5559051478072,14.859342176744178,15.345573260834891,3022200.0,2022-06-05 13:30:00
14.60476098378802,14.841493035090354,15.33637595921216,3023100.0,2022-06-05 13:45:00
14.673423078717937,14.89057522884373,15.331261736836202,3024000.0,2022-06-05 14:00:00
14.733509083343217,14.937277242503995,15.330624608709748,3024900.0,2022-06-05 14:15:00
14.778608686113891,14.934754078536637,15.330483506619329,3025800.0,2022-06-05 14:30:00
14.831752745546032,14.95576125207958,15.331795689025435,3026700.0,2022-06-05 14:45:00
14.885542068177717,14.995457892292627,15.336188752277003,3027600.0,2022-06-05 15:00:00
14.931977452272625,15.0039741582567,15.341276916442272,3028500.0,2022-06-05 15:15:00
14.989936974943255,15.048232552880776,15.349121868949238,3029400.0,2022-06-05 15:30:00
15.047271860811655,15.089149925714953,15.359659024984468,3030300.0,2022-06-05 15:45:00
15.102647163516142,15.124078077663876,15.371744840675266,3031200.0,2022-06-05 16:00:00
15.167173876700437,15.20110923450623,15.388662134527952,3032100.0,2022-06-05 16:15:00
15.211767157540418,15.218357981858468,15.404146619555116,3033000.0,2022-06-05 16:30:00
15.26270421243302,15.251205728225322,15.418972180210268,3033900.0,2022-06-05 16:45:00
15.31473708170086,15.29414850834366,15.434776652977636,3034800.0,2022-06-05 17:00:00
15.363347065010249,15.328419420601533,15.4509179922205,3035700.0,2022-06-05 17:15:00
15.409952479369505,15.375600027881104,15.468720766676569,3036600.0,2022-06-05 17:30:00
15.440541205501708,15.37610616532048,15.482458041269227,3037500.0,2022-06-05 17:45:00
15.477488121807024,15.40026193809114,15.495161814719406,3038400.0,2022-06-05 18:00:00
15.5147267142885,15.429462898563722,15.508362018408564,3039300.0,2022-06-05 18:15:00
15.549647641165922,15.465928563868614,15.523173325207908,3040200.0,2022-06-05 18:30:00
15.583255118983812,15.516666208630406,15.541339710398598,3041100.0,2022-06-05 18:45:00
15.601541610116444,15.520420569644918,15.556023931275362,3042000.0,2022-06-05 19:00:00
15.62206625023645,15.540349717209532,15.569200583099114,3042900.0,2022-06-05 19:15:00
15.639108214782352,15.574328246152517,15.583573889286567,3043800.0,2022-06-05 19:30:00
15.646118831893164,15.586874330969586,15.596428099390016,3044700.0,2022-06-05 19:45:00
15.646906269446069,15.604805132272546,15.608495538552248,3045600.0,2022-06-05 20:00:00
15.635808051767524,15.597736872483145,15.616534429832566,3046500.0,2022-06-05 20:15:00
15.62479601161544,15.608380453321947,15.623592199958155,3047400.0,2022-06-05 20:30:00
15.606907243196504,15.600868393178905,15.627836004448572,3048300.0,2022-06-05 20:45:00
15.593507658258735,15.613260701384196,15.63266293742941,3049200.0,2022-06-05 21:00:00
15.576652746476205,15.61162771858883,15.636340075279527,3050100.0,2022-06-05 21:15:00
15.558077444392968,15.600790819456602,15.637464618187966,3051000.0,2022-06-05 21:30:00
15.54060846177995,15.591738093763803,15.636703659528653,3051900.0,2022-06-05 21:45:00
15.525748378617129,15.587056550290688,15.63525566944125,3052800.0,2022-06-05 22:00:00
15.506286629954932,15.573562448135396,15.632241772264791,3053700.0,2022-06-05 22:15:00
15.488186569167482,15.57236372681832,15.629628976051848,3054600.0,2022-06-05 22:30:00
15.4670254953858,15.556662951912807,15.625441669622305,3055500.0,2022-06-05 22:45:00
15.445393945678312,15.55023204545104,15.621063243979584,3056400.0,2022-06-05 23:00:00
15.420290203912224,15.5264390927528,15.614320564420808,3057300.0,2022-06-05 23:15:00
15.39780787507312,15.521537682103284,15.608083214803637,3058200.0,2022-06-05 23:30:00
15.371533653842231,15.496722471586324,15.599871519506518,3059100.0,2022-06-05 23:45:00
15.349141226483304,15.487626759609547,15.591890206114012,3060000.0,2022-06-06 00:00:00
15.321613202981712,15.47154440655364,15.583466403741612,3060900.0,2022-06-06 00:15:00
15.293762611560473,15.456354925482518,15.57466032258719,3061800.0,2022-06-06 00:30:00
15.263517906732408,15.434172315217651,15.564659105250982,3062700.0,2022-06-06 00:45:00
15.235139826374295,15.414450473676457,15.553854144630186,3063600.0,2022-06-06 01:00:00
15.200833145315224,15.395698505945662,15.542541577632338,3064500.0,2022-06-06 01:15:00
15.161787656794033,15.363949364184055,15.529351587817594,3065400.0,2022-06-06 01:30:00
15.128070954380387,15.34952170927391,15.516560677026368,3066300.0,2022-06-06 01:45:00
15.089463489503617,15.32541086807387,15.503318368673677,3067200.0,2022-06-06 02:00:00
15.051818866414187,15.294810487464511,15.488629092049027,3068100.0,2022-06-06 02:15:00
15.01338724511422,15.2659007038401,15.47288604851639,3069000.0,2022-06-06 02:30:00
14.9769747144725,15.251456688149764,15.458031582755424,3069900.0,2022-06-06 02:45:00
14.937018739125811,15.220925439235582,15.442121591957182,3070800.0,2022-06-06 03:00:00
14.898589068018872,15.192237974159593,15.425278673726991,3071700.0,2022-06-06 03:15:00
14.858045130845628,15.166101222073836,15.408044036572225,3072600.0,2022-06-06 03:30:00
14.818375094377435,15.132975301373872,15.389763119081008,3073500.0,2022-06-06 03:45:00
14.78269204835218,15.107721711498058,15.37127846455184,3074400.0,2022-06-06 04:00:00
14.743932705804252,15.065685765684051,15.35113853462482,3075300.0,2022-06-06 04:15:00
14.71342750022652,15.048891895618024,15.332014947986549,3076200.0,2022-06-06 04:30:00
14.677207443955623,15.016800059737996,15.312659711401215,3077100.0,2022-06-06 04:45:00
14.643823596056862,14.989507807931991,15.293243993413467,3078000.0,2022-06-06 05:00:00
14.61085254257174,14.961374432194493,15.273846740540884,3078900.0,2022-06-06 05:15:00
14.578637104766385,14.932285367493316,15.254276817184133,3079800.0,2022-06-06 05:30:00
14.549502285448048,14.909108855344837,15.235051920269994,3080700.0,2022-06-06 05:45:00
14.520703740876993,14.880939544150737,15.215775197990354,3081600.0,2022-06-06 06:00:00
14.498042028861663,14.863576585374089,15.197374890134984,3082500.0,2022-06-06 06:15:00
14.475097131386107,14.835419271513713,15.178792016991729,3083400.0,2022-06-06 06:30:00
14.45608526801236,14.813734396987732,15.16043569695846,3084300.0,2022-06-06 06:45:00
14.438227398856604,14.791016719302268,15.142365398686758,3085200.0,2022-06-06 07:00:00
14.427694816235476,14.773785084146116,15.125051568749672,3086100.0,2022-06-06 07:15:00
14.418321571378543,14.754561138378143,15.10836793319538,3087000.0,2022-06-06 07:30:00
14.415465272652437,14.744819639338491,15.092967772027157,3087900.0,2022-06-06 07:45:00
14.417541779281573,14.736321751148932,15.07884182842672,3088800.0,2022-06-06 08:00:00
14.425394995998822,14.722183665086618,15.06536367345998,3089700.0,2022-06-06 08:15:00
14.441769734019095,14.724675835802271,15.053714947331285,3090600.0,2022-06-06 08:30:00
14.462862664935477,14.72159452626892,15.043409249812177,3091500.0,2022-06-06 08:45:00
14.49359557442089,14.728552183749809,15.03497265683696,3092400.0,2022-06-06 09:00:00
14.528112675568382,14.731080810328136,15.02790122900142,3093300.0,2022-06-06 09:15:00
14.569673007047856,14.74831162106296,15.023368169002143,3094200.0,2022-06-06 09:30:00
14.613947883705604,14.758476590437304,15.020515661194285,3095100.0,2022-06-06 09:45:00
14.665695382971617,14.77656869399216,15.01973075096318,3096000.0,2022-06-06 10:00:00
14.723339092160128,14.799934160490626,15.021316946010316,3096900.0,2022-06-06 10:15:00
14.796016177920064,14.830264937804046,15.025706353305209,3097800.0,2022-06-06 10:30:00
14.889365530556288,14.872662729360608,15.033850329957918,3098700.0,2022-06-06 10:45:00
14.992513608712391,14.91740549422264,15.045597820627169,3099600.0,2022-06-06 11:00:00
15.086472707141782,14.962993874127674,15.060263710935926,3100500.0,2022-06-06 11:15:00
15.181087858950466,15.0185998229565,15.078679922216912,3101400.0,2022-06-06 11:30:00
15.280665153666495,15.07366905756658,15.100114184019423,3102300.0,2022-06-06 11:45:00
15.387708274933516,15.13896850713848,15.125254940759453,3103200.0,2022-06-06 12:00:00
15.501005754239856,15.208407617882756,15.154006817815867,3104100.0,2022-06-06 12:15:00
15.612804466473008,15.275725739980649,15.185444395159136,3105000.0,2022-06-06 12:30:00
15.725540769870983,15.34746436673089,15.219639809719126,3105900.0,2022-06-06 12:45:00
15.839765988536108,15.42427194288841,15.256702516574247,3106800.0,2022-06-06 13:00:00
15.952196339827248,15.49882022758708,15.29587198111258,3107700.0,2022-06-06 13:15:00
16.0674643422955,15.582733045818127,15.338073128676712,3108600.0,2022-06-06 13:30:00
16.170057629737073,15.663464396740268,15.382577099707785,3109500.0,2022-06-06 13:45:00
16.26541874982139,15.73606050961678,15.427447564306572,3110400.0,2022-06-06 14:00:00
16.35154743493382,15.816911673576808,15.47403987541132,3111300.0,2022-06-06 14:15:00
16.42931561441559,15.888101942514984,15.520737681583403,3112200.0,2022-06-06 14:30:00
16.492771228325992,15.95494038604298,15.56675684206801,3113100.0,2022-06-06 14:45:00
16.55462538045415,16.01959692527859,15.612038193446288,3114000.0,2022-06-06 15:00:00
16.608441550176607,16.073969057496097,15.655052727449611,3114900.0,2022-06-06 15:15:00
16.653959228068157,16.131535399805568,15.697156639657008,3115800.0,2022-06-06 15:30:00
16.684662208510915,16.174551185586292,15.736173963534869,3116700.0,2022-06-06 15:45:00
16.714840052498264,16.224787906411805,15.774644744207569,3117600.0,2022-06-06 16:00:00
16.739843570660042,16.261202858520573,15.810433414529228,3118500.0,2022-06-06 16:15:00
16.760733742603932,16.29800164280825,15.844296691670904,3119400.0,2022-06-06 16:30:00
16.778609932207743,16.329292944939315,15.875878533408828,3120300.0,2022-06-06 16:45:00
16.795763647334375,16.36374005993856,15.906647761548747,3121200.0,2022-06-06 17:00:00
16.81032098690144,16.382284668101892,15.933658129669467,3122100.0,2022-06-06 17:15:00
16.827730900912048,16.408448012512643,15.959314522085624,3123000.0,2022-06-06 17:30:00
16.843190661330294,16.43152238219797,15.983656804343392,3123900.0,2022-06-06 17:45:00
16.853712192456626,16.454761873130742,16.007230235801728,3124800.0,2022-06-06 18:00:00
16.85897296618473,16.470105180208105,16.028584391405975,3125700.0,2022-06-06 18:15:00
16.86330005419262,16.482743777493184,16.04773812673624,3126600.0,2022-06-06 18:30:00
16.86699965615811,16.4997093258539,16.066306927074923,3127500.0,2022-06-06 18:45:00
16.864803695141504,16.506341960021626,16.08244180585656,3128400.0,2022-06-06 19:00:00
16.862802157586625,16.514942046775385,16.097045039259584,3129300.0,2022-06-06 19:15:00
16.861876372799664,16.52089996327809,16.11019401823682,3130200.0,2022-06-06 19:30:00
16.858290010377555,16.529247180452597,16.122768400206848,3131100.0,2022-06-06 19:45:00
16.855471588916746,16.538655921610268,16.13533535987691,3132000.0,2022-06-06 20:00:00
16.84797796342917,16.542324859635098,16.14669484730947,3132900.0,2022-06-06 20:15:00
16.840669659593917,16.54111985059946,16.155956356016382,3133800.0,2022-06-06 20:30:00
16.834296189021853,16.5465599586625,16.16510578005039,3134700.0,2022-06-06 20:45:00
16.825763357755882,16.548059549964396,16.173623223214875,3135600.0,2022-06-06 21:00:00
16.81620320979769,16.54750655778261,16.18113444375647,3136500.0,2022-06-06 21:15:00
16.80532609955521,16.548295263146628,16.188188362073646,3137400.0,2022-06-06 21:30:00
16.789606881983737,16.53865967066104,16.192839154057562,3138300.0,2022-06-06 21:45:00
16.773682522660646,16.537326127273694,16.19719690219146,3139200.0,2022-06-06 22:00:00
16.754168350157478,16.525902963665153,16.1994947548421,3140100.0,2022-06-06 22:15:00
16.735793110650704,16.525086518629404,16.202298281750743,3141000.0,2022-06-06 22:30:00
16.713750805569063,16.514606274402368,16.20385093356121,3141900.0,2022-06-06 22:45:00
16.69289403216062,16.506704847038804,16.204806047635095,3142800.0,2022-06-06 23:00:00
16.66733475477989,16.49337417145106,16.20430195954293,3143700.0,2022-06-06 23:15:00
16.643801442576102,16.48010454535618,16.202703777510052,3144600.0,2022-06-06 23:30:00
16.619683961083105,16.467653895786093,16.20040478627561,3145500.0,2022-06-06 23:45:00
16.59433642284,16.44942639953849,16.196393752271256,3146400.0,2022-06-07 00:00:00
16.570034726260882,16.438307212250873,16.19254296482309,3147300.0,2022-06-07 00:15:00
16.54405218273709,16.417309189986028,16.187038978793748,3148200.0,2022-06-07 00:30:00
16.51847294106194,16.402876396430397,16.181146540256115,3149100.0,2022-06-07 00:45:00
16.492794502813307,16.386244148696743,16.174699451547003,3150000.0,2022-06-07 01:00:00
16.465638508741005,16.374154236679477,16.168815718657275,3150900.0,2022-06-07 01:15:00
16.43697538301209,16.352703067518185,16.161720873508322,3151800.0,2022-06-07 01:30:00
16.410630260824586,16.339025710056205,16.15484092794687,3152700.0,2022-06-07 01:45:00
16.382678851373033,16.324398315440575,16.148170641985764,3153600.0,2022-06-07 02:00:00
16.353000968968797,16.29703909226203,16.139231898003594,3154500.0,2022-06-07 02:15:00
16.327779416735197,16.286431251330804,16.13118918823521,3155400.0,2022-06-07 02:30:00
16.298173205571725,16.260233695248612,16.121537399205643,3156300.0,2022-06-07 02:45:00
16.270292178650482,16.241093824260993,16.111517617535608,3157200.0,2022-06-07 03:00:00
16.24135734017758,16.22347276885399,16.101765878169626,3158100.0,2022-06-07 03:15:00
16.212685204280163,16.199549638799343,16.091060805817833,3159000.0,2022-06-07 03:30:00
16.184787649997062,16.185121945839622,16.081081789426868,3159900.0,2022-06-07 03:45:00
16.153893645343924,16.15564017000032,16.069155152290392,3160800.0,2022-06-07 04:00:00
16.12616299589373,16.14005695178763,16.057770514225417,3161700.0,2022-06-07 04:15:00
16.0966487149798,16.120771687478097,16.046501112918232,3162600.0,2022-06-07 04:30:00
16.06703964509835,16.091604165871573,16.03375533814557,3163500.0,2022-06-07 04:45:00
16.0379186648465,16.06487440508305,16.019863578864296,3164400.0,2022-06-07 05:00:00
16.012035340641564,16.050180932281833,16.007218139092405,3165300.0,2022-06-07 05:15:00
15.983831899512422,16.028551590912492,15.99464363587338,3166200.0,2022-06-07 05:30:00
15.959413947952864,16.014637914860554,15.983109571684892,3167100.0,2022-06-07 05:45:00
15.93461350061006,15.99718698459821,15.97177544654231,3168000.0,2022-06-07 06:00:00
15.909596930930576,15.977415743423965,15.96021833175116,3168900.0,2022-06-07 06:15:00
15.885908667889744,15.958991300601816,15.948582724712182,3169800.0,2022-06-07 06:30:00
15.86295006720847,15.935989766413355,15.936184064697429,3170700.0,2022-06-07 06:45:00
15.841523581598546,15.91408878226304,15.923178866478477,3171600.0,2022-06-07 07:00:00
15.824647325761374,15.901542923344527,15.911190481516911,3172500.0,2022-06-07 07:15:00
15.808214556375631,15.88980962647209,15.9001772212662,3173400.0,2022-06-07 07:30:00
15.79385816804875,15.867759272637922,15.888371627210844,3174300.0,2022-06-07 07:45:00
15.78578363600426,15.850543664731251,15.87629922597844,3175200.0,2022-06-07 08:00:00
15.780424428782522,15.84256374085336,15.865422875652383,3176100.0,2022-06-07 08:15:00
15.780031426400573,15.836741272753867,15.85612588642911,3177000.0,2022-06-07 08:30:00
15.785790964759777,15.831507833793928,15.847980564251111,3177900.0,2022-06-07 08:45:00
15.79521564774384,15.826391775989078,15.840571935947455,3178800.0,2022-06-07 09:00:00
15.811928545871153,15.822458373016612,15.833765085655068,3179700.0,2022-06-07 09:15:00
15.84244324658359,15.82977181965267,15.828942924860652,3180600.0,2022-06-07 09:30:00
15.877657589593328,15.836530176776966,15.825694817793565,3181500.0,2022-06-07 09:45:00
15.90978214417154,15.848020804988328,15.824330585780944,3182400.0,2022-06-07 10:00:00
15.935192577969543,15.859140596261836,15.824519201900015,3183300.0,2022-06-07 10:15:00
15.96518695376694,15.869075048348472,15.825474746243744,3184200.0,2022-06-07 10:30:00
16.011537956481053,15.889948117115464,15.828654386107267,3185100.0,2022-06-07 10:45:00
16.062050348793907,15.91535120463928,15.834350849409434,3186000.0,2022-06-07 11:00:00
16.116054730965068,15.938032782904797,15.841563484249289,3186900.0,2022-06-07 11:15:00
16.16881602599576,15.96142615226727,15.849914306331405,3187800.0,2022-06-07 11:30:00
16.227131839402595,15.999626018590732,15.861513217729213,3188700.0,2022-06-07 11:45:00
16.30800407199069,16.035502303229443,15.875268939502698,3189600.0,2022-06-07 12:00:00
16.422871054692656,16.0799231520498,15.891630078275355,3190500.0,2022-06-07 12:15:00
16.507042962045247,16.126459218927135,15.910368092264957,3191400.0,2022-06-07 12:30:00
16.56760643128504,16.17892572021269,15.932264405116408,3192300.0,2022-06-07 12:45:00
16.65196533915589,16.23401729986136,15.957198952371678,3193200.0,2022-06-07 13:00:00
16.737976370233127,16.285582814839355,15.9836688464877,3194100.0,2022-06-07 13:15:00
16.82822689631056,16.34329880484384,16.012163470201617,3195000.0,2022-06-07 13:30:00
16.929614574782562,16.40664138243687,16.043319096003597,3195900.0,2022-06-07 13:45:00
17.038968445946026,16.475353837875364,16.077525005844983,3196800.0,2022-06-07 14:00:00
17.144177455542724,16.54157899738318,16.113545350530476,3197700.0,2022-06-07 14:15:00
17.251450826466005,16.613644249743135,16.15189078627352,3198600.0,2022-06-07 14:30:00
17.375607037901744,16.690396403781147,16.19279825444138,3199500.0,2022-06-07 14:45:00
17.476090298423454,16.768220841963505,16.23612730164339,3200400.0,2022-06-07 15:00:00
17.570234377185006,16.842111249941638,16.280736974590187,3201300.0,2022-06-07 15:15:00
17.661505361947224,16.914868194037744,16.32595638032656,3202200.0,2022-06-07 15:30:00
17.743325822566998,16.992535018862725,16.37311956583807,3203100.0,2022-06-07 15:45:00
17.819440133224656,17.05958334103242,16.41989492159177,3204000.0,2022-06-07 16:00:00
17.893811662053103,17.12343491540565,16.46559799587435,3204900.0,2022-06-07 16:15:00
17.97224475544068,17.19775079865986,16.513086876054263,3205800.0,2022-06-07 16:30:00
18.042235110587363,17.259926110777336,16.55979381393992,3206700.0,2022-06-07 16:45:00
18.111959511280222,17.321619716332155,16.605649784017608,3207600.0,2022-06-07 17:00:00
18.18257910023488,17.387588662210067,16.652014722766648,3208500.0,2022-06-07 17:15:00
18.235712982342708,17.437170037729267,16.695470580474247,3209400.0,2022-06-07 17:30:00
18.273027548862444,17.49041881450837,16.737697566515063,3210300.0,2022-06-07 17:45:00
18.29948922829044,17.533710601331432,16.77749626716639,3211200.0,2022-06-07 18:00:00
18.32123942172409,17.58185100881054,16.8172312756787,3212100.0,2022-06-07 18:15:00
18.336257188976436,17.612903005522778,16.85338919265408,3213000.0,2022-06-07 18:30:00
18.353019481277627,17.64218276660404,16.886580177714627,3213900.0,2022-06-07 18:45:00
18.362022326384935,17.670042688443704,16.91759322711752,3214800.0,2022-06-07 19:00:00
18.36047613268988,17.693552982655277,16.946587669353075,3215700.0,2022-06-07 19:15:00
18.350040259331152,17.707649754373307,16.972237093357293,3216600.0,2022-06-07 19:30:00
18.33783869861856,17.723618235124256,16.996191525075304,3217500.0,2022-06-07 19:45:00
18.321424177812723,17.732692604235012,17.017639485812794,3218400.0,2022-06-07 20:00:00
18.308224410792207,17.73833085108116,17.03649801164207,3219300.0,2022-06-07 20:15:00
18.29390666015473,17.74021402269952,17.052766094290927,3220200.0,2022-06-07 20:30:00
18.27804287947408,17.741198312855275,17.06702563893007,3221100.0,2022-06-07 20:45:00
18.25956921370516,17.737446259889293,17.078784913061053,3222000.0,2022-06-07 21:00:00
18.238237755518764,17.73916589066988,17.090031467113214,3222900.0,2022-06-07 21:15:00
18.210993837786155,17.731679572055857,17.099131217168967,3223800.0,2022-06-07 21:30:00
18.180147895270128,17.72499496478922,17.10700318379449,3224700.0,2022-06-07 21:45:00
18.143768405590578,17.71337355052129,17.11288777429094,3225600.0,2022-06-07 22:00:00
18.102149446011907,17.6918781653728,17.11519841461463,3226500.0,2022-06-07 22:15:00
18.059214853640203,17.67750644346249,17.116399560066544,3227400.0,2022-06-07 22:30:00
18.012045900728364,17.653966571697833,17.115218859431902,3228300.0,2022-06-07 22:45:00
17.96703235881776,17.63361784215213,17.112891670468994,3229200.0,2022-06-07 23:00:00
17.91927067458447,17.60474321760159,17.107936582596324,3230100.0,2022-06-07 23:15:00
17.873493236136724,17.578004660402986,17.101312646909705,3231000.0,2022-06-07 23:30:00
17.82848412582133,17.559505567287335,17.095516110307916,3231900.0,2022-06-07 23:45:00
17.779576844627204,17.529500598969737,17.088069207188944,3232800.0,2022-06-08 00:00:00
17.731004940032022,17.501284489174342,17.07943452188924,3233700.0,2022-06-08 00:15:00
17.680874582411477,17.470194327770663,17.069403808965852,3234600.0,2022-06-08 00:30:00
17.62889761020465,17.433212730767018,17.057027997037924,3235500.0,2022-06-08 00:45:00
17.582246682864962,17.40717061722369,17.04492134721204,3236400.0,2022-06-08 01:00:00
17.53454960573779,17.379401160877812,17.03283769676726,3237300.0,2022-06-08 01:15:00
17.48665454695054,17.34600832220011,17.01964818977682,3238200.0,2022-06-08 01:30:00
17.44038255690563,17.309735927810568,17.004810554903127,3239100.0,2022-06-08 01:45:00
17.397096517146945,17.277715561900308,16.989380332898826,3240000.0,2022-06-08 02:00:00
17.35555382522344,17.250843040579767,16.974457126324378,3240900.0,2022-06-08 02:15:00
17.313729994421656,17.220219363378067,16.959365141683506,3241800.0,2022-06-08 02:30:00
17.271608625354116,17.186690245643074,16.94332875919517,3242700.0,2022-06-08 02:45:00
17.233458257200045,17.15441534748434,16.926624084781437,3243600.0,2022-06-08 03:00:00
17.194733528705243,17.122992491478467,16.90941344323165,3244500.0,2022-06-08 03:15:00
17.159174989189356,17.098806303285325,16.893208879740268,3245400.0,2022-06-08 03:30:00
17.12543309703725,17.07335194500393,16.87773289805955,3246300.0,2022-06-08 03:45:00
17.09132246486379,17.041232138070978,16.861351405961138,3247200.0,2022-06-08 04:00:00
17.061489731714016,17.01855178041917,16.84566088499943,3248100.0,2022-06-08 04:15:00
17.03193776645279,16.996035292985905,16.830716802446403,3249000.0,2022-06-08 04:30:00
17.001906953181674,16.971325066913852,16.815765849701158,3249900.0,2022-06-08 04:45:00
16.971869467514047,16.945855081611615,16.800595579002987,3250800.0,2022-06-08 05:00:00
16.94290203650353,16.921033307337602,16.785251694437573,3251700.0,2022-06-08 05:15:00
16.915577543869226,16.904001950286283,16.771003199113927,3252600.0,2022-06-08 05:30:00
16.886457706668274,16.877279781134796,16.756260673217646,3253500.0,2022-06-08 05:45:00
16.858716372669306,16.849490331497186,16.740577126542743,3254400.0,2022-06-08 06:00:00
16.83552553352313,16.834187723197715,16.7261327794,3255300.0,2022-06-08 06:15:00
16.811400694733358,16.814512819603692,16.71220461047435,3256200.0,2022-06-08 06:30:00
16.792065266735072,16.795681374184493,16.698648168399036,3257100.0,2022-06-08 06:45:00
16.773296617146894,16.77485355201777,16.6849844963979,3258000.0,2022-06-08 07:00:00
16.75446820450076,16.75273947085694,16.670843624334395,3258900.0,2022-06-08 07:15:00
16.741294556199247,16.744509297221132,16.658554305731418,3259800.0,2022-06-08 07:30:00
16.72673227913905,16.726140205744528,16.64620239895881,3260700.0,2022-06-08 07:45:00
16.714404254330756,16.706498409620778,16.633397423328354,3261600.0,2022-06-08 08:00:00
16.708139946504346,16.694059150760683,16.621227017281843,3262500.0,2022-06-08 08:15:00
16.709179690287616,16.685129412895467,16.610240999937446,3263400.0,2022-06-08 08:30:00
16.708646568530135,16.676844081142267,16.600132055452722,3264300.0,2022-06-08 08:45:00
16.709327962516873,16.670918067292206,16.591023280925636,3265200.0,2022-06-08 09:00:00
16.716474889410502,16.667931620376805,16.583194312072106,3266100.0,2022-06-08 09:15:00
16.722695675210222,16.664636240528257,16.576225200144677,3267000.0,2022-06-08 09:30:00
16.732762141166738,16.65935736525704,16.56953436468772,3267900.0,2022-06-08 09:45:00
16.748251618068593,16.65775632383753,16.56348284088694,3268800.0,2022-06-08 10:00:00
16.761327550113784,16.661307583850036,16.558757974221162,3269700.0,2022-06-08 10:15:00
16.769690284582463,16.669729996445735,16.55594952384773,3270600.0,2022-06-08 10:30:00
16.786852941159278,16.67026516643278,16.55344352327617,3271500.0,2022-06-08 10:45:00
16.818276601231695,16.67627400397705,16.55157279292327,3272400.0,2022-06-08 11:00:00
16.86079972379917,16.68899137097978,16.551297350351774,3273300.0,2022-06-08 11:15:00
16.905950868712996,16.706277415460534,16.552942500675965,3274200.0,2022-06-08 11:30:00
16.945352092213273,16.72635212623591,16.55667161099754,3275100.0,2022-06-08 11:45:00
16.985323965733855,16.7437389930817,16.5615487887897,3276000.0,2022-06-08 12:00:00
17.043668556609706,16.769613824677805,16.568396336396145,3276900.0,2022-06-08 12:15:00
17.120154502978625,16.80359535414697,16.57797173626145,3277800.0,2022-06-08 12:30:00
17.20918922047244,16.843540114010224,16.590644348425773,3278700.0,2022-06-08 12:45:00
17.302314379040347,16.882510615582554,16.605394592728384,3279600.0,2022-06-08 13:00:00
17.401990896970705,16.934920697889382,16.623740371142855,3280500.0,2022-06-08 13:15:00
17.49061252290026,16.98454259615273,16.6445145246971,3281400.0,2022-06-08 13:30:00
17.578230976943935,17.043208353370378,16.668695950848914,3282300.0,2022-06-08 13:45:00
17.672839659665353,17.098918537808352,16.6950971198763,3283200.0,2022-06-08 14:00:00
17.768121756322497,17.151457206680657,16.722324723127084,3284100.0,2022-06-08 14:15:00
17.86523228821244,17.21930469384684,16.752976962103066,3285000.0,2022-06-08 14:30:00
17.9586086666334,17.284165252373445,16.786069517355518,3285900.0,2022-06-08 14:45:00
18.0561713944524,17.34846341091959,16.820840736750206,3286800.0,2022-06-08 15:00:00
18.152863105832385,17.41603045754455,16.857410775564635,3287700.0,2022-06-08 15:15:00
18.242119087023724,17.482854161885623,16.895482755175024,3288600.0,2022-06-08 15:30:00
18.32502350649269,17.545624881200784,16.933914915471647,3289500.0,2022-06-08 15:45:00
18.407378567169832,17.618034364145966,16.974962226827945,3290400.0,2022-06-08 16:00:00
18.487021596320336,17.682233907133284,17.016631479276665,3291300.0,2022-06-08 16:15:00
18.568722440331413,17.745332770767227,17.058362892013477,3292200.0,2022-06-08 16:30:00
18.642815210305343,17.795845803378292,17.097216080431178,3293100.0,2022-06-08 16:45:00
18.711131331892677,17.868225544857406,17.138979327717202,3294000.0,2022-06-08 17:00:00
18.768560897070696,17.920157339647066,17.179430400165916,3294900.0,2022-06-08 17:15:00
18.81984526486612,17.969384992294973,17.217997579799917,3295800.0,2022-06-08 17:30:00
18.866237844214226,18.028477780593885,17.25795626254377,3296700.0,2022-06-08 17:45:00
18.896002205504228,18.067056909889736,17.29501413588387,3297600.0,2022-06-08 18:00:00
18.916617193426863,18.10193546032565,17.329098760752018,3298500.0,2022-06-08 18:15:00
18.92705402552627,18.14212407392707,17.362810529698134,3299400.0,2022-06-08 18:30:00
18.91969692413572,18.163499515717334,17.392832304646532,3300300.0,2022-06-08 18:45:00
18.90259206881005,18.17510997574832,17.418148081930934,3301200.0,2022-06-08 19:00:00
18.877595080602585,18.192077600427886,17.44180087916361,3302100.0,2022-06-08 19:15:00
18.84354058192604,18.198455236920097,17.462732032536596,3303000.0,2022-06-08 19:30:00
18.801977151535898,18.199304851925664,17.48078125661758,3303900.0,2022-06-08 19:45:00
18.756266371317324,18.18752843196229,17.494143179699577,3304800.0,2022-06-08 20:00:00
18.707101700432823,18.17072060105712,17.503037757291874,3305700.0,2022-06-08 20:15:00
18.659100484074585,18.16173473729952,17.510696872116,3306600.0,2022-06-08 20:30:00
18.60412611232352,18.15122199689084,17.517896282764738,3307500.0,2022-06-08 20:45:00
18.5444526012988,18.123026039794286,17.521010317539904,3308400.0,2022-06-08 21:00:00
18.487485103644552,18.09695614376854,17.521242683495966,3309300.0,2022-06-08 21:15:00
18.43209159622608,18.074174904556603,17.520108054020263,3310200.0,2022-06-08 21:30:00
18.373982628178258,18.038966074754377,17.51549298138811,3311100.0,2022-06-08 21:45:00
18.316065257207672,18.012064973094272,17.509778348123195,3312000.0,2022-06-08 22:00:00
18.25410358084977,17.973006360422723,17.500938391393664,3312900.0,2022-06-08 22:15:00
18.187155559940408,17.93434366116398,17.489520934434232,3313800.0,2022-06-08 22:30:00
18.122083093273247,17.901465412928175,17.477657175418532,3314700.0,2022-06-08 22:45:00
18.05350464148191,17.861988839052533,17.464353288002698,3315600.0,2022-06-08 23:00:00
17.987592445944784,17.824942151423365,17.45023938681239,3316500.0,2022-06-08 23:15:00
17.92320186356027,17.791457571890856,17.436361065612587,3317400.0,2022-06-08 23:30:00
17.859182765763805,17.74847276437721,17.42064452934322,3318300.0,2022-06-08 23:45:00
17.797868170569046,17.705957105907228,17.40328875033567,3319200.0,2022-06-09 00:00:00
17.736059669250768,17.664461405913553,17.384926679094768,3320100.0,2022-06-09 00:15:00
17.674778982796102,17.617498693546704,17.364575104789814,3321000.0,2022-06-09 00:30:00
17.61802489039365,17.581220992040123,17.34453015952047,3321900.0,2022-06-09 00:45:00
17.56133066005405,17.5403507123987,17.32397520011357,3322800.0,2022-06-09 01:00:00
17.503794076383265,17.49763030514869,17.302632206197366,3323700.0,2022-06-09 01:15:00
17.448269411075902,17.463777328342896,17.282104419992493,3324600.0,2022-06-09 01:30:00
17.388690726138854,17.418010535010588,17.26010188697856,3325500.0,2022-06-09 01:45:00
17.3295353321052,17.374228238443337,17.23688764018365,3326400.0,2022-06-09 02:00:00
17.272166451736155,17.33535010189693,17.213806987103762,3327300.0,2022-06-09 02:15:00
17.216866432321694,17.303761810509947,17.192135162165926,3328200.0,2022-06-09 02:30:00
17.15760173587595,17.25609790685219,17.168895298355466,3329100.0,2022-06-09 02:45:00
17.10187436455566,17.219449831994226,17.14574793317705,3330000.0,2022-06-09 03:00:00
17.042519657032596,17.1692461690635,17.120603271814215,3330900.0,2022-06-09 03:15:00
16.98403796701061,17.126335019894736,17.094816455224063,3331800.0,2022-06-09 03:30:00
16.928192960788365,17.09029160374074,17.069826619554547,3332700.0,2022-06-09 03:45:00
16.86939730427786,17.04666256669126,17.04440345556202,3333600.0,2022-06-09 04:00:00
16.812594850616406,17.00598855693193,17.018719131536137,3334500.0,2022-06-09 04:15:00
16.755939312504637,16.96674302805113,16.99321499298298,3335400.0,2022-06-09 04:30:00
16.700597072457256,16.922060177005683,16.96696831485764,3336300.0,2022-06-09 04:45:00
16.647368285732316,16.88074108403453,16.94046454621368,3337200.0,2022-06-09 05:00:00
16.596409285074785,16.838712338946568,16.913548440390493,3338100.0,2022-06-09 05:15:00
16.55015233693041,16.801709764929452,16.887017436787392,3339000.0,2022-06-09 05:30:00
16.505189166571494,16.763690243248703,16.860760972468135,3339900.0,2022-06-09 05:45:00
16.464426848842763,16.732559499130623,16.835407465206117,3340800.0,2022-06-09 06:00:00
16.425691159473377,16.692730584439307,16.809702142474613,3341700.0,2022-06-09 06:15:00
16.39145473607934,16.65799149443067,16.784112451952222,3342600.0,2022-06-09 06:30:00
16.359728287851077,16.62389915477895,16.75884738852051,3343500.0,2022-06-09 06:45:00
16.331736037713544,16.59881094615059,16.73473086086091,3344400.0,2022-06-09 07:00:00
16.307706088995513,16.567048380415592,16.71087670839514,3345300.0,2022-06-09 07:15:00
16.28652340539182,16.54513204633251,16.688321771750026,3346200.0,2022-06-09 07:30:00
16.264788839643078,16.516054961374962,16.665960409494392,3347100.0,2022-06-09 07:45:00
16.248411347026412,16.49721649700776,16.644781356916607,3348000.0,2022-06-09 08:00:00
16.232352019065914,16.474908805360155,16.6243292668359,3348900.0,2022-06-09 08:15:00
16.2203570883801,16.45418596712786,16.60437139502502,3349800.0,2022-06-09 08:30:00
16.21205512727922,16.434515842187725,16.585117729163137,3350700.0,2022-06-09 08:45:00
16.20602802165843,16.41710292756654,16.566683867698902,3351600.0,2022-06-09 09:00:00
16.207770555544997,16.40818951910912,16.54969536475827,3352500.0,2022-06-09 09:15:00
16.212179216449396,16.393659585062593,16.5333657043721,3353400.0,2022-06-09 09:30:00
16.231628195955555,16.394234815322836,16.51940066205489,3354300.0,2022-06-09 09:45:00
16.265233209082453,16.391704173902333,16.506971830983773,3355200.0,2022-06-09 10:00:00
16.310025516722153,16.393127825963088,16.496162930147907,3356100.0,2022-06-09 10:15:00
16.355415465970527,16.40056155758977,16.48731115023254,3357000.0,2022-06-09 10:30:00
16.40446251060999,16.41142409714173,16.480518192005032,3357900.0,2022-06-09 10:45:00
16.45359031771988,16.42367198819493,16.475597093109894,3358800.0,2022-06-09 11:00:00
16.496823150894578,16.44906111859459,16.473816831233467,3359700.0,2022-06-09 11:15:00
16.531768346402238,16.467181713291385,16.473921800960646,3360600.0,2022-06-09 11:30:00
16.57221869274329,16.48239045269078,16.474789458665448,3361500.0,2022-06-09 11:45:00
16.626740700786705,16.508785227570808,16.477686033124932,3362400.0,2022-06-09 12:00:00
16.69229566038684,16.536223311189513,16.482628504010655,3363300.0,2022-06-09 12:15:00
16.75929293235072,16.560768825611586,16.48878033294091,3364200.0,2022-06-09 12:30:00
16.832876139274198,16.59827555726997,16.497548659827448,3365100.0,2022-06-09 12:45:00
16.902561033701286,16.630068296019985,16.50784009878408,3366000.0,2022-06-09 13:00:00
16.970672649295395,16.66523951386053,16.519528083969817,3366900.0,2022-06-09 13:15:00
17.044835879014126,16.714316365143976,16.53470945130562,3367800.0,2022-06-09 13:30:00
17.117936737364236,16.755608376837422,16.55163156905555,3368700.0,2022-06-09 13:45:00
17.18886470956513,16.792285992933227,16.568870807388173,3369600.0,2022-06-09 14:00:00
17.26341652738065,16.840335819882046,16.588147367143087,3370500.0,2022-06-09 14:15:00
17.335673352648403,16.885942535624636,16.608940494016316,3371400.0,2022-06-09 14:30:00
17.416749904616186,16.940245323934654,16.632349893213622,3372300.0,2022-06-09 14:45:00
17.487473474487622,16.976760273953733,16.654870471642454,3373200.0,2022-06-09 15:00:00
17.55716117218522,17.034987156588876,16.680117902908894,3374100.0,2022-06-09 15:15:00
17.61203808616404,17.074166179342193,16.705005078132448,3375000.0,2022-06-09 15:30:00
17.670297137921438,17.120400757783727,16.730524202967864,3375900.0,2022-06-09 15:45:00
17.737239260157775,17.169472316913435,16.75723515445612,3376800.0,2022-06-09 16:00:00
17.8033849064877,17.210337598057606,16.783507882178277,3377700.0,2022-06-09 16:15:00
17.864029330530908,17.266277755430483,16.812148405263375,3378600.0,2022-06-09 16:30:00
17.92302295488137,17.31840736452427,16.84261270788379,3379500.0,2022-06-09 16:45:00
17.972562095218795,17.353738536908,16.871231508818468,3380400.0,2022-06-09 17:00:00
18.02078544040184,17.393851649969353,16.8989846078007,3381300.0,2022-06-09 17:15:00
18.06994188102696,17.43643938862437,16.92685901970781,3382200.0,2022-06-09 17:30:00
18.11395704828543,17.475958696666932,16.954558533681645,3383100.0,2022-06-09 17:45:00
18.15095501424461,17.51068082372193,16.981374663224532,3384000.0,2022-06-09 18:00:00
18.170113692553542,17.54193729136542,17.006905050724846,3384900.0,2022-06-09 18:15:00
18.176312590490497,17.567238360190558,17.030739487328333,3385800.0,2022-06-09 18:30:00
18.18375522187704,17.59065349521555,17.0532939419869,3386700.0,2022-06-09 18:45:00
18.19222402993636,17.61791179516798,17.075938090182866,3387600.0,2022-06-09 19:00:00
18.197626385234948,17.636262032144263,17.097254243437753,3388500.0,2022-06-09 19:15:00
18.198483808539507,17.650275416333223,17.116618080022498,3389400.0,2022-06-09 19:30:00
18.19626050143365,17.656781196643315,17.13317603175274,3390300.0,2022-06-09 19:45:00
18.19617821143852,17.674506933859007,17.14988277416402,3391200.0,2022-06-09 20:00:00
18.19965147806167,17.693004645648028,17.16723518150885,3392100.0,2022-06-09 20:15:00
18.200963872542765,17.696921277638108,17.18219969132508,3393000.0,2022-06-09 20:30:00
18.20430195856818,17.70442829341961,17.195754578104424,3393900.0,2022-06-09 20:45:00
18.20566965056364,17.715555653322454,17.209101360890088,3394800.0,2022-06-09 21:00:00
18.205991582246643,17.723568364105898,17.221757528268782,3395700.0,2022-06-09 21:15:00
18.20325364212238,17.72821495961139,17.233184396721928,3396600.0,2022-06-09 21:30:00
18.19745103713688,17.729669974441435,17.242946718729957,3397500.0,2022-06-09 21:45:00
18.18629169994669,17.72933152167794,17.251136576238665,3398400.0,2022-06-09 22:00:00
18.171541749663398,17.732493292135807,17.25904862390848,3399300.0,2022-06-09 22:15:00
18.149190259040527,17.726529435879733,17.265267248100315,3400200.0,2022-06-09 22:30:00
18.122464190817183,17.725976657257547,17.271197281883943,3401100.0,2022-06-09 22:45:00
18.086269091388207,17.71258652743931,17.274803799274498,3402000.0,2022-06-09 23:00:00
18.044578633894485,17.70219573440365,17.277221038324992,3402900.0,2022-06-09 23:15:00
17.996903906940876,17.682279556348874,17.27732428827304,3403800.0,2022-06-09 23:30:00
17.9442773606685,17.660441502485494,17.27526362782432,3404700.0,2022-06-09 23:45:00
17.887174418652453,17.641814539153064,17.272271185611785,3405600.0,2022-06-10 00:00:00
17.827541820360285,17.613581881808916,17.26713114113437,3406500.0,2022-06-10 00:15:00
17.765933827116186,17.584598484709648,17.260189421008917,3407400.0,2022-06-10 00:30:00
17.703144448457103,17.5499317014403,17.25089217906264,3408300.0,2022-06-10 00:45:00
17.64145582820659,17.51795425918132,17.240155628995108,3409200.0,2022-06-10 01:00:00
17.57957060537348,17.481644801615033,17.22778458989363,3410100.0,2022-06-10 01:15:00
17.51731078142403,17.445598189861634,17.214120235390745,3411000.0,2022-06-10 01:30:00
17.456349179304016,17.415565730085,17.20044398299014,3411900.0,2022-06-10 01:45:00
17.393617985185678,17.37942347842081,17.185772154767307,3412800.0,2022-06-10 02:00:00
17.327348137699115,17.332627138999392,17.16839544611748,3413700.0,2022-06-10 02:15:00
17.26847895353272,17.300342598360995,17.15114442294452,3414600.0,2022-06-10 02:30:00
17.20470439613524,17.253360471641,17.131827107262957,3415500.0,2022-06-10 02:45:00
17.147267475652377,17.21466588208206,17.111892402294743,3416400.0,2022-06-10 03:00:00
17.08916863191172,17.178691450126323,17.09202604213732,3417300.0,2022-06-10 03:15:00
17.034582907747232,17.144220690790604,17.072413247886107,3418200.0,2022-06-10 03:30:00
16.981056260643236,17.10662514529262,17.052387047120572,3419100.0,2022-06-10 03:45:00
16.930937495739276,17.067350457229633,17.031539807901666,3420000.0,2022-06-10 04:00:00
16.885510079494402,17.03231504169572,17.01058944087391,3420900.0,2022-06-10 04:15:00
16.840510048816558,16.991849492599382,16.988731360894565,3421800.0,2022-06-10 04:30:00
16.802084740195593,16.95550136596377,16.9665182580133,3422700.0,2022-06-10 04:45:00
16.767422540889477,16.92863673333956,16.945423383892226,3423600.0,2022-06-10 05:00:00
16.733396042679836,16.895824635772296,16.92441469776568,3424500.0,2022-06-10 05:15:00
16.702218832796678,16.865808804236227,16.903562304344426,3425400.0,2022-06-10 05:30:00
16.674391452318282,16.839842632256698,16.883443421779557,3426300.0,2022-06-10 05:45:00
16.6490274685697,16.81428501895594,16.863825121557642,3427200.0,2022-06-10 06:00:00
16.62588319004229,16.7907407011379,16.844751555628307,3428100.0,2022-06-10 06:15:00
16.60370217662174,16.76418058359075,16.825859979678103,3429000.0,2022-06-10 06:30:00
16.586684520548495,16.748043000714496,16.808270791258852,3429900.0,2022-06-10 06:45:00
16.571605525064058,16.72430023757852,16.79076681474265,3430800.0,2022-06-10 07:00:00
16.560298318380248,16.71049444645585,16.774410116431024,3431700.0,2022-06-10 07:15:00
16.54905436400717,16.692364113637172,16.758510000047192,3432600.0,2022-06-10 07:30:00
16.54238223219602,16.67779961366165,16.743283833918035,3433500.0,2022-06-10 07:45:00
16.53872158506104,16.665751152392623,16.72890973816848,3434400.0,2022-06-10 08:00:00
16.54010382587901,16.653644459197775,16.715168258756268,3435300.0,2022-06-10 08:15:00
16.54913863712912,16.64800135044864,16.702762157796986,3436200.0,2022-06-10 08:30:00
16.559901703728517,16.64347479953698,16.691621469167664,3437100.0,2022-06-10 08:45:00
16.574516531202686,16.637177715877733,16.681072604401006,3438000.0,2022-06-10 09:00:00
16.588863266215984,16.63222813843354,16.671196668060126,3438900.0,2022-06-10 09:15:00
16.60456064318249,16.634006232293338,16.66267266556099,3439800.0,2022-06-10 09:30:00
16.623566828467528,16.637768517128773,16.655600858604707,3440700.0,2022-06-10 09:45:00
16.64349143837789,16.63832381532636,16.649306535105808,3441600.0,2022-06-10 10:00:00
16.66718619813209,16.642988624040413,16.64404166026221,3442500.0,2022-06-10 10:15:00
16.690873217091706,16.652454668671435,16.6402398512675,3443400.0,2022-06-10 10:30:00
16.723840485943747,16.667140717888895,16.638474572718746,3444300.0,2022-06-10 10:45:00
16.75992541956921,16.673159975850087,16.637040432642603,3445200.0,2022-06-10 11:00:00
16.80020239017253,16.690203698629762,16.637154778788524,3446100.0,2022-06-10 11:15:00
16.837915397440973,16.703211085434198,16.63816442909175,3447000.0,2022-06-10 11:30:00
16.88106501799549,16.72430109302466,16.64088688394007,3447900.0,2022-06-10 11:45:00
16.928978768045464,16.74217878622026,16.644699850623343,3448800.0,2022-06-10 12:00:00
16.9756503294199,16.760144273379545,16.649151818946944,3449700.0,2022-06-10 12:15:00
17.02500314572246,16.790490523820914,16.65599389570576,3450600.0,2022-06-10 12:30:00
17.07897318856187,16.81160121080126,16.663503246760037,3451500.0,2022-06-10 12:45:00
17.141996571262705,16.838107746432406,16.672132687821566,3452400.0,2022-06-10 13:00:00
17.209303896314175,16.880334176804382,16.684175041303284,3453300.0,2022-06-10 13:15:00
17.274948510614053,16.917072313666495,16.698110043065753,3454200.0,2022-06-10 13:30:00
17.33750120503856,16.950116125231133,16.712947238315756,3455100.0,2022-06-10 13:45:00
17.403405917058706,16.989887176331084,16.729358818074008,3456000.0,2022-06-10 14:00:00
17.46769975827795,17.028564951651532,16.746934165736672,3456900.0,2022-06-10 14:15:00
17.532832301028044,17.067252711532856,16.7654896252035,3457800.0,2022-06-10 14:30:00
17.598851425673917,17.109971657694263,16.785549920456464,3458700.0,2022-06-10 14:45:00
17.671078609661365,17.155239204720576,16.80713024582597,3459600.0,2022-06-10 15:00:00
17.74638206983669,17.19504922827584,16.828937666787265,3460500.0,2022-06-10 15:15:00
17.81851004646547,17.244790003170422,16.85258970173459,3461400.0,2022-06-10 15:30:00
17.884622871693697,17.29173142650523,16.877516600885244,3462300.0,2022-06-10 15:45:00
17.947019489600397,17.333950648293293,16.902604426551786,3463200.0,2022-06-10 16:00:00
17.99914748609381,17.375364989090322,16.927727261878744,3464100.0,2022-06-10 16:15:00
18.04780438588778,17.418471027334746,16.953421408208584,3465000.0,2022-06-10 16:30:00
18.09225233245492,17.45973971541669,16.97944344242601,3465900.0,2022-06-10 16:45:00
18.13371961964257,17.49558364871714,17.00485082788171,3466800.0,2022-06-10 17:00:00
18.173420904628426,17.53350833906121,17.030391883046207,3467700.0,2022-06-10 17:15:00
18.21134461095528,17.572453753355816,17.056425267391706,3468600.0,2022-06-10 17:30:00
18.240905774481007,17.597743484768408,17.08039768269582,3469500.0,2022-06-10 17:45:00
18.270229125274135,17.629501994349035,17.103903598806994,3470400.0,2022-06-10 18:00:00
18.297644101278905,17.663105035888723,17.127876887777212,3471300.0,2022-06-10 18:15:00
18.32276830994669,17.68753226989508,17.15062703066829,3472200.0,2022-06-10 18:30:00
18.34670131691482,17.714864134881147,17.172927909489317,3473100.0,2022-06-10 18:45:00
18.35814801554806,17.7336649738269,17.193473124260926,3474000.0,2022-06-10 19:00:00
18.37077504972856,17.764588072848603,17.21529840049547,3474900.0,2022-06-10 19:15:00
18.378120639167577,17.7804084841151,17.23553420599043,3475800.0,2022-06-10 19:30:00
18.381743622460355,17.789639028543686,17.25298323124549,3476700.0,2022-06-10 19:45:00
18.38467639606032,17.801199888363875,17.26886021825573,3477600.0,2022-06-10 20:00:00
18.383833348186965,17.815923038080467,17.284460070858607,3478500.0,2022-06-10 20:15:00
18.377541743284382,17.827468380489478,17.29957252792733,3479400.0,2022-06-10 20:30:00
18.36669987343648,17.833822062905462,17.313450171463348,3480300.0,2022-06-10 20:45:00
18.35340944974573,17.843487742883074,17.32709887475747,3481200.0,2022-06-10 21:00:00
18.33044330654833,17.842211833984535,17.338626030209017,3482100.0,2022-06-10 21:15:00
18.302182994461734,17.833654688341657,17.347232623331998,3483000.0,2022-06-10 21:30:00
18.2686333268637,17.826137886698668,17.353764775509195,3483900.0,2022-06-10 21:45:00
18.234005016990803,17.81883505032833,17.359132705647106,3484800.0,2022-06-10 22:00:00
18.199648601887993,17.809046152692108,17.363344934309453,3485700.0,2022-06-10 22:15:00
18.1695951053293,17.80602836897012,17.36793494242561,3486600.0,2022-06-10 22:30:00
18.133852949723924,17.782710189232834,17.36915890843299,3487500.0,2022-06-10 22:45:00
18.099190033079687,17.768562830255846,17.36915950088104,3488400.0,2022-06-10 23:00:00
18.061505142640275,17.75165608318705,17.367969613023938,3489300.0,2022-06-10 23:15:00
18.020392163296165,17.734073991857947,17.36576947390644,3490200.0,2022-06-10 23:30:00
17.976407749181817,17.715500455593787,17.362658834125813,3491100.0,2022-06-10 23:45:00
17.930869578440344,17.69386313320375,17.35829697107469,3492000.0,2022-06-11 00:00:00
17.882527344109317,17.666187359275344,17.35190293528109,3492900.0,2022-06-11 00:15:00
17.83731965629227,17.646783938973783,17.345463643659826,3493800.0,2022-06-11 00:30:00
17.791076374232887,17.621312762864772,17.33792989801364,3494700.0,2022-06-11 00:45:00
17.747582571567154,17.598199003963,17.3299040431257,3495600.0,2022-06-11 01:00:00
17.705543995416416,17.574157644690185,17.321260382724724,3496500.0,2022-06-11 01:15:00
17.66395252530607,17.54740879977553,17.3117079903139,3497400.0,2022-06-11 01:30:00
17.624017373191457,17.518988945666134,17.30086208379548,3498300.0,2022-06-11 01:45:00
17.58734221303832,17.492403603023494,17.289199960820206,3499200.0,2022-06-11 02:00:00
17.55157615100267,17.469802859192484,17.277639387355702,3500100.0,2022-06-11 02:15:00
17.51487814079629,17.444282288854545,17.265600501518513,3501000.0,2022-06-11 02:30:00
17.479849220567964,17.421450122826418,17.25360636599612,3501900.0,2022-06-11 02:45:00
17.44586876884493,17.39628198964788,17.24114786718512,3502800.0,2022-06-11 03:00:00
17.412988648971023,17.37489814797338,17.22882686597218,3503700.0,2022-06-11 03:15:00
17.37807639185658,17.349432884328973,17.216035242284693,3504600.0,2022-06-11 03:30:00
17.347238641657736,17.329520323414467,17.20348198009606,3505500.0,2022-06-11 03:45:00
17.313873562785645,17.303398374278252,17.19027114242384,3506400.0,2022-06-11 04:00:00
17.280993350141667,17.277437013415465,17.176382721375447,3507300.0,2022-06-11 04:15:00
17.246730190392118,17.25673029337626,17.16279287880966,3508200.0,2022-06-11 04:30:00
17.21275703923213,17.23581754022761,17.149546648463527,3509100.0,2022-06-11 04:45:00
17.178527280805195,17.20592023975936,17.13509909995251,3510000.0,2022-06-11 05:00:00
17.146796423873703,17.187603270612225,17.12114448489853,3510900.0,2022-06-11 05:15:00
17.11266217450233,17.162416611603128,17.106861371085387,3511800.0,2022-06-11 05:30:00
17.07825079175094,17.14153207435495,17.092687248315332,3512700.0,2022-06-11 05:45:00
17.04551320200263,17.11058234146199,17.077225057396365,3513600.0,2022-06-11 06:00:00
17.015499481213205,17.091353898324122,17.062200881509007,3514500.0,2022-06-11 06:15:00
16.98471862045555,17.068751267069768,17.047351797456958,3515400.0,2022-06-11 06:30:00
16.95380460600538,17.044434753514285,17.03236872218571,3516300.0,2022-06-11 06:45:00
16.926311434997277,17.023295013235202,17.017482648257005,3517200.0,2022-06-11 07:00:00
16.900442964790845,17.002252490354376,17.002651234113603,3518100.0,2022-06-11 07:15:00
16.882394725387968,16.981331107619756,16.987910045353512,3519000.0,2022-06-11 07:30:00
16.865349036659413,16.963328097340117,16.973444598301047,3519900.0,2022-06-11 07:45:00
16.856444525745765,16.944211772130746,16.959058339627646,3520800.0,2022-06-11 08:00:00
16.855523189943558,16.931852624017797,16.945572907621802,3521700.0,2022-06-11 08:15:00
16.858389383824314,16.922076118833097,16.933192658793782,3522600.0,2022-06-11 08:30:00
16.86165647585286,16.910594808982147,16.921412138885948,3523500.0,2022-06-11 08:45:00
16.870938327914452,16.910007878545418,16.911340178315456,3524400.0,2022-06-11 09:00:00
16.877831993129966,16.90200839949417,16.90178105719755,3525300.0,2022-06-11 09:15:00
16.888361814783423,16.900336911068106,16.893272326679277,3526200.0,2022-06-11 09:30:00
16.912704318505725,16.90093254044326,16.885872657483894,3527100.0,2022-06-11 09:45:00
16.95129177443455,16.90585728798827,16.879790427081087,3528000.0,2022-06-11 10:00:00
16.994413240632216,16.91455621741845,16.875357432590157,3528900.0,2022-06-11 10:15:00
17.036914389403268,16.924982562121073,16.872359560019568,3529800.0,2022-06-11 10:30:00
17.08981406149284,16.94448806023117,16.87167940484328,3530700.0,2022-06-11 10:45:00
17.15536572124086,16.96486669008858,16.872809691396146,3531600.0,2022-06-11 11:00:00
17.236197725268553,16.997758791939336,16.877043793341738,3532500.0,2022-06-11 11:15:00
17.332767866892695,17.030366632230983,16.883629620878192,3533400.0,2022-06-11 11:30:00
17.420863326642667,17.068085212792862,16.892733494689633,3534300.0,2022-06-11 11:45:00
17.504398544218798,17.10865230492962,16.904296583651828,3535200.0,2022-06-11 12:00:00
17.600297390503414,17.15714139360291,16.918943414364847,3536100.0,2022-06-11 12:15:00
17.70780149571692,17.208922295857857,16.936481397830608,3537000.0,2022-06-11 12:30:00
17.824009681256257,17.268231951960647,16.95732648258864,3537900.0,2022-06-11 12:45:00
17.95372534719533,17.33586394418279,16.98201486912407,3538800.0,2022-06-11 13:00:00
18.09333362688616,17.40294703390333,17.009519661826854,3539700.0,2022-06-11 13:15:00
18.242161566824286,17.482385633210157,17.041098054535418,3540600.0,2022-06-11 13:30:00
18.3955252765635,17.562856101267187,17.07597076655858,3541500.0,2022-06-11 13:45:00
18.557710421793367,17.6557432842004,17.11532544137173,3542400.0,2022-06-11 14:00:00
18.720953409932942,17.749807490961626,17.158402554389827,3543300.0,2022-06-11 14:15:00
18.882404198211205,17.848260922525647,17.205151851018815,3544200.0,2022-06-11 14:30:00
19.041499880554184,17.954398575519225,17.25625646555795,3545100.0,2022-06-11 14:45:00
19.193177376423037,18.051180823281324,17.30913387393682,3546000.0,2022-06-11 15:00:00
19.336109990670803,18.152943081673172,17.364256200468063,3546900.0,2022-06-11 15:15:00
19.469529963010384,18.251119945565325,17.420600453148822,3547800.0,2022-06-11 15:30:00
19.597861598217857,18.354273333168223,17.479317168868217,3548700.0,2022-06-11 15:45:00
19.72033477888581,18.450343894918728,17.538839756591596,3549600.0,2022-06-11 16:00:00
19.84030353146169,18.541361260784143,17.597904243471774,3550500.0,2022-06-11 16:15:00
19.95471384384584,18.636714550499008,17.65788270484564,3551400.0,2022-06-11 16:30:00
20.04536808138553,18.72508184653212,17.717939335014208,3552300.0,2022-06-11 16:45:00
20.11831289190773,18.801556949963643,17.77590355793125,3553200.0,2022-06-11 17:00:00
20.1830312683636,18.882339936305936,17.83391559002914,3554100.0,2022-06-11 17:15:00
20.237043677840415,18.949674435104438,17.889850739060268,3555000.0,2022-06-11 17:30:00
20.28611015327381,19.010462139252223,17.943137583544694,3555900.0,2022-06-11 17:45:00
20.327966056663158,19.071711023493997,17.995143580173156,3556800.0,2022-06-11 18:00:00
20.360025593146037,19.12122602875661,18.04405826024952,3557700.0,2022-06-11 18:15:00
20.380405156523253,19.16514572316817,18.089763605584672,3558600.0,2022-06-11 18:30:00
20.388479319690585,19.207643448359544,18.133691919339736,3559500.0,2022-06-11 18:45:00
20.383957293494305,19.23768058544928,18.174216391739808,3560400.0,2022-06-11 19:00:00
20.370687561185495,19.256154907426577,18.209717326680344,3561300.0,2022-06-11 19:15:00
20.343726280650845,19.279260858758963,18.24349918359594,3562200.0,2022-06-11 19:30:00
20.303652673228175,19.2903675937236,18.274169975847776,3563100.0,2022-06-11 19:45:00
20.255583006734977,19.289866892762873,18.30018992075064,3564000.0,2022-06-11 20:00:00
20.2022222291422,19.285101200691987,18.322315948357584,3564900.0,2022-06-11 20:15:00
20.148793894571355,19.282901171264594,18.342629352746567,3565800.0,2022-06-11 20:30:00
20.08983459920272,19.267952831531392,18.359063291989923,3566700.0,2022-06-11 20:45:00
20.033467740330945,19.252338986917213,18.372567642873967,3567600.0,2022-06-11 21:00:00
19.97472202248995,19.23238584423993,18.38289773448642,3568500.0,2022-06-11 21:15:00
19.918407920651084,19.21792126472649,18.392410322558483,3569400.0,2022-06-11 21:30:00
19.859092652367824,19.187156062201424,18.397644709271027,3570300.0,2022-06-11 21:45:00
19.800524346175653,19.16092949014685,18.400465218903815,3571200.0,2022-06-11 22:00:00
19.73614370366077,19.13292939663183,18.401144954731627,3572100.0,2022-06-11 22:15:00
19.672044960590668,19.106404172227375,18.400820033487204,3573000.0,2022-06-11 22:30:00
19.60320599371122,19.07435753449757,18.39860357272948,3573900.0,2022-06-11 22:45:00
19.529987765984437,19.040405033541848,18.39444504666637,3574800.0,2022-06-11 23:00:00
19.45535895234671,19.003820216082097,18.38831433651222,3575700.0,2022-06-11 23:15:00
19.37591875971709,18.959827175211284,18.379187402362653,3576600.0,2022-06-11 23:30:00
19.29622855001204,18.92011997980504,18.36870698094644,3577500.0,2022-06-11 23:45:00
19.21372132794704,18.876949771043385,18.35656851779144,3578400.0,2022-06-12 00:00:00
19.128070222940295,18.83410361520665,18.34326386975905,3579300.0,2022-06-12 00:15:00
19.03975088514112,18.787591720831625,18.32855816005518,3580200.0,2022-06-12 00:30:00
18.949492293821752,18.735001525219477,18.311423180625127,3581100.0,2022-06-12 00:45:00
18.862131899425368,18.68543384650435,18.29287377137021,3582000.0,2022-06-12 01:00:00
18.77488950331872,18.636768577862277,18.2735274977829,3582900.0,2022-06-12 01:15:00
18.689355567036987,18.584274283015976,18.252761568873495,3583800.0,2022-06-12 01:30:00
18.60444421970332,18.52856261164759,18.230128194614753,3584700.0,2022-06-12 01:45:00
18.517195489516592,18.47608408411743,18.206478576198737,3585600.0,2022-06-12 02:00:00
18.42966283120605,18.419916864491103,18.181418200701746,3586500.0,2022-06-12 02:15:00
18.343334987401526,18.36766362599738,18.15586607202464,3587400.0,2022-06-12 02:30:00
18.25186220151489,18.30486589219074,18.12818619877428,3588300.0,2022-06-12 02:45:00
18.164053687118475,18.255357739543616,18.100786444169685,3589200.0,2022-06-12 03:00:00
18.071258692452343,18.19542776855817,18.072006250219285,3590100.0,2022-06-12 03:15:00
17.978847899396165,18.13794068032395,18.042271947493873,3591000.0,2022-06-12 03:30:00
17.88502642806723,18.082638686702904,18.01235564399459,3591900.0,2022-06-12 03:45:00
17.79021433907644,18.020006830373607,17.98104688436432,3592800.0,2022-06-12 04:00:00
17.69453803258108,17.958427804114475,17.948567901354167,3593700.0,2022-06-12 04:15:00
17.602455662430632,17.901865235310197,17.91596795949371,3594600.0,2022-06-12 04:30:00
17.508123639041926,17.840090844045555,17.882394975885845,3595500.0,2022-06-12 04:45:00
17.42119842904576,17.783038742299865,17.84873623981134,3596400.0,2022-06-12 05:00:00
17.335736287806508,17.721145943003947,17.814203735735415,3597300.0,2022-06-12 05:15:00
17.254743251667552,17.661571656247517,17.779027166013464,3598200.0,2022-06-12 05:30:00
17.177808806009992,17.600730168269095,17.743199124186972,3599100.0,2022-06-12 05:45:00
17.104239650682203,17.54581546539022,17.707524410340557,3600000.0,2022-06-12 06:00:00
17.035937601730737,17.4929166299183,17.672084843215433,3600900.0,2022-06-12 06:15:00
16.96715234251164,17.441392127113406,17.63693134893906,3601800.0,2022-06-12 06:30:00
16.901314449946966,17.388337415944246,17.601707672503885,3602700.0,2022-06-12 06:45:00
16.839654870690318,17.337493884324576,17.566603979191857,3603600.0,2022-06-12 07:00:00
16.783188006136793,17.29065578965131,17.531952826773065,3604500.0,2022-06-12 07:15:00
16.733034838696323,17.241809091323603,17.497345931440694,3605400.0,2022-06-12 07:30:00
16.693430524065732,17.19975023767851,17.463397837027717,3606300.0,2022-06-12 07:45:00
16.666150515939368,17.1595087306069,17.43023334884536,3607200.0,2022-06-12 08:00:00
16.65179198907039,17.125366865471385,17.398214938517317,3608100.0,2022-06-12 08:15:00
16.64706649093553,17.09943745422185,17.36804501696403,3609000.0,2022-06-12 08:30:00
16.64254527462371,17.06810511413421,17.338819725477755,3609900.0,2022-06-12 08:45:00
16.637677082328448,17.048532340431002,17.311370832595387,3610800.0,2022-06-12 09:00:00
16.632525674323155,17.02489996797039,17.285051247142334,3611700.0,2022-06-12 09:15:00
16.64727995911294,17.01235477500619,17.260681491748397,3612600.0,2022-06-12 09:30:00
16.688462426269247,17.00342467773042,17.238316927911953,3613500.0,2022-06-12 09:45:00
16.738203910566085,16.998230382815677,17.218011338046225,3614400.0,2022-06-12 10:00:00
16.789301255635383,16.998819013721103,17.19998000381026,3615300.0,2022-06-12 10:15:00
16.846311620612504,17.00875960256784,17.18485251741487,3616200.0,2022-06-12 10:30:00
16.914757487619198,17.022902290115965,17.17253611692953,3617100.0,2022-06-12 10:45:00
16.992986652521488,17.04224197255957,17.163122773996317,3618000.0,2022-06-12 11:00:00
17.08460459601201,17.068176208587893,17.156820321021943,3618900.0,2022-06-12 11:15:00
17.18315166197158,17.09855990952021,17.153559776542785,3619800.0,2022-06-12 11:30:00
17.275024355520667,17.134300521065498,17.153590547887,3620700.0,2022-06-12 11:45:00
17.38260046514347,17.17891027561905,17.157304572732965,3621600.0,2022-06-12 12:00:00
17.510557713845824,17.22757132064725,17.164512303540516,3622500.0,2022-06-12 12:15:00
17.654314312861434,17.283414102596637,17.175398683487906,3623400.0,2022-06-12 12:30:00
17.821875517551888,17.349701816471473,17.190480673396237,3624300.0,2022-06-12 12:45:00
17.981454364457427,17.422288100417884,17.20983343413033,3625200.0,2022-06-12 13:00:00
18.11757825062576,17.49822280384064,17.233222119660287,3626100.0,2022-06-12 13:15:00
18.266599142393545,17.581204181088967,17.260916672191428,3627000.0,2022-06-12 13:30:00
18.440113118738086,17.667756666907955,17.29258675977452,3627900.0,2022-06-12 13:45:00
18.605841149754244,17.755081972538225,17.327528387401205,3628800.0,2022-06-12 14:00:00
18.75914542754372,17.846510288021523,17.365762511410622,3629700.0,2022-06-12 14:15:00
18.90757781969344,17.94019108007244,17.406943517546985,3630600.0,2022-06-12 14:30:00
19.043965685710127,18.032678874308857,17.450759678584628,3631500.0,2022-06-12 14:45:00
19.181477281154628,18.1288745206758,17.49752978896998,3632400.0,2022-06-12 15:00:00
19.330070561329755,18.21935148932601,17.545484056382065,3633300.0,2022-06-12 15:15:00
19.45917875960784,18.310334494213024,17.594668039052845,3634200.0,2022-06-12 15:30:00
19.582273752378345,18.401701271841727,17.645111056138617,3635100.0,2022-06-12 15:45:00
19.682735778029272,18.489742489251064,17.696616975866725,3636000.0,2022-06-12 16:00:00
19.768445214539906,18.573110732811415,17.748637456065726,3636900.0,2022-06-12 16:15:00
19.85332755123748,18.650611586504365,17.8003435103237,3637800.0,2022-06-12 16:30:00
19.93391773541213,18.722279889844256,17.85100066114899,3638700.0,2022-06-12 16:45:00
20.025892189609205,18.797019731676976,17.90149443529248,3639600.0,2022-06-12 17:00:00
20.103504486632325,18.867972209887416,17.951650579099745,3640500.0,2022-06-12 17:15:00
20.171802292597405,18.933060256363383,18.000827409377862,3641400.0,2022-06-12 17:30:00
20.235478967952403,18.996120450886448,18.048942430386195,3642300.0,2022-06-12 17:45:00
20.29232375491535,19.055606633309903,18.096026940980565,3643200.0,2022-06-12 18:00:00
20.327340542975477,19.105617460313795,18.140739947400487,3644100.0,2022-06-12 18:15:00
20.34217547709857,19.150079141468325,18.183120473221408,3645000.0,2022-06-12 18:30:00
20.3380362335418,19.1844232473816,18.222358860020066,3645900.0,2022-06-12 18:45:00
20.31825687862948,19.21363331458192,18.259042774424312,3646800.0,2022-06-12 19:00:00
20.291553475762782,19.23211716697956,18.29226912371466,3647700.0,2022-06-12 19:15:00
20.241565496243627,19.242961795452764,18.32205808549265,3648600.0,2022-06-12 19:30:00
20.171439123471917,19.241724880873285,18.347497488684155,3649500.0,2022-06-12 19:45:00
20.097132042236048,19.232099816896557,18.368450101869225,3650400.0,2022-06-12 20:00:00
20.01968175511609,19.216918578209377,18.385377421055317,3651300.0,2022-06-12 20:15:00
19.94485710236248,19.199815582029174,18.39942529982904,3652200.0,2022-06-12 20:30:00
19.87383865156903,19.174873140443907,18.409929096249652,3653100.0,2022-06-12 20:45:00
19.80625616694018,19.149125178022462,18.417335340957056,3654000.0,2022-06-12 21:00:00
19.742657238809272,19.120281650753835,18.42169991824355,3654900.0,2022-06-12 21:15:00
19.681505046128866,19.095876324558184,18.42462033075885,3655800.0,2022-06-12 21:30:00
19.620572279045792,19.069575575712157,18.426273332724094,3656700.0,2022-06-12 21:45:00
19.556706929588547,19.03668663133866,18.425414280789187,3657600.0,2022-06-12 22:00:00
19.48965390209692,19.006238790436136,18.422910068094247,3658500.0,2022-06-12 22:15:00
19.420735298292797,18.97261739652557,18.418604850614994,3659400.0,2022-06-12 22:30:00
19.348810932848423,18.939751664729354,18.41302737085184,3660300.0,2022-06-12 22:45:00
19.276050165725884,18.90388474256716,18.40594795505889,3661200.0,2022-06-12 23:00:00
19.20045392280624,18.865585285219023,18.39705305536623,3662100.0,2022-06-12 23:15:00
19.122793205690417,18.825039315457616,18.38637771948012,3663000.0,2022-06-12 23:30:00
19.042465965037607,18.78331628358673,18.374185091226103,3663900.0,2022-06-12 23:45:00
18.95949294237801,18.741098530963644,18.36072246791976,3664800.0,2022-06-13 00:00:00
18.87459143491463,18.698098820441235,18.346082195922133,3665700.0,2022-06-13 00:15:00
18.7884160194062,18.64931276626453,18.32946781664995,3666600.0,2022-06-13 00:30:00
18.70393629484792,18.601953171451807,18.311375262674954,3667500.0,2022-06-13 00:45:00
18.616092435937937,18.554841276362293,18.29242701209673,3668400.0,2022-06-13 01:00:00
18.530312423579545,18.506049014512985,18.272312353271904,3669300.0,2022-06-13 01:15:00
18.44530834923845,18.451810580005382,18.250390754535363,3670200.0,2022-06-13 01:30:00
18.36198644322828,18.402438779704635,18.22748257272059,3671100.0,2022-06-13 01:45:00
18.278346957904407,18.35296619618745,18.20395675396028,3672000.0,2022-06-13 02:00:00
18.192400007651685,18.300728987672983,18.179434783686155,3672900.0,2022-06-13 02:15:00
18.108653147002045,18.24993994264461,18.154318443554416,3673800.0,2022-06-13 02:30:00
18.023968710764603,18.194936711019988,18.12788023191049,3674700.0,2022-06-13 02:45:00
17.93651401386436,18.141186174064284,18.100508576432237,3675600.0,2022-06-13 03:00:00
17.85039838729528,18.090471012991745,18.07285385266372,3676500.0,2022-06-13 03:15:00
17.76324605928363,18.03596983222545,18.0443256999028,3677400.0,2022-06-13 03:30:00
17.674260647907428,17.97956785932648,18.01466677260825,3678300.0,2022-06-13 03:45:00
17.578702308073883,17.923881814946224,17.984148634270475,3679200.0,2022-06-13 04:00:00
17.487570505612748,17.862650054479992,17.95217406815476,3680100.0,2022-06-13 04:15:00
17.402994682547416,17.80840436475215,17.919995473014282,3681000.0,2022-06-13 04:30:00
17.31829175628998,17.7508674589327,17.887138823366968,3681900.0,2022-06-13 04:45:00
17.226800098643842,17.692199139359655,17.853422203291693,3682800.0,2022-06-13 05:00:00
17.13621033720732,17.63074669137014,17.818703338797384,3683700.0,2022-06-13 05:15:00
17.047438591098903,17.576062809041577,17.783902983195425,3684600.0,2022-06-13 05:30:00
16.96182195669898,17.52228813613265,17.749218559461085,3685500.0,2022-06-13 05:45:00
16.875945373371287,17.459386574050868,17.71342536755748,3686400.0,2022-06-13 06:00:00
16.795956816209138,17.403964919099625,17.677256690777128,3687300.0,2022-06-13 06:15:00
16.720806370832207,17.34858792829286,17.640773374802595,3688200.0,2022-06-13 06:30:00
16.65058038485689,17.291151636566646,17.603931868508443,3689100.0,2022-06-13 06:45:00
16.585874009104625,17.237330809790674,17.56701084068902,3690000.0,2022-06-13 07:00:00
16.529395263299527,17.189719022946885,17.530722856446427,3690900.0,2022-06-13 07:15:00
16.477702264937257,17.137324851445776,17.494326435089715,3691800.0,2022-06-13 07:30:00
16.434312716666255,17.096195070427694,17.458791845623473,3692700.0,2022-06-13 07:45:00
16.400656390122418,17.051347299544783,17.423805095577155,3693600.0,2022-06-13 08:00:00
16.376893602368195,17.012889373313648,17.38959082641097,3694500.0,2022-06-13 08:15:00
16.36227229721316,16.97734737699035,17.35630196946607,3695400.0,2022-06-13 08:30:00
16.35970479511276,16.94892396326194,17.324420924428786,3696300.0,2022-06-13 08:45:00
16.363914266514755,16.924303553504906,17.294312983371597,3697200.0,2022-06-13 09:00:00
16.381375762087124,16.905488603851975,17.266024729116328,3698100.0,2022-06-13 09:15:00
16.407739701429506,16.891685738765354,17.239710818125804,3699000.0,2022-06-13 09:30:00
16.448373193423556,16.884444252929352,17.215595922711454,3699900.0,2022-06-13 09:45:00
16.49350410222125,16.881801358393258,17.193801257368733,3700800.0,2022-06-13 10:00:00
16.53647675243187,16.88211521561797,17.174280369536888,3701700.0,2022-06-13 10:15:00
16.588330508135066,16.88584691148814,17.157000807808192,3702600.0,2022-06-13 10:30:00
16.66443099132823,16.898198221866508,17.142299726726986,3703500.0,2022-06-13 10:45:00
16.747210506768994,16.916055153659077,17.130432852790506,3704400.0,2022-06-13 11:00:00
16.823049502233534,16.93827567706288,17.121427082013888,3705300.0,2022-06-13 11:15:00
16.90446363566112,16.96229600488016,17.114870721318685,3706200.0,2022-06-13 11:30:00
17.001974351735225,16.99320003885528,17.11125578393066,3707100.0,2022-06-13 11:45:00
17.117748742041353,17.032632455055538,17.110975328231778,3708000.0,2022-06-13 12:00:00
17.245820789879083,17.08085386849673,17.114498656795227,3708900.0,2022-06-13 12:15:00
17.388446857338835,17.134298889640075,17.12173465474292,3709800.0,2022-06-13 12:30:00
17.543748410082458,17.197799794653275,17.133199085103143,3710700.0,2022-06-13 12:45:00
17.712818391837686,17.267413785001562,17.148926684752844,3711600.0,2022-06-13 13:00:00
17.891689373896593,17.342818981826163,17.1688058196233,3712500.0,2022-06-13 13:15:00
18.07101704802779,17.424929085109603,17.192987786923755,3713400.0,2022-06-13 13:30:00
18.246523345049376,17.512327329300387,17.221408455474826,3714300.0,2022-06-13 13:45:00
18.413612950909812,17.604052171066048,17.25390287342245,3715200.0,2022-06-13 14:00:00
18.575490810774543,17.699741999361304,17.290436601668215,3716100.0,2022-06-13 14:15:00
18.73313686690583,17.795601746830897,17.330250449716928,3717000.0,2022-06-13 14:30:00
18.894090166991617,17.892694624026554,17.373129959687212,3717900.0,2022-06-13 14:45:00
19.054356747435616,17.987445974466606,17.418129281875576,3718800.0,2022-06-13 15:00:00
19.22185785629487,18.087018114842575,17.46556069627328,3719700.0,2022-06-13 15:15:00
19.39541479581388,18.19512136512228,17.516726700445105,3720600.0,2022-06-13 15:30:00
19.551321508042637,18.29666942685009,17.56977071916245,3721500.0,2022-06-13 15:45:00
19.701598844807197,18.39724838577808,17.624242311933397,3722400.0,2022-06-13 16:00:00
19.8334439895028,18.50079804951392,17.68088195972423,3723300.0,2022-06-13 16:15:00
19.953630076618968,18.596510099857927,17.738246830383456,3724200.0,2022-06-13 16:30:00
20.06011939631508,18.684403438858293,17.794792581409784,3725100.0,2022-06-13 16:45:00
20.16571378723412,18.779086102511947,17.852808142118135,3726000.0,2022-06-13 17:00:00
20.26101144862177,18.858719597529145,17.90945046850641,3726900.0,2022-06-13 17:15:00
20.338713971474455,18.939402693137808,17.965597682508708,3727800.0,2022-06-13 17:30:00
20.41195105839741,19.012218926884216,18.02042764411328,3728700.0,2022-06-13 17:45:00
20.477054211808145,19.084586465947996,18.07472142918291,3729600.0,2022-06-13 18:00:00
20.524161804886173,19.143546980306112,18.12632743833241,3730500.0,2022-06-13 18:15:00
20.564508355989854,19.20437643143981,18.176915633007614,3731400.0,2022-06-13 18:30:00
20.58124801777688,19.250457539171148,18.224320015732324,3732300.0,2022-06-13 18:45:00
20.592849508552657,19.291028131578617,18.268634783019483,3733200.0,2022-06-13 19:00:00
20.58306475301918,19.322818325232987,18.30952053059827,3734100.0,2022-06-13 19:15:00
20.559227373458004,19.35340332263989,18.348579411876123,3735000.0,2022-06-13 19:30:00
20.51682044491115,19.365065420311193,18.38310614029384,3735900.0,2022-06-13 19:45:00
20.46203678608716,19.374274574385534,18.414069864651037,3736800.0,2022-06-13 20:00:00
20.40163044071024,19.37505758360143,18.441289581993704,3737700.0,2022-06-13 20:15:00
20.337052504074325,19.36985852633263,18.465121795869894,3738600.0,2022-06-13 20:30:00
20.28005612305068,19.35820237545919,18.485147954988843,3739500.0,2022-06-13 20:45:00
20.218371396068765,19.347523964876444,18.502718931777377,3740400.0,2022-06-13 21:00:00
20.159142054723898,19.32955312182713,18.51702363823503,3741300.0,2022-06-13 21:15:00
20.104692869867552,19.317366182128872,18.53008808864653,3742200.0,2022-06-13 21:30:00
20.0471075895276,19.292361534256436,18.539482997393105,3743100.0,2022-06-13 21:45:00
19.994577740143885,19.27684426536605,18.547819067434578,3744000.0,2022-06-13 22:00:00
19.93432191919109,19.256305478473397,18.55453861868957,3744900.0,2022-06-13 22:15:00
19.87351399197085,19.22873552947623,18.558509122269637,3745800.0,2022-06-13 22:30:00
19.80520327290248,19.202732937308127,18.560617093823403,3746700.0,2022-06-13 22:45:00
19.731435065332835,19.173364917012407,18.560848750652287,3747600.0,2022-06-13 23:00:00
19.654288925911672,19.139963989602503,18.558975063911607,3748500.0,2022-06-13 23:15:00
19.570337741933045,19.105549281556545,18.555144421928176,3749400.0,2022-06-13 23:30:00
19.483174750822453,19.069028866936712,18.54960174918915,3750300.0,2022-06-13 23:45:00
19.396563443733687,19.03081143226779,18.54246331864645,3751200.0,2022-06-14 00:00:00
19.303848833285493,18.987328161874476,18.533196680348848,3752100.0,2022-06-14 00:15:00
19.2088418911805,18.94005392467345,18.521514512850988,3753000.0,2022-06-14 00:30:00
19.115960504866727,18.893195216317203,18.508038586807515,3753900.0,2022-06-14 00:45:00
19.024100996269155,18.846461029286967,18.493077610762967,3754800.0,2022-06-14 01:00:00
18.92492228222496,18.79720124874885,18.47656015193084,3755700.0,2022-06-14 01:15:00
18.834852069929997,18.74301612601253,18.458000045825965,3756600.0,2022-06-14 01:30:00
18.742678965018715,18.69055210161067,18.43788672940446,3757500.0,2022-06-14 01:45:00
18.652317395624863,18.63919055902061,18.416817326284527,3758400.0,2022-06-14 02:00:00
18.55792426953008,18.588794380958003,18.395023907017244,3759300.0,2022-06-14 02:15:00
18.466461245482808,18.537302338542133,18.372392146827718,3760200.0,2022-06-14 02:30:00
18.37121130290454,18.479304016850588,18.34799842997608,3761100.0,2022-06-14 02:45:00
18.27861671585266,18.423411497290186,18.322494257644586,3762000.0,2022-06-14 03:00:00
18.196618646547996,18.36895859925645,18.29600098469054,3762900.0,2022-06-14 03:15:00
18.10599093584112,18.316099643640825,18.26894566072133,3763800.0,2022-06-14 03:30:00
18.014932969522576,18.25970282732516,18.240829751095724,3764700.0,2022-06-14 03:45:00
17.928198771944043,18.202159274195857,18.21143297139086,3765600.0,2022-06-14 04:00:00
17.842293631930602,18.14671748566262,18.18128873464449,3766500.0,2022-06-14 04:15:00
17.753858592417213,18.095609800914406,18.151153417905302,3767400.0,2022-06-14 04:30:00
17.661312923732293,18.039843989702412,18.120416088352474,3768300.0,2022-06-14 04:45:00
17.564244265842,17.982083066454845,18.088896842277546,3769200.0,2022-06-14 05:00:00
17.478724241502984,17.922516250766456,18.056313471058008,3770100.0,2022-06-14 05:15:00
17.391158831579705,17.865801640433638,18.023198167518355,3771000.0,2022-06-14 05:30:00
17.311788905106376,17.812464447422904,17.989914901613897,3771900.0,2022-06-14 05:45:00
17.234322081336643,17.759520279549854,17.956517898764165,3772800.0,2022-06-14 06:00:00
17.163186929909617,17.70397190085693,17.92261231088885,3773700.0,2022-06-14 06:15:00
17.096332960003462,17.653604119818198,17.88879501153471,3774600.0,2022-06-14 06:30:00
17.034383314676884,17.599365618662777,17.854405469369464,3775500.0,2022-06-14 06:45:00
16.98018881774125,17.550338614766,17.820074317138335,3776400.0,2022-06-14 07:00:00
16.93496412174448,17.507132252879238,17.786496242573506,3777300.0,2022-06-14 07:15:00
16.89342498665509,17.46540296678775,17.753527884495192,3778200.0,2022-06-14 07:30:00
16.85923298164801,17.42573215902846,17.721151507964095,3779100.0,2022-06-14 07:45:00
16.82578731488053,17.388683761563957,17.6894902023752,3780000.0,2022-06-14 08:00:00
16.806571529877424,17.35119679861426,17.65827661950295,3780900.0,2022-06-14 08:15:00
16.791055080043737,17.323137418377147,17.628361584764296,3781800.0,2022-06-14 08:30:00
16.791329197713218,17.299548248241546,17.599905086103217,3782700.0,2022-06-14 08:45:00
16.802858898217,17.27900875015463,17.572959658699556,3783600.0,2022-06-14 09:00:00
16.821154820889703,17.260903443715737,17.547468489521496,3784500.0,2022-06-14 09:15:00
16.85388844335044,17.249488884457577,17.52386030007504,3785400.0,2022-06-14 09:30:00
16.894371470273974,17.241880351494505,17.50209580013263,3786300.0,2022-06-14 09:45:00
16.948390451116477,17.244712633870776,17.482732968259356,3787200.0,2022-06-14 10:00:00
17.01030586092109,17.25364580507957,17.46623153059208,3788100.0,2022-06-14 10:15:00
17.074627755964396,17.263120216105474,17.452041902476815,3789000.0,2022-06-14 10:30:00
17.146010568628906,17.27742906639829,17.440343580958277,3789900.0,2022-06-14 10:45:00
17.23078289629756,17.298676845741088,17.43127201314285,3790800.0,2022-06-14 11:00:00
17.324096180485995,17.324002672834148,17.424857955520192,3791700.0,2022-06-14 11:15:00
17.43237696331734,17.35512996797782,17.42134069691339,3792600.0,2022-06-14 11:30:00
17.54653787869133,17.396398230964703,17.421361839363467,3793500.0,2022-06-14 11:45:00
17.670012409926276,17.444146850524458,17.42515888110939,3794400.0,2022-06-14 12:00:00
17.808836604739064,17.49321435246737,17.432098863730356,3795300.0,2022-06-14 12:15:00
17.9576837535229,17.55381311116853,17.443032256557345,3796200.0,2022-06-14 12:30:00
18.113288032448725,17.620781176071013,17.457965335623847,3797100.0,2022-06-14 12:45:00
18.277584991590423,17.690339931033662,17.476676557176567,3798000.0,2022-06-14 13:00:00
18.44335420639805,17.76969575991208,17.49951313297601,3798900.0,2022-06-14 13:15:00
18.619258764519543,17.852878921135243,17.52643343003812,3799800.0,2022-06-14 13:30:00
18.82216622702836,17.945659983800184,17.55790045488519,3800700.0,2022-06-14 13:45:00
18.984353644647125,18.035810137323647,17.59262476399337,3801600.0,2022-06-14 14:00:00
19.205212268893273,18.138727477354553,17.631571138459943,3802500.0,2022-06-14 14:15:00
19.356969775088576,18.241187458059805,17.674233503782624,3803400.0,2022-06-14 14:30:00
19.520276135445904,18.344412606419358,17.720309681792674,3804300.0,2022-06-14 14:45:00
19.718724744174352,18.451057771590985,17.769592892370746,3805200.0,2022-06-14 15:00:00
19.87436414801864,18.5564548229798,17.821430931736753,3806100.0,2022-06-14 15:15:00
20.020910330539014,18.660262394881112,17.875277954594942,3807000.0,2022-06-14 15:30:00
20.17827319376392,18.768366337236124,17.931802512473343,3807900.0,2022-06-14 15:45:00
20.32388486330344,18.87428056753178,17.99041250593689,3808800.0,2022-06-14 16:00:00
20.458602881743914,18.972093533004276,18.04941564628192,3809700.0,2022-06-14 16:15:00
20.586896801806333,19.06706275397673,18.10829144708106,3810600.0,2022-06-14 16:30:00
20.721131489206886,19.169242849955793,18.168868852167115,3811500.0,2022-06-14 16:45:00
20.843299331915528,19.262440873592507,18.229452914256008,3812400.0,2022-06-14 17:00:00
20.93672688077689,19.35220865680928,18.29001717738604,3813300.0,2022-06-14 17:15:00
21.02262107887328,19.436167668435157,18.349924628839563,3814200.0,2022-06-14 17:30:00
21.10477045949132,19.51446959588665,18.40866287793156,3815100.0,2022-06-14 17:45:00
21.17914465774564,19.59084331571519,18.466646394194782,3816000.0,2022-06-14 18:00:00
21.235370522984724,19.656172685000644,18.52222873413616,3816900.0,2022-06-14 18:15:00
21.282916779529405,19.719689944627508,18.576157216645875,3817800.0,2022-06-14 18:30:00
21.317745643975503,19.781085902589847,18.629277045669696,3818700.0,2022-06-14 18:45:00
21.327460156650723,19.828270436399748,18.679735702766752,3819600.0,2022-06-14 19:00:00
21.32128178339336,19.868577275680305,18.727255012546127,3820500.0,2022-06-14 19:15:00
21.30655441566838,19.90177048409624,18.7717282569029,3821400.0,2022-06-14 19:30:00
21.28409883272868,19.92222410158099,18.8117057120432,3822300.0,2022-06-14 19:45:00
21.257001184007777,19.944219580099407,18.84924611529564,3823200.0,2022-06-14 20:00:00
21.215560304155,19.95728113429504,18.883774501108203,3824100.0,2022-06-14 20:15:00
21.177000383946297,19.97056959934796,18.916515174949318,3825000.0,2022-06-14 20:30:00
21.13842926447613,19.972002172738375,18.945474719759055,3825900.0,2022-06-14 20:45:00
21.099894559036134,19.971757751236357,18.97127017722,3826800.0,2022-06-14 21:00:00
21.061783822273966,19.96828353800751,18.994169100358604,3827700.0,2022-06-14 21:15:00
21.025224087590185,19.96582629465797,19.015037884771385,3828600.0,2022-06-14 21:30:00
20.984910350460343,19.961655847140737,19.034136625728845,3829500.0,2022-06-14 21:45:00
20.94159110418057,19.95155681744037,19.050703831541593,3830400.0,2022-06-14 22:00:00
20.891510543182825,19.93960625494469,19.064943114198496,3831300.0,2022-06-14 22:15:00
20.840164259374728,19.92986044153616,19.078065368505793,3832200.0,2022-06-14 22:30:00
20.784387152274792,19.913029528108343,19.088974332882117,3833100.0,2022-06-14 22:45:00
20.721805596194283,19.894085472280928,19.097804035191768,3834000.0,2022-06-14 23:00:00
20.654500361832326,19.873429075070984,19.104809612129973,3834900.0,2022-06-14 23:15:00
20.579606521611275,19.84582594856164,19.10919383873283,3835800.0,2022-06-14 23:30:00
20.504061076540687,19.817469512105404,19.111421428674674,3836700.0,2022-06-14 23:45:00
20.428560932008036,19.78887029232185,19.112107128599085,3837600.0,2022-06-15 00:00:00
20.351393168742664,19.75635895522985,19.110872838962948,3838500.0,2022-06-15 00:15:00
20.274235694038264,19.718573766931456,19.10708312195312,3839400.0,2022-06-15 00:30:00
20.198103769837456,19.68644184973435,19.10222217606962,3840300.0,2022-06-15 00:45:00
20.11898215634992,19.64679310215868,19.095299870051445,3841200.0,2022-06-15 01:00:00
20.03882963862128,19.607358396506207,19.086676372408316,3842100.0,2022-06-15 01:15:00
19.95725885014668,19.56921712673875,19.077040283689744,3843000.0,2022-06-15 01:30:00
19.878175880619665,19.531355625655713,19.06652413652995,3843900.0,2022-06-15 01:45:00
19.797107098349844,19.491815601554087,19.05505789817709,3844800.0,2022-06-15 02:00:00
19.714425710762384,19.444759996044684,19.041458647149422,3845700.0,2022-06-15 02:15:00
19.63439180700025,19.406306081490392,19.02749214667048,3846600.0,2022-06-15 02:30:00
19.550634088099457,19.35796989788868,19.01140869125212,3847500.0,2022-06-15 02:45:00
19.468334621093792,19.312532080282235,18.993991718823818,3848400.0,2022-06-15 03:00:00
19.38450781787942,19.264726732053305,18.975104471104125,3849300.0,2022-06-15 03:15:00
19.300479519428304,19.21513210614416,18.95490024084731,3850200.0,2022-06-15 03:30:00
19.218915381042496,19.1716628564336,18.934387629818453,3851100.0,2022-06-15 03:45:00
19.135646924187203,19.122546637093112,18.91288700094976,3852000.0,2022-06-15 04:00:00
19.05163321591602,19.071899123055807,18.890157467901886,3852900.0,2022-06-15 04:15:00
18.96776914522756,19.021225679646424,18.866244211657115,3853800.0,2022-06-15 04:30:00
18.88335082887623,18.975339307928703,18.84206466021316,3854700.0,2022-06-15 04:45:00
18.795509562673008,18.920092063118418,18.81629128223646,3855600.0,2022-06-15 05:00:00
18.71042304837349,18.87005056031955,18.78992231222333,3856500.0,2022-06-15 05:15:00
18.626461345338136,18.81873906905719,18.762855290226607,3857400.0,2022-06-15 05:30:00
18.545242821349625,18.767336448799984,18.735180325722272,3858300.0,2022-06-15 05:45:00
18.46632222726017,18.714021151460116,18.70656455928864,3859200.0,2022-06-15 06:00:00
18.391914324586832,18.664068920765665,18.677585830535225,3860100.0,2022-06-15 06:15:00
18.321125320633435,18.615191765622352,18.64841866547055,3861000.0,2022-06-15 06:30:00
18.25562777200944,18.56656828790446,18.6188866560802,3861900.0,2022-06-15 06:45:00
18.19493655061287,18.519182951417804,18.589225603443516,3862800.0,2022-06-15 07:00:00
18.140895157477267,18.474058826960032,18.559551450916583,3863700.0,2022-06-15 07:15:00
18.091086019984733,18.431876228740634,18.530055417666745,3864600.0,2022-06-15 07:30:00
18.048355858095192,18.39093383741809,18.50089950302103,3865500.0,2022-06-15 07:45:00
18.01595218661998,18.35303887935901,18.47225109843412,3866400.0,2022-06-15 08:00:00
17.99345077142536,18.3200420691788,18.444297835224823,3867300.0,2022-06-15 08:15:00
17.978942501398738,18.28817848226763,18.41691938476766,3868200.0,2022-06-15 08:30:00
17.975819876695073,18.26372125920391,18.390976151195737,3869100.0,2022-06-15 08:45:00
17.981949377397218,18.23926409250675,18.366030655340303,3870000.0,2022-06-15 09:00:00
18.002805738665067,18.224896811965248,18.342831184870477,3870900.0,2022-06-15 09:15:00
18.034191341045833,18.2200281096482,18.322096507717376,3871800.0,2022-06-15 09:30:00
18.072007872083137,18.211626059780453,18.30307171244518,3872700.0,2022-06-15 09:45:00
18.12283968060467,18.21271767169213,18.28632286081123,3873600.0,2022-06-15 10:00:00
18.18196269006189,18.217711374347846,18.271683012862614,3874500.0,2022-06-15 10:15:00
18.25032357703924,18.229431639427016,18.259639531364247,3875400.0,2022-06-15 10:30:00
18.32948524165988,18.24822422701891,18.250380510832105,3876300.0,2022-06-15 10:45:00
18.418546129564955,18.273771236078808,18.244095074072675,3877200.0,2022-06-15 11:00:00
18.517189745523545,18.304862970828022,18.240930671528112,3878100.0,2022-06-15 11:15:00
18.62918308566605,18.34261027135934,18.24115899399519,3879000.0,2022-06-15 11:30:00
18.74997465259982,18.385586606531437,18.244726145795127,3879900.0,2022-06-15 11:45:00
18.88678178841819,18.435672555074756,18.2518444874417,3880800.0,2022-06-15 12:00:00
19.04025180136585,18.49143146857175,18.26249491186488,3881700.0,2022-06-15 12:15:00
19.195615006570648,18.55819179832481,18.27737681362249,3882600.0,2022-06-15 12:30:00
19.358201545949456,18.631153982179768,18.296542004228733,3883500.0,2022-06-15 12:45:00
19.52528461558313,18.710572204124126,18.320131325304647,3884400.0,2022-06-15 13:00:00
19.69050868171229,18.788437214861265,18.346946071187595,3885300.0,2022-06-15 13:15:00
19.865366284423864,18.878305340184887,18.378038047082693,3886200.0,2022-06-15 13:30:00
20.039348534832065,18.968365932480697,18.41271256413748,3887100.0,2022-06-15 13:45:00
20.2100562228458,19.059961059322667,18.450381808121552,3888000.0,2022-06-15 14:00:00
20.387131442283493,19.1585581137921,18.49153986238868,3888900.0,2022-06-15 14:15:00
20.547135360290746,19.256111403525168,18.53575433563817,3889800.0,2022-06-15 14:30:00
20.69653054098898,19.352080421348607,18.582235918161913,3890700.0,2022-06-15 14:45:00
20.828684630558403,19.4459746744026,18.630290343151533,3891600.0,2022-06-15 15:00:00
20.950945404818697,19.540861707406567,18.680471083818063,3892500.0,2022-06-15 15:15:00
21.07147852580797,19.63153468682484,18.73195071277644,3893400.0,2022-06-15 15:30:00
21.197358756900975,19.718589564104903,18.7838751563349,3894300.0,2022-06-15 15:45:00
21.318416415929995,19.80818941848685,18.837008680054478,3895200.0,2022-06-15 16:00:00
21.41930919793036,19.890667125280263,18.890148748697023,3896100.0,2022-06-15 16:15:00
21.521814365197027,19.973785008074344,18.943670765194987,3897000.0,2022-06-15 16:30:00
21.61977389126298,20.05247322016787,18.99710766033168,3897900.0,2022-06-15 16:45:00
21.712816163342243,20.12750664962851,19.049927791450905,3898800.0,2022-06-15 17:00:00
21.79156514949902,20.203038334936533,19.10302741504376,3899700.0,2022-06-15 17:15:00
21.854726371966844,20.27003864935083,19.155140942488885,3900600.0,2022-06-15 17:30:00
21.908301118547232,20.33591281746859,19.206793712901657,3901500.0,2022-06-15 17:45:00
21.949440798314694,20.39053319674552,19.25632529620032,3902400.0,2022-06-15 18:00:00
21.98007941574006,20.4417368592794,19.30385554830396,3903300.0,2022-06-15 18:15:00
22.00248233907387,20.494912531334545,19.35115933944181,3904200.0,2022-06-15 18:30:00
22.0106724279009,20.53382599847476,19.395853209622455,3905100.0,2022-06-15 18:45:00
22.00661976600332,20.56456654010984,19.437044771800164,3906000.0,2022-06-15 19:00:00
21.988928226567623,20.59425133763989,19.476324206084325,3906900.0,2022-06-15 19:15:00
21.963840351355223,20.612610430676664,19.512133952502328,3907800.0,2022-06-15 19:30:00
21.933127867327936,20.62530153960612,19.544715831318328,3908700.0,2022-06-15 19:45:00
21.884013732706,20.627037080580788,19.572929121384465,3909600.0,2022-06-15 20:00:00
21.828024068132127,20.634580791030213,19.599658555018745,3910500.0,2022-06-15 20:15:00
21.758818177697503,20.62578052875012,19.62270555186109,3911400.0,2022-06-15 20:30:00
21.685671881881067,20.617705014903024,19.64332044933752,3912300.0,2022-06-15 20:45:00
21.608247665250904,20.603113696021826,19.661070343243853,3913200.0,2022-06-15 21:00:00
21.53023309641568,20.58001671330745,19.675112743416964,3914100.0,2022-06-15 21:15:00
21.455501504655576,20.55984164240204,19.687026218355967,3915000.0,2022-06-15 21:30:00
21.38054587670189,20.531289948745087,19.695565340648013,3915900.0,2022-06-15 21:45:00
21.307943109446885,20.505249055378133,19.701962387851125,3916800.0,2022-06-15 22:00:00
21.233939256049027,20.47317539290624,19.70552272803052,3917700.0,2022-06-15 22:15:00
21.162915413987736,20.45144131845814,19.709027331235475,3918600.0,2022-06-15 22:30:00
21.08602731179612,20.415082968234767,19.709585303788007,3919500.0,2022-06-15 22:45:00
21.00968763307718,20.37961781405321,19.707632703519742,3920400.0,2022-06-15 23:00:00
20.932844680896007,20.34548617919901,19.703965985979696,3921300.0,2022-06-15 23:15:00
20.851760738044607,20.308060312247967,19.698448022381925,3922200.0,2022-06-15 23:30:00
20.767493543237663,20.27092676333757,19.69163348087933,3923100.0,2022-06-15 23:45:00
20.681631315921447,20.231148278602404,19.683223423883287,3924000.0,2022-06-16 00:00:00
20.59560029516876,20.189698400286375,19.67330818369056,3924900.0,2022-06-16 00:15:00
20.510646144267387,20.144574144695,19.661348136640584,3925800.0,2022-06-16 00:30:00
20.42787099564928,20.103169129657804,19.648253841607104,3926700.0,2022-06-16 00:45:00
20.345253540370557,20.05948965462984,19.633886812844697,3927600.0,2022-06-16 01:00:00
20.264426958249235,20.014992659783125,19.618402990815447,3928500.0,2022-06-16 01:15:00
20.181598609803693,19.96829381708141,19.601443885373453,3929400.0,2022-06-16 01:30:00
20.09910198318873,19.92227943863175,19.583418066337952,3930300.0,2022-06-16 01:45:00
20.013473224977776,19.87376360390356,19.563955556496865,3931200.0,2022-06-16 02:00:00
19.929099800091524,19.826396479872628,19.54353245461441,3932100.0,2022-06-16 02:15:00
19.840831504371717,19.77700150909037,19.52207162523128,3933000.0,2022-06-16 02:30:00
19.75771972548212,19.731268416200503,19.500215287192617,3933900.0,2022-06-16 02:45:00
19.669260670455447,19.67742117318788,19.47661479452036,3934800.0,2022-06-16 03:00:00
19.57955613857671,19.623227562038135,19.451579012444697,3935700.0,2022-06-16 03:15:00
19.49110497004956,19.570618719053904,19.425608821152256,3936600.0,2022-06-16 03:30:00
19.39936065152183,19.51872225273084,19.39901695286777,3937500.0,2022-06-16 03:45:00
19.311745770966947,19.4670073276666,19.371799970317095,3938400.0,2022-06-16 04:00:00
19.213944661557992,19.407318026488127,19.342955928601008,3939300.0,2022-06-16 04:15:00
19.129926143688056,19.35426003191973,19.313587998525964,3940200.0,2022-06-16 04:30:00
19.04711712873093,19.302400275445795,19.28388635189179,3941100.0,2022-06-16 04:45:00
18.96575938631848,19.249383535966913,19.25350991801838,3942000.0,2022-06-16 05:00:00
18.880969747185528,19.19172253826433,19.2220059122486,3942900.0,2022-06-16 05:15:00
18.803005583580426,19.136432650371127,19.189709033505743,3943800.0,2022-06-16 05:30:00
18.728542935745015,19.08456380824958,19.157244152674647,3944700.0,2022-06-16 05:45:00
18.651404446263967,19.032635831801205,19.124622546472946,3945600.0,2022-06-16 06:00:00
18.56759574543256,18.98192972042801,19.092039360578767,3946500.0,2022-06-16 06:15:00
18.498061139446705,18.928203182087085,19.05887801389761,3947400.0,2022-06-16 06:30:00
18.41689317326816,18.87565408334905,19.02530839524489,3948300.0,2022-06-16 06:45:00
18.358286301296456,18.823355926893846,18.991316557388483,3949200.0,2022-06-16 07:00:00
18.29952279863388,18.773351237281837,18.95712225394921,3950100.0,2022-06-16 07:15:00
18.245085423805435,18.72415080958348,18.92298059423649,3951000.0,2022-06-16 07:30:00
18.19692912175869,18.68303470532991,18.889610698518315,3951900.0,2022-06-16 07:45:00
18.161980384956586,18.641693917124076,18.85691677346861,3952800.0,2022-06-16 08:00:00
18.142280259497667,18.60450691055362,18.8248150527323,3953700.0,2022-06-16 08:15:00
18.1321144271416,18.573732969946708,18.79405802377588,3954600.0,2022-06-16 08:30:00
18.133192108117896,18.544039538462325,18.76427680792758,3955500.0,2022-06-16 08:45:00
18.145256962840065,18.523108290778627,18.73623634284202,3956400.0,2022-06-16 09:00:00
18.167031864991884,18.508389365160134,18.71020593187341,3957300.0,2022-06-16 09:15:00
18.199107529499308,18.4945908083478,18.685906325930578,3958200.0,2022-06-16 09:30:00
18.240442561134508,18.48972906673858,18.663940479130098,3959100.0,2022-06-16 09:45:00
18.2884336742211,18.485977851243668,18.64387015646985,3960000.0,2022-06-16 10:00:00
18.347788731589343,18.49716014276956,18.626947736520545,3960900.0,2022-06-16 10:15:00
18.412605414768493,18.5064598592459,18.612536105765276,3961800.0,2022-06-16 10:30:00
18.489203602516167,18.520964572227943,18.60049310279833,3962700.0,2022-06-16 10:45:00
18.573386991373454,18.54234903409228,18.591196348791016,3963600.0,2022-06-16 11:00:00
18.66517002873003,18.568479782287177,18.584497930562016,3964500.0,2022-06-16 11:15:00
18.76737489350668,18.603302785884576,18.581146502808924,3965400.0,2022-06-16 11:30:00
18.87565106464292,18.640431289131634,18.580884205629754,3966300.0,2022-06-16 11:45:00
18.994237729797664,18.68169938553148,18.583607026512404,3967200.0,2022-06-16 12:00:00
19.12620783126736,18.732625910292345,18.589885425003796,3968100.0,2022-06-16 12:15:00
19.2636933754704,18.783421613881483,18.59913589816272,3969000.0,2022-06-16 12:30:00
19.409601168943315,18.847325764078228,18.61252237434623,3969900.0,2022-06-16 12:45:00
19.555110216324326,18.91027270469737,18.629120107345084,3970800.0,2022-06-16 13:00:00
19.696894008816376,18.97939835047148,18.64897056964572,3971700.0,2022-06-16 13:15:00
19.84580866276268,19.053596862293272,18.672387812711907,3972600.0,2022-06-16 13:30:00
20.007161474971284,19.131202133536483,18.699189694840623,3973500.0,2022-06-16 13:45:00
20.173638819793634,19.21200653036253,18.729281479542983,3974400.0,2022-06-16 14:00:00
20.34155153612165,19.29957093999571,18.762974976509888,3975300.0,2022-06-16 14:15:00
20.51200503212152,19.393629436372088,18.800506388390648,3976200.0,2022-06-16 14:30:00
20.68008899223639,19.48433090421849,18.840550753015435,3977100.0,2022-06-16 14:45:00
20.837982624533183,19.578539659768563,18.883373167803885,3978000.0,2022-06-16 15:00:00
20.99123826961076,19.678738464149344,18.929771266296918,3978900.0,2022-06-16 15:15:00
21.132875324484232,19.770345564572914,18.97770954112633,3979800.0,2022-06-16 15:30:00
21.26730213595238,19.85959682027892,19.026350892925407,3980700.0,2022-06-16 15:45:00
21.392567776287375,19.954179811164465,19.07709352121152,3981600.0,2022-06-16 16:00:00
21.513651081449357,20.042896299090096,19.128921649288326,3982500.0,2022-06-16 16:15:00
21.620139336518005,20.126605167785208,19.180983743892536,3983400.0,2022-06-16 16:30:00
21.735687356218275,20.209753714961103,19.233256487773616,3984300.0,2022-06-16 16:45:00
21.84244287132745,20.297331763351625,19.287032116910005,3985200.0,2022-06-16 17:00:00
21.930474178926268,20.374674901926195,19.340461678359432,3986100.0,2022-06-16 17:15:00
22.011258327289905,20.44984268150841,19.3934838988642,3987000.0,2022-06-16 17:30:00
22.082739494645686,20.518975518811608,19.445627484549192,3987900.0,2022-06-16 17:45:00
22.14211151271441,20.586857126282514,19.497369386175723,3988800.0,2022-06-16 18:00:00
22.19603849452936,20.648125205820133,19.54797306864113,3989700.0,2022-06-16 18:15:00
22.251244708765054,20.70588747894925,19.597206996703925,3990600.0,2022-06-16 18:30:00
22.286287185688025,20.756095467498056,19.64432002071733,3991500.0,2022-06-16 18:45:00
22.319411973729075,20.80955281642032,19.69099627521594,3992400.0,2022-06-16 19:00:00
22.338398613438663,20.848417231369048,19.73479546735553,3993300.0,2022-06-16 19:15:00
22.353620692146656,20.88946783476977,19.777067307190016,3994200.0,2022-06-16 19:30:00
22.345405240277746,20.919705403148345,19.816695776307597,3995100.0,2022-06-16 19:45:00
22.329466714860843,20.94602235028352,19.854078978200896,3996000.0,2022-06-16 20:00:00
22.302529277802737,20.965417715370727,19.88886792722556,3996900.0,2022-06-16 20:15:00
22.285021310067773,20.983972140824,19.921770673552754,3997800.0,2022-06-16 20:30:00
22.24578219007116,20.99132843598425,19.951495938740788,3998700.0,2022-06-16 20:45:00
22.20734503460117,20.997530560956623,19.978663272553906,3999600.0,2022-06-16 21:00:00
22.164762012470632,20.999783574347237,20.003353950620227,4000500.0,2022-06-16 21:15:00
22.126408780516048,21.000657748424967,20.026146152177663,4001400.0,2022-06-16 21:30:00
22.081290958986443,20.992755407302436,20.045643158058105,4002300.0,2022-06-16 21:45:00
22.040964775042166,20.991627526064693,20.06422772479525,4003200.0,2022-06-16 22:00:00
21.998880132986717,20.9808468239302,20.0801778314642,4004100.0,2022-06-16 22:15:00
21.946916170588462,20.96761029744886,20.093433669814804,4005000.0,2022-06-16 22:30:00
21.896280009448272,20.956945460379455,20.105584904986912,4005900.0,2022-06-16 22:45:00
21.835568396433672,20.940376474436743,20.11589792128244,4006800.0,2022-06-16 23:00:00
21.772507786544278,20.92037655521815,20.12403643454499,4007700.0,2022-06-16 23:15:00
21.703886769412428,20.901065486600004,20.130573968467488,4008600.0,2022-06-16 23:30:00
21.631811256268097,20.875394867753215,20.1349583041297,4009500.0,2022-06-16 23:45:00
21.557202839586576,20.851457217237787,20.138098756528183,4010400.0,2022-06-17 00:00:00
21.48174127382459,20.821114135507717,20.138860608496515,4011300.0,2022-06-17 00:15:00
21.40748859696727,20.785816534070264,20.136842410267658,4012200.0,2022-06-17 00:30:00
21.33385009432424,20.75412366132031,20.133227956255368,4013100.0,2022-06-17 00:45:00
21.25792008490348,20.72087031853213,20.12830835484201,4014000.0,2022-06-17 01:00:00
21.181306329258,20.684225908478943,20.12159380431799,4014900.0,2022-06-17 01:15:00
21.102654233615556,20.648396504779505,20.11367360245755,4015800.0,2022-06-17 01:30:00
21.022832777340025,20.607971321786923,20.103845206663884,4016700.0,2022-06-17 01:45:00
20.920816108682935,20.565848848680517,20.092435441280568,4017600.0,2022-06-17 02:00:00
20.836366212185695,20.52184985554245,20.079402041142984,4018500.0,2022-06-17 02:15:00
20.765050215264985,20.478571382679807,20.065030294162945,4019400.0,2022-06-17 02:30:00
20.701625212178502,20.43699071380041,20.049723617186743,4020300.0,2022-06-17 02:45:00
20.622013110232437,20.394306436670274,20.033411013319405,4021200.0,2022-06-17 03:00:00
20.54006529291008,20.351418098358472,20.01613645447237,4022100.0,2022-06-17 03:15:00
20.460598463094893,20.30860982432985,19.998259917652096,4023000.0,2022-06-17 03:30:00
20.39057726494694,20.265426598709748,19.979474207564227,4023900.0,2022-06-17 03:45:00
20.319984975976947,20.2212380376484,19.959775079173717,4024800.0,2022-06-17 04:00:00
20.244683345168983,20.178288272090025,19.93943340008636,4025700.0,2022-06-17 04:15:00
20.165972608008747,20.132958147639865,19.918271362454337,4026600.0,2022-06-17 04:30:00
20.091320931945667,20.086365593618208,19.896172091600015,4027500.0,2022-06-17 04:45:00
20.017422254688185,20.045323730359616,19.87399269588648,4028400.0,2022-06-17 05:00:00
19.937763405869077,19.99970963047588,19.85094410414709,4029300.0,2022-06-17 05:15:00
19.859310194793625,19.95119976040166,19.82677045870436,4030200.0,2022-06-17 05:30:00
19.780036335486557,19.901338537513215,19.801459447438457,4031100.0,2022-06-17 05:45:00
19.704691555300123,19.853055608393426,19.77529018547732,4032000.0,2022-06-17 06:00:00
19.63054924527158,19.805908673662145,19.748723937219204,4032900.0,2022-06-17 06:15:00
19.564283699208517,19.75959660980593,19.72191121852143,4033800.0,2022-06-17 06:30:00
19.500996633724164,19.713711853993686,19.69471446046964,4034700.0,2022-06-17 06:45:00
19.44437953237903,19.666463315063776,19.666907320738662,4035600.0,2022-06-17 07:00:00
19.395861511689784,19.622636391841475,19.638893124846145,4036500.0,2022-06-17 07:15:00
19.341850574150705,19.584123098714574,19.611347451532648,4037400.0,2022-06-17 07:30:00
19.307040090325238,19.546669726245653,19.584151941089782,4038300.0,2022-06-17 07:45:00
19.285537188403687,19.511724351812006,19.557482102772543,4039200.0,2022-06-17 08:00:00
19.267986159229437,19.480895315499712,19.531386069452697,4040100.0,2022-06-17 08:15:00
19.268018471038967,19.4528667798676,19.506104736018013,4041000.0,2022-06-17 08:30:00
19.277227105820177,19.432510848520803,19.482273931877405,4041900.0,2022-06-17 08:45:00
19.299423498293095,19.42127760843742,19.46064246607396,4042800.0,2022-06-17 09:00:00
19.326164020213422,19.40875053596112,19.440411958099645,4043700.0,2022-06-17 09:15:00
19.36524874797088,19.40759448873732,19.422740570616064,4044600.0,2022-06-17 09:30:00
19.411494352508097,19.406465040295068,19.406830675244134,4045500.0,2022-06-17 09:45:00
19.475352072194365,19.41368681108209,19.393193348426387,4046400.0,2022-06-17 10:00:00
19.535233034558807,19.42586302995108,19.382062532383397,4047300.0,2022-06-17 10:15:00
19.603954545274394,19.442266924836336,19.37334782579409,4048200.0,2022-06-17 10:30:00
19.68543301350136,19.466068811826144,19.367513795404445,4049100.0,2022-06-17 10:45:00
19.779349513194624,19.492750023483225,19.364313554276062,4050000.0,2022-06-17 11:00:00
19.88264069217184,19.529174747637533,19.36428272051014,4050900.0,2022-06-17 11:15:00
19.99494815637048,19.570030405554064,19.367619609542054,4051800.0,2022-06-17 11:30:00
20.129094479232982,19.620566308914743,19.374682167711036,4052700.0,2022-06-17 11:45:00
20.288829021111074,19.674701702753428,19.38497767302345,4053600.0,2022-06-17 12:00:00
20.393799798525,19.732679159916444,19.39867523558076,4054500.0,2022-06-17 12:15:00
20.55089670959119,19.795893244605768,19.415661138746053,4055400.0,2022-06-17 12:30:00
20.710796795310007,19.87125085043851,19.43711021861981,4056300.0,2022-06-17 12:45:00
20.874589442198573,19.9461192820041,19.461947243376382,4057200.0,2022-06-17 13:00:00
21.04056519331693,20.02625297806135,19.49006019047163,4058100.0,2022-06-17 13:15:00
21.21938680964733,20.11234445509765,19.52167774188341,4059000.0,2022-06-17 13:30:00
21.40237626683408,20.205698128496483,19.557421652213883,4059900.0,2022-06-17 13:45:00
21.60440110448378,20.309857716583192,19.5981007427652,4060800.0,2022-06-17 14:00:00
21.802426301067015,20.4132988897845,19.642478461759712,4061700.0,2022-06-17 14:15:00
21.997776246429016,20.524411849247368,19.69086301494204,4062600.0,2022-06-17 14:30:00
22.189214629914726,20.63440442258341,19.74223152876137,4063500.0,2022-06-17 14:45:00
22.37671850969452,20.74678272803504,19.796632430230023,4064400.0,2022-06-17 15:00:00
22.548862509935375,20.861667106624804,19.85403375535751,4065300.0,2022-06-17 15:15:00
22.703654053634978,20.976652289716945,19.91441315375384,4066200.0,2022-06-17 15:30:00
22.84553235655776,21.084854153700427,19.976473238568147,4067100.0,2022-06-17 15:45:00
23.006402430164744,21.190496808336093,20.039175539369307,4068000.0,2022-06-17 16:00:00
23.13950661232265,21.297284419933543,20.10310884344852,4068900.0,2022-06-17 16:15:00
23.30072128895164,21.402241666203423,20.167760161470667,4069800.0,2022-06-17 16:30:00
23.436323363638024,21.508874079265368,20.233840018553877,4070700.0,2022-06-17 16:45:00
23.542168767318863,21.60756308628717,20.299994701488547,4071600.0,2022-06-17 17:00:00
23.64145932840283,21.703131096386755,20.366275531241968,4072500.0,2022-06-17 17:15:00
23.77402418981349,21.791504062255385,20.43114287446068,4073400.0,2022-06-17 17:30:00
23.854203603242247,21.88393772428533,20.49661021025951,4074300.0,2022-06-17 17:45:00
23.948748151620972,21.965517639126716,20.560591413787176,4075200.0,2022-06-17 18:00:00
24.041264119318257,22.046003722180867,20.623454579766538,4076100.0,2022-06-17 18:15:00
24.095358475321262,22.11925893917912,20.684777473839684,4077000.0,2022-06-17 18:30:00
24.13037590098459,22.18850698414471,20.74503681566705,4077900.0,2022-06-17 18:45:00
24.173912516649647,22.24549561323674,20.80242476695259,4078800.0,2022-06-17 19:00:00
24.19947307389372,22.29912946889892,20.85728210154104,4079700.0,2022-06-17 19:15:00
24.19969863838976,22.34863234229111,20.91038840754092,4080600.0,2022-06-17 19:30:00
24.190448107580107,22.386536189981022,20.960566936868545,4081500.0,2022-06-17 19:45:00
24.189450977955016,22.416404603776314,21.007022283571917,4082400.0,2022-06-17 20:00:00
24.1900109106336,22.45120447633355,21.05222977675833,4083300.0,2022-06-17 20:15:00
24.158474981722406,22.470856514604424,21.093827206192813,4084200.0,2022-06-17 20:30:00
24.095666530003303,22.48806178658437,21.13316465053456,4085100.0,2022-06-17 20:45:00
24.057818294360832,22.50019864616616,21.169813423424177,4086000.0,2022-06-17 21:00:00
24.012930196037264,22.504474089345816,21.203160567322605,4086900.0,2022-06-17 21:15:00
24.00516690419917,22.511124771785248,21.23399870005844,4087800.0,2022-06-17 21:30:00
23.981694582111537,22.513119571576688,21.26166372364192,4088700.0,2022-06-17 21:45:00
23.931470245341146,22.514254666585973,21.287185593526043,4089600.0,2022-06-17 22:00:00
23.8687996010051,22.510761312676408,21.3105251111289,4090500.0,2022-06-17 22:15:00
23.78556308919948,22.500452803760655,21.331438398326647,4091400.0,2022-06-17 22:30:00
23.686984846484545,22.4805228887524,21.34879086563553,4092300.0,2022-06-17 22:45:00
23.5992802212685,22.454687650739714,21.36232503929912,4093200.0,2022-06-17 23:00:00
23.524814646900033,22.421777662974733,21.37138378444924,4094100.0,2022-06-17 23:15:00
23.43873501743372,22.387570337193488,21.37682123283027,4095000.0,2022-06-17 23:30:00
23.358704966483455,22.358252189290106,21.38081134896929,4095900.0,2022-06-17 23:45:00
23.2742258341968,22.328822918044583,21.38375010287555,4096800.0,2022-06-18 00:00:00
23.181248321786754,22.289149130935133,21.38380789337253,4097700.0,2022-06-18 00:15:00
23.09748195611485,22.25698512561944,21.38304678347759,4098600.0,2022-06-18 00:30:00
23.00935906943354,22.221911248742625,21.381186569298084,4099500.0,2022-06-18 00:45:00
22.91846593158776,22.177903317467607,21.376588740295865,4100400.0,2022-06-18 01:00:00
22.826647251565863,22.137578269411343,21.37034941788112,4101300.0,2022-06-18 01:15:00
22.73852210334424,22.092298190131974,21.361867430583636,4102200.0,2022-06-18 01:30:00
22.65266683527423,22.046299316866044,21.351498061194786,4103100.0,2022-06-18 01:45:00
22.56016622396826,22.003710751558224,21.340170131840317,4104000.0,2022-06-18 02:00:00
22.44202636273148,21.952524033578964,21.32673781689684,4104900.0,2022-06-18 02:15:00
22.346275166461044,21.90356935088187,21.31198327585574,4105800.0,2022-06-18 02:30:00
22.25845580934216,21.852023177724487,21.295531468532957,4106700.0,2022-06-18 02:45:00
22.170960192170167,21.798632032159855,21.277107157372978,4107600.0,2022-06-18 03:00:00
22.094178519512155,21.74208124800481,21.256277630103593,4108500.0,2022-06-18 03:15:00
22.032827459938773,21.692847667727104,21.234465353088844,4109400.0,2022-06-18 03:30:00
21.953862879875167,21.651865452185262,21.213470924351917,4110300.0,2022-06-18 03:45:00
21.881296186534293,21.604572227215545,21.19203846425609,4111200.0,2022-06-18 04:00:00
21.80347631885536,21.56065386015754,21.170633023517976,4112100.0,2022-06-18 04:15:00
21.730473225348938,21.514005222626597,21.148578184173605,4113000.0,2022-06-18 04:30:00
21.65081297710739,21.4660768950875,21.125725010768026,4113900.0,2022-06-18 04:45:00
21.568244222848108,21.417278165738114,21.10185684022674,4114800.0,2022-06-18 05:00:00
21.4814814703186,21.368969983249645,21.077296772526413,4115700.0,2022-06-18 05:15:00
21.39947786378073,21.32003261684676,21.05218334836619,4116600.0,2022-06-18 05:30:00
21.318778633398026,21.26807148963571,21.0258749884112,4117500.0,2022-06-18 05:45:00
21.239902221682765,21.222333627846513,20.99951670642081,4118400.0,2022-06-18 06:00:00
21.149978366305795,21.171458296116946,20.97265041446279,4119300.0,2022-06-18 06:15:00
21.086334241528647,21.119765064709288,20.944798735769517,4120200.0,2022-06-18 06:30:00
21.01743024885738,21.07292162458256,20.916655870856417,4121100.0,2022-06-18 06:45:00
20.977479570222226,21.02806728942103,20.88842816089474,4122000.0,2022-06-18 07:00:00
20.93811191837663,20.988036554591083,20.86073227304744,4122900.0,2022-06-18 07:15:00
20.89598943699015,20.948616671434237,20.83343225645714,4123800.0,2022-06-18 07:30:00
20.860178594497775,20.915097736340268,20.806955219431543,4124700.0,2022-06-18 07:45:00
20.8295399564664,20.879261995937675,20.78066248966164,4125600.0,2022-06-18 08:00:00
20.79651824981924,20.845988101762245,20.754732925810735,4126500.0,2022-06-18 08:15:00
20.786252023914717,20.812811025308086,20.729048648015624,4127400.0,2022-06-18 08:30:00
20.79351025982002,20.79165242103613,20.70494075280664,4128300.0,2022-06-18 08:45:00
20.810446162221,20.776370617571775,20.68281528977672,4129200.0,2022-06-18 09:00:00
20.837978659544135,20.76304765412772,20.66220768292278,4130100.0,2022-06-18 09:15:00
20.86997403919697,20.75667676130804,20.64357664318544,4131000.0,2022-06-18 09:30:00
20.936965961006027,20.759422769536975,20.62749711395477,4131900.0,2022-06-18 09:45:00
20.992056902460888,20.76670254215561,20.613915137402948,4132800.0,2022-06-18 10:00:00
21.03739696287509,20.7767054894902,20.60276929984395,4133700.0,2022-06-18 10:15:00
21.100474307306055,20.789465274781584,20.593854642629267,4134600.0,2022-06-18 10:30:00
21.18200521250617,20.80977871496171,20.58748369445343,4135500.0,2022-06-18 10:45:00
21.274334086629988,20.835614471760888,20.58374997770716,4136400.0,2022-06-18 11:00:00
21.376161676593128,20.86937337053899,20.583203668297333,4137300.0,2022-06-18 11:15:00
21.48543536066357,20.907444595048275,20.585832238633145,4138200.0,2022-06-18 11:30:00
21.60664907586455,20.956874906370548,20.592425692792336,4139100.0,2022-06-18 11:45:00
21.816112554699995,21.017308203576597,20.60321341731327,4140000.0,2022-06-18 12:00:00
22.00377529598959,21.09237099349007,20.619314101328527,4140900.0,2022-06-18 12:15:00
22.1481655170496,21.16104113604888,20.638872152437685,4141800.0,2022-06-18 12:30:00
22.246335830151345,21.23601825951997,20.662533736883848,4142700.0,2022-06-18 12:45:00
22.385633339972497,21.306530279405287,20.68867148675145,4143600.0,2022-06-18 13:00:00
22.524149239194795,21.37959533299594,20.7170787062496,4144500.0,2022-06-18 13:15:00
22.680411988640746,21.46015245078172,20.748398617524703,4145400.0,2022-06-18 13:30:00
22.873437460203625,21.544431934380487,20.782477004940485,4146300.0,2022-06-18 13:45:00
23.051549799145235,21.63605429946755,20.819914726227577,4147200.0,2022-06-18 14:00:00
23.240361322350903,21.735461751825255,20.861327294980573,4148100.0,2022-06-18 14:15:00
23.41615965347484,21.836095745190548,20.90623331148936,4149000.0,2022-06-18 14:30:00
23.57755946971073,21.937349372297454,20.954034849135635,4149900.0,2022-06-18 14:45:00
23.775053757215428,22.0396703681778,21.004223472815973,4150800.0,2022-06-18 15:00:00
23.91815326391874,22.14097633889816,21.056406408445813,4151700.0,2022-06-18 15:15:00
24.05726509922217,22.242802306197863,21.110704719794267,4152600.0,2022-06-18 15:30:00
24.196750337239276,22.34116913297271,21.166632062520637,4153500.0,2022-06-18 15:45:00
24.373515749420445,22.44425157005683,21.22436977663175,4154400.0,2022-06-18 16:00:00
24.47527000251409,22.53626928739097,21.282004886634645,4155300.0,2022-06-18 16:15:00
24.596622478312756,22.63389293638268,21.34132755700854,4156200.0,2022-06-18 16:30:00
24.711530357746256,22.718686299248542,21.399799021922423,4157100.0,2022-06-18 16:45:00
24.82636741108882,22.809561805568833,21.45929303949769,4158000.0,2022-06-18 17:00:00
24.934509169386374,22.896687874217854,21.519121713091405,4158900.0,2022-06-18 17:15:00
25.038872759202167,22.982175759990792,21.57937752239685,4159800.0,2022-06-18 17:30:00
25.13386805214621,23.064494337578765,21.639648298967465,4160700.0,2022-06-18 17:45:00
25.221236368933717,23.144104100143384,21.699726995692448,4161600.0,2022-06-18 18:00:00
25.28865394079212,23.21941178651723,21.759246837320237,4162500.0,2022-06-18 18:15:00
25.34114144523837,23.288067858520247,21.817658918983007,4163400.0,2022-06-18 18:30:00
25.38125676390692,23.35537563082172,21.87578648598429,4164300.0,2022-06-18 18:45:00
25.3941096644701,23.407190596718905,21.931042110399705,4165200.0,2022-06-18 19:00:00
25.382175060119533,23.450472070028688,21.983131002869015,4166100.0,2022-06-18 19:15:00
25.348930750517567,23.48073677932136,22.031022481100894,4167000.0,2022-06-18 19:30:00
25.30302182352789,23.506573447367263,22.075844289902204,4167900.0,2022-06-18 19:45:00
25.244381836406575,23.52617165899801,22.118051704534064,4168800.0,2022-06-18 20:00:00
25.16779119061425,23.531025080446963,22.15598396636957,4169700.0,2022-06-18 20:15:00
25.077253850880098,23.524399855894927,22.188750648360013,4170600.0,2022-06-18 20:30:00
24.980993559180074,23.505236111614373,22.21540609646519,4171500.0,2022-06-18 20:45:00
24.88409197794468,23.4931636130334,22.23960461747209,4172400.0,2022-06-18 21:00:00
24.782828782695766,23.468731133974032,22.259975868266395,4173300.0,2022-06-18 21:15:00
24.683981951418787,23.442564507867107,22.277101355485332,4174200.0,2022-06-18 21:30:00
24.58628147432257,23.40851115226433,22.290011873043067,4175100.0,2022-06-18 21:45:00
24.490966823981346,23.36934414039895,22.298464537442214,4176000.0,2022-06-18 22:00:00
24.392619944742084,23.32832944800582,22.30303639443464,4176900.0,2022-06-18 22:15:00
24.29020042204136,23.290936117602783,22.30568833841216,4177800.0,2022-06-18 22:30:00
24.173880155350947,23.24345761600277,22.305040447863085,4178700.0,2022-06-18 22:45:00
24.05391219341148,23.19694970031363,22.30212752747104,4179600.0,2022-06-18 23:00:00
23.93517610850624,23.15309803189024,22.29835783186682,4180500.0,2022-06-18 23:15:00
23.816331927969888,23.09469750792725,22.290858842145973,4181400.0,2022-06-18 23:30:00
23.70487564678796,23.043344062528316,22.281473980596296,4182300.0,2022-06-18 23:45:00
23.596630718023984,22.991990676273,22.270551274708687,4183200.0,2022-06-19 00:00:00
23.489045602549524,22.938748760759054,22.257900253293275,4184100.0,2022-06-19 00:15:00
23.377597974639887,22.882346244957525,22.243246358211096,4185000.0,2022-06-19 00:30:00
23.26408476799992,22.827239011890992,22.227087687769924,4185900.0,2022-06-19 00:45:00
23.14554413195692,22.76578412812816,22.20840156916661,4186800.0,2022-06-19 01:00:00
23.030926726204918,22.70459058534305,22.187532260373818,4187700.0,2022-06-19 01:15:00
22.92401315992732,22.64985113151614,22.166095221835526,4188600.0,2022-06-19 01:30:00
22.82012301000293,22.59421397680675,22.14411910427013,4189500.0,2022-06-19 01:45:00
22.721170034001695,22.54412940138846,22.122261869942008,4190400.0,2022-06-19 02:00:00
22.61889220413693,22.47680571508056,22.09728487419813,4191300.0,2022-06-19 02:15:00
22.523747928817784,22.422844853636615,22.07169785451307,4192200.0,2022-06-19 02:30:00
22.42847430508119,22.368093124441057,22.045566603371984,4193100.0,2022-06-19 02:45:00
22.33304855910708,22.32367376974553,22.020658365598376,4194000.0,2022-06-19 03:00:00
22.232883276210764,22.26255710271561,21.993882536847597,4194900.0,2022-06-19 03:15:00
22.1404346606264,22.214875095531493,21.967256977918765,4195800.0,2022-06-19 03:30:00
22.044456095134368,22.151158815534423,21.93818386041777,4196700.0,2022-06-19 03:45:00
21.94768674184469,22.07779364048067,21.905189454489413,4197600.0,2022-06-19 04:00:00
21.85886288601308,22.027931468228804,21.87264506577936,4198500.0,2022-06-19 04:15:00
21.766869146679124,21.96348763919149,21.83866864136851,4199400.0,2022-06-19 04:30:00
21.677298320831884,21.900789343166498,21.803291654898626,4200300.0,2022-06-19 04:45:00
21.59106436113945,21.84145035798394,21.767362420143883,4201200.0,2022-06-19 05:00:00
21.498336545366985,21.77252821232532,21.729504986582825,4202100.0,2022-06-19 05:15:00
21.41012838527464,21.713491327282156,21.691315565917087,4203000.0,2022-06-19 05:30:00
21.321922424647287,21.649521558643038,21.652228401367015,4203900.0,2022-06-19 05:45:00
21.238946977222184,21.591591014789437,21.61308486959283,4204800.0,2022-06-19 06:00:00
21.16093207723124,21.534039719306385,21.573984890287434,4205700.0,2022-06-19 06:15:00
21.086216952164676,21.478867758217703,21.53530081358417,4206600.0,2022-06-19 06:30:00
21.015677051685007,21.419483867854733,21.496058410322384,4207500.0,2022-06-19 06:45:00
20.949610118548268,21.36609252253885,21.45703386774713,4208400.0,2022-06-19 07:00:00
20.880540145030583,21.30418794189487,21.416929457954797,4209300.0,2022-06-19 07:15:00
20.8130523622688,21.24269236214477,21.375716802259436,4210200.0,2022-06-19 07:30:00
20.744781004827413,21.18890307209761,21.334747005493988,4211100.0,2022-06-19 07:45:00
20.67581263561903,21.135000816589887,21.29396348180018,4212000.0,2022-06-19 08:00:00
20.607761039020183,21.07769303910016,21.25311199777424,4212900.0,2022-06-19 08:15:00
20.53812828367331,21.019520244127705,21.211743940246837,4213800.0,2022-06-19 08:30:00
20.46231309905025,20.968237218102207,21.170897434388696,4214700.0,2022-06-19 08:45:00
20.388315850381428,20.909713237998474,21.129651998570385,4215600.0,2022-06-19 09:00:00
20.327495677170127,20.853419979453314,21.08806415270419,4216500.0,2022-06-19 09:15:00
20.281058758444164,20.80196362347339,21.04681809743882,4217400.0,2022-06-19 09:30:00
20.252775595869387,20.75752981531956,21.006704379200304,4218300.0,2022-06-19 09:45:00
20.228914994953943,20.71252545159705,20.96739159321079,4219200.0,2022-06-19 10:00:00
20.214950264361914,20.676136825098105,20.929482507019223,4220100.0,2022-06-19 10:15:00
20.21088503523604,20.639359148652176,20.89277012082492,4221000.0,2022-06-19 10:30:00
20.22234437845348,20.612489984292075,20.85816105580685,4221900.0,2022-06-19 10:45:00
20.24513744042634,20.591074019166495,20.82584457175188,4222800.0,2022-06-19 11:00:00
20.266510700509595,20.578654014596623,20.79641240591805,4223700.0,2022-06-19 11:15:00
20.295108834498308,20.56817471065416,20.769516438477478,4224600.0,2022-06-19 11:30:00
20.33466960994209,20.564336845732708,20.74523811233781,4225500.0,2022-06-19 11:45:00
20.37817634761221,20.563579067893407,20.723617928825615,4226400.0,2022-06-19 12:00:00
20.419454554151123,20.561375081907435,20.703847012544006,4227300.0,2022-06-19 12:15:00
20.455013843617284,20.568329467067755,20.686560030606728,4228200.0,2022-06-19 12:30:00
20.49979327948586,20.579496895521913,20.672085955289017,4229100.0,2022-06-19 12:45:00
20.55735154548327,20.590649827020417,20.659820236546068,4230000.0,2022-06-19 13:00:00
20.6174232028842,20.603164928897,20.64937614618828,4230900.0,2022-06-19 13:15:00
20.668108387796927,20.619976434895243,20.641143334465394,4231800.0,2022-06-19 13:30:00
20.70856004307779,20.63719477770552,20.634737028803467,4232700.0,2022-06-19 13:45:00
20.752482701414383,20.657337360581028,20.630233706185276,4233600.0,2022-06-19 14:00:00
20.806741131874848,20.678628542729967,20.627632873007496,4234500.0,2022-06-19 14:15:00
20.864800080215694,20.696459817354054,20.6261076220535,4235400.0,2022-06-19 14:30:00
20.915142212865668,20.719922691886072,20.626091489879723,4236300.0,2022-06-19 14:45:00
20.9518331664895,20.740083511561902,20.62698910565029,4237200.0,2022-06-19 15:00:00
20.986540610246003,20.76467676049844,20.629400449361594,4238100.0,2022-06-19 15:15:00
21.024122753367397,20.785589593715063,20.63277036277287,4239000.0,2022-06-19 15:30:00
21.06396639396216,20.80333709300656,20.63633825340507,4239900.0,2022-06-19 15:45:00
21.11145924963081,20.82670924820317,20.640924228125996,4240800.0,2022-06-19 16:00:00
21.166683797834743,20.85467491905965,20.647172447013496,4241700.0,2022-06-19 16:15:00
21.21698924943649,20.880269600466885,20.65441478554536,4242600.0,2022-06-19 16:30:00
21.251368708697125,20.90397686859185,20.662293804734865,4243500.0,2022-06-19 16:45:00
21.280831362432533,20.927597942196364,20.67063781797853,4244400.0,2022-06-19 17:00:00
21.317355943817343,20.94953700355268,20.679399329917462,4245300.0,2022-06-19 17:15:00
21.356925514469093,20.971600029924456,20.68835581630377,4246200.0,2022-06-19 17:30:00
21.39502820704925,20.99801645119706,20.69838593915633,4247100.0,2022-06-19 17:45:00
21.41929371005697,21.022305788386333,20.70900881558805,4248000.0,2022-06-19 18:00:00
21.432287917317517,21.04061796412619,20.719526127995483,4248900.0,2022-06-19 18:15:00
21.43490950837973,21.054908028487294,20.729287996242668,4249800.0,2022-06-19 18:30:00
21.42733500816812,21.066416341309303,20.738199873125776,4250700.0,2022-06-19 18:45:00
21.41280859172947,21.074711065326344,20.74624969577596,4251600.0,2022-06-19 19:00:00
21.39775055047768,21.07686298453501,20.75268897987022,4252500.0,2022-06-19 19:15:00
21.383278092396864,21.07526261808857,20.757426037585745,4253400.0,2022-06-19 19:30:00
21.36654868229572,21.073157482729503,20.760823846087483,4254300.0,2022-06-19 19:45:00
21.344230139650342,21.07298169497764,20.763808043824252,4255200.0,2022-06-19 20:00:00
21.310439852968663,21.061542266445898,20.76470444593035,4256100.0,2022-06-19 20:15:00
21.266943096835877,21.05054711803868,20.764139662198044,4257000.0,2022-06-19 20:30:00
21.212217242008336,21.0335296987094,20.761718037919863,4257900.0,2022-06-19 20:45:00
21.15113041309748,21.006850819211408,20.756497155104142,4258800.0,2022-06-19 21:00:00
21.09604581487251,20.985159727804895,20.749824789195728,4259700.0,2022-06-19 21:15:00
21.046795299015788,20.955226741304536,20.74084854447074,4260600.0,2022-06-19 21:30:00
21.003510982484517,20.93190988751796,20.731091600330966,4261500.0,2022-06-19 21:45:00
20.957539643706816,20.90125943923151,20.719585480067703,4262400.0,2022-06-19 22:00:00
20.9048245618455,20.868482813404643,20.706394774660037,4263300.0,2022-06-19 22:15:00
20.846181005053506,20.840294627011048,20.692619326850625,4264200.0,2022-06-19 22:30:00
20.7787088982006,20.810122127804316,20.678342302819928,4265100.0,2022-06-19 22:45:00
20.71244464392925,20.77084999349158,20.66214945643575,4266000.0,2022-06-19 23:00:00
20.649651517887783,20.73562966632608,20.644824390881,4266900.0,2022-06-19 23:15:00
20.59049611646498,20.69798394849492,20.626355448320755,4267800.0,2022-06-19 23:30:00
20.537624777085455,20.659577670346547,20.606771536122693,4268700.0,2022-06-19 23:45:00
20.491746238648535,20.623749182849043,20.586559308690656,4269600.0,2022-06-20 00:00:00
20.447270763384733,20.589688718950956,20.566046071502686,4270500.0,2022-06-20 00:15:00
20.40141673018564,20.55348742667296,20.545098480836284,4271400.0,2022-06-20 00:30:00
20.35387469793156,20.516768925658425,20.523474834521306,4272300.0,2022-06-20 00:45:00
20.306079512569234,20.482872054474004,20.501743267337947,4273200.0,2022-06-20 01:00:00
20.255718051280347,20.450151947575147,20.48002301626185,4274100.0,2022-06-20 01:15:00
20.20455427067545,20.410870399138005,20.45738395765411,4275000.0,2022-06-20 01:30:00
20.158017685628806,20.38241702842451,20.43518579860481,4275900.0,2022-06-20 01:45:00
20.100933596959727,20.344351124380484,20.412305310782788,4276800.0,2022-06-20 02:00:00
20.062210632041637,20.3100936059716,20.38919897567574,4277700.0,2022-06-20 02:15:00
20.014402377734008,20.271218167800846,20.365302081527837,4278600.0,2022-06-20 02:30:00
19.967097822729944,20.238327398858992,20.341400479346863,4279500.0,2022-06-20 02:45:00
19.916912211104886,20.20237636082769,20.31730194232191,4280400.0,2022-06-20 03:00:00
19.865674148681723,20.16496607506766,20.29276891287462,4281300.0,2022-06-20 03:15:00
19.81642406575604,20.128406808538475,20.267766845237546,4282200.0,2022-06-20 03:30:00
19.765777600359044,20.089237827181435,20.242228044916168,4283100.0,2022-06-20 03:45:00
19.71708266230693,20.054226754158204,20.21672995269908,4284000.0,2022-06-20 04:00:00
19.66597244174508,20.01718565467928,20.19089942378282,4284900.0,2022-06-20 04:15:00
19.61697707190946,19.985584138339902,20.16552938012602,4285800.0,2022-06-20 04:30:00
19.56977538581337,19.9442489508636,20.13930034466988,4286700.0,2022-06-20 04:45:00
19.53507946073424,19.908750399705184,20.11282591247707,4287600.0,2022-06-20 05:00:00
19.50147168845743,19.87767866107358,20.086771595047455,4288500.0,2022-06-20 05:15:00
19.46785450255816,19.84397381691493,20.06073816895492,4289400.0,2022-06-20 05:30:00
19.43617586020868,19.810314565534764,20.03474109699385,4290300.0,2022-06-20 05:45:00
19.404120962314984,19.78239277193403,20.00936248952976,4291200.0,2022-06-20 06:00:00
19.37127877328902,19.75319632634801,19.98428689883748,4292100.0,2022-06-20 06:15:00
19.34033773330734,19.72071093381012,19.95908723146856,4293000.0,2022-06-20 06:30:00
19.309990120133445,19.693234485379563,19.93430740654331,4293900.0,2022-06-20 06:45:00
19.273728183183355,19.664083065334335,19.9096740156204,4294800.0,2022-06-20 07:00:00
19.25029031163153,19.635292044649184,19.885191930970535,4295700.0,2022-06-20 07:15:00
19.230860674148005,19.60667490039222,19.860873699364394,4296600.0,2022-06-20 07:30:00
19.215783295155145,19.585236275713225,19.83737757296442,4297500.0,2022-06-20 07:45:00
19.193287969383025,19.55928948372689,19.81423475514116,4298400.0,2022-06-20 08:00:00
19.1700378999246,19.53764633568386,19.791771694799976,4299300.0,2022-06-20 08:15:00
19.14507631420998,19.514112421330264,19.769594255812283,4300200.0,2022-06-20 08:30:00
19.12083863987145,19.48972361361224,19.7476396886608,4301100.0,2022-06-20 08:45:00
19.09705099244568,19.46698322093503,19.725970148087747,4302000.0,2022-06-20 09:00:00
19.07663382750858,19.440593743323745,19.7041372024092,4302900.0,2022-06-20 09:15:00
19.061486706658027,19.4204555426514,19.682865541503052,4303800.0,2022-06-20 09:30:00
19.050725603946063,19.402004423542355,19.66225644774847,4304700.0,2022-06-20 09:45:00
19.044373048443664,19.387764989608183,19.64267291423715,4305600.0,2022-06-20 10:00:00
19.04703650591308,19.36844934293745,19.62323766046067,4306500.0,2022-06-20 10:15:00
19.063253024856365,19.35623545606581,19.60478574279348,4307400.0,2022-06-20 10:30:00
19.088605641145456,19.354172885454084,19.588308428127597,4308300.0,2022-06-20 10:45:00
19.115260709613015,19.35236145061798,19.573553235087804,4309200.0,2022-06-20 11:00:00
19.153152259296245,19.354875285111078,19.560736994077143,4310100.0,2022-06-20 11:15:00
19.197010922177903,19.36076550635619,19.549705145236647,4311000.0,2022-06-20 11:30:00
19.25610619136817,19.3736844175894,19.54086883049601,4311900.0,2022-06-20 11:45:00
19.323895215417245,19.390872283988497,19.534497187712574,4312800.0,2022-06-20 12:00:00
19.396838192631414,19.41599649261788,19.531142409476885,4313700.0,2022-06-20 12:15:00
19.46398112479513,19.44458812182057,19.530590475586248,4314600.0,2022-06-20 12:30:00
19.562016399317525,19.476021993332804,19.53250914538657,4315500.0,2022-06-20 12:45:00
19.67536002016485,19.51758544844411,19.537671882571768,4316400.0,2022-06-20 13:00:00
19.79543111909691,19.56347560281945,19.54618911175888,4317300.0,2022-06-20 13:15:00
19.92561852295857,19.624669866579488,19.55930993458089,4318200.0,2022-06-20 13:30:00
20.05549138082484,19.68153373301231,19.57570244778853,4319100.0,2022-06-20 13:45:00
20.184427975119913,19.748606200164136,19.595884413736453,4320000.0,2022-06-20 14:00:00
20.2933526093642,19.81574975896802,19.61933121608661,4320900.0,2022-06-20 14:15:00
20.40348005313002,19.885388881746245,19.64580442815944,4321800.0,2022-06-20 14:30:00
20.503203844619787,19.952405340339403,19.674429569682964,4322700.0,2022-06-20 14:45:00
20.59959495933301,20.01759073602368,19.70453457642465,4323600.0,2022-06-20 15:00:00
20.70618028436873,20.086456031486797,19.736440173989106,4324500.0,2022-06-20 15:15:00
20.81147201237125,20.156995434228342,19.77024885869457,4325400.0,2022-06-20 15:30:00
20.93077905172401,20.229864705428103,19.80600906288842,4326300.0,2022-06-20 15:45:00
21.01482066687447,20.297244091203986,19.84262251167151,4327200.0,2022-06-20 16:00:00
21.16181166245926,20.374349052273,19.881225155587703,4328100.0,2022-06-20 16:15:00
21.26933896002115,20.45134121041419,19.921717891805606,4329000.0,2022-06-20 16:30:00
21.344841819580395,20.52348482512257,19.963154963894333,4329900.0,2022-06-20 16:45:00
21.424426375820037,20.592114787572594,20.00483462147852,4330800.0,2022-06-20 17:00:00
21.495340603803847,20.654728441482245,20.045849055249043,4331700.0,2022-06-20 17:15:00
21.567770483734808,20.71567444975671,20.08618188584327,4332600.0,2022-06-20 17:30:00
21.643950977118138,20.781014656420048,20.127174748703524,4333500.0,2022-06-20 17:45:00
21.689814425782952,20.8345986244846,20.1669276711452,4334400.0,2022-06-20 18:00:00
21.713640588698286,20.88723453499482,20.206046662166408,4335300.0,2022-06-20 18:15:00
21.76619906297181,20.938142972036157,20.244747706394847,4336200.0,2022-06-20 18:30:00
21.79518280276584,20.976852831033803,20.280978653812987,4337100.0,2022-06-20 18:45:00
21.819285211429445,21.00816825688932,20.313834771526288,4338000.0,2022-06-20 19:00:00
21.82052630083765,21.050858728425744,20.347039720195102,4338900.0,2022-06-20 19:15:00
21.816419906821828,21.082601023416768,20.379367236886196,4339800.0,2022-06-20 19:30:00
21.81060755883936,21.095125793850592,20.407172921913375,4340700.0,2022-06-20 19:45:00
21.790849402842255,21.110803896240352,20.432346003984872,4341600.0,2022-06-20 20:00:00
21.73250902673898,21.114924491795055,20.454069346710455,4342500.0,2022-06-20 20:15:00
21.687224301583456,21.110852747169645,20.471929560411077,4343400.0,2022-06-20 20:30:00
21.65268380023988,21.11054125439896,20.4877849928775,4344300.0,2022-06-20 20:45:00
21.600511504542375,21.098962998642175,20.50020026939316,4345200.0,2022-06-20 21:00:00
21.554451327875583,21.090332258954337,20.51068062109705,4346100.0,2022-06-20 21:15:00
21.51279383292657,21.06978483618325,20.517611738741635,4347000.0,2022-06-20 21:30:00
21.459211182693167,21.05540435684357,20.52286429689712,4347900.0,2022-06-20 21:45:00
21.40402831459763,21.03827424628544,20.52669302296629,4348800.0,2022-06-20 22:00:00
21.340144343025894,21.011762462468614,20.527766591451982,4349700.0,2022-06-20 22:15:00
21.277168213121048,20.98315534114011,20.526256159959427,4350600.0,2022-06-20 22:30:00
21.210535320397184,20.95212605382627,20.52232374876805,4351500.0,2022-06-20 22:45:00
21.14131067361569,20.920430610923518,20.516504729670753,4352400.0,2022-06-20 23:00:00
21.069525676806972,20.884798208524096,20.508535907778604,4353300.0,2022-06-20 23:15:00
20.997107293967208,20.84891059761491,20.498957857480768,4354200.0,2022-06-20 23:30:00
20.922079819432973,20.808636021022807,20.48744980067308,4355100.0,2022-06-20 23:45:00
20.847418740080325,20.764492269625567,20.473613501946677,4356000.0,2022-06-21 00:00:00
20.770924776273393,20.721852131650596,20.45810940448693,4356900.0,2022-06-21 00:15:00
20.69409656416749,20.67832434428516,20.441217035172382,4357800.0,2022-06-21 00:30:00
20.617032005927314,20.633194120895592,20.42297919291653,4358700.0,2022-06-21 00:45:00
20.54159047216533,20.58272125499765,20.40262169933031,4359600.0,2022-06-21 01:00:00
20.468970841739488,20.5345827643726,20.380917274894827,4360500.0,2022-06-21 01:15:00
20.40052568607349,20.489890688879015,20.358683478514173,4361400.0,2022-06-21 01:30:00
20.329569059661313,20.44177593442143,20.335382144505942,4362300.0,2022-06-21 01:45:00
20.260685656543213,20.39429230993304,20.311158703035183,4363200.0,2022-06-21 02:00:00
20.193425251966367,20.34600774322205,20.286005541344544,4364100.0,2022-06-21 02:15:00
20.127270536796967,20.29801682609401,20.26016583148093,4365000.0,2022-06-21 02:30:00
20.062018486637797,20.253979333699004,20.234359244045937,4365900.0,2022-06-21 02:45:00
19.997838412146073,20.204197285513622,20.207598608292223,4366800.0,2022-06-21 03:00:00
19.89977346184573,20.158332331967564,20.18071576024776,4367700.0,2022-06-21 03:15:00
19.858687254573702,20.11006328162853,20.153014934756754,4368600.0,2022-06-21 03:30:00
19.755235051392937,20.05497663674572,20.123942098085852,4369500.0,2022-06-21 03:45:00
19.696138286224663,20.008017561943777,20.09466219472652,4370400.0,2022-06-21 04:00:00
19.65187789481657,19.96021951200913,20.06492374670438,4371300.0,2022-06-21 04:15:00
19.608152432422013,19.91889413028416,20.035657660055534,4372200.0,2022-06-21 04:30:00
19.557408836897046,19.87512343593257,20.006415053732496,4373100.0,2022-06-21 04:45:00
19.50267142265822,19.82937055573312,19.97703772468956,4374000.0,2022-06-21 05:00:00
19.469909165795475,19.789955552939094,19.94797084800343,4374900.0,2022-06-21 05:15:00
19.44218399661933,19.755805608523573,19.92003095316132,4375800.0,2022-06-21 05:30:00
19.396287352304046,19.722034434882403,19.892948816367504,4376700.0,2022-06-21 05:45:00
19.35390849232392,19.688789708787777,19.866568963917157,4377600.0,2022-06-21 06:00:00
19.297492133869685,19.650114315472184,19.8398981457874,4378500.0,2022-06-21 06:15:00
19.24008646652361,19.607764936078382,19.812570361978203,4379400.0,2022-06-21 06:30:00
19.187078632481935,19.57268575982628,19.785397131765222,4380300.0,2022-06-21 06:45:00
19.14796828347132,19.5360745145676,19.75819270994277,4381200.0,2022-06-21 07:00:00
19.116351209585,19.49871321417527,19.730804161667013,4382100.0,2022-06-21 07:15:00
19.082541395275022,19.465051983467927,19.703605026131093,4383000.0,2022-06-21 07:30:00
19.063166972381257,19.432316606492,19.67678935473432,4383900.0,2022-06-21 07:45:00
19.03989526676975,19.402806083178373,19.650624216596757,4384800.0,2022-06-21 08:00:00
19.02610019360656,19.3754079007314,19.62533150970208,4385700.0,2022-06-21 08:15:00
19.01430129219956,19.356190208761166,19.601491236637408,4386600.0,2022-06-21 08:30:00
19.002901166692897,19.33377183212793,19.5785677165236,4387500.0,2022-06-21 08:45:00
18.988801559713828,19.313688813283157,19.55663486914783,4388400.0,2022-06-21 09:00:00
18.997486643431895,19.29721164771253,19.5357889797078,4389300.0,2022-06-21 09:15:00
19.01581360097649,19.286291013293088,19.516484958494928,4390200.0,2022-06-21 09:30:00
19.04658012553928,19.281265402457887,19.49903523977616,4391100.0,2022-06-21 09:45:00
19.08522712861693,19.27681684120615,19.483236707063494,4392000.0,2022-06-21 10:00:00
19.133825541105324,19.285165454379527,19.47015371835296,4392900.0,2022-06-21 10:15:00
19.194560424579848,19.29722276437967,19.45996542362726,4393800.0,2022-06-21 10:30:00
19.275483027975543,19.31833969741732,19.45291525115432,4394700.0,2022-06-21 10:45:00
19.36681387158237,19.34363584732904,19.44904877792609,4395600.0,2022-06-21 11:00:00
19.45948632220424,19.37494194922125,19.448431087621653,4396500.0,2022-06-21 11:15:00
19.560621488487957,19.419843543279896,19.452010620004717,4397400.0,2022-06-21 11:30:00
19.675551406739913,19.473155394596915,19.46029861796368,4398300.0,2022-06-21 11:45:00
19.79771471132688,19.52944895086259,19.47271077938105,4399200.0,2022-06-21 12:00:00
19.91726859145851,19.582158899522227,19.487924449948263,4400100.0,2022-06-21 12:15:00
20.038121444332862,19.644326567221167,19.506513426065386,4401000.0,2022-06-21 12:30:00
20.144745477326904,19.708514575067166,19.528325616195737,4401900.0,2022-06-21 12:45:00
20.253590682712225,19.77545472373565,19.553126202039877,4402800.0,2022-06-21 13:00:00
20.39736129199843,19.846135400744508,19.580871741297543,4403700.0,2022-06-21 13:15:00
20.522268704159483,19.919741145027945,19.611244250399174,4404600.0,2022-06-21 13:30:00
20.6492932064722,20.00036984603373,19.64503192660477,4405500.0,2022-06-21 13:45:00
20.763792563203705,20.082065023580157,19.6820660326075,4406400.0,2022-06-21 14:00:00
20.889997019352307,20.161921115404297,19.72128727598765,4407300.0,2022-06-21 14:15:00
21.02222148920549,20.247087432558047,19.763043505930327,4408200.0,2022-06-21 14:30:00
21.16207359923507,20.332905145874086,19.806916959803328,4409100.0,2022-06-21 14:45:00
21.303117122737408,20.42314466289313,19.853131740493495,4410000.0,2022-06-21 15:00:00
21.45136133339109,20.516696211709192,19.901944085464606,4410900.0,2022-06-21 15:15:00
21.592698712455352,20.610388315988047,19.952835266914374,4411800.0,2022-06-21 15:30:00
21.72616653096088,20.705297089695566,20.005577304673142,4412700.0,2022-06-21 15:45:00
21.835690745819573,20.799600501381484,20.060066165714808,4413600.0,2022-06-21 16:00:00
21.91698344636528,20.88406036661712,20.114518347581622,4414500.0,2022-06-21 16:15:00
22.00654997179272,20.965306227149185,20.16864210850973,4415400.0,2022-06-21 16:30:00
22.10710146733073,21.042827901487904,20.221942669909502,4416300.0,2022-06-21 16:45:00
22.222588028377423,21.129717252875786,20.27651674487424,4417200.0,2022-06-21 17:00:00
22.32072990715701,21.21277984136523,20.33186031676304,4418100.0,2022-06-21 17:15:00
22.358640835291848,21.277922372191306,20.38472564320539,4419000.0,2022-06-21 17:30:00
22.413744001341893,21.34840416787948,20.437249193061245,4419900.0,2022-06-21 17:45:00
22.461765772471647,21.409242069248013,20.488240402603047,4420800.0,2022-06-21 18:00:00
22.510454789056052,21.46635294002219,20.537393883524,4421700.0,2022-06-21 18:15:00
22.561131313840505,21.522848437142343,20.585299725383933,4422600.0,2022-06-21 18:30:00
22.582329858926336,21.56938521475898,20.63066982899716,4423500.0,2022-06-21 18:45:00
22.59164838626608,21.606345555465364,20.672523683947585,4424400.0,2022-06-21 19:00:00
22.597962007677857,21.64390542812553,20.71241973921496,4425300.0,2022-06-21 19:15:00
22.591749888990428,21.6719161270404,20.749354810038263,4426200.0,2022-06-21 19:30:00
22.584281375847667,21.69649575457333,20.78375800077095,4427100.0,2022-06-21 19:45:00
22.571600016467382,21.715432397817104,20.815406888621673,4428000.0,2022-06-21 20:00:00
22.54883567678617,21.721584336364614,20.84241343435636,4428900.0,2022-06-21 20:15:00
22.52107825448345,21.733044758791713,20.867331011490425,4429800.0,2022-06-21 20:30:00
22.485087912033197,21.7371640050744,20.889764534376507,4430700.0,2022-06-21 20:45:00
22.443756813212488,21.734873272439376,20.909385721350684,4431600.0,2022-06-21 21:00:00
22.40648104937039,21.729591911637804,20.926157712769268,4432500.0,2022-06-21 21:15:00
22.36178460627564,21.723436475908976,20.94086831533432,4433400.0,2022-06-21 21:30:00
22.317371581817238,21.7029706055408,20.95105081070253,4434300.0,2022-06-21 21:45:00
22.264605280850883,21.685312220316582,20.958341878639438,4435200.0,2022-06-21 22:00:00
22.20890151353852,21.668497343072573,20.964065455405787,4436100.0,2022-06-21 22:15:00
22.150028112053803,21.645635965844455,20.967445007105084,4437000.0,2022-06-21 22:30:00
22.086210973773515,21.617690146548185,20.96815881805672,4437900.0,2022-06-21 22:45:00
22.020994325196575,21.594086932185128,20.967920351139323,4438800.0,2022-06-21 23:00:00
21.949304192770462,21.55800786321289,20.964523792988984,4439700.0,2022-06-21 23:15:00
21.8779769187942,21.523632782154134,20.95893204582612,4440600.0,2022-06-21 23:30:00
21.80295660847253,21.48428167368866,20.950757899894207,4441500.0,2022-06-21 23:45:00
21.72867759932183,21.446841239305293,20.941213984315304,4442400.0,2022-06-22 00:00:00
21.651379863654142,21.40363881544984,20.929434034962995,4443300.0,2022-06-22 00:15:00
21.575291506581124,21.360048985190684,20.915722360682057,4444200.0,2022-06-22 00:30:00
21.492333039354826,21.31998907651553,20.901474594115335,4445100.0,2022-06-22 00:45:00
21.410237409156487,21.266366717086573,20.884161887587062,4446000.0,2022-06-22 01:00:00
21.335639608133157,21.22182673523924,20.865757046340967,4446900.0,2022-06-22 01:15:00
21.25605775539949,21.17589118059647,20.84663662921454,4447800.0,2022-06-22 01:30:00
21.17652377632816,21.1263893913726,20.826083627038425,4448700.0,2022-06-22 01:45:00
21.097441926022903,21.07335013085325,20.803730131167704,4449600.0,2022-06-22 02:00:00
21.019091523664283,21.026032761585725,20.780900564129787,4450500.0,2022-06-22 02:15:00
20.943283871145265,20.972346675346813,20.756513763392967,4451400.0,2022-06-22 02:30:00
20.87072858541469,20.92254825035839,20.731336365729074,4452300.0,2022-06-22 02:45:00
20.796419973147188,20.86916658548897,20.704926479500557,4453200.0,2022-06-22 03:00:00
20.726880951800272,20.820745899123185,20.678243318157808,4454100.0,2022-06-22 03:15:00
20.657851199592944,20.767474911987406,20.65052979889529,4455000.0,2022-06-22 03:30:00
20.59161916952017,20.721085304784665,20.62294012541184,4455900.0,2022-06-22 03:45:00
20.52528785320724,20.67226488406409,20.594992305912857,4456800.0,2022-06-22 04:00:00
20.457798446289523,20.625101810325074,20.566927255127343,4457700.0,2022-06-22 04:15:00
20.393897925300813,20.575467191349816,20.538298655316886,4458600.0,2022-06-22 04:30:00
20.33532904541638,20.528838831109287,20.509488242874703,4459500.0,2022-06-22 04:45:00
20.278928277523367,20.48423794671758,20.480753057236218,4460400.0,2022-06-22 05:00:00
20.222344255809062,20.434991029827028,20.45127287962481,4461300.0,2022-06-22 05:15:00
20.16557111468943,20.391014420122936,20.421866056184488,4462200.0,2022-06-22 05:30:00
20.10910034769924,20.34650517286089,20.392467772221835,4463100.0,2022-06-22 05:45:00
20.053880493126037,20.30356630787561,20.363170163332136,4464000.0,2022-06-22 06:00:00
19.99531770800307,20.261479755917943,20.3340709529003,4464900.0,2022-06-22 06:15:00
19.940602201877205,20.218365066514,20.305065354857327,4465800.0,2022-06-22 06:30:00
19.889335723976505,20.17813615140897,20.276235873492023,4466700.0,2022-06-22 06:45:00
19.842049655130356,20.136765922173723,20.24738848531705,4467600.0,2022-06-22 07:00:00
19.79692513344943,20.09611140710444,20.218493053166288,4468500.0,2022-06-22 07:15:00
19.75867627322389,20.05517559050272,20.1895617204467,4469400.0,2022-06-22 07:30:00
19.728895034806374,20.019978407205283,20.16115953735513,4470300.0,2022-06-22 07:45:00
19.706566441819795,19.991820993324502,20.13407406924282,4471200.0,2022-06-22 08:00:00
19.683849953401616,19.95912082866678,20.10759341319111,4472100.0,2022-06-22 08:15:00
19.658806898913248,19.93000333731712,20.081675437042676,4473000.0,2022-06-22 08:30:00
19.641175772040803,19.90135544704838,20.056351571985385,4473900.0,2022-06-22 08:45:00
19.65047072045987,19.884586257502225,20.032923982500016,4474800.0,2022-06-22 09:00:00
19.685960187940147,19.876611839225557,20.012052346586444,4475700.0,2022-06-22 09:15:00
19.73285408203211,19.86769638660305,19.99311037489835,4476600.0,2022-06-22 09:30:00
19.771202882797816,19.868295767172707,19.976789411039874,4477500.0,2022-06-22 09:45:00
19.795871259489385,19.875115714380293,19.96354919910156,4478400.0,2022-06-22 10:00:00
19.82275318982668,19.8822933741307,19.9528166135342,4479300.0,2022-06-22 10:15:00
19.85786296336854,19.88421760467608,19.943263326688218,4480200.0,2022-06-22 10:30:00
19.90579638529149,19.902048200095027,19.93637317447165,4481100.0,2022-06-22 10:45:00
19.955676250620947,19.912915219846766,19.93104507553201,4482000.0,2022-06-22 11:00:00
20.003331914678267,19.930420033365436,19.92767132747246,4482900.0,2022-06-22 11:15:00
20.03994339034388,19.948037171384147,19.92601643295842,4483800.0,2022-06-22 11:30:00
20.0617407381247,19.959623058191408,19.925060654629487,4484700.0,2022-06-22 11:45:00
20.091195687026016,19.979802865445297,19.92574866950053,4485600.0,2022-06-22 12:00:00
20.130737559611944,20.001122241016127,19.92815050326145,4486500.0,2022-06-22 12:15:00
20.176908639080825,20.01982580916263,19.931451362219637,4487400.0,2022-06-22 12:30:00
20.220596588101365,20.040611801251803,19.93568042759893,4488300.0,2022-06-22 12:45:00
20.256506728051004,20.06266817831102,19.940958678225773,4489200.0,2022-06-22 13:00:00
20.28844553147361,20.084641075857988,19.947199621416868,4490100.0,2022-06-22 13:15:00
20.330079162141747,20.104751708091435,19.953843633593568,4491000.0,2022-06-22 13:30:00
20.377923398300243,20.13106304951013,19.96169841186208,4491900.0,2022-06-22 13:45:00
20.424770148044775,20.153977124644538,19.97020848512211,4492800.0,2022-06-22 14:00:00
20.46949779693657,20.181946866363223,19.980062685395648,4493700.0,2022-06-22 14:15:00
20.525933304039604,20.210989277247293,19.991059738783864,4494600.0,2022-06-22 14:30:00
20.59512968946033,20.245493371329083,20.003692202967947,4495500.0,2022-06-22 14:45:00
20.65266834123756,20.2815001511286,20.01806900709567,4496400.0,2022-06-22 15:00:00
20.718071050311128,20.317255410603256,20.033705162581683,4497300.0,2022-06-22 15:15:00
20.79095808902824,20.358396780803197,20.051197191139163,4498200.0,2022-06-22 15:30:00
20.863789350659346,20.39604739193832,20.069406844967894,4499100.0,2022-06-22 15:45:00
20.920751065992757,20.438653068070487,20.089077960535707,4500000.0,2022-06-22 16:00:00
20.96485019910444,20.47913107791671,20.109801896806847,4500900.0,2022-06-22 16:15:00
21.0070780529746,20.517221306260907,20.131059373171368,4501800.0,2022-06-22 16:30:00
21.04126976766862,20.549723160405065,20.151967667899704,4502700.0,2022-06-22 16:45:00
21.06568812806721,20.580287918510045,20.172377031089876,4503600.0,2022-06-22 17:00:00
21.083746562547287,20.610675832209015,20.192770319575864,4504500.0,2022-06-22 17:15:00
21.099617600943695,20.636273755642588,20.212473075273888,4505400.0,2022-06-22 17:30:00
21.108544036168137,20.656106832792013,20.23082400691757,4506300.0,2022-06-22 17:45:00
21.115748379473832,20.670831389787697,20.247278189452487,4507200.0,2022-06-22 18:00:00
21.12627460772032,20.69115271760811,20.263394915243,4508100.0,2022-06-22 18:15:00
21.133345268078745,20.70477386178515,20.27829635983656,4509000.0,2022-06-22 18:30:00
21.139944783582337,20.722145955974256,20.293074017866736,4509900.0,2022-06-22 18:45:00
21.140986720520463,20.735261986697758,20.307173632535186,4510800.0,2022-06-22 19:00:00
21.143666056777477,20.74325489215376,20.319748452954663,4511700.0,2022-06-22 19:15:00
21.13634815056868,20.750264232404103,20.33119521300544,4512600.0,2022-06-22 19:30:00
21.117618156302797,20.753712317540785,20.34119702409584,4513500.0,2022-06-22 19:45:00
21.1005573557574,20.753738057774942,20.349594370266587,4514400.0,2022-06-22 20:00:00
21.07808737460268,20.750770542262423,20.356280671273545,4515300.0,2022-06-22 20:15:00
21.05075177090948,20.74896422925327,20.362154343117773,4516200.0,2022-06-22 20:30:00
21.02102820235139,20.741353861809145,20.36644902851316,4517100.0,2022-06-22 20:45:00
20.990949274341887,20.730051108031944,20.36890720412148,4518000.0,2022-06-22 21:00:00
20.964238027449596,20.720785960259526,20.370323717454244,4518900.0,2022-06-22 21:15:00
20.93591150397476,20.70781534660547,20.37049400636752,4519800.0,2022-06-22 21:30:00
20.907405829326365,20.69668437027904,20.36986389880048,4520700.0,2022-06-22 21:45:00
20.876452856273097,20.682760876893152,20.368178685860993,4521600.0,2022-06-22 22:00:00
20.842375567414223,20.66549715383239,20.365026428898236,4522500.0,2022-06-22 22:15:00
20.804172717790983,20.64825364088192,20.360884111095785,4523400.0,2022-06-22 22:30:00
20.760426524598618,20.621737079242553,20.354318406371743,4524300.0,2022-06-22 22:45:00
20.71569980244704,20.60413812086269,20.347244863343462,4525200.0,2022-06-22 23:00:00
20.661508074299466,20.573913272963384,20.338058543565015,4526100.0,2022-06-22 23:15:00
20.60126920474424,20.54444803965051,20.327312567351427,4527000.0,2022-06-22 23:30:00
20.53281804273518,20.51016298830792,20.314621617432167,4527900.0,2022-06-22 23:45:00
20.46564094238853,20.477496869591928,20.30077564328648,4528800.0,2022-06-23 00:00:00
20.412247459225053,20.436834184739958,20.28473853907015,4529700.0,2022-06-23 00:15:00
20.3588637482624,20.40195031975492,20.267603876443637,4530600.0,2022-06-23 00:30:00
20.30049904213804,20.36575206058904,20.24964577994088,4531500.0,2022-06-23 00:45:00
20.24468139164349,20.32563913750227,20.230307548020605,4532400.0,2022-06-23 01:00:00
20.1923441338099,20.29162829704604,20.210703747526228,4533300.0,2022-06-23 01:15:00
20.140601627268964,20.253810163051703,20.19049748610695,4534200.0,2022-06-23 01:30:00
20.09233700005325,20.214353476816736,20.16933824946472,4535100.0,2022-06-23 01:45:00
20.0473499172358,20.180696047731377,20.148158211618213,4536000.0,2022-06-23 02:00:00
20.006129899777445,20.14594692292022,20.12677494831709,4536900.0,2022-06-23 02:15:00
19.964763568301525,20.10920294738474,20.1049410789926,4537800.0,2022-06-23 02:30:00
19.929488020804104,20.07594525251372,20.083058881402888,4538700.0,2022-06-23 02:45:00
19.890658246092634,20.046277456764063,20.06169720133492,4539600.0,2022-06-23 03:00:00
19.855337407075655,20.01500871777025,20.040375330531447,4540500.0,2022-06-23 03:15:00
19.81378343595889,19.985578814757815,20.019339768095914,4541400.0,2022-06-23 03:30:00
19.773565523741233,19.956420754203855,19.99861661049156,4542300.0,2022-06-23 03:45:00
19.728520951079105,19.920666669537287,19.977030779720597,4543200.0,2022-06-23 04:00:00
19.682035870900375,19.880535090765022,19.953975277715887,4544100.0,2022-06-23 04:15:00
19.64608937064736,19.8519285878093,19.93130125248151,4545000.0,2022-06-23 04:30:00
19.609656243816755,19.831430538540705,19.91031200219166,4545900.0,2022-06-23 04:45:00
19.56946467901252,19.800649596096328,19.88927282154028,4546800.0,2022-06-23 05:00:00
19.53013705046905,19.76676783795661,19.867362388007376,4547700.0,2022-06-23 05:15:00
19.49340521658198,19.72334946499214,19.84353726372385,4548600.0,2022-06-23 05:30:00
19.464995773392328,19.7023500413068,19.821045300698188,4549500.0,2022-06-23 05:45:00
19.44306655991468,19.67823501121828,19.799442383838503,4550400.0,2022-06-23 06:00:00
19.42345148804576,19.650358384165568,19.778019214991883,4551300.0,2022-06-23 06:15:00
19.40733751548157,19.624879002962935,19.75678975639082,4552200.0,2022-06-23 06:30:00
19.390097579538867,19.598344009050003,19.735651692661634,4553100.0,2022-06-23 06:45:00
19.371708481307724,19.574336431008195,19.71494541647151,4554000.0,2022-06-23 07:00:00
19.349762023155385,19.547107161934992,19.694175840456364,4554900.0,2022-06-23 07:15:00
19.330759751223024,19.533204292838818,19.67504634253893,4555800.0,2022-06-23 07:30:00
19.31304684130636,19.522117279271775,19.657711122114197,4556700.0,2022-06-23 07:45:00
19.29313020798928,19.501823916144676,19.64062590641982,4557600.0,2022-06-23 08:00:00
19.27257567999977,19.483673218430837,19.623757205196284,4558500.0,2022-06-23 08:15:00
19.253782633152987,19.46264977046996,19.6066071013056,4559400.0,2022-06-23 08:30:00
19.237787563026277,19.441104368293136,19.5892523523089,4560300.0,2022-06-23 08:45:00
19.23113097139632,19.426110383486783,19.572432899844987,4561200.0,2022-06-23 09:00:00
19.23858125165904,19.41723787049155,19.5570080759788,4562100.0,2022-06-23 09:15:00
19.252846819293747,19.407494777013305,19.54259449794065,4563000.0,2022-06-23 09:30:00
19.259030293595696,19.40257087814529,19.529422679733536,4563900.0,2022-06-23 09:45:00
19.27076593249203,19.3991573780848,19.517587340437043,4564800.0,2022-06-23 10:00:00
19.301697096396303,19.400654809306246,19.50739803278863,4565700.0,2022-06-23 10:15:00
19.346399196888584,19.416356145977787,19.500408899122945,4566600.0,2022-06-23 10:30:00
19.39354842513568,19.4221590871423,19.49464442554921,4567500.0,2022-06-23 10:45:00
19.45567996722883,19.437460972556917,19.49083251584605,4568400.0,2022-06-23 11:00:00
19.516347712930056,19.462956595674868,19.490167618179314,4569300.0,2022-06-23 11:15:00
19.560852770230724,19.482010136558305,19.491298403139673,4570200.0,2022-06-23 11:30:00
19.608138141874743,19.503323244471648,19.493979688730754,4571100.0,2022-06-23 11:45:00
19.658827926194427,19.52930042875541,19.4985652936206,4572000.0,2022-06-23 12:00:00
19.71787401698324,19.56360629259025,19.505861579890773,4572900.0,2022-06-23 12:15:00
19.78652292968504,19.60456228206982,19.51639714487833,4573800.0,2022-06-23 12:30:00
19.860438230453973,19.626635213742112,19.52675079518495,4574700.0,2022-06-23 12:45:00
19.94580173511228,19.669634912270705,19.539491829026986,4575600.0,2022-06-23 13:00:00
20.026541644820067,19.713240139107693,19.5545882053412,4576500.0,2022-06-23 13:15:00
20.113200569060712,19.765959529004444,19.57305026979928,4577400.0,2022-06-23 13:30:00
20.208955812742857,19.815816435089555,19.59366344122231,4578300.0,2022-06-23 13:45:00
20.317497766285776,19.87038790984297,19.61644819077584,4579200.0,2022-06-23 14:00:00
20.460296335601218,19.935467902045485,19.642431579274813,4580100.0,2022-06-23 14:15:00
20.562818995636523,20.011262319649465,19.67290034464694,4581000.0,2022-06-23 14:30:00
20.667320578838353,20.081225453898288,19.70619015334942,4581900.0,2022-06-23 14:45:00
20.772889893148538,20.171130372896734,19.74538495873009,4582800.0,2022-06-23 15:00:00
20.86580551545911,20.221840839183976,19.782067795568192,4583700.0,2022-06-23 15:15:00
20.946621882005704,20.29174722551291,19.819740152627443,4584600.0,2022-06-23 15:30:00
21.016103184618384,20.355358661793147,19.857676321724096,4585500.0,2022-06-23 15:45:00
21.083162218642368,20.428242512169984,19.898094334610747,4586400.0,2022-06-23 16:00:00
21.14181163269328,20.47810241919465,19.936401650023864,4587300.0,2022-06-23 16:15:00
21.20376993490126,20.536016105644567,19.974365556611755,4588200.0,2022-06-23 16:30:00
21.250044485405393,20.579144371725192,20.00957727635872,4589100.0,2022-06-23 16:45:00
21.27746048581724,20.632245970144275,20.04518320026122,4590000.0,2022-06-23 17:00:00
21.306737301006432,20.66953715858512,20.078550268989304,4590900.0,2022-06-23 17:15:00
21.34098991379248,20.71140905657681,20.111046647743095,4591800.0,2022-06-23 17:30:00
21.38266500750592,20.743901277427437,20.14112439630611,4592700.0,2022-06-23 17:45:00
21.434861258538017,20.79635230644605,20.17346970111828,4593600.0,2022-06-23 18:00:00
21.451189985198848,20.82329730200732,20.20308615617236,4594500.0,2022-06-23 18:15:00
21.46716093199353,20.84526535259244,20.22912005974136,4595400.0,2022-06-23 18:30:00
21.490428832756677,20.879621223744724,20.255188046636867,4596300.0,2022-06-23 18:45:00
21.499951853053,20.905291157652687,20.280338320969737,4597200.0,2022-06-23 19:00:00
21.497912303860204,20.928623458884204,20.304567887278644,4598100.0,2022-06-23 19:15:00
21.477280372429533,20.9472772913126,20.327602933754196,4599000.0,2022-06-23 19:30:00
21.422788213190096,20.937615339800157,20.344274867574807,4599900.0,2022-06-23 19:45:00
21.361212484485137,20.93072343644541,20.35705492123211,4600800.0,2022-06-23 20:00:00
21.29818733618512,20.915108181700184,20.36570304412746,4601700.0,2022-06-23 20:15:00
21.2389940789728,20.893361938686283,20.370284651092728,4602600.0,2022-06-23 20:30:00
21.188019147056053,20.869842284131217,20.37153539892497,4603500.0,2022-06-23 20:45:00
21.13967608689445,20.851813471472475,20.3716713659448,4604400.0,2022-06-23 21:00:00
21.09599597616544,20.841183595655448,20.37270325095536,4605300.0,2022-06-23 21:15:00
21.04651550504729,20.808419604253817,20.3700412420698,4606200.0,2022-06-23 21:30:00
20.999392504269167,20.778809243712725,20.36467745850411,4607100.0,2022-06-23 21:45:00
20.9493305315148,20.75198938502641,20.357818663675495,4608000.0,2022-06-23 22:00:00
20.89831474092705,20.726201794011,20.35024861568865,4608900.0,2022-06-23 22:15:00
20.838513083384143,20.69177730584764,20.340412453795185,4609800.0,2022-06-23 22:30:00
20.774889658335997,20.65792630792092,20.3289710142992,4610700.0,2022-06-23 22:45:00
20.708874041347133,20.626011684703613,20.316816838095008,4611600.0,2022-06-23 23:00:00
20.637041093821324,20.57112116742925,20.299769836361246,4612500.0,2022-06-23 23:15:00
20.57305929924286,20.53312412421595,20.281648105228808,4613400.0,2022-06-23 23:30:00
20.510292055030483,20.49754097678522,20.263555818658663,4614300.0,2022-06-23 23:45:00
20.444041172414163,20.44981944488477,20.243470863904793,4615200.0,2022-06-24 00:00:00
20.37491092083883,20.400495903230475,20.221228286621688,4616100.0,2022-06-24 00:15:00
20.308351162067183,20.367496010811045,20.20014007674922,4617000.0,2022-06-24 00:30:00
20.238623580734593,20.32110467655336,20.178106225529053,4617900.0,2022-06-24 00:45:00
20.16873767863073,20.260845947751797,20.152409998778754,4618800.0,2022-06-24 01:00:00
20.1008384489276,20.21247574523172,20.12566575458056,4619700.0,2022-06-24 01:15:00
20.03736604342692,20.176972211888128,20.10044267770526,4620600.0,2022-06-24 01:30:00
19.95324521312018,20.121098183491828,20.073444842520697,4621500.0,2022-06-24 01:45:00
19.908199923431752,20.083566604397834,20.04724618830103,4622400.0,2022-06-24 02:00:00
19.862507658148825,20.03359219867397,20.019955553803914,4623300.0,2022-06-24 02:15:00
19.816779917899456,19.990474662069584,19.992439158164103,4624200.0,2022-06-24 02:30:00
19.772609766726234,19.9491567568742,19.965106906610583,4625100.0,2022-06-24 02:45:00
19.731692089230805,19.903183820852806,19.937151837885207,4626000.0,2022-06-24 03:00:00
19.694850375384593,19.87811181148535,19.911516197184238,4626900.0,2022-06-24 03:15:00
19.655272375950837,19.843531456295448,19.88670661809756,4627800.0,2022-06-24 03:30:00
19.6125519873076,19.807484460659015,19.861996401722468,4628700.0,2022-06-24 03:45:00
19.56956748357297,19.77039736490422,19.83700904829898,4629600.0,2022-06-24 04:00:00
19.52710219801784,19.735420087752207,19.812129523601996,4630500.0,2022-06-24 04:15:00
19.484157401131323,19.69888467737515,19.787114908779007,4631400.0,2022-06-24 04:30:00
19.443228551174023,19.667299542568376,19.762542383730008,4632300.0,2022-06-24 04:45:00
19.402347619105527,19.629348171905928,19.737580200955072,4633200.0,2022-06-24 05:00:00
19.365682136769877,19.604741781483167,19.71383682451562,4634100.0,2022-06-24 05:15:00
19.32591497573577,19.573977968732603,19.690564880345345,4635000.0,2022-06-24 05:30:00
19.285331621524687,19.53360231486196,19.66609310980219,4635900.0,2022-06-24 05:45:00
19.24869841164984,19.500119026526136,19.64142884793027,4636800.0,2022-06-24 06:00:00
19.214804340144,19.47316457390746,19.617657774603444,4637700.0,2022-06-24 06:15:00
19.176513666102647,19.4437258572866,19.594325058561044,4638600.0,2022-06-24 06:30:00
19.140054377636844,19.41079598130864,19.570762224272908,4639500.0,2022-06-24 06:45:00
19.11455130140472,19.383145255832204,19.547554972838856,4640400.0,2022-06-24 07:00:00
19.09372221791349,19.360993476431354,19.52538402939101,4641300.0,2022-06-24 07:15:00
19.071821220610435,19.322732476416817,19.502010608089883,4642200.0,2022-06-24 07:30:00
19.056693554168888,19.302120620232245,19.479650578414688,4643100.0,2022-06-24 07:45:00
19.040708887462124,19.28293429516164,19.45848522398235,4644000.0,2022-06-24 08:00:00
19.026518490508575,19.269051295871847,19.439103237521607,4644900.0,2022-06-24 08:15:00
19.013853450185056,19.248108874492186,19.42007998372024,4645800.0,2022-06-24 08:30:00
19.007876292146616,19.227346321403616,19.401225389918466,4646700.0,2022-06-24 08:45:00
19.006167980310824,19.20913695551013,19.382852472750653,4647600.0,2022-06-24 09:00:00
19.001923724543225,19.199329771043114,19.366059779536368,4648500.0,2022-06-24 09:15:00
19.00199689639368,19.1814162361712,19.349606497340044,4649400.0,2022-06-24 09:30:00
19.022762939368945,19.175843543096914,19.3346659615504,4650300.0,2022-06-24 09:45:00
19.059892245002665,19.178875655411783,19.322116848492605,4651200.0,2022-06-24 10:00:00
19.0911606658806,19.18277425980125,19.311665736091776,4652100.0,2022-06-24 10:15:00
19.106653502548152,19.1832749219984,19.302575010177364,4653000.0,2022-06-24 10:30:00
19.12182307325802,19.18868141784399,19.29500756031128,4653900.0,2022-06-24 10:45:00
19.162034544065676,19.208917348367773,19.29072366840996,4654800.0,2022-06-24 11:00:00
19.213108878924487,19.216442836156055,19.28748087146916,4655700.0,2022-06-24 11:15:00
19.244319394186903,19.228668013541395,19.28530632742341,4656600.0,2022-06-24 11:30:00
19.260054771715804,19.239101341187247,19.283904813242728,4657500.0,2022-06-24 11:45:00
19.279818416082517,19.2552016131434,19.283937897779474,4658400.0,2022-06-24 12:00:00
19.30138789835113,19.265429184468463,19.28446286846721,4659300.0,2022-06-24 12:15:00
19.332871038458386,19.2832213101956,19.28640520714403,4660200.0,2022-06-24 12:30:00
19.385901311929384,19.3020391023318,19.289484152776595,4661100.0,2022-06-24 12:45:00
19.449405775445506,19.325479591133533,19.29415269067147,4662000.0,2022-06-24 13:00:00
19.508573900154364,19.352461800776428,19.300648068392366,4662900.0,2022-06-24 13:15:00
19.56487755572299,19.37658652509846,19.308136553723056,4663800.0,2022-06-24 13:30:00
19.61389330351172,19.40668741069567,19.317243016059535,4664700.0,2022-06-24 13:45:00
19.66718333942371,19.43683108364805,19.327769689071648,4665600.0,2022-06-24 14:00:00
19.70842690364763,19.474680467352965,19.34071372563018,4666500.0,2022-06-24 14:15:00
19.734137838197277,19.49412930229404,19.352903260515117,4667400.0,2022-06-24 14:30:00
19.769842694670096,19.528357121912325,19.366472809727128,4668300.0,2022-06-24 14:45:00
19.81413006422457,19.55435841268952,19.38024826258212,4669200.0,2022-06-24 15:00:00
19.864462136498418,19.58743909123988,19.3951206074737,4670100.0,2022-06-24 15:15:00
19.909400464118534,19.61700659635892,19.410559696555303,4671000.0,2022-06-24 15:30:00
19.961110759627392,19.64570933026484,19.426085487049807,4671900.0,2022-06-24 15:45:00
20.054106456649613,19.684426396217727,19.44297795049232,4672800.0,2022-06-24 16:00:00
20.0871191286898,19.716045387052127,19.46019621215367,4673700.0,2022-06-24 16:15:00
20.092166325394484,19.747340739738203,19.477976220878364,4674600.0,2022-06-24 16:30:00
20.099271069827477,19.77061491719827,19.49500765815503,4675500.0,2022-06-24 16:45:00
20.10750362170884,19.796009524783592,19.51205385322229,4676400.0,2022-06-24 17:00:00
20.11052803263036,19.80956081711979,19.52724450381332,4677300.0,2022-06-24 17:15:00
20.111555205377194,19.817825100208985,19.53998721410344,4678200.0,2022-06-24 17:30:00
20.126487546527706,19.83684478811909,19.552715869385835,4679100.0,2022-06-24 17:45:00
20.13755262677807,19.846901464874072,19.56420025903989,4680000.0,2022-06-24 18:00:00
20.139927993496748,19.857600488119296,19.574866182496592,4680900.0,2022-06-24 18:15:00
20.14573908670297,19.87028082280016,19.58532933838495,4681800.0,2022-06-24 18:30:00
20.1518228280921,19.880271406542217,19.595347209665235,4682700.0,2022-06-24 18:45:00
20.14983612413412,19.887544679353446,19.60453679279325,4683600.0,2022-06-24 19:00:00
20.140072015961906,19.89113927566848,19.612505712806406,4684500.0,2022-06-24 19:15:00
20.12546869026216,19.89231587067303,19.619202787905564,4685400.0,2022-06-24 19:30:00
20.107115185447658,19.89618553852628,19.6255775908018,4686300.0,2022-06-24 19:45:00
20.081961283216632,19.885913802903108,19.629442434813495,4687200.0,2022-06-24 20:00:00
20.059465070322627,19.87968673335384,19.63190702074436,4688100.0,2022-06-24 20:15:00
20.035416224355547,19.87100372527524,19.63302767124124,4689000.0,2022-06-24 20:30:00
20.008230168417647,19.86289377138118,19.633318028292255,4689900.0,2022-06-24 20:45:00
19.977883146609457,19.84870641484508,19.63206968062001,4690800.0,2022-06-24 21:00:00
19.945204843810355,19.83376994794077,19.629340139999,4691700.0,2022-06-24 21:15:00
19.9102343239842,19.820253763785477,19.625884109668675,4692600.0,2022-06-24 21:30:00
19.872189758896816,19.80123906653801,19.62105324902293,4693500.0,2022-06-24 21:45:00
19.835982655329964,19.781046819523866,19.614825115793455,4694400.0,2022-06-24 22:00:00
19.795539823601143,19.764294897510435,19.608268535390085,4695300.0,2022-06-24 22:15:00
19.750447289822173,19.73570799409308,19.599540658307845,4696200.0,2022-06-24 22:30:00
19.70583581821736,19.71368913197858,19.589937120348207,4697100.0,2022-06-24 22:45:00
19.659449722123924,19.6855619219472,19.578873522443065,4698000.0,2022-06-24 23:00:00
19.613534872137134,19.657392282348667,19.566555029826795,4698900.0,2022-06-24 23:15:00
19.566832677241305,19.629274409060905,19.55342524480368,4699800.0,2022-06-24 23:30:00
19.519048967856985,19.60011669501997,19.53937276984102,4700700.0,2022-06-24 23:45:00
19.46566054744602,19.572718167853218,19.52488439188105,4701600.0,2022-06-25 00:00:00
19.418397740603297,19.53521721754684,19.50853024636832,4702500.0,2022-06-25 00:15:00
19.371915365238397,19.50413161661824,19.491368005166528,4703400.0,2022-06-25 00:30:00
19.322764985463422,19.46652501684128,19.472826134239593,4704300.0,2022-06-25 00:45:00
19.275278042827487,19.43460025407579,19.45394803277158,4705200.0,2022-06-25 01:00:00
19.231291461818465,19.404735348128035,19.435074527127085,4706100.0,2022-06-25 01:15:00
19.184224583210664,19.368441979736488,19.415353024067247,4707000.0,2022-06-25 01:30:00
19.137129484285836,19.334126071686004,19.395082190944947,4707900.0,2022-06-25 01:45:00
19.089186467877585,19.3005630742846,19.37437215565821,4708800.0,2022-06-25 02:00:00
19.021801386384855,19.265147034640293,19.353214765900464,4709700.0,2022-06-25 02:15:00
18.97607719551366,19.221369582426178,19.33034546449677,4710600.0,2022-06-25 02:30:00
18.928098383331232,19.183492605600087,19.306835948135543,4711500.0,2022-06-25 02:45:00
18.86735494970761,19.144678651142385,19.282887254287708,4712400.0,2022-06-25 03:00:00
18.81066936212236,19.106958085652103,19.258585574426867,4713300.0,2022-06-25 03:15:00
18.753309427001344,19.06979410508555,19.23412219834422,4714200.0,2022-06-25 03:30:00
18.69115639784009,19.026551029051944,19.208717204313945,4715100.0,2022-06-25 03:45:00
18.62701053598684,18.980585008715895,19.18204096984945,4716000.0,2022-06-25 04:00:00
18.56317362893281,18.935290584592305,19.154427110902517,4716900.0,2022-06-25 04:15:00
18.49733791230289,18.888711152893283,19.12593142156674,4717800.0,2022-06-25 04:30:00
18.43518833298597,18.843042274899503,19.096944090272896,4718700.0,2022-06-25 04:45:00
18.372772125518576,18.799639977239828,19.06773209886965,4719600.0,2022-06-25 05:00:00
18.31154963430124,18.754555229697942,19.038048841070587,4720500.0,2022-06-25 05:15:00
18.249614449401815,18.70516897044637,19.007563078032938,4721400.0,2022-06-25 05:30:00
18.19076339133921,18.664587473640783,18.97707594411345,4722300.0,2022-06-25 05:45:00
18.138896376188622,18.61896202142743,18.946288495223875,4723200.0,2022-06-25 06:00:00
18.085381816378874,18.57024790686764,18.914795544792216,4724100.0,2022-06-25 06:15:00
18.038001893953805,18.5291146213714,18.883457069272943,4725000.0,2022-06-25 06:30:00
17.97972276961238,18.482876492055663,18.851855162164718,4725900.0,2022-06-25 06:45:00
17.939549456528404,18.445078329702227,18.820651646633262,4726800.0,2022-06-25 07:00:00
17.904437970890715,18.402301753042444,18.789546999864164,4727700.0,2022-06-25 07:15:00
17.86547518622278,18.366620219308672,18.759005294609317,4728600.0,2022-06-25 07:30:00
17.842787975127194,18.330060308649884,18.72914112118339,4729500.0,2022-06-25 07:45:00
17.827895001628132,18.302142146051448,18.70052370452349,4730400.0,2022-06-25 08:00:00
17.814254059262343,18.273738517129143,18.673015294842607,4731300.0,2022-06-25 08:15:00
17.800210821962164,18.251187278430695,18.646904320761596,4732200.0,2022-06-25 08:30:00
17.784776903042292,18.22875598309406,18.62207644205732,4733100.0,2022-06-25 08:45:00
17.7764356198645,18.207894300211034,18.598322364050727,4734000.0,2022-06-25 09:00:00
17.784001908874224,18.192264689051687,18.575871869314792,4734900.0,2022-06-25 09:15:00
17.796028946690647,18.18017964412284,18.555064020335085,4735800.0,2022-06-25 09:30:00
17.812521802327893,18.169408125113794,18.53569247521743,4736700.0,2022-06-25 09:45:00
17.829195500188266,18.163321197042727,18.518065164566984,4737600.0,2022-06-25 10:00:00
17.847916239512244,18.15683222287426,18.5018767735282,4738500.0,2022-06-25 10:15:00
17.869827842785156,18.156890893792323,18.48749088032996,4739400.0,2022-06-25 10:30:00
17.894864783170625,18.157654813226856,18.47482175374348,4740300.0,2022-06-25 10:45:00
17.929286912151028,18.165901555568592,18.4642306244193,4741200.0,2022-06-25 11:00:00
17.98381765626887,18.180768902725507,18.456194784272437,4742100.0,2022-06-25 11:15:00
18.051917345798824,18.193432876481456,18.45016508540977,4743000.0,2022-06-25 11:30:00
18.119453280763285,18.21994898453,18.44720184733547,4743900.0,2022-06-25 11:45:00
18.176532618717207,18.24382970251604,18.446677110171983,4744800.0,2022-06-25 12:00:00
18.2464799452256,18.273166815416744,18.448628908988127,4745700.0,2022-06-25 12:15:00
18.32993555916416,18.30531042643151,18.4529672876964,4746600.0,2022-06-25 12:30:00
18.411627979331335,18.347849371794055,18.460662624318548,4747500.0,2022-06-25 12:45:00
18.48041504274945,18.387383370301944,18.470806365859033,4748400.0,2022-06-25 13:00:00
18.55223771150944,18.427097058183225,18.482860281941026,4749300.0,2022-06-25 13:15:00
18.630195087214847,18.47129211602698,18.497068076417165,4750200.0,2022-06-25 13:30:00
18.7133243376671,18.516342453800807,18.51319949005848,4751100.0,2022-06-25 13:45:00
18.811421543456827,18.57044205107433,18.532131283791127,4752000.0,2022-06-25 14:00:00
18.911516023539544,18.626687358747237,18.55376231939883,4752900.0,2022-06-25 14:15:00
18.996557588885292,18.68184025735359,18.577440264624563,4753800.0,2022-06-25 14:30:00
19.06524006500608,18.736189941488195,18.60276145455465,4754700.0,2022-06-25 14:45:00
19.144886916649927,18.793065750452048,18.629710107261428,4755600.0,2022-06-25 15:00:00
19.242829696737623,18.854114777507903,18.65871084272256,4756500.0,2022-06-25 15:15:00
19.32889664406664,18.905972451622358,18.687893680728234,4757400.0,2022-06-25 15:30:00
19.39506056956344,18.96019461424731,18.717683224255428,4758300.0,2022-06-25 15:45:00
19.44846785552048,19.01660707521708,18.748639664096608,4759200.0,2022-06-25 16:00:00
19.50821672669517,19.07455154377386,18.781050084160515,4760100.0,2022-06-25 16:15:00
19.569248509548057,19.11783374206408,18.81224987793228,4761000.0,2022-06-25 16:30:00
19.61499763972725,19.15988608140158,18.84207161286269,4761900.0,2022-06-25 16:45:00
19.63268622284841,19.202257395468795,18.871526893790502,4762800.0,2022-06-25 17:00:00
19.64004572695712,19.234602413709855,18.899476392081223,4763700.0,2022-06-25 17:15:00
19.648903468051515,19.264236845044397,18.92587768809673,4764600.0,2022-06-25 17:30:00
19.649396786585207,19.2853743019691,18.949866130960995,4765500.0,2022-06-25 17:45:00
19.64619111302834,19.307444864393737,18.972257767433984,4766400.0,2022-06-25 18:00:00
19.65430688534959,19.32274288033929,18.99241943498321,4767300.0,2022-06-25 18:15:00
19.668935579547195,19.33889343180869,19.011036422425853,4768200.0,2022-06-25 18:30:00
19.667903476039307,19.348704999100413,19.02747912147307,4769100.0,2022-06-25 18:45:00
19.649427488915062,19.35796185832539,19.04245575981553,4770000.0,2022-06-25 19:00:00
19.623757859050613,19.361044759600656,19.05533324805172,4770900.0,2022-06-25 19:15:00
19.595559735291417,19.359274393322814,19.065876312930605,4771800.0,2022-06-25 19:30:00
19.564726457313597,19.355634566024907,19.074478757882815,4772700.0,2022-06-25 19:45:00
19.52990583772011,19.34895790062064,19.081298842840752,4773600.0,2022-06-25 20:00:00
19.492248963929303,19.336301094848046,19.08577218088872,4774500.0,2022-06-25 20:15:00
19.454527332853047,19.325375280294782,19.08872428500465,4775400.0,2022-06-25 20:30:00
19.414242706031185,19.306705183714296,19.089245170900277,4776300.0,2022-06-25 20:45:00
19.371211418544785,19.288478847814588,19.087962025073583,4777200.0,2022-06-25 21:00:00
19.32235269015884,19.267595123168025,19.08489995244135,4778100.0,2022-06-25 21:15:00
19.27170271757153,19.242169025763555,19.079682042818987,4779000.0,2022-06-25 21:30:00
19.21851320444033,19.21527875643497,19.07259866757517,4779900.0,2022-06-25 21:45:00
19.164110073108315,19.1863752384922,19.063883253260865,4780800.0,2022-06-25 22:00:00
19.104955378782357,19.15454466681368,19.05331526265616,4781700.0,2022-06-25 22:15:00
19.041971419772135,19.120474631147808,19.040974226427,4782600.0,2022-06-25 22:30:00
18.979701489178424,19.085404862949684,19.027191925459928,4783500.0,2022-06-25 22:45:00
18.916767749359536,19.046361130319355,19.01151633832392,4784400.0,2022-06-25 23:00:00
18.851305621497783,19.005849424879948,18.994096832784575,4785300.0,2022-06-25 23:15:00
18.784154287735632,18.965176451354175,18.975311530688874,4786200.0,2022-06-25 23:30:00
18.71168379809895,18.919749923285146,18.954786619765123,4787100.0,2022-06-25 23:45:00
18.63790227837053,18.875336962289648,18.93297733164334,4788000.0,2022-06-26 00:00:00
18.562710584035106,18.828810208047543,18.90987944696129,4788900.0,2022-06-26 00:15:00
18.482793652199927,18.77957023936761,18.885258284152588,4789800.0,2022-06-26 00:30:00
18.400999965596736,18.725218131810937,18.858731345778335,4790700.0,2022-06-26 00:45:00
18.315037650283944,18.673809575439908,18.830954234255305,4791600.0,2022-06-26 01:00:00
18.226449752726747,18.619911079666284,18.801879175651997,4792500.0,2022-06-26 01:15:00
18.13769891755783,18.560547421802397,18.771075271842985,4793400.0,2022-06-26 01:30:00
18.057769835023564,18.50392682066184,18.739106067887704,4794300.0,2022-06-26 01:45:00
17.972869442303114,18.4430364060387,18.705653677456144,4795200.0,2022-06-26 02:00:00
17.89030052004085,18.384115537647997,18.671211955252907,4796100.0,2022-06-26 02:15:00
17.80956923951523,18.3258145852807,18.635896669998303,4797000.0,2022-06-26 02:30:00
17.728554669018685,18.26583486471255,18.59977406025109,4797900.0,2022-06-26 02:45:00
17.65281168432136,18.205597500995648,18.562786819567613,4798800.0,2022-06-26 03:00:00
17.576994164534632,18.147722388851022,18.525419704750753,4799700.0,2022-06-26 03:15:00
17.504434055596874,18.089714923763943,18.48769353312975,4800600.0,2022-06-26 03:30:00
17.433861725844604,18.03215941410281,18.449645387310248,4801500.0,2022-06-26 03:45:00
17.364675951307657,17.97674763570728,18.41146680051164,4802400.0,2022-06-26 04:00:00
17.29535143777413,17.921165711654954,18.373298946424654,4803300.0,2022-06-26 04:15:00
17.22366959317639,17.866601683122852,18.33499799023924,4804200.0,2022-06-26 04:30:00
17.159151895781662,17.81016750195217,18.296494646383454,4805100.0,2022-06-26 04:45:00
17.105278176733343,17.757028386142622,18.25810534730619,4806000.0,2022-06-26 05:00:00
17.04342087863065,17.70575855572246,18.219901842103848,4806900.0,2022-06-26 05:15:00
16.987609823031686,17.6568774759711,18.182025278380472,4807800.0,2022-06-26 05:30:00
16.930132453757995,17.608036174415453,18.144452362847964,4808700.0,2022-06-26 05:45:00
16.86995988673997,17.559089998435855,18.10719438116083,4809600.0,2022-06-26 06:00:00
16.80704378025263,17.509997249987325,18.06990472269896,4810500.0,2022-06-26 06:15:00
16.75360543327172,17.461487474315216,18.032614896001466,4811400.0,2022-06-26 06:30:00
16.704099397805813,17.413522643527983,17.995464938871795,4812300.0,2022-06-26 06:45:00
16.663243020190915,17.36904920386913,17.95868989626076,4813200.0,2022-06-26 07:00:00
16.626487574296647,17.327132685061834,17.92261303466347,4814100.0,2022-06-26 07:15:00
16.596435498326706,17.288478825950754,17.88730403095353,4815000.0,2022-06-26 07:30:00
16.563105637785725,17.250566809996343,17.852923771654286,4815900.0,2022-06-26 07:45:00
16.535298076769575,17.215411776021803,17.819412529249448,4816800.0,2022-06-26 08:00:00
16.51494975765577,17.18300342077566,17.786916255001813,4817700.0,2022-06-26 08:15:00
16.50725413338279,17.153019594230642,17.755544471087436,4818600.0,2022-06-26 08:30:00
16.50549432636639,17.129034938413508,17.725788290344866,4819500.0,2022-06-26 08:45:00
16.522149067492606,17.111712597440846,17.69789685069313,4820400.0,2022-06-26 09:00:00
16.55862788100325,17.10140677776353,17.672419974553822,4821300.0,2022-06-26 09:15:00
16.59727732416829,17.096010665571725,17.649555644406664,4822200.0,2022-06-26 09:30:00
16.641787365988648,17.095645527241352,17.629504632282462,4823100.0,2022-06-26 09:45:00
16.680580047153843,17.10192973878145,17.612324030990262,4824000.0,2022-06-26 10:00:00
16.718606631554163,17.108993432929243,17.59789368112048,4824900.0,2022-06-26 10:15:00
16.772287781003016,17.12183265398759,17.58598983504125,4825800.0,2022-06-26 10:30:00
16.830496605803308,17.139157136435223,17.576754572391472,4826700.0,2022-06-26 10:45:00
16.872684961233613,17.155291136352073,17.56972825753242,4827600.0,2022-06-26 11:00:00
16.912286483000862,17.174723711981667,17.564858881235125,4828500.0,2022-06-26 11:15:00
16.957203654873908,17.197203521742864,17.56205079943275,4829400.0,2022-06-26 11:30:00
17.030955668659868,17.22205659157477,17.561162849347657,4830300.0,2022-06-26 11:45:00
17.13219833583846,17.257700894547852,17.562964638479656,4831200.0,2022-06-26 12:00:00
17.25039506192446,17.298713070653623,17.568009707837792,4832100.0,2022-06-26 12:15:00
17.36583552037949,17.345866963025703,17.576654791561165,4833000.0,2022-06-26 12:30:00
17.470707856079894,17.403410955111276,17.589483840877612,4833900.0,2022-06-26 12:45:00
17.56097711441401,17.45637814446397,17.605590258254807,4834800.0,2022-06-26 13:00:00
17.637982410183028,17.50989330102656,17.62420282343843,4835700.0,2022-06-26 13:15:00
17.717972594181763,17.564967844346175,17.64507041163674,4836600.0,2022-06-26 13:30:00
17.82759282908156,17.626140261703274,17.668556689200194,4837500.0,2022-06-26 13:45:00
17.969671848660774,17.694604586421733,17.695115199035673,4838400.0,2022-06-26 14:00:00
18.12339714429145,17.769462344425737,17.72502801695461,4839300.0,2022-06-26 14:15:00
18.263647951192716,17.85016458080654,17.75859375751568,4840200.0,2022-06-26 14:30:00
18.394783668571883,17.938299517701523,17.79644422239356,4841100.0,2022-06-26 14:45:00
18.532599119060865,18.02725360608856,17.837867977976217,4842000.0,2022-06-26 15:00:00
18.67476785701176,18.116170111029,17.882083289766776,4842900.0,2022-06-26 15:15:00
18.80629277670388,18.203226211468078,17.92819880292116,4843800.0,2022-06-26 15:30:00
18.89896276798444,18.291837764482047,17.976377337104225,4844700.0,2022-06-26 15:45:00
18.958876064582384,18.369612751595938,18.024889914427614,4845600.0,2022-06-26 16:00:00
19.009926459639736,18.437240896966124,18.072173632832637,4846500.0,2022-06-26 16:15:00
19.05525788254284,18.50041656525265,18.118114179426883,4847400.0,2022-06-26 16:30:00
19.095806975648426,18.556608642995403,18.162181437913983,4848300.0,2022-06-26 16:45:00
19.13324811182316,18.608271387745276,18.204276344016517,4849200.0,2022-06-26 17:00:00
19.174336364716503,18.65527867053491,18.244241369282733,4850100.0,2022-06-26 17:15:00
19.207293086238217,18.6974650415865,18.28186727132793,4851000.0,2022-06-26 17:30:00
19.22239011372668,18.73611805828765,18.317546829942263,4851900.0,2022-06-26 17:45:00
19.22840388237401,18.76648696213596,18.350444253287325,4852800.0,2022-06-26 18:00:00
19.230715758703973,18.794075110631827,18.38102706357028,4853700.0,2022-06-26 18:15:00
19.230048028966003,18.819261969781003,18.409778863878277,4854600.0,2022-06-26 18:30:00
19.22462091980068,18.837569206964726,18.4361283052072,4855500.0,2022-06-26 18:45:00
19.21236611131728,18.849941612557767,18.459512890281022,4856400.0,2022-06-26 19:00:00
19.19065951551756,18.856978987488244,18.479791336586715,4857300.0,2022-06-26 19:15:00
19.1571555349834,18.860719730865675,18.497511088365407,4858200.0,2022-06-26 19:30:00
19.115992093618807,18.857590857336028,18.51233318002823,4859100.0,2022-06-26 19:45:00
19.070398766328157,18.848316221555542,18.523929904841616,4860000.0,2022-06-26 20:00:00
19.020718091329627,18.83401880513336,18.532149270790864,4860900.0,2022-06-26 20:15:00
18.968926023696387,18.82045703736607,18.538208189940153,4861800.0,2022-06-26 20:30:00
18.918430355246528,18.8010455923164,18.541617500846623,4862700.0,2022-06-26 20:45:00
18.869616158519403,18.778359757377693,18.54237421934476,4863600.0,2022-06-26 21:00:00
18.821538578397213,18.752881715327472,18.540583500902347,4864500.0,2022-06-26 21:15:00
18.774635241851847,18.727131311442147,18.53677476833891,4865400.0,2022-06-26 21:30:00
18.728474917213497,18.70423207557131,18.53179349496504,4866300.0,2022-06-26 21:45:00
18.68234185375038,18.6738222034102,18.524673291736693,4867200.0,2022-06-26 22:00:00
18.64064116091429,18.64898859395432,18.51658589843156,4868100.0,2022-06-26 22:15:00
18.599433374904528,18.619241150014144,18.50712723044185,4869000.0,2022-06-26 22:30:00
18.56212091181792,18.593432358160435,18.496893804244888,4869900.0,2022-06-26 22:45:00
18.52751533630156,18.568764665248857,18.486324607305622,4870800.0,2022-06-26 23:00:00
18.49139212209172,18.544847475780436,18.475527279058436,4871700.0,2022-06-26 23:15:00
18.447235666187353,18.51604763945604,18.463794052018745,4872600.0,2022-06-26 23:30:00
18.397433274988217,18.488858520152046,18.451409582336897,4873500.0,2022-06-26 23:45:00
18.337209215113088,18.454876510402027,18.43748593153181,4874400.0,2022-06-27 00:00:00
18.2725686396045,18.419853730174687,18.422167754872827,4875300.0,2022-06-27 00:15:00
18.204330599530014,18.380416830420447,18.405128858049117,4876200.0,2022-06-27 00:30:00
18.135260694766306,18.33994533300961,18.386523537674275,4877100.0,2022-06-27 00:45:00
18.062490942667743,18.29781404667363,18.366447487537833,4878000.0,2022-06-27 01:00:00
17.990100695023738,18.25326445813557,18.344915833473763,4878900.0,2022-06-27 01:15:00
17.9212059897721,18.207681827376227,18.32203895503848,4879800.0,2022-06-27 01:30:00
17.848271643666546,18.15783445242076,18.29740509523306,4880700.0,2022-06-27 01:45:00
17.775318228129912,18.110914778401277,18.271735388517897,4881600.0,2022-06-27 02:00:00
17.696961060064822,18.05971648793212,18.244679512327966,4882500.0,2022-06-27 02:15:00
17.618654857276464,18.00805341070886,18.21632466299849,4883400.0,2022-06-27 02:30:00
17.539893420417386,17.953865384718913,18.186746221415543,4884300.0,2022-06-27 02:45:00
17.465868491667518,17.900598150599816,18.156105734736055,4885200.0,2022-06-27 03:00:00
17.387656804439224,17.847045417877133,18.12450017159893,4886100.0,2022-06-27 03:15:00
17.311950421530376,17.78956057438524,18.091711045032184,4887000.0,2022-06-27 03:30:00
17.238868202824694,17.73418332497025,18.05814372457372,4887900.0,2022-06-27 03:45:00
17.16819008706348,17.682076402612605,18.024198181445616,4888800.0,2022-06-27 04:00:00
17.105855144954248,17.629242060450544,17.9899041977866,4889700.0,2022-06-27 04:15:00
17.039577463916004,17.576023392330686,17.955244407676552,4890600.0,2022-06-27 04:30:00
16.97235851095645,17.523006442657902,17.92033828984609,4891500.0,2022-06-27 04:45:00
16.899116411169473,17.47031315262513,17.885125941804116,4892400.0,2022-06-27 05:00:00
16.82346944164599,17.415782746966897,17.849446303740166,4893300.0,2022-06-27 05:15:00
16.7513569543328,17.36148109697451,17.81327656540999,4894200.0,2022-06-27 05:30:00
16.682607956650674,17.306054501469497,17.776542145322146,4895100.0,2022-06-27 05:45:00
16.621859518392807,17.2545546199808,17.7395746480451,4896000.0,2022-06-27 06:00:00
16.55742410953133,17.201598242543255,17.702484891896926,4896900.0,2022-06-27 06:15:00
16.500406753561204,17.151244728587415,17.665465097576117,4897800.0,2022-06-27 06:30:00
16.44965101134728,17.101412806490256,17.62856310529904,4898700.0,2022-06-27 06:45:00
16.40067276784889,17.05471573315438,17.591949139836668,4899600.0,2022-06-27 07:00:00
16.364127217835716,17.010529693717853,17.55578815441796,4900500.0,2022-06-27 07:15:00
16.32921472184582,16.968399964999513,17.52046421867689,4901400.0,2022-06-27 07:30:00
16.303167245625446,16.931929312281163,17.486222582759858,4902300.0,2022-06-27 07:45:00
16.28698438615419,16.89771419361629,17.453278774059317,4903200.0,2022-06-27 08:00:00
16.28609236640875,16.86948631906553,17.421764168687037,4904100.0,2022-06-27 08:15:00
16.284371372403616,16.84472569965655,17.39209275716141,4905000.0,2022-06-27 08:30:00
16.29392408267747,16.826038402502913,17.364518714509366,4905900.0,2022-06-27 08:45:00
16.315535141932735,16.81173225656372,17.339203182378917,4906800.0,2022-06-27 09:00:00
16.34670337047327,16.80531679776623,17.31645879568718,4907700.0,2022-06-27 09:15:00
16.385523869837435,16.803826840006195,17.296408909407646,4908600.0,2022-06-27 09:30:00
16.433288935406832,16.808632166997825,17.279352705284776,4909500.0,2022-06-27 09:45:00
16.488061558920776,16.81905955311218,17.26547631240291,4910400.0,2022-06-27 10:00:00
16.546821057837978,16.833268087770634,17.254586779861686,4911300.0,2022-06-27 10:15:00
16.608015681839614,16.852012422407856,17.246794933524576,4912200.0,2022-06-27 10:30:00
16.67194978879693,16.87728506865373,17.242081300257823,4913100.0,2022-06-27 10:45:00
16.737734130756664,16.90569258134707,17.240407472983794,4914000.0,2022-06-27 11:00:00
16.82516810599499,16.939984809619745,17.24172224356658,4914900.0,2022-06-27 11:15:00
16.93477161977256,16.983527600576483,17.246663132792563,4915800.0,2022-06-27 11:30:00
17.05445863976286,17.03334719850799,17.255546032218618,4916700.0,2022-06-27 11:45:00
17.17489896077788,17.08761633838966,17.26832649199313,4917600.0,2022-06-27 12:00:00
17.272043389714856,17.148129043007334,17.28521632991405,4918500.0,2022-06-27 12:15:00
17.36377183424402,17.207603198103893,17.305434583753648,4919400.0,2022-06-27 12:30:00
17.465418035292718,17.270779363080127,17.328643688387515,4920300.0,2022-06-27 12:45:00
17.577162194980623,17.336896018082538,17.35484520856443,4921200.0,2022-06-27 13:00:00
17.698461334307133,17.40685949845691,17.38385293631591,4922100.0,2022-06-27 13:15:00
17.81832766116689,17.478132749874128,17.41550281241273,4923000.0,2022-06-27 13:30:00
17.91877897130663,17.552656790541203,17.44995291305322,4923900.0,2022-06-27 13:45:00
18.016959513622755,17.626477705136747,17.486674479819385,4924800.0,2022-06-27 14:00:00
18.118676989823957,17.6974586772926,17.52479124537243,4925700.0,2022-06-27 14:15:00
18.21065820227822,17.769830547819403,17.564313488817533,4926600.0,2022-06-27 14:30:00
18.29306924927235,17.840596295610197,17.604972381412214,4927500.0,2022-06-27 14:45:00
18.385719014534644,17.912522199441664,17.646783996562743,4928400.0,2022-06-27 15:00:00
18.480885729181168,17.97852116114402,17.68866032878449,4929300.0,2022-06-27 15:15:00
18.56902521471736,18.049155768072204,17.731245301771864,4930200.0,2022-06-27 15:30:00
18.636732474705976,18.11636827020404,17.774308042959202,4931100.0,2022-06-27 15:45:00
18.690532461864297,18.178045554838903,17.817110397352856,4932000.0,2022-06-27 16:00:00
18.73451279062021,18.23083355109648,17.858240759835994,4932900.0,2022-06-27 16:15:00
18.766770665033135,18.279690284107968,17.897634776271644,4933800.0,2022-06-27 16:30:00
18.78196012462393,18.32199071758356,17.934993062592334,4934700.0,2022-06-27 16:45:00
18.787894067364967,18.358011629483343,17.969999424078576,4935600.0,2022-06-27 17:00:00
18.78371586743641,18.38620682366744,18.00215605423738,4936500.0,2022-06-27 17:15:00
18.77657305141464,18.407092809561533,18.031088226369125,4937400.0,2022-06-27 17:30:00
18.770437985340727,18.425973684192808,18.057323847176068,4938300.0,2022-06-27 17:45:00
18.767330590849816,18.44130705136081,18.08102963968283,4939200.0,2022-06-27 18:00:00
18.75939805439134,18.451584384744475,18.102094731827208,4940100.0,2022-06-27 18:15:00
18.74061058194248,18.457964933119,18.120497179455295,4941000.0,2022-06-27 18:30:00
18.718638837512422,18.461875913533785,18.13651692845455,4941900.0,2022-06-27 18:45:00
18.69414142339505,18.46133635274477,18.15015827147767,4942800.0,2022-06-27 19:00:00
18.666265702394256,18.45534012489479,18.161051780261285,4943700.0,2022-06-27 19:15:00
18.63342216796617,18.44850324533267,18.169583029725278,4944600.0,2022-06-27 19:30:00
18.592449349551018,18.43610264659049,18.17556244680349,4945500.0,2022-06-27 19:45:00
18.549043039038224,18.42371792603632,18.179807090028707,4946400.0,2022-06-27 20:00:00
18.502375235572785,18.404170897645233,18.181599214075433,4947300.0,2022-06-27 20:15:00
18.451102933803103,18.384944531224868,18.181404282202525,4948200.0,2022-06-27 20:30:00
18.39738805798279,18.35883269596672,18.178586019611046,4949100.0,2022-06-27 20:45:00
18.344906273082607,18.33193825045839,18.173554866486587,4950000.0,2022-06-27 21:00:00
18.28969994860877,18.303457534130345,18.166620473201576,4950900.0,2022-06-27 21:15:00
18.23498747549869,18.272784272321232,18.157866877589672,4951800.0,2022-06-27 21:30:00
18.179031330057608,18.23898017801953,18.14715990487109,4952700.0,2022-06-27 21:45:00
18.1240347597624,18.204321339063583,18.13457908858276,4953600.0,2022-06-27 22:00:00
18.068655798516744,18.171167112723627,18.120899896350306,4954500.0,2022-06-27 22:15:00
18.01866075160465,18.135245596761973,18.105883052818704,4955400.0,2022-06-27 22:30:00
17.971038516790703,18.09997354694158,18.089868045777585,4956300.0,2022-06-27 22:45:00
17.92420658134852,18.068030150508825,18.073418500361928,4957200.0,2022-06-27 23:00:00
17.877512623399145,18.033574890419317,18.056268277029496,4958100.0,2022-06-27 23:15:00
17.82891877484545,17.997141707468334,18.038084989486705,4959000.0,2022-06-27 23:30:00
17.780755952986492,17.96229560815916,18.01936763227693,4959900.0,2022-06-27 23:45:00
17.727482196587616,17.928226965070742,18.0003233354217,4960800.0,2022-06-28 00:00:00
17.676291321834082,17.893061658600544,17.980697197241746,4961700.0,2022-06-28 00:15:00
17.62745743604731,17.855874610796224,17.960326106080167,4962600.0,2022-06-28 00:30:00
17.582597235737083,17.819773178509664,17.939519081864685,4963500.0,2022-06-28 00:45:00
17.536714903754774,17.78649753071968,17.918655267441245,4964400.0,2022-06-28 01:00:00
17.48992601843915,17.750079501781897,17.89717966803826,4965300.0,2022-06-28 01:15:00
17.44415085960715,17.71331052162993,17.875147476913547,4966200.0,2022-06-28 01:30:00
17.40156166607264,17.678987014344617,17.85295485951345,4967100.0,2022-06-28 01:45:00
17.358150020924963,17.645057080412258,17.83065816507967,4968000.0,2022-06-28 02:00:00
17.31014338453213,17.610068093028286,17.808146471558707,4968900.0,2022-06-28 02:15:00
17.259993928900762,17.573649133058268,17.785196983806365,4969800.0,2022-06-28 02:30:00
17.21004991862163,17.538121060207903,17.761957631781915,4970700.0,2022-06-28 02:45:00
17.156239481876824,17.5008641065435,17.73822128428396,4971600.0,2022-06-28 03:00:00
17.10352051280879,17.460644657576847,17.71361280149098,4972500.0,2022-06-28 03:15:00
17.049350553483556,17.420279743200485,17.68824884732487,4973400.0,2022-06-28 03:30:00
16.99551731270624,17.38164033233292,17.66260083241206,4974300.0,2022-06-28 03:45:00
16.93636729339692,17.338711474556582,17.636118357513052,4975200.0,2022-06-28 04:00:00
16.876852751371004,17.29755298162597,17.609101209602844,4976100.0,2022-06-28 04:15:00
16.812962713316576,17.25267718422757,17.581261779096927,4977000.0,2022-06-28 04:30:00
16.737950122462887,17.20764205246287,17.552744808332697,4977900.0,2022-06-28 04:45:00
16.658778210447277,17.157325779983726,17.522994637039528,4978800.0,2022-06-28 05:00:00
16.578620560392924,17.10520917444161,17.49182753453047,4979700.0,2022-06-28 05:15:00
16.528330481179804,17.054983583257716,17.459774199997604,4980600.0,2022-06-28 05:30:00
16.46501621166413,17.006669234395083,17.427280852766508,4981500.0,2022-06-28 05:45:00
16.394541647448744,16.95608651787081,17.394153606899668,4982400.0,2022-06-28 06:00:00
16.331041786339796,16.90656146317984,17.360528075259293,4983300.0,2022-06-28 06:15:00
16.26499136921948,16.856125316821487,17.326461724798065,4984200.0,2022-06-28 06:30:00
16.207111341998107,16.807673629978737,17.29212642365495,4985100.0,2022-06-28 06:45:00
16.154635271048388,16.75926722806832,17.257572050103725,4986000.0,2022-06-28 07:00:00
16.10918938476381,16.714325962411298,17.223246608539394,4986900.0,2022-06-28 07:15:00
16.07110513080287,16.671343612286602,17.18929414038002,4987800.0,2022-06-28 07:30:00
16.037049185898987,16.630313365834358,17.156004184514675,4988700.0,2022-06-28 07:45:00
16.001015683494337,16.59211204624783,17.123357744675115,4989600.0,2022-06-28 08:00:00
15.965772062963056,16.555186305179387,17.09151312027063,4990500.0,2022-06-28 08:15:00
15.973410279677672,16.52582397078365,17.06103800533756,4991400.0,2022-06-28 08:30:00
15.984097474297592,16.504834067144078,17.03260668510541,4992300.0,2022-06-28 08:45:00
16.009050479398173,16.488570295444983,17.006613392233902,4993200.0,2022-06-28 09:00:00
16.046366801288205,16.481045802845163,16.983467125159557,4994100.0,2022-06-28 09:15:00
16.094090795434568,16.48305493144057,16.963771234172896,4995000.0,2022-06-28 09:30:00
16.147333740059686,16.48873944064983,16.94745544835518,4995900.0,2022-06-28 09:45:00
16.197198466421472,16.499709111271198,16.934462736231428,4996800.0,2022-06-28 10:00:00
16.228790276788168,16.513280143385792,16.924361690355752,4997700.0,2022-06-28 10:15:00
16.2473799573306,16.523963834477623,16.916363311310572,4998600.0,2022-06-28 10:30:00
16.25445519551491,16.531482896207383,16.909612542066636,4999500.0,2022-06-28 10:45:00
16.260746649284968,16.536957145152467,16.903589603657956,5000400.0,2022-06-28 11:00:00
16.27821853706874,16.541909471508937,16.897995245300855,5001300.0,2022-06-28 11:15:00
16.306025732667845,16.548365893958564,16.89294654906978,5002200.0,2022-06-28 11:30:00
16.335036073652006,16.55881779715113,16.888862172300946,5003100.0,2022-06-28 11:45:00
16.378620496672717,16.574207718215202,16.886231273374086,5004000.0,2022-06-28 12:00:00
16.460828659015217,16.599903573233604,16.885939504152926,5004900.0,2022-06-28 12:15:00
16.573416697363708,16.634793253664654,16.888966693983086,5005800.0,2022-06-28 12:30:00
16.694648045870434,16.679366615955516,16.895982633461927,5006700.0,2022-06-28 12:45:00
16.811369139520473,16.733565162218962,16.907635002397623,5007600.0,2022-06-28 13:00:00
16.93433296782755,16.794290680423575,16.92401264932642,5008500.0,2022-06-28 13:15:00
17.058646016040985,16.859600894419,16.94481258467294,5009400.0,2022-06-28 13:30:00
17.187395487417145,16.93194413582297,16.970172242046026,5010300.0,2022-06-28 13:45:00
17.322117880718984,17.0066950914827,16.999473397721776,5011200.0,2022-06-28 14:00:00
17.441178354037895,17.08533173671664,17.0324514007533,5012100.0,2022-06-28 14:15:00
17.53032615280543,17.158617863859828,17.0678755680004,5013000.0,2022-06-28 14:30:00
17.606183366110916,17.23106619211359,17.105190104443686,5013900.0,2022-06-28 14:45:00
17.694284622972145,17.303423263386122,17.144000651032947,5014800.0,2022-06-28 15:00:00
17.801241937824717,17.37705951832198,17.184191387995877,5015700.0,2022-06-28 15:15:00
17.924004264285582,17.452654897228783,17.225856231844574,5016600.0,2022-06-28 15:30:00
18.05396894303612,17.535301909561376,17.269837652974715,5017500.0,2022-06-28 15:45:00
18.179491661268848,17.618795443670567,17.315892211330965,5018400.0,2022-06-28 16:00:00
18.296468896655732,17.704266246163996,17.364023678284198,5019300.0,2022-06-28 16:15:00
18.409724764997407,17.791542890708506,17.414304553238285,5020200.0,2022-06-28 16:30:00
18.530524701570677,17.87974912707756,17.466381248456624,5021100.0,2022-06-28 16:45:00
18.656408634115937,17.970788833214346,17.52044529548142,5022000.0,2022-06-28 17:00:00
18.75509607475204,18.055906605025896,17.57520156479885,5022900.0,2022-06-28 17:15:00
18.839270414490105,18.14127169185952,17.630883212028337,5023800.0,2022-06-28 17:30:00
18.92713139916016,18.22319454570943,17.686926431920945,5024700.0,2022-06-28 17:45:00
19.034587963234312,18.30606653683712,17.74342930040953,5025600.0,2022-06-28 18:00:00
19.111804785835435,18.385084680196652,17.799736901876226,5026500.0,2022-06-28 18:15:00
19.182958711090517,18.460417923191223,17.855589558778693,5027400.0,2022-06-28 18:30:00
19.254771439052604,18.530599045441217,17.91021240277077,5028300.0,2022-06-28 18:45:00
19.31377125682485,18.59489102223047,17.962898744401034,5029200.0,2022-06-28 19:00:00
19.35366098032683,18.654561369593672,18.013564972230267,5030100.0,2022-06-28 19:15:00
19.365113356903056,18.704101546769675,18.061506873277914,5031000.0,2022-06-28 19:30:00
19.370018558298096,18.744697484096047,18.10600837325484,5031900.0,2022-06-28 19:45:00
19.359607835775407,18.77561399422584,18.14637920302718,5032800.0,2022-06-28 20:00:00
19.326316465867865,18.794891637714528,18.181825270279003,5033700.0,2022-06-28 20:15:00
19.284782155388623,18.807460976206134,18.212889470442775,5034600.0,2022-06-28 20:30:00
19.23839743448089,18.811913801222605,18.239545068181886,5035500.0,2022-06-28 20:45:00
19.194294051155676,18.807719534579224,18.2613020070043,5036400.0,2022-06-28 21:00:00
19.15066138913864,18.801119599736843,18.27903907682777,5037300.0,2022-06-28 21:15:00
19.10351343189748,18.788137706888666,18.292818933065245,5038200.0,2022-06-28 21:30:00
19.05263689011417,18.771291054554275,18.302869543487432,5039100.0,2022-06-28 21:45:00
18.99487009822524,18.748933078290992,18.30904893336531,5040000.0,2022-06-28 22:00:00
18.93399659366956,18.727116161805007,18.312785205441813,5040900.0,2022-06-28 22:15:00
18.87242892273389,18.698145269429354,18.313345666091287,5041800.0,2022-06-28 22:30:00
18.81007067883415,18.666320891453896,18.310782972673124,5042700.0,2022-06-28 22:45:00
18.747821763562296,18.6335855671443,18.30578916088884,5043600.0,2022-06-28 23:00:00
18.68545245311615,18.599458568914173,18.29873040014701,5044500.0,2022-06-28 23:15:00
18.625365111891664,18.562899608861905,18.289535783540767,5045400.0,2022-06-28 23:30:00
18.56836653165174,18.526964152988217,18.278743738273345,5046300.0,2022-06-28 23:45:00
18.51208254057356,18.48953233344944,18.26635578566101,5047200.0,2022-06-29 00:00:00
18.456918186385806,18.45227898437144,18.252523819376727,5048100.0,2022-06-29 00:15:00
18.40082907579187,18.41431000495685,18.237530521122576,5049000.0,2022-06-29 00:30:00
18.349238135372104,18.376937289497423,18.2217288985666,5049900.0,2022-06-29 00:45:00
18.300076076873985,18.34211553274962,18.20546634908439,5050800.0,2022-06-29 01:00:00
18.24861078246403,18.304817165507043,18.18846171749775,5051700.0,2022-06-29 01:15:00
18.198135995620557,18.26752038600232,18.170707169500208,5052600.0,2022-06-29 01:30:00
18.148744984255,18.2309996486878,18.152482528943157,5053500.0,2022-06-29 01:45:00
18.09622314221718,18.19604242884304,18.133993516806154,5054400.0,2022-06-29 02:00:00
18.049326437088627,18.160292966479894,18.1151138626306,5055300.0,2022-06-29 02:15:00
18.00378181133974,18.12537097776208,18.096025382766623,5056200.0,2022-06-29 02:30:00
17.958835572584395,18.08907119948545,18.076402671139743,5057100.0,2022-06-29 02:45:00
17.918557204761445,18.053689409260382,18.056319712907207,5058000.0,2022-06-29 03:00:00
17.87736943102704,18.02154496902484,18.03630097857241,5058900.0,2022-06-29 03:15:00
17.835021063037402,17.989395791713637,18.016474903759715,5059800.0,2022-06-29 03:30:00
17.792344541562972,17.955941283007316,17.99638491254336,5060700.0,2022-06-29 03:45:00
17.747424980078428,17.92374878209348,17.976255643337883,5061600.0,2022-06-29 04:00:00
17.70072618381815,17.888081333768163,17.955478134286608,5062500.0,2022-06-29 04:15:00
17.65503849826027,17.85630733475029,17.934736071563705,5063400.0,2022-06-29 04:30:00
17.61088590871016,17.82071604721217,17.913500127189053,5064300.0,2022-06-29 04:45:00
17.568198169698565,17.786128228365282,17.891841782036902,5065200.0,2022-06-29 05:00:00
17.52385774705285,17.751891912252287,17.86999992049158,5066100.0,2022-06-29 05:15:00
17.48345139677258,17.720412546090767,17.84827612091267,5067000.0,2022-06-29 05:30:00
17.439584818631197,17.684965768646652,17.82611734467232,5067900.0,2022-06-29 05:45:00
17.39767693374811,17.65393527308397,17.80395397599318,5068800.0,2022-06-29 06:00:00
17.354398456995046,17.617607147328194,17.78137114020752,5069700.0,2022-06-29 06:15:00
17.30968987961378,17.585042752853422,17.758702652045535,5070600.0,2022-06-29 06:30:00
17.26475775167276,17.548976428393285,17.73544728385982,5071500.0,2022-06-29 06:45:00
17.22401703601178,17.51511420391626,17.712070968784754,5072400.0,2022-06-29 07:00:00
17.185384488688562,17.483000642224173,17.688761923953095,5073300.0,2022-06-29 07:15:00
17.148538558561576,17.451343058715953,17.66554278836706,5074200.0,2022-06-29 07:30:00
17.117511539040763,17.418393418455743,17.642229762715694,5075100.0,2022-06-29 07:45:00
17.092740257664,17.38884777807829,17.619153440937033,5076000.0,2022-06-29 08:00:00
17.07316144509254,17.363454606907766,17.596891577027584,5076900.0,2022-06-29 08:15:00
17.059574968578865,17.33836494582784,17.575346837947816,5077800.0,2022-06-29 08:30:00
17.05238869993529,17.31806002538283,17.55482293274649,5078700.0,2022-06-29 08:45:00
17.049965206386005,17.300512092621947,17.535563065964272,5079600.0,2022-06-29 09:00:00
17.050120027712687,17.287258493393725,17.517781240171455,5080500.0,2022-06-29 09:15:00
17.065116365804545,17.276160703164056,17.50143605466521,5081400.0,2022-06-29 09:30:00
17.09231146694108,17.271791574969647,17.48701163325945,5082300.0,2022-06-29 09:45:00
17.126997397388113,17.274545290048763,17.475126375546736,5083200.0,2022-06-29 10:00:00
17.166765096151874,17.28245736537833,17.46606690932279,5084100.0,2022-06-29 10:15:00
17.200110575033975,17.294055837924212,17.459665414786773,5085000.0,2022-06-29 10:30:00
17.23736128480854,17.3069910955257,17.455535648529136,5085900.0,2022-06-29 10:45:00
17.286504315950875,17.323356507746595,17.453612198708964,5086800.0,2022-06-29 11:00:00
17.33892510836958,17.342208078392357,17.453814738886866,5087700.0,2022-06-29 11:15:00
17.38181137294193,17.365537630129506,17.456204805959835,5088600.0,2022-06-29 11:30:00
17.435647611651202,17.391739249643166,17.460808231016628,5089500.0,2022-06-29 11:45:00
17.51350618063465,17.424792358565693,17.468161820474766,5090400.0,2022-06-29 12:00:00
17.608904345391444,17.461214600616625,17.478137904678434,5091300.0,2022-06-29 12:15:00
17.68527832459233,17.503544035200356,17.491066030674087,5092200.0,2022-06-29 12:30:00
17.74792058540942,17.544753632216302,17.506325371367158,5093100.0,2022-06-29 12:45:00
17.80625966432435,17.589201036293517,17.523889770624887,5094000.0,2022-06-29 13:00:00
17.856297830103365,17.62981281380087,17.542870621805694,5094900.0,2022-06-29 13:15:00
17.899977077855237,17.66953439746472,17.562831786962402,5095800.0,2022-06-29 13:30:00
17.941767346027486,17.705616736251123,17.58304458098816,5096700.0,2022-06-29 13:45:00
17.98938957423331,17.743925425953485,17.603790971263184,5097600.0,2022-06-29 14:00:00
18.03994400649686,17.779427192134943,17.624686073904638,5098500.0,2022-06-29 14:15:00
18.089750746044775,17.81784618000631,17.646157459627748,5099400.0,2022-06-29 14:30:00
18.135138062881868,17.852964061647288,17.667771221630378,5100300.0,2022-06-29 14:45:00
18.191436663686705,17.894585276245465,17.690448386927226,5101200.0,2022-06-29 15:00:00
18.271255215070084,17.937610349641993,17.71423261225854,5102100.0,2022-06-29 15:15:00
18.36551341413463,17.987491730376682,17.739983623930716,5103000.0,2022-06-29 15:30:00
18.45574325905572,18.0383900317014,17.767324554498924,5103900.0,2022-06-29 15:45:00
18.529948835078088,18.092501470183507,17.796405887492135,5104800.0,2022-06-29 16:00:00
18.584596172375875,18.144903884625272,17.826876760240733,5105700.0,2022-06-29 16:15:00
18.637496042725356,18.197125299736104,17.85868246581235,5106600.0,2022-06-29 16:30:00
18.69160496607113,18.243425846864767,17.89039003744344,5107500.0,2022-06-29 16:45:00
18.7382888847692,18.28882720438884,17.921902496894013,5108400.0,2022-06-29 17:00:00
18.766269986241696,18.328495133043727,17.952462111176818,5109300.0,2022-06-29 17:15:00
18.7947072085791,18.367926263364552,17.982462805942923,5110200.0,2022-06-29 17:30:00
18.8290372560913,18.402322072512167,18.011349972742604,5111100.0,2022-06-29 17:45:00
18.865759545488363,18.43643310081676,18.039322743961392,5112000.0,2022-06-29 18:00:00
18.890986519462867,18.468363126763997,18.066359964690548,5112900.0,2022-06-29 18:15:00
18.90621994101924,18.49938024552032,18.09277612246292,5113800.0,2022-06-29 18:30:00
18.92389550073595,18.52303485232147,18.117406458654912,5114700.0,2022-06-29 18:45:00
18.93348926527055,18.545766276491545,18.140618562566583,5115600.0,2022-06-29 19:00:00
18.93086504248121,18.564841411183224,18.162318171066183,5116500.0,2022-06-29 19:15:00
18.919755637283703,18.577259202297547,18.181891150095847,5117400.0,2022-06-29 19:30:00
18.90119199663848,18.58604188494313,18.199305586632807,5118300.0,2022-06-29 19:45:00
18.878037024226668,18.58919839565836,18.214214964213248,5119200.0,2022-06-29 20:00:00
18.844333674220884,18.585635675818914,18.22615107187475,5120100.0,2022-06-29 20:15:00
18.80326645446132,18.57908687988328,18.23552895400652,5121000.0,2022-06-29 20:30:00
18.75942978081634,18.56754904883476,18.242156474648088,5121900.0,2022-06-29 20:45:00
18.71284829063511,18.549226247653813,18.24550910924984,5122800.0,2022-06-29 21:00:00
18.66873959139428,18.531995284306177,18.246772029736217,5123700.0,2022-06-29 21:15:00
18.627700633878344,18.512402245831016,18.24610116620587,5124600.0,2022-06-29 21:30:00
18.59589347298372,18.493713178548823,18.243936871739557,5125500.0,2022-06-29 21:45:00
18.564256692366616,18.47385951242247,18.240417393148135,5126400.0,2022-06-29 22:00:00
18.53323807983977,18.451903484654157,18.235394415517728,5127300.0,2022-06-29 22:15:00
18.50100281628872,18.43120694711264,18.229370072520688,5128200.0,2022-06-29 22:30:00
18.46495041244076,18.409317836904187,18.22239118357456,5129100.0,2022-06-29 22:45:00
18.423359913221947,18.385918601308383,18.214411572841428,5130000.0,2022-06-29 23:00:00
18.37566969210391,18.35853445956162,18.204957858416822,5130900.0,2022-06-29 23:15:00
18.32729294412804,18.331640900459032,18.194400992618963,5131800.0,2022-06-29 23:30:00
18.274053654459394,18.302334862035465,18.18263726176054,5132700.0,2022-06-29 23:45:00
18.217609787949836,18.269966237361533,18.16948410735448,5133600.0,2022-06-30 00:00:00
18.161909490196127,18.23634044588313,18.15501410389489,5134500.0,2022-06-30 00:15:00
18.109260318652105,18.19987079442784,18.138987692780265,5135400.0,2022-06-30 00:30:00
18.056538258527063,18.16520019542012,18.121969517584592,5136300.0,2022-06-30 00:45:00
18.002196209486613,18.127322268627303,18.103681797154103,5137200.0,2022-06-30 01:00:00
17.948407635031206,18.091030478168744,18.08456781355288,5138100.0,2022-06-30 01:15:00
17.899223114186935,18.0565346801282,18.065227786782607,5139000.0,2022-06-30 01:30:00
17.85043232779179,18.019348507638203,18.045057486525927,5139900.0,2022-06-30 01:45:00
17.80267086497703,17.981660909484646,18.02416778873608,5140800.0,2022-06-30 02:00:00
17.750934603289938,17.945082002678404,18.002732468556353,5141700.0,2022-06-30 02:15:00
17.694289425398008,17.906824293411194,17.980644379412603,5142600.0,2022-06-30 02:30:00
17.637203927157564,17.8667968719426,17.957796656741284,5143500.0,2022-06-30 02:45:00
17.576985976693393,17.823477981835225,17.93382988412081,5144400.0,2022-06-30 03:00:00
17.517495590412825,17.78292540938621,17.90926306899814,5145300.0,2022-06-30 03:15:00
17.458355939517638,17.74071432012803,17.884071285243945,5146200.0,2022-06-30 03:30:00
17.399764310446358,17.696132975198967,17.857992049459586,5147100.0,2022-06-30 03:45:00
17.34108797703223,17.654132980210434,17.83135760257904,5148000.0,2022-06-30 04:00:00
17.27817080508308,17.609225421120897,17.80403066716672,5148900.0,2022-06-30 04:15:00
17.220542166252223,17.564524926511133,17.77601445142761,5149800.0,2022-06-30 04:30:00
17.162277849521406,17.519785861838898,17.747435747806833,5150700.0,2022-06-30 04:45:00
17.105200964255545,17.476578051784696,17.718623530931325,5151600.0,2022-06-30 05:00:00
17.051170981448898,17.43168545100309,17.689396701369457,5152500.0,2022-06-30 05:15:00
16.993681055170047,17.385380959121687,17.65958227542162,5153400.0,2022-06-30 05:30:00
16.934162346195546,17.34186058699709,17.629515326500723,5154300.0,2022-06-30 05:45:00
16.876573843689798,17.29666073383911,17.59918290616406,5155200.0,2022-06-30 06:00:00
16.815739965991554,17.251382766110414,17.568557276339696,5156100.0,2022-06-30 06:15:00
16.756257104255035,17.20489725981651,17.537384473859905,5157000.0,2022-06-30 06:30:00
16.704178668405348,17.160011813567362,17.505954497184476,5157900.0,2022-06-30 06:45:00
16.66237600293812,17.117824341445235,17.474685647612812,5158800.0,2022-06-30 07:00:00
16.630910014025762,17.078414462205828,17.44378196827289,5159700.0,2022-06-30 07:15:00
16.60033850698806,17.04208277867732,17.41354024592875,5160600.0,2022-06-30 07:30:00
16.567243384392356,17.00707752144373,17.3840599493552,5161500.0,2022-06-30 07:45:00
16.53343775831248,16.974002219274645,17.35531894095203,5162400.0,2022-06-30 08:00:00
16.502798879076938,16.940658608245876,17.327144764665565,5163300.0,2022-06-30 08:15:00
16.477060981171633,16.90950318381005,17.29971230722762,5164200.0,2022-06-30 08:30:00
16.457088158731302,16.88104170531812,17.27305299116899,5165100.0,2022-06-30 08:45:00
16.44930517915627,16.85710590364657,17.24754157550391,5166000.0,2022-06-30 09:00:00
16.447591606070215,16.83669676657626,17.22343403352633,5166900.0,2022-06-30 09:15:00
16.44369791980951,16.818436624447347,17.200680517371005,5167800.0,2022-06-30 09:30:00
16.44345917033471,16.802668148391493,17.17935065674007,5168700.0,2022-06-30 09:45:00
16.463990109088122,16.791795899890953,17.159729020286214,5169600.0,2022-06-30 10:00:00
16.509106946847275,16.792959458896323,17.142836462351212,5170500.0,2022-06-30 10:15:00
16.573444383103926,16.799031737180602,17.129007231162944,5171400.0,2022-06-30 10:30:00
16.646278291165697,16.814933792893758,17.1188151019144,5172300.0,2022-06-30 10:45:00
16.7141412573712,16.838434966710167,17.112693842414895,5173200.0,2022-06-30 11:00:00
16.780407622889317,16.86321393149401,17.110135770483744,5174100.0,2022-06-30 11:15:00
16.8489617409713,16.89637985175207,17.111288879950642,5175000.0,2022-06-30 11:30:00
16.92643775382199,16.9344605418754,17.115982098850527,5175900.0,2022-06-30 11:45:00
17.01172098699166,16.973457655979022,17.12380620298214,5176800.0,2022-06-30 12:00:00
17.107140303838005,17.01884855116071,17.134843454613815,5177700.0,2022-06-30 12:15:00
17.194887440932458,17.06559728516693,17.148803704369396,5178600.0,2022-06-30 12:30:00
17.267011855385253,17.114573830607984,17.165525052224492,5179500.0,2022-06-30 12:45:00
17.322475740904146,17.15890876813356,17.183923654578,5180400.0,2022-06-30 13:00:00
17.367916436267034,17.202993621519795,17.20361992997629,5181300.0,2022-06-30 13:15:00
17.40495970939383,17.242445362962375,17.22377274580026,5182200.0,2022-06-30 13:30:00
17.44492852706931,17.279549674272765,17.24398799085123,5183100.0,2022-06-30 13:45:00
17.50567548337074,17.319598789396323,17.26465945614353,5184000.0,2022-06-30 14:00:00
17.57229703783519,17.35966640489499,17.285869059044582,5184900.0,2022-06-30 14:15:00
17.639497956827075,17.40107401042399,17.3077919519905,5185800.0,2022-06-30 14:30:00
17.70681383683333,17.447618337444467,17.331026595242218,5186700.0,2022-06-30 14:45:00
17.77420076264378,17.49258166915455,17.355398692826842,5187600.0,2022-06-30 15:00:00
17.841467989659176,17.540691940751596,17.38101973728945,5188500.0,2022-06-30 15:15:00
17.911575411573544,17.59155507407689,17.408263808972332,5189400.0,2022-06-30 15:30:00
17.990841989756824,17.64150354996441,17.43660013886751,5190300.0,2022-06-30 15:45:00
18.06934091235419,17.693896704382947,17.46603955193273,5191200.0,2022-06-30 16:00:00
18.133708206694468,17.74602487917244,17.49642428371896,5192100.0,2022-06-30 16:15:00
18.186515885809158,17.79551186398976,17.52735353296439,5193000.0,2022-06-30 16:30:00
18.227791314475848,17.841082648389655,17.55823744710445,5193900.0,2022-06-30 16:45:00
18.256934186505912,17.883405105293807,17.58875774233913,5194800.0,2022-06-30 17:00:00
18.273506718395133,17.916403092056232,17.61743699663718,5195700.0,2022-06-30 17:15:00
18.28997282106112,17.947766627384144,17.64454466651225,5196600.0,2022-06-30 17:30:00
18.30897163853133,17.97813469010713,17.670568400548508,5197500.0,2022-06-30 17:45:00
18.321206764820285,17.99957043171869,17.694386082921287,5198400.0,2022-06-30 18:00:00
18.32175503341091,18.020501161301,17.7164683498226,5199300.0,2022-06-30 18:15:00
18.31480503107633,18.036494291809888,17.736689256265254,5200200.0,2022-06-30 18:30:00
18.30872408386888,18.04774967883106,17.754683501430705,5201100.0,2022-06-30 18:45:00
18.3033867101206,18.056038552706777,17.770464421954916,5202000.0,2022-06-30 19:00:00
18.28585086042167,18.06210915644102,17.78445353951001,5202900.0,2022-06-30 19:15:00
18.257275767153544,18.06212291856249,17.796214210738505,5203800.0,2022-06-30 19:30:00
18.225351345455508,18.05821830878923,17.805701231727884,5204700.0,2022-06-30 19:45:00
18.187971515934542,18.047648759728997,17.812327219271317,5205600.0,2022-06-30 20:00:00
18.14387535392618,18.03188784210859,17.815927610063444,5206500.0,2022-06-30 20:15:00
18.09079649931005,18.013417353423137,17.816886878889225,5207400.0,2022-06-30 20:30:00
18.033889157359233,17.993701035158512,17.81580316974697,5208300.0,2022-06-30 20:45:00
17.979941602079627,17.96739521741803,17.812071217137746,5209200.0,2022-06-30 21:00:00
17.936377324853535,17.941757392765805,17.80633803497781,5210100.0,2022-06-30 21:15:00
17.89671618786169,17.915864342219493,17.79894755193001,5211000.0,2022-06-30 21:30:00
17.84967408571166,17.88623030843686,17.789633296519295,5211900.0,2022-06-30 21:45:00
17.79653766081207,17.856141531806728,17.77882583237552,5212800.0,2022-06-30 22:00:00
17.733975473904355,17.823184005427017,17.7663614259167,5213700.0,2022-06-30 22:15:00
17.664532775880517,17.786932463092825,17.752308021034256,5214600.0,2022-06-30 22:30:00
17.602878324818892,17.746561080550634,17.736115347806464,5215500.0,2022-06-30 22:45:00
17.53775638788392,17.706768175551215,17.718365389640788,5216400.0,2022-06-30 23:00:00
17.470918994809377,17.663410873223214,17.698856997162036,5217300.0,2022-06-30 23:15:00
17.40619530028242,17.620643007741265,17.677893887414047,5218200.0,2022-06-30 23:30:00
17.334052260257344,17.57492898772785,17.65552520704095,5219100.0,2022-06-30 23:45:00
17.267734036963766,17.528348238521843,17.63182532847683,5220000.0,2022-07-01 00:00:00
17.201307049131863,17.483693513895727,17.607367614050702,5220900.0,2022-07-01 00:15:00
17.133022843738324,17.434734183206565,17.58157987158328,5221800.0,2022-07-01 00:30:00
17.061683154363184,17.386245105002892,17.55471646926701,5222700.0,2022-07-01 00:45:00
16.99132745352048,17.334821383910178,17.52653206604454,5223600.0,2022-07-01 01:00:00
16.919561923880273,17.283420716866985,17.497373775851244,5224500.0,2022-07-01 01:15:00
16.84203548090017,17.233525512294882,17.467581418502828,5225400.0,2022-07-01 01:30:00
16.762476653872675,17.17967857541035,17.436742791164193,5226300.0,2022-07-01 01:45:00
16.689000361840552,17.1248461618025,17.40478519067645,5227200.0,2022-07-01 02:00:00
16.61410224954971,17.069618775685584,17.371817521389545,5228100.0,2022-07-01 02:15:00
16.541918355461405,17.0148912785629,17.338049360636074,5229000.0,2022-07-01 02:30:00
16.47172449656893,16.960898330031323,17.303758925304045,5229900.0,2022-07-01 02:45:00
16.400593731238747,16.906262077939996,17.268882489389192,5230800.0,2022-07-01 03:00:00
16.330223412742498,16.85098155928434,17.23345593327744,5231700.0,2022-07-01 03:15:00
16.259451615017813,16.797424598212135,17.19760141111627,5232600.0,2022-07-01 03:30:00
16.18865859749715,16.73618588681105,17.160800959413866,5233500.0,2022-07-01 03:45:00
16.125882029409308,16.68555207040278,17.12406689213457,5234400.0,2022-07-01 04:00:00
16.06050621334245,16.632972067943207,17.087437210953453,5235300.0,2022-07-01 04:15:00
15.996446687355451,16.58232043722519,17.05092914992344,5236200.0,2022-07-01 04:30:00
15.927959103318663,16.527530010757324,17.014125283747088,5237100.0,2022-07-01 04:45:00
15.85127975777888,16.47418981789843,16.976971956678554,5238000.0,2022-07-01 05:00:00
15.779291145075742,16.420801770417903,16.939532741582454,5238900.0,2022-07-01 05:15:00
15.711421760084066,16.3654645956757,16.901491324917163,5239800.0,2022-07-01 05:30:00
15.647592531824133,16.311202794688704,16.863059339775216,5240700.0,2022-07-01 05:45:00
15.586296084023624,16.260157367251523,16.824417894138602,5241600.0,2022-07-01 06:00:00
15.535048238665896,16.208244686874913,16.78584728855187,5242500.0,2022-07-01 06:15:00
15.484816018960757,16.15871359992634,16.747511821783846,5243400.0,2022-07-01 06:30:00
15.443845978258729,16.112833440638443,16.70973260011588,5244300.0,2022-07-01 06:45:00
15.405942636148854,16.068729447133965,16.67265760000938,5245200.0,2022-07-01 07:00:00
15.368958156632123,16.02905102922927,16.63647473215326,5246100.0,2022-07-01 07:15:00
15.337820771914144,15.990085341404264,16.601217673985836,5247000.0,2022-07-01 07:30:00
15.313579926869537,15.954419899118944,16.566926680352992,5247900.0,2022-07-01 07:45:00
15.29883679365533,15.922809115370688,16.533886765505947,5248800.0,2022-07-01 08:00:00
15.293662072308203,15.89534560026177,16.50237103029896,5249700.0,2022-07-01 08:15:00
15.294491318779128,15.87156236317866,16.472504307991848,5250600.0,2022-07-01 08:30:00
15.30732273551486,15.851951521382473,16.444785429205385,5251500.0,2022-07-01 08:45:00
15.339615395574086,15.84214798616544,16.41954865035433,5252400.0,2022-07-01 09:00:00
15.379273613200423,15.83857890974878,16.397155507020933,5253300.0,2022-07-01 09:15:00
15.423214525675856,15.840187177483214,16.37784224189676,5254200.0,2022-07-01 09:30:00
15.472161129680163,15.846749543981678,16.361656075606298,5255100.0,2022-07-01 09:45:00
15.53165700313153,15.859792551706215,16.348839549105953,5256000.0,2022-07-01 10:00:00
15.601475631076116,15.881670924388724,16.339615974962488,5256900.0,2022-07-01 10:15:00
15.685359210090713,15.910654117831855,16.33425135198124,5257800.0,2022-07-01 10:30:00
15.786880889810169,15.945987133588725,16.33294324287215,5258700.0,2022-07-01 10:45:00
15.873442864697374,15.983533165225436,16.33544869811099,5259600.0,2022-07-01 11:00:00
15.953590680909487,16.02797966031587,16.341771934974624,5260500.0,2022-07-01 11:15:00
16.036151692552096,16.07246969070352,16.351170741337647,5261400.0,2022-07-01 11:30:00
16.120171758325007,16.120034323631593,16.363492711935358,5262300.0,2022-07-01 11:45:00
16.192431337200773,16.16652821370977,16.378339913733175,5263200.0,2022-07-01 12:00:00
16.25099453436348,16.21199068188517,16.39494178411985,5264100.0,2022-07-01 12:15:00
16.29752996748986,16.252511974723262,16.412527886219475,5265000.0,2022-07-01 12:30:00
16.35001107979711,16.293517056950346,16.43071952040911,5265900.0,2022-07-01 12:45:00
16.41567763415874,16.33892053144782,16.45011207150893,5266800.0,2022-07-01 13:00:00
16.49538269662751,16.384423143162604,16.470704484918894,5267700.0,2022-07-01 13:15:00
16.584508279800364,16.434888136654266,16.492875474945613,5268600.0,2022-07-01 13:30:00
16.70603029884862,16.49168380278604,16.517367746950594,5269500.0,2022-07-01 13:45:00
16.80387370374505,16.55499517278597,16.54479568651765,5270400.0,2022-07-01 14:00:00
16.880291019560467,16.614534194396402,16.57427350256963,5271300.0,2022-07-01 14:15:00
16.95038747916638,16.672359834578476,16.605082294576267,5272200.0,2022-07-01 14:30:00
17.016997452534977,16.73129115945356,16.637191437139933,5273100.0,2022-07-01 14:45:00
17.097119909260446,16.7902750751935,16.670387226499383,5274000.0,2022-07-01 15:00:00
17.184200952285433,16.850995509477876,16.70470015644245,5274900.0,2022-07-01 15:15:00
17.276613574674794,16.911639579650853,16.739891496803722,5275800.0,2022-07-01 15:30:00
17.359429070372176,16.974877912161034,16.776353784813153,5276700.0,2022-07-01 15:45:00
17.431241680296292,17.034116591195055,16.813458813785946,5277600.0,2022-07-01 16:00:00
17.497246444979744,17.09553941743035,16.851406590438764,5278500.0,2022-07-01 16:15:00
17.564530232445403,17.15302959101387,16.889532916707733,5279400.0,2022-07-01 16:30:00
17.62278722309951,17.206881269543466,16.927250937879194,5280300.0,2022-07-01 16:45:00
17.662973842338786,17.257338433821875,16.964298627860188,5281200.0,2022-07-01 17:00:00
17.690132257103944,17.301617906493284,17.000054028924986,5282100.0,2022-07-01 17:15:00
17.72114860285177,17.34402913152988,17.034509653473286,5283000.0,2022-07-01 17:30:00
17.756087121306187,17.38285411133042,17.067601231841795,5283900.0,2022-07-01 17:45:00
17.791917578190954,17.41919489790739,17.099199421608475,5284800.0,2022-07-01 18:00:00
17.82042215262828,17.451971381398,17.129219821625583,5285700.0,2022-07-01 18:15:00
17.848894247361365,17.48874584731124,17.158815715063092,5286600.0,2022-07-01 18:30:00
17.873685771110598,17.517523917549873,17.186921447382495,5287500.0,2022-07-01 18:45:00
17.895877505279927,17.54788282763275,17.214134814883653,5288400.0,2022-07-01 19:00:00
17.912683636379565,17.574119023175673,17.240077597656995,5289300.0,2022-07-01 19:15:00
17.929926559992765,17.597576188405775,17.26462811969311,5290200.0,2022-07-01 19:30:00
17.942828641458945,17.61955320334224,17.287876707093226,5291100.0,2022-07-01 19:45:00
17.947921348166975,17.637251917894094,17.309540169901073,5292000.0,2022-07-01 20:00:00
17.941150543783937,17.651648471937726,17.329437634745762,5292900.0,2022-07-01 20:15:00
17.925460851100024,17.661557721316843,17.34734689633152,5293800.0,2022-07-01 20:30:00
17.901009719410975,17.666658333296112,17.363161882231758,5294700.0,2022-07-01 20:45:00
17.877371647066717,17.667027788254302,17.37659861711294,5295600.0,2022-07-01 21:00:00
17.85658369580828,17.666314419517835,17.388014415993634,5296500.0,2022-07-01 21:15:00
17.83633579893671,17.662568011315386,17.397423931500374,5297400.0,2022-07-01 21:30:00
17.814865836689673,17.655299572076334,17.40470891672658,5298300.0,2022-07-01 21:45:00
17.7894634532423,17.648442269652197,17.410409333047827,5299200.0,2022-07-01 22:00:00
17.759630960496317,17.63753908198546,17.41422352213327,5300100.0,2022-07-01 22:15:00
17.72543996091416,17.625578820839223,17.416488710532025,5301000.0,2022-07-01 22:30:00
17.686822117469102,17.609177918598565,17.41693575698716,5301900.0,2022-07-01 22:45:00
17.645288240924838,17.59013520127314,17.41544698506841,5302800.0,2022-07-01 23:00:00
17.59784534525195,17.56683597798845,17.41171863401431,5303700.0,2022-07-01 23:15:00
17.54597179815181,17.542298813018014,17.406154358759228,5304600.0,2022-07-01 23:30:00
17.491246632372317,17.51244795155321,17.398267807519257,5305500.0,2022-07-01 23:45:00
17.43069785673149,17.481937148583675,17.38862229484779,5306400.0,2022-07-02 00:00:00
17.368552815715088,17.44857396305438,17.37703572117344,5307300.0,2022-07-02 00:15:00
17.30956473919805,17.412713861675154,17.363654308148593,5308200.0,2022-07-02 00:30:00
17.247035716758695,17.374454178587737,17.34838464495932,5309100.0,2022-07-02 00:45:00
17.182784639390118,17.335711282135563,17.331598490483497,5310000.0,2022-07-02 01:00:00
17.116917864047196,17.293219003561617,17.31307742373667,5310900.0,2022-07-02 01:15:00
17.048625401631735,17.250163887012118,17.29307096498097,5311800.0,2022-07-02 01:30:00
16.97993638349415,17.205230119927645,17.271537910852324,5312700.0,2022-07-02 01:45:00
16.911036797280524,17.158377299252308,17.248453208375775,5313600.0,2022-07-02 02:00:00
16.846962249329795,17.113061489596245,17.22446447654178,5314500.0,2022-07-02 02:15:00
16.780195145347616,17.066593364341113,17.199426097973706,5315400.0,2022-07-02 02:30:00
16.713690387324878,17.017099471678424,17.173164216163983,5316300.0,2022-07-02 02:45:00
16.648739090923748,16.969574953930813,17.146072558596977,5317200.0,2022-07-02 03:00:00
16.590040366111808,16.9233292997678,17.118533584088148,5318100.0,2022-07-02 03:15:00
16.527025943708335,16.8761036945395,17.090350359774217,5319000.0,2022-07-02 03:30:00
16.464897421364537,16.829395946353383,17.061653283517295,5319900.0,2022-07-02 03:45:00
16.401651230984932,16.78143037163991,17.03243540794501,5320800.0,2022-07-02 04:00:00
16.335485451293156,16.731549347139257,17.002534779255218,5321700.0,2022-07-02 04:15:00
16.27219394529749,16.6828580236492,16.97213816371277,5322600.0,2022-07-02 04:30:00
16.20618026714512,16.633298487104117,16.941135321628458,5323500.0,2022-07-02 04:45:00
16.135917593997174,16.58421525546483,16.909741227551148,5324400.0,2022-07-02 05:00:00
16.066253620489036,16.534909765615016,16.877955279018646,5325300.0,2022-07-02 05:15:00
16.006076145966805,16.485295928323296,16.845620985710756,5326200.0,2022-07-02 05:30:00
15.945410540650622,16.435236040080493,16.81285719752225,5327100.0,2022-07-02 05:45:00
15.879776318780053,16.38594339767362,16.779717230005037,5328000.0,2022-07-02 06:00:00
15.82504963397962,16.336437159900687,16.7462771999998,5328900.0,2022-07-02 06:15:00
15.769981914315872,16.291155783412176,16.71291554514757,5329800.0,2022-07-02 06:30:00
15.71727604783212,16.24221102192159,16.67934332112112,5330700.0,2022-07-02 06:45:00
15.670328165763491,16.198311783898447,16.64608894678743,5331600.0,2022-07-02 07:00:00
15.623195817667362,16.15423393033802,16.613191558241713,5332500.0,2022-07-02 07:15:00
15.587374170408832,16.114696934502184,16.580815652231664,5333400.0,2022-07-02 07:30:00
15.56173234991126,16.077848717175048,16.549270148674754,5334300.0,2022-07-02 07:45:00
15.541291941304223,16.044150392226705,16.518850004855633,5335200.0,2022-07-02 08:00:00
15.524369692587833,16.01507883205746,16.489690396750472,5336100.0,2022-07-02 08:15:00
15.518928462679314,15.988486148987676,16.46189751929992,5337000.0,2022-07-02 08:30:00
15.52841463505636,15.970099353772476,16.436167781805178,5337900.0,2022-07-02 08:45:00
15.550302416412272,15.957539046472451,16.41275809833411,5338800.0,2022-07-02 09:00:00
15.582694333847774,15.949717236341645,16.391847905402525,5339700.0,2022-07-02 09:15:00
15.634501170354882,15.952107534321913,16.374028498477227,5340600.0,2022-07-02 09:30:00
15.7073870589225,15.964726640040018,16.360103563364095,5341500.0,2022-07-02 09:45:00
15.790579128721816,15.985358278193672,16.35046276499203,5342400.0,2022-07-02 10:00:00
15.877443462906037,16.01274298989953,16.345252576317957,5343300.0,2022-07-02 10:15:00
15.966629011506686,16.04965235000867,16.344641912748425,5344200.0,2022-07-02 10:30:00
16.063268734822287,16.093257141072492,16.348575275394435,5345100.0,2022-07-02 10:45:00
16.168416384244544,16.142328748001525,16.35701826434772,5346000.0,2022-07-02 11:00:00
16.288323948323416,16.197086311387103,16.369777387919918,5346900.0,2022-07-02 11:15:00
16.413383946104265,16.26385835697372,16.387503980023048,5347800.0,2022-07-02 11:30:00
16.54952718956957,16.334419638058336,16.4100726654596,5348700.0,2022-07-02 11:45:00
16.70013739728628,16.416335417559218,16.43807272662276,5349600.0,2022-07-02 12:00:00
16.850350492813604,16.498735045881666,16.470638195643854,5350500.0,2022-07-02 12:15:00
16.997271229182243,16.591149904905077,16.50810908913625,5351400.0,2022-07-02 12:30:00
17.135805583962235,16.682157410691833,16.549608833407873,5352300.0,2022-07-02 12:45:00
17.262955900946594,16.774445885924283,16.59452954184856,5353200.0,2022-07-02 13:00:00
17.392667053102144,16.870309035527143,16.642777975110363,5354100.0,2022-07-02 13:15:00
17.533134969560276,16.9697048779508,16.694382331669264,5355000.0,2022-07-02 13:30:00
17.69644707877178,17.074790272278218,16.749548260332006,5355900.0,2022-07-02 13:45:00
17.878652174809755,17.185491248322627,16.808322122453745,5356800.0,2022-07-02 14:00:00
18.058758290173035,17.30549998258761,16.871566010437597,5357700.0,2022-07-02 14:15:00
18.23286998977636,17.426338836785206,16.938628665486807,5358600.0,2022-07-02 14:30:00
18.408219240118523,17.555534558232292,17.010214364963666,5359500.0,2022-07-02 14:45:00
18.583244228744817,17.682960268479494,17.085156818449242,5360400.0,2022-07-02 15:00:00
18.74767932842343,17.813484439554397,17.163399473557373,5361300.0,2022-07-02 15:15:00
18.907195764803845,17.941003038288148,17.243710408717902,5362200.0,2022-07-02 15:30:00
19.060814543830976,18.069598827720117,17.325899665282094,5363100.0,2022-07-02 15:45:00
19.202015510717832,18.194577457572375,17.409160758433636,5364000.0,2022-07-02 16:00:00
19.32677704542942,18.312458909661444,17.49224341024875,5364900.0,2022-07-02 16:15:00
19.43728140546914,18.429208588956214,17.57549632517564,5365800.0,2022-07-02 16:30:00
19.54471557670498,18.538026423598083,17.657717641060028,5366700.0,2022-07-02 16:45:00
19.65449093958364,18.647427055910143,17.739769897405207,5367600.0,2022-07-02 17:00:00
19.770164312133776,18.75145927401126,17.820593187010463,5368500.0,2022-07-02 17:15:00
19.89272041266921,18.855773749508167,17.900610508726434,5369400.0,2022-07-02 17:30:00
20.02717130650662,18.96159874531873,17.980219780972288,5370300.0,2022-07-02 17:45:00
20.147813085553384,19.06972006653304,18.06042167072979,5371200.0,2022-07-02 18:00:00
20.25796035085496,19.172560530911728,18.140094736926216,5372100.0,2022-07-02 18:15:00
20.33738045068966,19.269105487273983,18.218511968660653,5373000.0,2022-07-02 18:30:00
20.39573414479196,19.355447083643075,18.294306455584408,5373900.0,2022-07-02 18:45:00
20.443614366320094,19.433251102807493,18.366921462812723,5374800.0,2022-07-02 19:00:00
20.474358769854625,19.501968624312877,18.435787490461255,5375700.0,2022-07-02 19:15:00
20.50304641063356,19.56001956068097,18.499919813799288,5376600.0,2022-07-02 19:30:00
20.492566552844487,19.608225395578085,18.55935046633901,5377500.0,2022-07-02 19:45:00
20.45501482490058,19.637461510301023,18.611782829512943,5378400.0,2022-07-02 20:00:00
20.4027908831506,19.65603376205176,18.657572595648173,5379300.0,2022-07-02 20:15:00
20.336717371604244,19.659862858666497,18.695918343963623,5380200.0,2022-07-02 20:30:00
20.260362285299927,19.65165153972876,18.72667967346299,5381100.0,2022-07-02 20:45:00
20.176868669545,19.634480559557357,18.75051351530789,5382000.0,2022-07-02 21:00:00
20.093264400684227,19.609439728500487,18.767932823350822,5382900.0,2022-07-02 21:15:00
20.013549854510583,19.57808845486484,18.779465694474776,5383800.0,2022-07-02 21:30:00
19.939370782127433,19.54409954296564,18.786187124644893,5384700.0,2022-07-02 21:45:00
19.87018707892975,19.505867645329936,18.788235385840128,5385600.0,2022-07-02 22:00:00
19.804542593557255,19.468705659966325,18.786912109659216,5386500.0,2022-07-02 22:15:00
19.73751838206736,19.427902632313945,18.782263395157536,5387400.0,2022-07-02 22:30:00
19.670330808459195,19.38892377561324,18.775497185128813,5388300.0,2022-07-02 22:45:00
19.60080343906552,19.34733574522886,18.766593209412168,5389200.0,2022-07-02 23:00:00
19.526131372948004,19.30071502733973,18.75493907040785,5390100.0,2022-07-02 23:15:00
19.44895681562804,19.25329953908484,18.74092948366222,5391000.0,2022-07-02 23:30:00
19.37151143720844,19.208921850249,18.725931468068296,5391900.0,2022-07-02 23:45:00
19.285262953846633,19.15620829922808,18.708406994492528,5392800.0,2022-07-03 00:00:00
19.202161239764607,19.10017805301256,18.688206711444465,5393700.0,2022-07-03 00:15:00
19.11370456624907,19.045317113344343,18.666166795719032,5394600.0,2022-07-03 00:30:00
19.01959402570147,18.98953248632417,18.64276885920134,5395500.0,2022-07-03 00:45:00
18.92520713455613,18.9288039736148,18.61735065502699,5396400.0,2022-07-03 01:00:00
18.831760225184684,18.86631602969244,18.5898841975686,5397300.0,2022-07-03 01:15:00
18.737461747558907,18.802674295388897,18.560627148763583,5398200.0,2022-07-03 01:30:00
18.64300461055796,18.73766372834023,18.52969480576307,5399100.0,2022-07-03 01:45:00
18.546765340865758,18.671619295308933,18.497213707363503,5400000.0,2022-07-03 02:00:00
18.450410544220983,18.604754740975164,18.46330544566472,5400900.0,2022-07-03 02:15:00
18.35685601253983,18.5384393261558,18.428359707416703,5401800.0,2022-07-03 02:30:00
18.266741770684696,18.471474882124543,18.39246190428025,5402700.0,2022-07-03 02:45:00
18.176530216480742,18.40280209822713,18.355378613273007,5403600.0,2022-07-03 03:00:00
18.0934364035,18.338542431467264,18.317904728222278,5404500.0,2022-07-03 03:15:00
17.998417269331263,18.270930230776965,18.27963034839226,5405400.0,2022-07-03 03:30:00
17.92125172333229,18.207313678961597,18.241174927338548,5406300.0,2022-07-03 03:45:00
17.85320088083913,18.14372321977968,18.2023856187238,5407200.0,2022-07-03 04:00:00
17.786301397403555,18.083521353821567,18.163606421918697,5408100.0,2022-07-03 04:15:00
17.71514211020048,18.02458067423472,18.125139907849547,5409000.0,2022-07-03 04:30:00
17.64989999708286,17.96648563943107,18.086839985626188,5409900.0,2022-07-03 04:45:00
17.583724109364656,17.91142259540225,18.04911902209876,5410800.0,2022-07-03 05:00:00
17.51674070859244,17.858064240775878,18.011915366115577,5411700.0,2022-07-03 05:15:00
17.45098758720442,17.803245517879745,17.97482581448108,5412600.0,2022-07-03 05:30:00
17.38617527042446,17.748046561825774,17.937706814910275,5413500.0,2022-07-03 05:45:00
17.329157354967595,17.696805124942603,17.900975994282067,5414400.0,2022-07-03 06:00:00
17.271080870886063,17.644485168518333,17.8643827112552,5415300.0,2022-07-03 06:15:00
17.211002398694905,17.594798019738885,17.828188871797362,5416200.0,2022-07-03 06:30:00
17.153135609258484,17.544818980595668,17.792234001163315,5417100.0,2022-07-03 06:45:00
17.102639358560033,17.496584882716135,17.75662734208099,5418000.0,2022-07-03 07:00:00
17.038269177648928,17.451338754405768,17.721593646456675,5418900.0,2022-07-03 07:15:00
16.992928251358567,17.40210933477515,17.686445655566754,5419800.0,2022-07-03 07:30:00
16.960480292750198,17.359630754599742,17.65194129164079,5420700.0,2022-07-03 07:45:00
16.9328251115782,17.31916530182357,17.61838719968786,5421600.0,2022-07-03 08:00:00
16.90997248517814,17.28492667803383,17.586205666094497,5422500.0,2022-07-03 08:15:00
16.89356160197125,17.25416971693975,17.55555883156367,5423400.0,2022-07-03 08:30:00
16.87484032447172,17.22498985337986,17.526519684311438,5424300.0,2022-07-03 08:45:00
16.87416225758736,17.200924328111483,17.49920373767094,5425200.0,2022-07-03 09:00:00
16.892948854267868,17.18584303248477,17.474405485229326,5426100.0,2022-07-03 09:15:00
16.9154236912457,17.175552603106315,17.452179097343258,5427000.0,2022-07-03 09:30:00
16.93758188097709,17.169236147064613,17.432527103430605,5427900.0,2022-07-03 09:45:00
16.965191135769064,17.166328422436234,17.41542121391156,5428800.0,2022-07-03 10:00:00
16.99092260918385,17.16749173934864,17.400821453312375,5429700.0,2022-07-03 10:15:00
17.012591444526553,17.17228125882888,17.3886896377499,5430600.0,2022-07-03 10:30:00
17.038174667809127,17.177935575244636,17.378589326316597,5431500.0,2022-07-03 10:45:00
17.07078847288849,17.18416875056291,17.370227267441543,5432400.0,2022-07-03 11:00:00
17.109997383070333,17.196187938323913,17.36398199113073,5433300.0,2022-07-03 11:15:00
17.14660242457575,17.209274105582814,17.359629127155078,5434200.0,2022-07-03 11:30:00
17.193822994116466,17.22895810752203,17.357509507843254,5435100.0,2022-07-03 11:45:00
17.269819925090793,17.25490562445439,17.358170943446012,5436000.0,2022-07-03 12:00:00
17.374865170344805,17.29257321790715,17.362590228722322,5436900.0,2022-07-03 12:15:00
17.50557895617475,17.340256514231125,17.37136351339067,5437800.0,2022-07-03 12:30:00
17.637204516881276,17.399508456700453,17.385513865848825,5438700.0,2022-07-03 12:45:00
17.774559602271623,17.466486027721743,17.40504566490494,5439600.0,2022-07-03 13:00:00
17.94413894052237,17.54588903786647,17.4305948279456,5440500.0,2022-07-03 13:15:00
18.08822420221413,17.63055158552393,17.461724843988083,5441400.0,2022-07-03 13:30:00
18.21227739294955,17.714403914190687,17.497240516531104,5442300.0,2022-07-03 13:45:00
18.323487360266107,17.79972766175283,17.536408534614424,5443200.0,2022-07-03 14:00:00
18.436958551892246,17.883651434099225,17.578381755420583,5444100.0,2022-07-03 14:15:00
18.550214172674856,17.970364867830632,17.623126038548428,5445000.0,2022-07-03 14:30:00
18.66605541369992,18.05452471823027,17.669676979795142,5445900.0,2022-07-03 14:45:00
18.77621538765905,18.1391506947393,17.71776741463865,5446800.0,2022-07-03 15:00:00
18.882977636221337,18.22574569179454,17.767653046927748,5447700.0,2022-07-03 15:15:00
18.993817258261476,18.308850077105507,17.818491801782802,5448600.0,2022-07-03 15:30:00
19.10702809063269,18.397199191522123,17.871118320960917,5449500.0,2022-07-03 15:45:00
19.234222098079307,18.483941772959763,17.92481720471667,5450400.0,2022-07-03 16:00:00
19.343708237181566,18.569161106513874,17.979103876826603,5451300.0,2022-07-03 16:15:00
19.466881741345016,18.661100076123606,18.035137942002216,5452200.0,2022-07-03 16:30:00
19.554804268702352,18.74571219184248,18.091629480291697,5453100.0,2022-07-03 16:45:00
19.62852148170539,18.82469716396329,18.14767610671045,5454000.0,2022-07-03 17:00:00
19.69272652909688,18.90070153682804,18.203319203200287,5454900.0,2022-07-03 17:15:00
19.753609312490457,18.969969676310196,18.25767077028904,5455800.0,2022-07-03 17:30:00
19.8097147472364,19.034912315098207,18.310348998864548,5456700.0,2022-07-03 17:45:00
19.8721263459714,19.100261216796184,18.36220801510156,5457600.0,2022-07-03 18:00:00
19.94291195445319,19.162957698263178,18.413055763124987,5458500.0,2022-07-03 18:15:00
20.00242221785409,19.222199529475706,18.462491295728366,5459400.0,2022-07-03 18:30:00
20.052179231190166,19.27664073883304,18.51004211219633,5460300.0,2022-07-03 18:45:00
20.079274504720978,19.32588160161349,18.555443183887768,5461200.0,2022-07-03 19:00:00
20.07668803968413,19.36358142477657,18.59754077855975,5462100.0,2022-07-03 19:15:00
20.049356897418843,19.39179931089087,18.635833283116437,5463000.0,2022-07-03 19:30:00
20.003599700596887,19.407402413166466,18.66951512583855,5463900.0,2022-07-03 19:45:00
19.940844731089797,19.410241968618337,18.69764642150895,5464800.0,2022-07-03 20:00:00
19.86706643155316,19.399266365578285,18.71935998273803,5465700.0,2022-07-03 20:15:00
19.78202258993716,19.379946240241665,18.735058322992582,5466600.0,2022-07-03 20:30:00
19.689697907773724,19.352908448886488,18.74525528367259,5467500.0,2022-07-03 20:45:00
19.5963422219404,19.318552862244232,18.75018420289044,5468400.0,2022-07-03 21:00:00
19.50360948896089,19.27516258647445,18.749444363387536,5469300.0,2022-07-03 21:15:00
19.419920848508447,19.2334262998206,18.744869435106867,5470200.0,2022-07-03 21:30:00
19.347589429059447,19.190259260488567,18.737222587102668,5471100.0,2022-07-03 21:45:00
19.27783619850356,19.143136253373022,18.726190057038256,5472000.0,2022-07-03 22:00:00
19.221584154539286,19.1000643720766,18.713149403109337,5472900.0,2022-07-03 22:15:00
19.165050438285288,19.058030867783927,18.698627353778456,5473800.0,2022-07-03 22:30:00
19.101789001807813,19.012637896776923,18.6822325075262,5474700.0,2022-07-03 22:45:00
19.035131516336293,18.971706146923363,18.665234213043927,5475600.0,2022-07-03 23:00:00
18.960973539919955,18.92614220699068,18.64688138366448,5476500.0,2022-07-03 23:15:00
18.880215440296585,18.87755640525392,18.62693627296141,5477400.0,2022-07-03 23:30:00
18.791693357150614,18.82490602667937,18.605020767411688,5478300.0,2022-07-03 23:45:00
18.7004876977638,18.771725368384782,18.58146989102053,5479200.0,2022-07-04 00:00:00
18.612103434217563,18.715679518328567,18.556334236089608,5480100.0,2022-07-04 00:15:00
18.520046944729877,18.656557628178575,18.529241193849938,5481000.0,2022-07-04 00:30:00
18.42444111773093,18.59622786696168,18.50036299035932,5481900.0,2022-07-04 00:45:00
18.328715508853847,18.531110214864626,18.46936917529884,5482800.0,2022-07-04 01:00:00
18.23201875416536,18.467539402310027,18.436833311815665,5483700.0,2022-07-04 01:15:00
18.135491441407744,18.40112867369971,18.40273124713909,5484600.0,2022-07-04 01:30:00
18.037565171618393,18.334915694289403,18.36727311460825,5485500.0,2022-07-04 01:45:00
17.93809094610827,18.265518476409188,18.330301435540136,5486400.0,2022-07-04 02:00:00
17.83687649796951,18.194919718552026,18.291856560121477,5487300.0,2022-07-04 02:15:00
17.723381297652033,18.123070184348524,18.252097403969827,5488200.0,2022-07-04 02:30:00
17.620469055157983,18.050127482261768,18.211007901189625,5489100.0,2022-07-04 02:45:00
17.52310508110678,17.97613859174942,18.16860819009764,5490000.0,2022-07-04 03:00:00
17.42339224513945,17.90135696347237,18.125027329651207,5490900.0,2022-07-04 03:15:00
17.32751973337671,17.828379953479743,18.080629889682495,5491800.0,2022-07-04 03:30:00
17.214012181393564,17.75331119783554,18.03533699426034,5492700.0,2022-07-04 03:45:00
17.115466050104956,17.67836004599008,17.98921604488929,5493600.0,2022-07-04 04:00:00
17.013015801215094,17.6022162496172,17.94214236772678,5494500.0,2022-07-04 04:15:00
16.921042123558518,17.526754680288498,17.894357389877435,5495400.0,2022-07-04 04:30:00
16.844067140074458,17.454913415284285,17.84631282017024,5496300.0,2022-07-04 04:45:00
16.762652701791247,17.384568624006608,17.79826194971038,5497200.0,2022-07-04 05:00:00
16.68329928738546,17.317210833766076,17.750487481043688,5498100.0,2022-07-04 05:15:00
16.6066187214556,17.25106057825181,17.703109151303387,5499000.0,2022-07-04 05:30:00
16.530914331816117,17.185414226277977,17.6558917691792,5499900.0,2022-07-04 05:45:00
16.460730888806836,17.12146317445537,17.608998560209,5500800.0,2022-07-04 06:00:00
16.391047432656478,17.05943249463139,17.56262950322895,5501700.0,2022-07-04 06:15:00
16.324040495973822,16.998492732720536,17.51669627683553,5502600.0,2022-07-04 06:30:00
16.265513285599003,16.940899004894455,17.471295861172134,5503500.0,2022-07-04 06:45:00
16.214553978301392,16.886021981292366,17.426710782134258,5504400.0,2022-07-04 07:00:00
16.17009368470234,16.832852288887022,17.383049506021862,5505300.0,2022-07-04 07:15:00
16.12956123761387,16.78540353761172,17.340478281510407,5506200.0,2022-07-04 07:30:00
16.086243065486823,16.73850537474408,17.29910645234753,5507100.0,2022-07-04 07:45:00
16.053975656933645,16.69595301938193,17.258943619505335,5508000.0,2022-07-04 08:00:00
16.035933575852084,16.655049007771684,17.220076518205943,5508900.0,2022-07-04 08:15:00
16.02907047208445,16.62397538669014,17.18325061384118,5509800.0,2022-07-04 08:30:00
16.036593850828513,16.59722741251476,17.148641075296045,5510700.0,2022-07-04 08:45:00
16.05531926604369,16.57752130657017,17.11670523726619,5511600.0,2022-07-04 09:00:00
16.061701971268146,16.561297989888153,17.087271185543553,5512500.0,2022-07-04 09:15:00
16.09239818572793,16.55026253157533,17.060510628942183,5513400.0,2022-07-04 09:30:00
16.12269081189168,16.546981411952547,17.036644179732182,5514300.0,2022-07-04 09:45:00
16.173867458933174,16.547989581681147,17.01579120138798,5515200.0,2022-07-04 10:00:00
16.223055886561234,16.553771323963392,16.998133748976674,5516100.0,2022-07-04 10:15:00
16.26844338631211,16.564647865847935,16.983626039460507,5517000.0,2022-07-04 10:30:00
16.317521988781845,16.5800482952418,16.972146760804925,5517900.0,2022-07-04 10:45:00
16.379994719129837,16.599232084506987,16.963575988379734,5518800.0,2022-07-04 11:00:00
16.461460637804844,16.625805592934096,16.958186266324464,5519700.0,2022-07-04 11:15:00
16.569537877213055,16.66326916694004,16.95685218604045,5520600.0,2022-07-04 11:30:00
16.688412093810758,16.710122586399923,16.96009113400295,5521500.0,2022-07-04 11:45:00
16.814129193025536,16.7628153427537,16.968017308382482,5522400.0,2022-07-04 12:00:00
16.952364359616254,16.82737092386074,16.981194959408317,5523300.0,2022-07-04 12:15:00
17.10805616902011,16.899947943987137,16.999839234706865,5524200.0,2022-07-04 12:30:00
17.28469161230374,16.98223715258807,17.02431745049557,5525100.0,2022-07-04 12:45:00
17.453612221168044,17.0733163726462,17.054821978506514,5526000.0,2022-07-04 13:00:00
17.61702277813124,17.172953341184485,17.091378239459644,5526900.0,2022-07-04 13:15:00
17.78056125711424,17.274970392274827,17.133319583491126,5527800.0,2022-07-04 13:30:00
17.943704167538797,17.381258675623926,17.18007830441778,5528700.0,2022-07-04 13:45:00
18.11608196441206,17.493162614420214,17.23162142807598,5529600.0,2022-07-04 14:00:00
18.342075619534683,17.614831322295462,17.28821962939613,5530500.0,2022-07-04 14:15:00
18.53775276986402,17.741699651215555,17.349768889693724,5531400.0,2022-07-04 14:30:00
18.706893889120977,17.870274242355876,17.415827312682374,5532300.0,2022-07-04 14:45:00
18.856977906923355,17.997831374398366,17.48550102782084,5533200.0,2022-07-04 15:00:00
18.99049538574865,18.116927753331726,17.556893744649564,5534100.0,2022-07-04 15:15:00
19.11511806776569,18.23134935588073,17.62904741203413,5535000.0,2022-07-04 15:30:00
19.227676134995157,18.342174764454423,17.701550504237385,5535900.0,2022-07-04 15:45:00
19.34798576692689,18.45005521462565,17.773902840674648,5536800.0,2022-07-04 16:00:00
19.47286735335491,18.552134847424288,17.84530207491127,5537700.0,2022-07-04 16:15:00
19.600395438955644,18.6592571780624,17.91709200336327,5538600.0,2022-07-04 16:30:00
19.71342438488565,18.760336405644495,17.988418940900477,5539500.0,2022-07-04 16:45:00
19.825612651211053,18.862113043891117,18.059903843786767,5540400.0,2022-07-04 17:00:00
19.926377384376124,18.959442115335207,18.130926859499287,5541300.0,2022-07-04 17:15:00
20.000774470385014,19.04673265671326,18.199951374482502,5542200.0,2022-07-04 17:30:00
20.081976994253125,19.126416778383856,18.26591601804808,5543100.0,2022-07-04 17:45:00
20.167430945139436,19.200825052125293,18.32837508824401,5544000.0,2022-07-04 18:00:00
20.238611751648037,19.273446863628934,18.38810163072172,5544900.0,2022-07-04 18:15:00
20.28638051561716,19.330434875520066,18.44277428980524,5545800.0,2022-07-04 18:30:00
20.31013181338348,19.38200387248148,18.49308986273386,5546700.0,2022-07-04 18:45:00
20.321095434384745,19.42445487406953,18.538897776636563,5547600.0,2022-07-04 19:00:00
20.31948568084779,19.454804814072087,18.579495901540497,5548500.0,2022-07-04 19:15:00
20.29847400051275,19.476137304726567,18.614980321179136,5549400.0,2022-07-04 19:30:00
20.25469300413022,19.487471547482823,18.645303740677303,5550300.0,2022-07-04 19:45:00
20.193816047569022,19.48751153116244,18.670509430828577,5551200.0,2022-07-04 20:00:00
20.12298698785772,19.47993145461212,18.691067562868028,5552100.0,2022-07-04 20:15:00
20.04539750602373,19.46340880649033,18.706928401173855,5553000.0,2022-07-04 20:30:00
19.965371763075105,19.440828549132878,18.71871016174424,5553900.0,2022-07-04 20:45:00
19.8836606221152,19.41183918694327,18.7264172149322,5554800.0,2022-07-04 21:00:00
19.804351518033673,19.37913541433518,18.73043901528183,5555700.0,2022-07-04 21:15:00
19.732261213267353,19.34541088056868,18.731713691641232,5556600.0,2022-07-04 21:30:00
19.662023477402123,19.309801251493305,18.73052440713135,5557500.0,2022-07-04 21:45:00
19.59090099716136,19.27239113371093,18.727041407442726,5558400.0,2022-07-04 22:00:00
19.51818831020545,19.23468477587098,18.721655125026928,5559300.0,2022-07-04 22:15:00
19.439531329412667,19.19319601098749,18.714127401211137,5560200.0,2022-07-04 22:30:00
19.35885423796136,19.14975665171577,18.70455470482676,5561100.0,2022-07-04 22:45:00
19.27824034940162,19.10605407516068,18.693352477826544,5562000.0,2022-07-04 23:00:00
19.19754590783388,19.06163298705705,18.680656713100415,5562900.0,2022-07-04 23:15:00
19.11556434029326,19.014690865531318,18.666392172843455,5563800.0,2022-07-04 23:30:00
19.03310818908573,18.964468617421353,18.650026683896595,5564700.0,2022-07-04 23:45:00
18.94736098268236,18.913451018129077,18.631797384556247,5565600.0,2022-07-05 00:00:00
18.85882911785648,18.861583166089076,18.61204648601339,5566500.0,2022-07-05 00:15:00
18.768431540280968,18.8091080564572,18.591008343446767,5567400.0,2022-07-05 00:30:00
18.67399270216884,18.75380000119014,18.568421690475528,5568300.0,2022-07-05 00:45:00
18.578904919130892,18.694939086633305,18.543957196565728,5569200.0,2022-07-05 01:00:00
18.484993666123824,18.636056465411052,18.51789116707288,5570100.0,2022-07-05 01:15:00
18.38733336155145,18.57517972885385,18.490175161397495,5571000.0,2022-07-05 01:30:00
18.28753286559493,18.51205296982468,18.460776979384764,5571900.0,2022-07-05 01:45:00
18.18969276016525,18.44940118031621,18.430023154513,5572800.0,2022-07-05 02:00:00
18.09232717428267,18.38446289773212,18.397915209645763,5573700.0,2022-07-05 02:15:00
17.99716875806983,18.320554115067505,18.364594277027216,5574600.0,2022-07-05 02:30:00
17.901111405378522,18.256173251103416,18.330320990728687,5575500.0,2022-07-05 02:45:00
17.808409033578755,18.191173537231425,18.295103469554363,5576400.0,2022-07-05 03:00:00
17.72193589378216,18.12597827628735,18.25880889288719,5577300.0,2022-07-05 03:15:00
17.63763041335399,18.061237188397094,18.221661781746462,5578200.0,2022-07-05 03:30:00
17.55819968124398,17.998652998415217,18.18408312959035,5579100.0,2022-07-05 03:45:00
17.48087040236254,17.937505440365463,18.146226810682197,5580000.0,2022-07-05 04:00:00
17.410296719422828,17.879767999633227,18.108358457738166,5580900.0,2022-07-05 04:15:00
17.3404957357286,17.82146494233645,18.070499742743955,5581800.0,2022-07-05 04:30:00
17.27911682178337,17.76588716215088,18.03280442663855,5582700.0,2022-07-05 04:45:00
17.2195294161078,17.713915983092004,17.995544629187442,5583600.0,2022-07-05 05:00:00
17.163305947100216,17.662555127779605,17.958713836359426,5584500.0,2022-07-05 05:15:00
17.10898504327766,17.611647144326387,17.9221958431202,5585400.0,2022-07-05 05:30:00
17.059795347411853,17.564404832427186,17.886108489134386,5586300.0,2022-07-05 05:45:00
17.012480937136594,17.518258611626706,17.85056697274175,5587200.0,2022-07-05 06:00:00
16.964173040514517,17.475586191790914,17.815839169224315,5588100.0,2022-07-05 06:15:00
16.912595463283104,17.431376681528278,17.78155688895245,5589000.0,2022-07-05 06:30:00
16.861603964629506,17.38615343254698,17.747451517167395,5589900.0,2022-07-05 06:45:00
16.81843535173714,17.344859253529766,17.713631892416842,5590800.0,2022-07-05 07:00:00
16.780542510199684,17.30396023258201,17.68026273290982,5591700.0,2022-07-05 07:15:00
16.746791512194154,17.265341485381875,17.6473772269538,5592600.0,2022-07-05 07:30:00
16.72084717317377,17.231019282431003,17.615444989046765,5593500.0,2022-07-05 07:45:00
16.699186503792863,17.19670473127047,17.584272479186716,5594400.0,2022-07-05 08:00:00
16.679582597082483,17.16712773999119,17.554095494600926,5595300.0,2022-07-05 08:15:00
16.66674687758002,17.138539952552826,17.52508522478076,5596200.0,2022-07-05 08:30:00
16.663629709148015,17.11426715256203,17.4973366441571,5597100.0,2022-07-05 08:45:00
16.666261333174422,17.09644305824605,17.471372083827983,5598000.0,2022-07-05 09:00:00
16.677305231053356,17.079196597651737,17.447000239908128,5598900.0,2022-07-05 09:15:00
16.7103078670516,17.070670763191934,17.424790432992395,5599800.0,2022-07-05 09:30:00
16.763341131136908,17.07019603085917,17.405379317714623,5600700.0,2022-07-05 09:45:00
16.83737002615894,17.0783939102242,17.389199340221637,5601600.0,2022-07-05 10:00:00
16.928233067190572,17.096121943397197,17.376813821338633,5602500.0,2022-07-05 10:15:00
17.02753157596775,17.125633444904285,17.36903100016832,5603400.0,2022-07-05 10:30:00
17.145199819484958,17.163989580918138,17.366178156577725,5604300.0,2022-07-05 10:45:00
17.268720552973058,17.210030411950676,17.368198578891963,5605200.0,2022-07-05 11:00:00
17.401544495132274,17.265830351345013,17.37536153255141,5606100.0,2022-07-05 11:15:00
17.551746866594822,17.329201106561857,17.38771374525225,5607000.0,2022-07-05 11:30:00
17.69744434727284,17.399925960146494,17.40534355250207,5607900.0,2022-07-05 11:45:00
17.81035187349282,17.471113544026654,17.427302449303706,5608800.0,2022-07-05 12:00:00
17.910719882150772,17.54011749906592,17.45256697310225,5609700.0,2022-07-05 12:15:00
18.01498184514912,17.614027765162177,17.481181519077722,5610600.0,2022-07-05 12:30:00
18.125972342047515,17.68118638246928,17.511552256056785,5611500.0,2022-07-05 12:45:00
18.230303571670063,17.753610306530664,17.544031337590297,5612400.0,2022-07-05 13:00:00
18.345490663685588,17.828255182866812,17.578874586194832,5613300.0,2022-07-05 13:15:00
18.48718314019409,17.9090212450973,17.616414777696583,5614200.0,2022-07-05 13:30:00
18.646404808307313,17.99641536794909,17.65712795328172,5615100.0,2022-07-05 13:45:00
18.829100100148956,18.09197314701784,17.701438004057866,5616000.0,2022-07-05 14:00:00
19.00300833816505,18.193477125620564,17.749602565854413,5616900.0,2022-07-05 14:15:00
19.1937330283606,18.30568529846554,17.80256997636631,5617800.0,2022-07-05 14:30:00
19.37590806108928,18.41995492747055,17.85967859676581,5618700.0,2022-07-05 14:45:00
19.5447450181656,18.53549459145468,17.92021640946485,5619600.0,2022-07-05 15:00:00
19.696434213010747,18.651483650066304,17.98369332358878,5620500.0,2022-07-05 15:15:00
19.857338521601772,18.766763103144577,18.049435365986238,5621400.0,2022-07-05 15:30:00
20.000786513583567,18.879396404391628,18.116701479267753,5622300.0,2022-07-05 15:45:00
20.124015779903885,18.988947411376508,18.184917229555435,5623200.0,2022-07-05 16:00:00
20.23450306204894,19.0906592491271,18.25270937154123,5624100.0,2022-07-05 16:15:00
20.335866417807463,19.189762820171648,18.320321678448895,5625000.0,2022-07-05 16:30:00
20.426044267172166,19.281928228909354,18.38688546236028,5625900.0,2022-07-05 16:45:00
20.50855680902137,19.365883271694447,18.451423435371662,5626800.0,2022-07-05 17:00:00
20.582042532793565,19.45012356357567,18.51505345181072,5627700.0,2022-07-05 17:15:00
20.641691585488324,19.52399418944239,18.576505226808496,5628600.0,2022-07-05 17:30:00
20.707978451498835,19.59513895108212,18.63606271157906,5629500.0,2022-07-05 17:45:00
20.777789837561265,19.663994820193487,18.694104205259105,5630400.0,2022-07-05 18:00:00
20.82752554351726,19.72544737667287,18.749626769676595,5631300.0,2022-07-05 18:15:00
20.859509895093527,19.781175746556936,18.80261594058659,5632200.0,2022-07-05 18:30:00
20.875197125782066,19.83046813489149,18.85296976386752,5633100.0,2022-07-05 18:45:00
20.87566751286783,19.869655855800826,18.899862698890743,5634000.0,2022-07-05 19:00:00
20.86423261976984,19.90447789021332,18.944081264923785,5634900.0,2022-07-05 19:15:00
20.840748164930048,19.927714792193505,18.984403435340404,5635800.0,2022-07-05 19:30:00
20.80521319204801,19.94437359444401,19.02080294789844,5636700.0,2022-07-05 19:45:00
20.758625963725763,19.953087006389023,19.05318282053938,5637600.0,2022-07-05 20:00:00
20.70025190234097,19.949427770312003,19.080394577862208,5638500.0,2022-07-05 20:15:00
20.629226493262838,19.939797130397952,19.102821003090902,5639400.0,2022-07-05 20:30:00
20.55203985278052,19.925257237326367,19.121381771056967,5640300.0,2022-07-05 20:45:00
20.468323337705968,19.903158425811945,19.135853489131065,5641200.0,2022-07-05 21:00:00
20.386330920848977,19.874747238571256,19.146122441394287,5642100.0,2022-07-05 21:15:00
20.30699139169049,19.84311581573996,19.15271689480025,5643000.0,2022-07-05 21:30:00
20.230363707075224,19.809538401289966,19.156124898018383,5643900.0,2022-07-05 21:45:00
20.1553500442273,19.77343148762176,19.156546089994613,5644800.0,2022-07-05 22:00:00
20.083434631210963,19.73785766679551,19.154836615960395,5645700.0,2022-07-05 22:15:00
20.009890165874957,19.69768990744013,19.150426810293872,5646600.0,2022-07-05 22:30:00
19.937665081623997,19.657676610141788,19.14370072851288,5647500.0,2022-07-05 22:45:00
19.865318437173872,19.616458769062472,19.13493078145158,5648400.0,2022-07-05 23:00:00
19.791497205424097,19.575605130188595,19.124630035721744,5649300.0,2022-07-05 23:15:00
19.7117294664035,19.531254387312984,19.112539683645437,5650200.0,2022-07-05 23:30:00
19.62888698073304,19.484167661386955,19.098297200495885,5651100.0,2022-07-05 23:45:00
19.540909266768576,19.43656989701263,19.082386102268057,5652000.0,2022-07-06 00:00:00
19.448771770062883,19.386276804731423,19.0647650631004,5652900.0,2022-07-06 00:15:00
19.35235546879356,19.331649334178945,19.045072786526376,5653800.0,2022-07-06 00:30:00
19.25371967890036,19.27357834692716,19.023081078986397,5654700.0,2022-07-06 00:45:00
19.156656563687825,19.217691420335235,18.999623601455287,5655600.0,2022-07-06 01:00:00
19.06028736044174,19.15718746857172,18.974177717007024,5656500.0,2022-07-06 01:15:00
18.964234266560737,19.095857972513,18.946934304226303,5657400.0,2022-07-06 01:30:00
18.86909243085355,19.034041987510776,18.9182055817408,5658300.0,2022-07-06 01:45:00
18.7759153732612,18.97269869193805,18.888301247688823,5659200.0,2022-07-06 02:00:00
18.683653912983942,18.911127912846883,18.857212851620243,5660100.0,2022-07-06 02:15:00
18.589249842886005,18.847040812108187,18.824777390208865,5661000.0,2022-07-06 02:30:00
18.494537455742027,18.78483294979522,18.79144848765852,5661900.0,2022-07-06 02:45:00
18.40093337560239,18.720373461802648,18.757131033625324,5662800.0,2022-07-06 03:00:00
18.3095615885692,18.657048619940387,18.721948759925368,5663700.0,2022-07-06 03:15:00
18.21423998139753,18.59109786697692,18.68561396471844,5664600.0,2022-07-06 03:30:00
18.128841550967547,18.526913123354884,18.64846573332495,5665500.0,2022-07-06 03:45:00
18.043740085419195,18.46252639310508,18.61050959948071,5666400.0,2022-07-06 04:00:00
17.96233037260778,18.39891105292546,18.5719920639628,5667300.0,2022-07-06 04:15:00
17.883842393132426,18.34035756761644,18.53363893520357,5668200.0,2022-07-06 04:30:00
17.80597868032266,18.27787011458396,18.494809722468215,5669100.0,2022-07-06 04:45:00
17.72788642485035,18.21664832600757,18.455551673795973,5670000.0,2022-07-06 05:00:00
17.653619556287055,18.15768443712752,18.41613765690411,5670900.0,2022-07-06 05:15:00
17.579787275603163,18.100787080135422,18.37695133527904,5671800.0,2022-07-06 05:30:00
17.511611317831743,18.04282191955743,18.337612527202495,5672700.0,2022-07-06 05:45:00
17.450906910038356,17.98598917841173,18.29825885086123,5673600.0,2022-07-06 06:00:00
17.38443390279702,17.933162473959527,18.259304717381823,5674500.0,2022-07-06 06:15:00
17.315155640298542,17.877957943806326,18.220293676265783,5675400.0,2022-07-06 06:30:00
17.261193270150656,17.825771922044133,18.181420571533387,5676300.0,2022-07-06 06:45:00
17.216947948766936,17.77671415302645,18.143024144249782,5677200.0,2022-07-06 07:00:00
17.177840936747653,17.73056577504034,18.10530134159451,5678100.0,2022-07-06 07:15:00
17.139902813821145,17.689893200201787,18.068765089000618,5679000.0,2022-07-06 07:30:00
17.111815663358307,17.648958387789833,18.033184163786544,5679900.0,2022-07-06 07:45:00
17.092888294115195,17.61264358898274,17.998782064332175,5680800.0,2022-07-06 08:00:00
17.082477716019486,17.579845600823532,17.965673343185383,5681700.0,2022-07-06 08:15:00
17.079474662711014,17.553162699422433,17.93431854250303,5682600.0,2022-07-06 08:30:00
17.088593018518946,17.53180992932278,17.905102226657416,5683500.0,2022-07-06 08:45:00
17.108004900513762,17.51804888831042,17.878323837867818,5684400.0,2022-07-06 09:00:00
17.136920111097503,17.505539209818124,17.85371813419222,5685300.0,2022-07-06 09:15:00
17.16377519556328,17.49829191785226,17.83145166772143,5686200.0,2022-07-06 09:30:00
17.200235029482094,17.49845387420619,17.812024657513717,5687100.0,2022-07-06 09:45:00
17.239011344082535,17.498833283379422,17.79505641257142,5688000.0,2022-07-06 10:00:00
17.27831303552353,17.505597952667927,17.780522858457292,5688900.0,2022-07-06 10:15:00
17.324042831651102,17.517023728372685,17.768556232835763,5689800.0,2022-07-06 10:30:00
17.373671282392657,17.531528291074775,17.759177068549377,5690700.0,2022-07-06 10:45:00
17.42886206620841,17.548720787587516,17.75226291960407,5691600.0,2022-07-06 11:00:00
17.50214066791303,17.574187375294706,17.748180216510384,5692500.0,2022-07-06 11:15:00
17.590968688519027,17.60378948125441,17.7470450528747,5693400.0,2022-07-06 11:30:00
17.69324938702785,17.642544917189785,17.74943473976259,5694300.0,2022-07-06 11:45:00
17.817703441043708,17.68952644000708,17.75585962714292,5695200.0,2022-07-06 12:00:00
17.952661128216057,17.74447315565062,17.766620135149093,5696100.0,2022-07-06 12:15:00
18.089494975310988,17.809627203910495,17.782322385667598,5697000.0,2022-07-06 12:30:00
18.241519604394806,17.881813869075195,17.80297167691189,5697900.0,2022-07-06 12:45:00
18.40812313132542,17.962264976651213,17.828761938528864,5698800.0,2022-07-06 13:00:00
18.55871405844347,18.04546213898221,17.85905503804179,5699700.0,2022-07-06 13:15:00
18.702904795130728,18.132116561042736,17.893575109804612,5700600.0,2022-07-06 13:30:00
18.840215835827568,18.222542073414928,17.9320697256515,5701500.0,2022-07-06 13:45:00
18.98713141779044,18.317411807280923,17.97451832728883,5702400.0,2022-07-06 14:00:00
19.15672619342447,18.414182679575237,18.020332225174556,5703300.0,2022-07-06 14:15:00
19.338273312876694,18.51894059798908,18.07000552615793,5704200.0,2022-07-06 14:30:00
19.51237073594511,18.630226412830726,18.123849802183116,5705100.0,2022-07-06 14:45:00
19.692193106954136,18.74487662238801,18.181603358121336,5706000.0,2022-07-06 15:00:00
19.879304758320117,18.86228791023379,18.242741073071866,5706900.0,2022-07-06 15:15:00
20.05024567610717,18.98075137603822,18.306784078532395,5707800.0,2022-07-06 15:30:00
20.204772867021106,19.095197592340725,18.372535825977273,5708700.0,2022-07-06 15:45:00
20.35452012714312,19.21380260736184,18.44078989934004,5709600.0,2022-07-06 16:00:00
20.494149138839195,19.328838677330225,18.510669058332567,5710500.0,2022-07-06 16:15:00
20.629053413171988,19.438958688987803,18.581073970535577,5711400.0,2022-07-06 16:30:00
20.771759647792127,19.55262417021233,18.652931846323582,5712300.0,2022-07-06 16:45:00
20.89293260058114,19.65835619504469,18.724745463000332,5713200.0,2022-07-06 17:00:00
20.985212214302614,19.75913750294413,18.796086564003133,5714100.0,2022-07-06 17:15:00
21.048955717406056,19.847610451332987,18.86535590386345,5715000.0,2022-07-06 17:30:00
21.092164878069116,19.925757137131935,18.93170863045369,5715900.0,2022-07-06 17:45:00
21.14014353963596,19.998170162233667,18.995414664106764,5716800.0,2022-07-06 18:00:00
21.16986833084285,20.058132134534876,19.054968865266467,5717700.0,2022-07-06 18:15:00
21.193164322023087,20.110201655769277,19.110261000561145,5718600.0,2022-07-06 18:30:00
21.203213994767346,20.158496581903307,19.162448102641665,5719500.0,2022-07-06 18:45:00
21.211503869790256,20.199391889132126,19.211294295292564,5720400.0,2022-07-06 19:00:00
21.208589751508637,20.233178087097233,19.256586225698666,5721300.0,2022-07-06 19:15:00
21.183232556306542,20.25758576163248,19.297858272931048,5722200.0,2022-07-06 19:30:00
21.141849323011677,20.27187383546645,19.3345514871572,5723100.0,2022-07-06 19:45:00
21.09226161378806,20.27887570524204,19.366743785892496,5724000.0,2022-07-06 20:00:00
21.0300659471096,20.27756401033376,19.39445629454337,5724900.0,2022-07-06 20:15:00
20.96678999872869,20.26992193497934,19.417960429517,5725800.0,2022-07-06 20:30:00
20.897732601848965,20.25654156744221,19.43744932649671,5726700.0,2022-07-06 20:45:00
20.824830277601887,20.2354053481808,19.45245166471012,5727600.0,2022-07-06 21:00:00
20.750235510970523,20.211462825703737,19.46381338651073,5728500.0,2022-07-06 21:15:00
20.677609499479654,20.183222251748436,19.471617252176227,5729400.0,2022-07-06 21:30:00
20.60201919314883,20.15036210780282,19.47575693922108,5730300.0,2022-07-06 21:45:00
20.53024889826664,20.11744007991272,19.477272486263352,5731200.0,2022-07-06 22:00:00
20.454666622650063,20.081461116016108,19.476207963984688,5732100.0,2022-07-06 22:15:00
20.379287008087783,20.041386103174485,19.47205180288256,5733000.0,2022-07-06 22:30:00
20.30382869081645,20.002916380034545,19.46600512177634,5733900.0,2022-07-06 22:45:00
20.228638453100775,19.961934873489053,19.457931334801227,5734800.0,2022-07-06 23:00:00
20.153338796806867,19.91901361576918,19.447830669772788,5735700.0,2022-07-06 23:15:00
20.08049070425812,19.87849225437572,19.43648128900761,5736600.0,2022-07-06 23:30:00
20.008556439142406,19.8343107393568,19.423413475384496,5737500.0,2022-07-06 23:45:00
19.939052239300537,19.791522177220216,19.409172255594022,5738400.0,2022-07-07 00:00:00
19.86931092254612,19.747393799047416,19.39366964097703,5739300.0,2022-07-07 00:15:00
19.798955816426485,19.703700339681674,19.377103016291993,5740200.0,2022-07-07 00:30:00
19.72493685107908,19.659089462545168,19.35934373151384,5741100.0,2022-07-07 00:45:00
19.648338291608948,19.610660119632893,19.34003949232374,5742000.0,2022-07-07 01:00:00
19.568427527361145,19.56169673221495,19.319366474450504,5742900.0,2022-07-07 01:15:00
19.48839653291147,19.512461533592937,19.297409626782688,5743800.0,2022-07-07 01:30:00
19.405543172383556,19.461853621661884,19.27426349194056,5744700.0,2022-07-07 01:45:00
19.32026053418948,19.40778719331884,19.249702879878537,5745600.0,2022-07-07 02:00:00
19.229664833003124,19.35197610694841,19.223592439509112,5746500.0,2022-07-07 02:15:00
19.134718944100253,19.296190193735896,19.19617441066088,5747400.0,2022-07-07 02:30:00
19.041297168617,19.236207349223573,19.16721161860032,5748300.0,2022-07-07 02:45:00
18.95498154187911,19.179147878818167,19.137269380844568,5749200.0,2022-07-07 03:00:00
18.869070330310866,19.119302977852243,19.106067806229326,5750100.0,2022-07-07 03:15:00
18.787117358317815,19.060397336568258,19.07388338674645,5751000.0,2022-07-07 03:30:00
18.70071631410368,19.000110348501263,19.04069993067533,5751900.0,2022-07-07 03:45:00
18.619772474893598,18.941395592351828,19.006781717035235,5752800.0,2022-07-07 04:00:00
18.53794086755993,18.88189455652149,18.97218847659404,5753700.0,2022-07-07 04:15:00
18.45367765525604,18.82282586530261,18.93708128165545,5754600.0,2022-07-07 04:30:00
18.373414932106755,18.762920620758905,18.90128723885268,5755500.0,2022-07-07 04:45:00
18.29668342988949,18.70621774187528,18.865132332222977,5756400.0,2022-07-07 05:00:00
18.22389727540515,18.648178412712166,18.82859284774428,5757300.0,2022-07-07 05:15:00
18.151642104573597,18.591162667476954,18.791720548506728,5758200.0,2022-07-07 05:30:00
18.084774099183623,18.535363567893967,18.75470587800512,5759100.0,2022-07-07 05:45:00
18.022580631201205,18.48056547345568,18.717636288136102,5760000.0,2022-07-07 06:00:00
17.96744141232514,18.429912905297023,18.681003733900095,5760900.0,2022-07-07 06:15:00
17.91586373591114,18.379877887720355,18.644677206224586,5761800.0,2022-07-07 06:30:00
17.869116517722574,18.335806447502087,18.6091041152006,5762700.0,2022-07-07 06:45:00
17.826416327420624,18.291867956119816,18.574253964036902,5763600.0,2022-07-07 07:00:00
17.7911802791236,18.249925691424025,18.5400990891852,5764500.0,2022-07-07 07:15:00
17.762760143673418,18.21093814421194,18.50670849679045,5765400.0,2022-07-07 07:30:00
17.737463341839337,18.174214295245516,18.474180385484633,5766300.0,2022-07-07 07:45:00
17.71765569787397,18.14331165049955,18.442977650336957,5767200.0,2022-07-07 08:00:00
17.70383123249323,18.113468498894335,18.412924934468567,5768100.0,2022-07-07 08:15:00
17.69810667463682,18.088621719680724,18.38443634194031,5769000.0,2022-07-07 08:30:00
17.702036721970337,18.065065208486292,18.35727097532014,5769900.0,2022-07-07 08:45:00
17.71528024636265,18.051408828350983,18.332301937359446,5770800.0,2022-07-07 09:00:00
17.741638532728018,18.040776985871247,18.30957764146201,5771700.0,2022-07-07 09:15:00
17.78192646113865,18.037580937095395,18.28951177684603,5772600.0,2022-07-07 09:30:00
17.82190701744259,18.03726684737017,18.271898201561527,5773500.0,2022-07-07 09:45:00
17.852409816132294,18.038483809762155,18.25655467092472,5774400.0,2022-07-07 10:00:00
17.877978011061657,18.04381590737594,18.243471590108616,5775300.0,2022-07-07 10:15:00
17.905551879254915,18.049708936288525,18.23239647537856,5776200.0,2022-07-07 10:30:00
17.938214513886347,18.059499780199427,18.223300899962837,5777100.0,2022-07-07 10:45:00
17.97317344208958,18.06881012365581,18.21586061450804,5778000.0,2022-07-07 11:00:00
18.017030231578328,18.08302177935252,18.21015832290989,5778900.0,2022-07-07 11:15:00
18.059510344328455,18.095232225644672,18.20592812446469,5779800.0,2022-07-07 11:30:00
18.091129892374617,18.108666418884923,18.202875889323668,5780700.0,2022-07-07 11:45:00
18.12495326963349,18.12732539852933,18.201580469528185,5781600.0,2022-07-07 12:00:00
18.164981210967323,18.148825816110406,18.202137225768126,5782500.0,2022-07-07 12:15:00
18.220646170027766,18.171145333626253,18.204446987170584,5783400.0,2022-07-07 12:30:00
18.29255181385325,18.198174358079203,18.20860103892935,5784300.0,2022-07-07 12:45:00
18.36620304589607,18.227889648874186,18.214672740367305,5785200.0,2022-07-07 13:00:00
18.42468694553048,18.256018284661582,18.2221676919389,5786100.0,2022-07-07 13:15:00
18.4698215532073,18.28894933348496,18.23154203111813,5787000.0,2022-07-07 13:30:00
18.519549932856943,18.32048434334255,18.242439434217697,5787900.0,2022-07-07 13:45:00
18.57901419791125,18.356199877754165,18.25495949140385,5788800.0,2022-07-07 14:00:00
18.648025707023287,18.39213769618137,18.26883903007132,5789700.0,2022-07-07 14:15:00
18.71643751023572,18.431514831340564,18.284402232819705,5790600.0,2022-07-07 14:30:00
18.77660337793291,18.470267497315273,18.30135732055531,5791500.0,2022-07-07 14:45:00
18.828533831442204,18.508520836829135,18.31933414248848,5792400.0,2022-07-07 15:00:00
18.875565204518992,18.541849364936848,18.337548295493573,5793300.0,2022-07-07 15:15:00
18.920441772225217,18.58045411720748,18.356807331175325,5794200.0,2022-07-07 15:30:00
18.968479814941176,18.61650994064269,18.376584418635524,5795100.0,2022-07-07 15:45:00
19.023387709277728,18.65090904838264,18.396589492408488,5796000.0,2022-07-07 16:00:00
19.076305991120904,18.689994791884843,18.41739925971952,5796900.0,2022-07-07 16:15:00
19.1360652144303,18.731204452395595,18.439448344278752,5797800.0,2022-07-07 16:30:00
19.205519680729854,18.773056321106615,18.46263049305457,5798700.0,2022-07-07 16:45:00
19.274501954222316,18.81502034116512,18.486511584808177,5799600.0,2022-07-07 17:00:00
19.337725581396167,18.85840077865134,18.511240559981083,5800500.0,2022-07-07 17:15:00
19.387685874942388,18.898056955356186,18.536087175905443,5801400.0,2022-07-07 17:30:00
19.430406867854217,18.93753149458716,18.561194476122267,5802300.0,2022-07-07 17:45:00
19.4650534794516,18.977234021577416,18.58671021526959,5803200.0,2022-07-07 18:00:00
19.49854708626781,19.013570269366166,18.612231693464118,5804100.0,2022-07-07 18:15:00
19.52508476538188,19.04457353426864,18.636895509092447,5805000.0,2022-07-07 18:30:00
19.5490735670898,19.074995458356245,18.66092325757649,5805900.0,2022-07-07 18:45:00
19.575209069920646,19.10362446127455,18.68426981124747,5806800.0,2022-07-07 19:00:00
19.599284262819857,19.12937576676637,18.70670872083789,5807700.0,2022-07-07 19:15:00
19.616905339389547,19.152200603375896,18.727926131893856,5808600.0,2022-07-07 19:30:00
19.62812354054285,19.173292629337368,18.748165318273177,5809500.0,2022-07-07 19:45:00
19.638254443441,19.19392273193676,18.76780293441084,5810400.0,2022-07-07 20:00:00
19.645127468463965,19.21139231362812,18.786399404857587,5811300.0,2022-07-07 20:15:00
19.647192055330446,19.22579384987891,18.803836882499592,5812200.0,2022-07-07 20:30:00
19.641704127853455,19.23671686050968,18.819859928932463,5813100.0,2022-07-07 20:45:00
19.62668452233844,19.243353366187232,18.834184903690183,5814000.0,2022-07-07 21:00:00
19.601769115148368,19.24819952085613,18.847156343124535,5814900.0,2022-07-07 21:15:00
19.57120769931058,19.24391316719369,18.857569739987053,5815800.0,2022-07-07 21:30:00
19.538949316366388,19.24115464330638,18.866487147763262,5816700.0,2022-07-07 21:45:00
19.502619556740385,19.232115881538853,18.873184303402176,5817600.0,2022-07-07 22:00:00
19.458545890659217,19.21703481193341,18.87720767305941,5818500.0,2022-07-07 22:15:00
19.412059608899103,19.2016478836875,18.879321414737056,5819400.0,2022-07-07 22:30:00
19.36724929574435,19.18621610245768,18.880157624281967,5820300.0,2022-07-07 22:45:00
19.324092099132447,19.16576655553602,18.879156599235444,5821200.0,2022-07-07 23:00:00
19.284353575965724,19.142462794088104,18.876075042030976,5822100.0,2022-07-07 23:15:00
19.24790518665161,19.1201958435303,18.871373173082233,5823000.0,2022-07-07 23:30:00
19.208526194986487,19.099711628978252,18.86574176329012,5823900.0,2022-07-07 23:45:00
19.165898248567142,19.077215810693765,18.859189623637384,5824800.0,2022-07-08 00:00:00
19.11684511370525,19.052661908039923,18.851690695328696,5825700.0,2022-07-08 00:15:00
19.060657809555117,19.023326549807447,18.842515378698096,5826600.0,2022-07-08 00:30:00
19.001183322988087,18.994223786023557,18.8320722525054,5827500.0,2022-07-08 00:45:00
18.93893568361924,18.96082455522482,18.820097735839255,5828400.0,2022-07-08 01:00:00
18.873615828583684,18.923779489954352,18.80615063848948,5829300.0,2022-07-08 01:15:00
18.802488853554824,18.886747771327272,18.790879413442088,5830200.0,2022-07-08 01:30:00
18.73059983673968,18.843035751662352,18.77338397879756,5831100.0,2022-07-08 01:45:00
18.653088911089643,18.798500836031888,18.75405105569404,5832000.0,2022-07-08 02:00:00
18.571465557003645,18.75138296331289,18.73300828654173,5832900.0,2022-07-08 02:15:00
18.485493250279468,18.703697478280453,18.710500217680178,5833800.0,2022-07-08 02:30:00
18.407874965985616,18.651224136674557,18.686074578778303,5834700.0,2022-07-08 02:45:00
18.333547493898035,18.602208416651017,18.660512316453648,5835600.0,2022-07-08 03:00:00
18.25893000186448,18.552126047551283,18.634036204216045,5836500.0,2022-07-08 03:15:00
18.175454956034095,18.500293859825334,18.606435844163705,5837400.0,2022-07-08 03:30:00
18.090804106645116,18.44397753304944,18.577315278999645,5838300.0,2022-07-08 03:45:00
17.999941503944946,18.389224409123074,18.547133452202175,5839200.0,2022-07-08 04:00:00
17.921053667561964,18.331799964529104,18.5158291162884,5840100.0,2022-07-08 04:15:00
17.84263435376569,18.276859567527723,18.483596359100215,5841000.0,2022-07-08 04:30:00
17.75851902583249,18.219971059409197,18.450467582723896,5841900.0,2022-07-08 04:45:00
17.673058823938987,18.16112429266519,18.416451496181224,5842800.0,2022-07-08 05:00:00
17.585940789181617,18.10199301923178,18.38137358612144,5843700.0,2022-07-08 05:15:00
17.514503276183174,18.04380332113889,18.34553825583052,5844600.0,2022-07-08 05:30:00
17.449555009173533,17.98868139302205,18.309334413436112,5845500.0,2022-07-08 05:45:00
17.390925092683197,17.934424365785894,18.27298828895597,5846400.0,2022-07-08 06:00:00
17.32639439820482,17.88367623490202,18.23695728071998,5847300.0,2022-07-08 06:15:00
17.272405620862415,17.832428470018108,18.20103575425854,5848200.0,2022-07-08 06:30:00
17.22409432291891,17.785300186073698,18.165549976832903,5849100.0,2022-07-08 06:45:00
17.17333955232382,17.739129832146872,18.13049622524455,5850000.0,2022-07-08 07:00:00
17.13369342997819,17.693487027041094,18.09577147154723,5850900.0,2022-07-08 07:15:00
17.100245984320726,17.65466034873883,18.061934601545232,5851800.0,2022-07-08 07:30:00
17.07433136495442,17.616108019086806,18.028995535267292,5852700.0,2022-07-08 07:45:00
17.052344011454213,17.582465639372124,17.99717197029636,5853600.0,2022-07-08 08:00:00
17.041172276433006,17.552256786258297,17.966723149419202,5854500.0,2022-07-08 08:15:00
17.044622778061868,17.52917968522621,17.937927533173703,5855400.0,2022-07-08 08:30:00
17.053444625171405,17.50696241419472,17.91085705537376,5856300.0,2022-07-08 08:45:00
17.074605419604328,17.49342516627385,17.885872834003596,5857200.0,2022-07-08 09:00:00
17.11017257377879,17.487822306729505,17.863559008838106,5858100.0,2022-07-08 09:15:00
17.16329041183391,17.488145978268225,17.844157578598907,5859000.0,2022-07-08 09:30:00
17.2295521089566,17.49651130866275,17.82788867650904,5859900.0,2022-07-08 09:45:00
17.307738435057907,17.51302570078644,17.815207128660397,5860800.0,2022-07-08 10:00:00
17.394358110214622,17.53789088270056,17.80649710419047,5861700.0,2022-07-08 10:15:00
17.4827227080375,17.568981509025765,17.80173610208552,5862600.0,2022-07-08 10:30:00
17.58333248680028,17.603802067339206,17.800725616507766,5863500.0,2022-07-08 10:45:00
17.69584098197763,17.649453988809825,17.804057854891166,5864400.0,2022-07-08 11:00:00
17.818791503060257,17.70204941965027,17.811868896768537,5865300.0,2022-07-08 11:15:00
17.948193424892235,17.761884182276216,17.8242829740113,5866200.0,2022-07-08 11:30:00
18.098145308443865,17.831416250966743,17.84161672955281,5867100.0,2022-07-08 11:45:00
18.254418159231346,17.90674877817085,17.86384352552766,5868000.0,2022-07-08 12:00:00
18.42765069129971,17.990534750252625,17.891138497381668,5868900.0,2022-07-08 12:15:00
18.614388334752377,18.085676922306124,17.923993126720074,5869800.0,2022-07-08 12:30:00
18.793169883480694,18.186487904579305,17.962352973521263,5870700.0,2022-07-08 12:45:00
18.972774439498146,18.29196677404156,18.005811274958496,5871600.0,2022-07-08 13:00:00
19.133285968601573,18.39959425651901,18.053707982498437,5872500.0,2022-07-08 13:15:00
19.29527007717129,18.507809601230363,18.105350615411545,5873400.0,2022-07-08 13:30:00
19.549624679042875,18.629620497741353,18.161576640282288,5874300.0,2022-07-08 13:45:00
19.857575071324604,18.77104966833112,18.223845049574187,5875200.0,2022-07-08 14:00:00
20.027089907959287,18.914478744182087,18.2920620494273,5876100.0,2022-07-08 14:15:00
20.208051012944487,19.053311319036226,18.36460665925973,5877000.0,2022-07-08 14:30:00
20.366539578783502,19.19005163950048,18.44048685639714,5877900.0,2022-07-08 14:45:00
20.64124877678255,19.33484054067303,18.519465767936637,5878800.0,2022-07-08 15:00:00
20.767592629275367,19.47050448959677,18.600090461522512,5879700.0,2022-07-08 15:15:00
20.880146278921707,19.596527433554527,18.68105929402772,5880600.0,2022-07-08 15:30:00
21.036931687421124,19.720611295280488,18.762135317867383,5881500.0,2022-07-08 15:45:00
21.204227632043885,19.843754698672534,18.8430739177348,5882400.0,2022-07-08 16:00:00
21.34160009001816,19.96481004518402,18.923954773127228,5883300.0,2022-07-08 16:15:00
21.487527735546124,20.07862027859805,19.00356481417963,5884200.0,2022-07-08 16:30:00
21.611807925863225,20.195351479549593,19.08348888274688,5885100.0,2022-07-08 16:45:00
21.7613702289138,20.311265050918493,19.163798004300972,5886000.0,2022-07-08 17:00:00
21.88432837549558,20.422235556058578,19.24367142672316,5886900.0,2022-07-08 17:15:00
22.0022900226475,20.52921415701161,19.322824535042216,5887800.0,2022-07-08 17:30:00
22.103243141976897,20.62868689715052,19.400341612840975,5888700.0,2022-07-08 17:45:00
22.18209647382616,20.72600184666848,19.476932026753506,5889600.0,2022-07-08 18:00:00
22.256805033184268,20.815993146809483,19.552001641536688,5890500.0,2022-07-08 18:15:00
22.320351722317618,20.895960694583835,19.62426440581051,5891400.0,2022-07-08 18:30:00
22.36148965968884,20.96977525893815,19.693740117683014,5892300.0,2022-07-08 18:45:00
22.40395837233558,21.035613586108138,19.760009320242624,5893200.0,2022-07-08 19:00:00
22.436985678900268,21.09369554342813,19.822614837059824,5894100.0,2022-07-08 19:15:00
22.452660589934634,21.145392169039553,19.8816489489706,5895000.0,2022-07-08 19:30:00
22.453524255243664,21.188855112898946,19.93699431753855,5895900.0,2022-07-08 19:45:00
22.445158268310255,21.224842772045445,19.98866198382166,5896800.0,2022-07-08 20:00:00
22.410807720631833,21.250602607179168,20.036034570186715,5897700.0,2022-07-08 20:15:00
22.366572844248537,21.262998731792408,20.077681778692817,5898600.0,2022-07-08 20:30:00
22.303797929544736,21.269456248763262,20.114659788255896,5899500.0,2022-07-08 20:45:00
22.226180994312102,21.268000331302655,20.147475773436703,5900400.0,2022-07-08 21:00:00
22.143700234848573,21.255336508281825,20.175253189414008,5901300.0,2022-07-08 21:15:00
22.058990075376048,21.236193273852663,20.198084923103753,5902200.0,2022-07-08 21:30:00
21.975572790969935,21.212159132922142,20.216473063662207,5903100.0,2022-07-08 21:45:00
21.89467515474701,21.184831705321667,20.230850721275296,5904000.0,2022-07-08 22:00:00
21.817056153423867,21.154114739255466,20.241634030963233,5904900.0,2022-07-08 22:15:00
21.73973761432524,21.11785583136152,20.248349620483605,5905800.0,2022-07-08 22:30:00
21.66154230902062,21.082554327557503,20.25219011521878,5906700.0,2022-07-08 22:45:00
21.58335032781596,21.04735937578147,20.253761312189408,5907600.0,2022-07-08 23:00:00
21.506638472446696,21.010724508513608,20.253393880432665,5908500.0,2022-07-08 23:15:00
21.431696021634338,20.968917950322027,20.250284586025767,5909400.0,2022-07-08 23:30:00
21.3522155653426,20.92711295777599,20.244782843600817,5910300.0,2022-07-08 23:45:00
21.272281772066734,20.88369448268129,20.237115000128345,5911200.0,2022-07-09 00:00:00
21.18707252667348,20.83890274282433,20.22754066561301,5912100.0,2022-07-09 00:15:00
21.09791814551992,20.792045841747136,20.216031146815425,5913000.0,2022-07-09 00:30:00
20.999345942634783,20.741165328784973,20.202340057584006,5913900.0,2022-07-09 00:45:00
20.89841302719618,20.687430046085773,20.186531291879916,5914800.0,2022-07-09 01:00:00
20.795099348860088,20.629689861534377,20.168151487701525,5915700.0,2022-07-09 01:15:00
20.692348884684247,20.569067345148248,20.147346308841534,5916600.0,2022-07-09 01:30:00
20.59008075314193,20.509071701816048,20.124660314081854,5917500.0,2022-07-09 01:45:00
20.48766118107081,20.448180554015245,20.100386890813112,5918400.0,2022-07-09 02:00:00
20.384827104085364,20.384708347806733,20.074246348719463,5919300.0,2022-07-09 02:15:00
20.280129269877172,20.31930345057222,20.046137275481662,5920200.0,2022-07-09 02:30:00
20.174728895049583,20.25399102536242,20.016680590229868,5921100.0,2022-07-09 02:45:00
20.075905412516555,20.187140422590147,19.985673099429675,5922000.0,2022-07-09 03:00:00
19.973789123722806,20.118673484625088,19.952947539984866,5922900.0,2022-07-09 03:15:00
19.877877143839928,20.05074117617372,19.9188376676632,5923800.0,2022-07-09 03:30:00
19.7815132559924,19.98750133152899,19.884524537869048,5924700.0,2022-07-09 03:45:00
19.684005106065158,19.92063056013639,19.84926431355937,5925600.0,2022-07-09 04:00:00
19.59020718257621,19.8537229345164,19.8130734489207,5926500.0,2022-07-09 04:15:00
19.495278380627603,19.784539205364613,19.775539820762784,5927400.0,2022-07-09 04:30:00
19.405528783985552,19.718580566597065,19.7373539255618,5928300.0,2022-07-09 04:45:00
19.317359045805695,19.651945353310165,19.69855690042618,5929200.0,2022-07-09 05:00:00
19.231968272969485,19.589537212638515,19.65971358456084,5930100.0,2022-07-09 05:15:00
19.153640065067503,19.52487528468658,19.62030638459565,5931000.0,2022-07-09 05:30:00
19.081141392019077,19.46489766851344,19.580869245460608,5931900.0,2022-07-09 05:45:00
19.0102911696388,19.4050272640652,19.541538341500143,5932800.0,2022-07-09 06:00:00
18.9389268716758,19.346402316204355,19.502221109279223,5933700.0,2022-07-09 06:15:00
18.877503507177295,19.290599978139305,19.46326371691576,5934600.0,2022-07-09 06:30:00
18.810538811454187,19.23606860364541,19.4246377397338,5935500.0,2022-07-09 06:45:00
18.73300896581253,19.18208287061729,19.38632248095444,5936400.0,2022-07-09 07:00:00
18.641961906970565,19.123840051383272,19.3476551400486,5937300.0,2022-07-09 07:15:00
18.60382652857193,19.068930738418228,19.308849951131386,5938200.0,2022-07-09 07:30:00
18.580790801606604,19.022331686002047,19.270721579794408,5939100.0,2022-07-09 07:45:00
18.515611608047777,18.975241183721387,19.233261548331328,5940000.0,2022-07-09 08:00:00
18.489857734777942,18.932141174631095,19.196718316881352,5940900.0,2022-07-09 08:15:00
18.488527459098496,18.896384734656586,19.161805085518807,5941800.0,2022-07-09 08:30:00
18.518264006670368,18.870511816835435,19.129294233495816,5942700.0,2022-07-09 08:45:00
18.544346766599723,18.852927308229308,19.09974700252163,5943600.0,2022-07-09 09:00:00
18.57989540944865,18.84347157805857,19.073449173949616,5944500.0,2022-07-09 09:15:00
18.623274198351545,18.840221001886224,19.05059881480785,5945400.0,2022-07-09 09:30:00
18.681985093018078,18.845543473172107,19.03146784881375,5946300.0,2022-07-09 09:45:00
18.74810617796388,18.857980319566433,19.016094706975974,5947200.0,2022-07-09 10:00:00
18.82342021238572,18.87496479651345,19.00444624667388,5948100.0,2022-07-09 10:15:00
18.909698971809657,18.899352380315435,18.996529778490736,5949000.0,2022-07-09 10:30:00
19.033699380665464,18.936153699561423,18.993201326240538,5949900.0,2022-07-09 10:45:00
19.11654366341232,18.975393347627463,18.994028990160054,5950800.0,2022-07-09 11:00:00
19.215403389501816,19.019129548289243,18.998742657324765,5951700.0,2022-07-09 11:15:00
19.34402304926173,19.072698056025136,19.00781926422073,5952600.0,2022-07-09 11:30:00
19.40980784087461,19.124743036436108,19.020464964322237,5953500.0,2022-07-09 11:45:00
19.507206233201718,19.1807367663114,19.036657150507647,5954400.0,2022-07-09 12:00:00
19.63943369280953,19.24277811632077,19.056329973056336,5955300.0,2022-07-09 12:15:00
19.80003675416945,19.316003600040123,19.080342557609463,5956200.0,2022-07-09 12:30:00
19.985931558274352,19.397486029122177,19.109021197874984,5957100.0,2022-07-09 12:45:00
20.172348350473072,19.491810693918488,19.143365751706003,5958000.0,2022-07-09 13:00:00
20.362863147244003,19.5949235827287,19.183541193401044,5958900.0,2022-07-09 13:15:00
20.54739092387289,19.70199719469366,19.228939442096745,5959800.0,2022-07-09 13:30:00
20.73878202431333,19.820808517205503,19.280488269353366,5960700.0,2022-07-09 13:45:00
20.955565431523706,19.942017921137545,19.337090303436145,5961600.0,2022-07-09 14:00:00
21.18921857925185,20.069952675155847,19.398202371494985,5962500.0,2022-07-09 14:15:00
21.408346959233207,20.20609880434649,19.46428917307136,5963400.0,2022-07-09 14:30:00
21.633009157365606,20.350991093680413,19.536180805212997,5964300.0,2022-07-09 14:45:00
21.816127577819685,20.490586747516,19.61175709412535,5965200.0,2022-07-09 15:00:00
22.016040552342925,20.631352936680216,19.690527465661926,5966100.0,2022-07-09 15:15:00
22.19288959007573,20.76699531501091,19.770939940752687,5967000.0,2022-07-09 15:30:00
22.350291444958103,20.8991954059486,19.85235345238173,5967900.0,2022-07-09 15:45:00
22.49338167171809,21.028124770769555,19.93459881659404,5968800.0,2022-07-09 16:00:00
22.608467114299263,21.149199551200017,20.016923950297063,5969700.0,2022-07-09 16:15:00
22.702914008346244,21.26143653149004,20.09828341653797,5970600.0,2022-07-09 16:30:00
22.788373457702395,21.364961568293374,20.17783777196858,5971500.0,2022-07-09 16:45:00
22.87566061619992,21.45919944912125,20.25434788620588,5972400.0,2022-07-09 17:00:00
22.948197950439425,21.548420751862167,20.32831417417156,5973300.0,2022-07-09 17:15:00
23.03837537007188,21.632016017038477,20.399365102901687,5974200.0,2022-07-09 17:30:00
23.12106974935295,21.71447755422906,20.468332309657807,5975100.0,2022-07-09 17:45:00
23.19324609398322,21.79259830077573,20.535309045937503,5976000.0,2022-07-09 18:00:00
23.25516861070041,21.867285628645845,20.600566891169013,5976900.0,2022-07-09 18:15:00
23.292003274444586,21.92987472760847,20.662347327059702,5977800.0,2022-07-09 18:30:00
23.31917543712216,21.987574954214548,20.72121155839748,5978700.0,2022-07-09 18:45:00
23.3375978957382,22.040662809116828,20.777831210199167,5979600.0,2022-07-09 19:00:00
23.345904633184027,22.086544500143077,20.83191404049576,5980500.0,2022-07-09 19:15:00
23.35465929227827,22.125345793610368,20.88289678719181,5981400.0,2022-07-09 19:30:00
23.340895043693227,22.15610806843353,20.93016745579157,5982300.0,2022-07-09 19:45:00
23.303323195242985,22.17713733406673,20.973504072046698,5983200.0,2022-07-09 20:00:00
23.24934358296835,22.186523436660305,21.011942195290136,5984100.0,2022-07-09 20:15:00
23.184633913690035,22.188377650641264,21.045647238683696,5985000.0,2022-07-09 20:30:00
23.103542872381727,22.180808770735855,21.074419147371287,5985900.0,2022-07-09 20:45:00
23.018157689087737,22.16425884617736,21.09817683559755,5986800.0,2022-07-09 21:00:00
22.92247748994272,22.140553102881,21.11709335524767,5987700.0,2022-07-09 21:15:00
22.824687133473375,22.109529508337094,21.131042558571885,5988600.0,2022-07-09 21:30:00
22.725323799241018,22.07188898979456,21.139996104539147,5989500.0,2022-07-09 21:45:00
22.624074524567487,22.030329302503763,21.144466392099194,5990400.0,2022-07-09 22:00:00
22.525493547629367,21.987306805217028,21.145433507591825,5991300.0,2022-07-09 22:15:00
22.42949768170539,21.938347865742003,21.14239168136578,5992200.0,2022-07-09 22:30:00
22.334123260469116,21.88865617966645,21.136070110590293,5993100.0,2022-07-09 22:45:00
22.23838282863984,21.83613217472401,21.12657265314003,5994000.0,2022-07-09 23:00:00
22.142053234667536,21.78328255017096,21.114558631057847,5994900.0,2022-07-09 23:15:00
22.04665934479817,21.726183646872336,21.099487461637008,5995800.0,2022-07-09 23:30:00
21.947597685649093,21.669723286916025,21.082188769293868,5996700.0,2022-07-09 23:45:00
21.846555971112984,21.612743556939904,21.063187001974264,5997600.0,2022-07-10 00:00:00
21.74431408739892,21.55415343608283,21.04239929033312,5998500.0,2022-07-10 00:15:00
21.639491589757657,21.49083774090789,21.019317658835103,5999400.0,2022-07-10 00:30:00
21.53291807201452,21.425683497300376,20.99394179078956,6000300.0,2022-07-10 00:45:00
21.425216069672825,21.362697557550806,20.967367371471,6001200.0,2022-07-10 01:00:00
21.317642724619233,21.292992291426334,20.93842322497596,6002100.0,2022-07-10 01:15:00
21.21011016696477,21.224501931399413,20.907600463233234,6003000.0,2022-07-10 01:30:00
21.102363882331066,21.155153540030916,20.875281946172688,6003900.0,2022-07-10 01:45:00
20.989145207585523,21.08377540675965,20.841358886619528,6004800.0,2022-07-10 02:00:00
20.87734236823848,21.011067175587343,20.805803816392743,6005700.0,2022-07-10 02:15:00
20.768780345914323,20.93633049102631,20.768444280157908,6006600.0,2022-07-10 02:30:00
20.66210262098099,20.86464442556589,20.730124917802065,6007500.0,2022-07-10 02:45:00
20.548830888560182,20.790837700477557,20.690794521368247,6008400.0,2022-07-10 03:00:00
20.43754885541309,20.714623508598294,20.650127763454357,6009300.0,2022-07-10 03:15:00
20.329273697471088,20.63891046069436,20.608364638076537,6010200.0,2022-07-10 03:30:00
20.22099533296061,20.562487402326312,20.565500383105928,6011100.0,2022-07-10 03:45:00
20.116395516535647,20.48666360746475,20.521753655797426,6012000.0,2022-07-10 04:00:00
20.00774698076655,20.411316258359,20.477266074726874,6012900.0,2022-07-10 04:15:00
19.89968322307209,20.33556444970901,20.43205648148284,6013800.0,2022-07-10 04:30:00
19.800295669320924,20.259762699899408,20.38595606348041,6014700.0,2022-07-10 04:45:00
19.705795480934263,20.184656485446716,20.33914376788716,6015600.0,2022-07-10 05:00:00
19.618107081021417,20.112226898965364,20.292049076698905,6016500.0,2022-07-10 05:15:00
19.53385447535944,20.04323015792328,20.24503017769073,6017400.0,2022-07-10 05:30:00
19.44724991454236,19.971743890453745,20.197753616782737,6018300.0,2022-07-10 05:45:00
19.3719300667335,19.90426928077647,20.150620149205377,6019200.0,2022-07-10 06:00:00
19.300929243638834,19.840050796414843,20.103936254427634,6020100.0,2022-07-10 06:15:00
19.238838825148925,19.77752225351456,20.05780604858836,6021000.0,2022-07-10 06:30:00
19.182505305917577,19.720583373051856,20.01249119718414,6021900.0,2022-07-10 06:45:00
19.12699357790494,19.664423770045858,19.968152084846913,6022800.0,2022-07-10 07:00:00
19.078446734313943,19.61291380743739,19.924894049950627,6023700.0,2022-07-10 07:15:00
19.036841662607088,19.56214609709412,19.882516403945548,6024600.0,2022-07-10 07:30:00
19.002499933790634,19.516093023327155,19.84130993735917,6025500.0,2022-07-10 07:45:00
18.971177396351617,19.472468957128648,19.801354269062948,6026400.0,2022-07-10 08:00:00
18.949420669106296,19.43377143791363,19.76292751111184,6027300.0,2022-07-10 08:15:00
18.932113623429593,19.3958757251008,19.72586326367162,6028200.0,2022-07-10 08:30:00
18.9218881359699,19.36643577383891,19.69074728922438,6029100.0,2022-07-10 08:45:00
18.927613374514102,19.34115332611911,19.657696609313614,6030000.0,2022-07-10 09:00:00
18.944891004201505,19.320110745114626,19.62674456331663,6030900.0,2022-07-10 09:15:00
18.976779821844733,19.31033720624097,19.59873899857273,6031800.0,2022-07-10 09:30:00
19.023893291367536,19.304953164863143,19.57378794810639,6032700.0,2022-07-10 09:45:00
19.085298730188025,19.308853293703677,19.55237748741024,6033600.0,2022-07-10 10:00:00
19.15744227592449,19.319685400881543,19.53463405324777,6034500.0,2022-07-10 10:15:00
19.240154805694797,19.33662882329809,19.52058399165969,6035400.0,2022-07-10 10:30:00
19.33198023365235,19.36460135366666,19.510998582915544,6036300.0,2022-07-10 10:45:00
19.43386892583336,19.398457235133225,19.50570153242017,6037200.0,2022-07-10 11:00:00
19.544602773639088,19.438372006206126,19.504680972555313,6038100.0,2022-07-10 11:15:00
19.65876035966295,19.487401435667856,19.508358636314888,6039000.0,2022-07-10 11:30:00
19.776886234435903,19.542545159226748,19.5166715215796,6039900.0,2022-07-10 11:45:00
19.896280853271517,19.602076138972304,19.52942094047073,6040800.0,2022-07-10 12:00:00
20.02211926447176,19.665876447896583,19.546346916766176,6041700.0,2022-07-10 12:15:00
20.15313198757085,19.73486528443908,19.567444156821654,6042600.0,2022-07-10 12:30:00
20.30045538115001,19.809294918914627,19.5925581830494,6043500.0,2022-07-10 12:45:00
20.460394618238283,19.89373610585482,19.62248107058876,6044400.0,2022-07-10 13:00:00
20.624167110464583,19.98202946374014,19.65680544195409,6045300.0,2022-07-10 13:15:00
20.78615060293852,20.075428322956068,19.69549608674284,6046200.0,2022-07-10 13:30:00
20.948254228398927,20.172563253097827,19.738171984982113,6047100.0,2022-07-10 13:45:00
21.115371661820813,20.27926724392423,19.78577508494839,6048000.0,2022-07-10 14:00:00
21.286199189085515,20.382895926203936,19.836797760271345,6048900.0,2022-07-10 14:15:00
21.467734020362624,20.49476587924759,19.891612988839142,6049800.0,2022-07-10 14:30:00
21.66940331648546,20.60979152920832,19.949877734809274,6050700.0,2022-07-10 14:45:00
21.85237809794992,20.731485332579457,20.012030167008515,6051600.0,2022-07-10 15:00:00
22.041557484851584,20.857091296658048,20.078219654504476,6052500.0,2022-07-10 15:15:00
22.228790749677422,20.982812600844746,20.14747555439705,6053400.0,2022-07-10 15:30:00
22.38446191321357,21.106952355228533,20.219192381585874,6054300.0,2022-07-10 15:45:00
22.551679069700626,21.231177634428203,20.293084466285485,6055200.0,2022-07-10 16:00:00
22.704312619392084,21.354087971096703,20.368810165295105,6056100.0,2022-07-10 16:15:00
22.837867039417468,21.47115464343548,20.445210798505634,6057000.0,2022-07-10 16:30:00
22.958147158392222,21.584540596486704,20.52190673850681,6057900.0,2022-07-10 16:45:00
23.067063916623702,21.69075173871869,20.597809668568928,6058800.0,2022-07-10 17:00:00
23.15395505473047,21.79023057650185,20.672318032888757,6059700.0,2022-07-10 17:15:00
23.255219979687084,21.88633361721473,20.745580930766103,6060600.0,2022-07-10 17:30:00
23.33060758563828,21.9738377872307,20.816588736893713,6061500.0,2022-07-10 17:45:00
23.413621080295457,22.0581661616226,20.885553917920536,6062400.0,2022-07-10 18:00:00
23.467497067632586,22.136233131834604,20.952337300973515,6063300.0,2022-07-10 18:15:00
23.55008001359096,22.21072108726036,21.016827197207327,6064200.0,2022-07-10 18:30:00
23.593799349444076,22.281216037677627,21.079496743565088,6065100.0,2022-07-10 18:45:00
23.647208629449807,22.342487503184927,21.139106917310883,6066000.0,2022-07-10 19:00:00
23.66654168198953,22.399667741740128,21.19611803198949,6066900.0,2022-07-10 19:15:00
23.660443320016487,22.443690929649705,21.249300168238985,6067800.0,2022-07-10 19:30:00
23.625491701184867,22.477584065208752,21.2984473673583,6068700.0,2022-07-10 19:45:00
23.590550906893416,22.501251827994768,21.34315465817612,6069600.0,2022-07-10 20:00:00
23.54263719125071,22.5119699223514,21.382213714334217,6070500.0,2022-07-10 20:15:00
23.484787340267793,22.51721216012304,21.41641249083732,6071400.0,2022-07-10 20:30:00
23.416487034306307,22.513058993119085,21.445662892589294,6072300.0,2022-07-10 20:45:00
23.33909485413484,22.50030329143706,21.46974328906687,6073200.0,2022-07-10 21:00:00
23.25704807256697,22.479562496568647,21.48860412465524,6074100.0,2022-07-10 21:15:00
23.168547098218266,22.453888473504406,21.503158230901462,6075000.0,2022-07-10 21:30:00
23.079047190308007,22.42219457541868,21.5134073238778,6075900.0,2022-07-10 21:45:00
22.98943579653593,22.387116136163087,21.51974175992956,6076800.0,2022-07-10 22:00:00
22.896658552938323,22.347277060031125,21.522300223955384,6077700.0,2022-07-10 22:15:00
22.805548596019708,22.30531173617305,21.52165900034736,6078600.0,2022-07-10 22:30:00
22.71460153788711,22.258221385653208,21.51749907034049,6079500.0,2022-07-10 22:45:00
22.626121480154943,22.211949700732504,21.510708999356183,6080400.0,2022-07-10 23:00:00
22.539713339285623,22.16671205961844,21.5021610649636,6081300.0,2022-07-10 23:15:00
22.45472913828268,22.115489817620865,21.49080335815348,6082200.0,2022-07-10 23:30:00
22.367496757652454,22.066779052655672,21.477713086888585,6083100.0,2022-07-10 23:45:00
22.279282686793568,22.01453527089428,21.462498374799345,6084000.0,2022-07-11 00:00:00
22.19002637633206,21.959854698158527,21.444971869097536,6084900.0,2022-07-11 00:15:00
22.096952043951347,21.90640447534407,21.425951320779095,6085800.0,2022-07-11 00:30:00
22.001896473512048,21.85284958871321,21.40584703396404,6086700.0,2022-07-11 00:45:00
21.904786711971017,21.79386602250944,21.38369964325575,6087600.0,2022-07-11 01:00:00
21.80501962919212,21.732507627029175,21.35929771347164,6088500.0,2022-07-11 01:15:00
21.703636492146416,21.67096626962138,21.333388865603997,6089400.0,2022-07-11 01:30:00
21.58835755795786,21.604799015011174,21.305501410664863,6090300.0,2022-07-11 01:45:00
21.47438604591687,21.53756058177657,21.2756030964103,6091200.0,2022-07-11 02:00:00
21.36656858952427,21.47009748810648,21.24419323000735,6092100.0,2022-07-11 02:15:00
21.256669285641543,21.39921054727917,21.210816186775947,6093000.0,2022-07-11 02:30:00
21.146913601886244,21.327687814967213,21.17566197496427,6093900.0,2022-07-11 02:45:00
21.042077236039933,21.25436843597086,21.138581518241256,6094800.0,2022-07-11 03:00:00
20.937740585608527,21.185423706986683,21.1007205770416,6095700.0,2022-07-11 03:15:00
20.84256678573855,21.112261214176637,21.061386361922388,6096600.0,2022-07-11 03:30:00
20.74963136217819,21.04171893876476,21.021066933143945,6097500.0,2022-07-11 03:45:00
20.65599280638599,20.972159382818575,20.98019170111821,6098400.0,2022-07-11 04:00:00
20.560807362586846,20.90381457078228,20.938979560535632,6099300.0,2022-07-11 04:15:00
20.46276897525979,20.834959456022847,20.897267733095976,6100200.0,2022-07-11 04:30:00
20.36702287528903,20.765111311783915,20.854864904134207,6101100.0,2022-07-11 04:45:00
20.27178290573853,20.692620852614485,20.81141259345535,6102000.0,2022-07-11 05:00:00
20.182096545727106,20.624721292635456,20.76772224982475,6102900.0,2022-07-11 05:15:00
20.09328803526214,20.557373863995025,20.72385235166466,6103800.0,2022-07-11 05:30:00
20.01811917242749,20.489301988856518,20.679557588084993,6104700.0,2022-07-11 05:45:00
19.94558740688691,20.426297630219064,20.635424762917783,6105600.0,2022-07-11 06:00:00
19.877205587930213,20.363774455955088,20.591438897483982,6106500.0,2022-07-11 06:15:00
19.806132912118056,20.304091938111455,20.54799578450901,6107400.0,2022-07-11 06:30:00
19.735235096699128,20.246943789970857,20.50499548387141,6108300.0,2022-07-11 06:45:00
19.655694116142225,20.186647834149504,20.46186479269121,6109200.0,2022-07-11 07:00:00
19.608788082072493,20.13073874277933,20.418879041439077,6110100.0,2022-07-11 07:15:00
19.58493838968885,20.080825737343734,20.376584500813536,6111000.0,2022-07-11 07:30:00
19.570092766071834,20.037895615467008,20.335792876524447,6111900.0,2022-07-11 07:45:00
19.574572727699167,20.0015149651779,20.297077564901414,6112800.0,2022-07-11 08:00:00
19.577724534597127,19.973645903978856,20.261075102021863,6113700.0,2022-07-11 08:15:00
19.58388069277436,19.947604130270324,20.22744063506373,6114600.0,2022-07-11 08:30:00
19.59471179502109,19.92790355607579,20.19647823519751,6115500.0,2022-07-11 08:45:00
19.61616575568338,19.915522614147093,20.16859247766557,6116400.0,2022-07-11 09:00:00
19.649481823445136,19.907369169836823,20.14356014443163,6117300.0,2022-07-11 09:15:00
19.6943590258542,19.90846045020177,20.121895925287284,6118200.0,2022-07-11 09:30:00
19.75163820152816,19.91283723167407,20.103255855769792,6119100.0,2022-07-11 09:45:00
19.822800960261898,19.924859073984493,20.088128440702807,6120000.0,2022-07-11 10:00:00
19.90731777513424,19.94742547612517,20.077138758671033,6120900.0,2022-07-11 10:15:00
20.00313036002544,19.97637150718141,20.07014383027613,6121800.0,2022-07-11 10:30:00
20.107462781596595,20.013652982266155,20.067573867829537,6122700.0,2022-07-11 10:45:00
20.218330734423503,20.055542770090117,20.06922534840067,6123600.0,2022-07-11 11:00:00
20.334814739042432,20.104678722478887,20.07522148042748,6124500.0,2022-07-11 11:15:00
20.45888357203766,20.16345427522201,20.086080173329727,6125400.0,2022-07-11 11:30:00
20.595559857612695,20.23187037599648,20.102285229654264,6126300.0,2022-07-11 11:45:00
20.731843917398116,20.30065021827696,20.122865690490634,6127200.0,2022-07-11 12:00:00
20.88326941743696,20.37670680140616,20.14789385415145,6128100.0,2022-07-11 12:15:00
21.03979001085156,20.460973228107385,20.17772373670948,6129000.0,2022-07-11 12:30:00
21.21217819537605,20.54984292749613,20.211976911843912,6129900.0,2022-07-11 12:45:00
21.367746750209896,20.643884139107502,20.250629684811585,6130800.0,2022-07-11 13:00:00
21.528045701193328,20.7421590270249,20.293569750750983,6131700.0,2022-07-11 13:15:00
21.69085952941392,20.8417901916837,20.34014281116533,6132600.0,2022-07-11 13:30:00
21.865517896875023,20.94907457571749,20.390772825266332,6133500.0,2022-07-11 13:45:00
22.06204129174802,21.05912247058254,20.444769601375462,6134400.0,2022-07-11 14:00:00
22.256536845797,21.18071910464852,20.503423229350812,6135300.0,2022-07-11 14:15:00
22.42693042786201,21.30009501463108,20.56572798994903,6136200.0,2022-07-11 14:30:00
22.63201764485316,21.4253332968687,20.63165486424661,6137100.0,2022-07-11 14:45:00
22.836220876458345,21.554449807361728,20.7008994356122,6138000.0,2022-07-11 15:00:00
22.993906742976353,21.685608226895653,20.773785705128684,6138900.0,2022-07-11 15:15:00
23.154105300849796,21.81168903317054,20.84868065654826,6139800.0,2022-07-11 15:30:00
23.309770061033785,21.93507135815167,20.924891126812856,6140700.0,2022-07-11 15:45:00
23.695563648133273,22.08694673935133,21.005329281463343,6141600.0,2022-07-11 16:00:00
24.051679573843384,22.264646816562998,21.092858504218736,6142500.0,2022-07-11 16:15:00
23.930221876998665,22.40020103315921,21.18261125781803,6143400.0,2022-07-11 16:30:00
23.929768882862547,22.50198531752467,21.2693160834774,6144300.0,2022-07-11 16:45:00
24.024453768952295,22.59178642625408,21.35060314743225,6145200.0,2022-07-11 17:00:00
24.123450961298907,22.683080828761486,21.428037396682747,6146100.0,2022-07-11 17:15:00
24.210606363327248,22.768793616395133,21.501718044444793,6147000.0,2022-07-11 17:30:00
24.293202941976073,22.852505446577357,21.57267528533489,6147900.0,2022-07-11 17:45:00
24.380183584064905,22.936368228808576,21.64197631614913,6148800.0,2022-07-11 18:00:00
24.4738494197556,23.018135830994805,21.70990524048985,6149700.0,2022-07-11 18:15:00
24.55663254381871,23.094626722963987,21.775748585778352,6150600.0,2022-07-11 18:30:00
24.61842987035596,23.169397142481834,21.840243493561687,6151500.0,2022-07-11 18:45:00
24.674732779851546,23.23823959763584,21.9029183381556,6152400.0,2022-07-11 19:00:00
24.72251472033711,23.302265645134945,21.964170931894103,6153300.0,2022-07-11 19:15:00
24.76649549709449,23.36021199734513,22.023016319553516,6154200.0,2022-07-11 19:30:00
24.80961894066557,23.41624736110757,22.08003300790536,6155100.0,2022-07-11 19:45:00
24.83012136350496,23.466352674951867,22.13494654989561,6156000.0,2022-07-11 20:00:00
24.80802159079987,23.50455861966684,22.186447731538607,6156900.0,2022-07-11 20:15:00
24.758150954936912,23.52971253000969,22.23364025381644,6157800.0,2022-07-11 20:30:00
24.69034490238429,23.544146119918054,22.276296024426887,6158700.0,2022-07-11 20:45:00
24.604826824436103,23.543317574891233,22.312883371762283,6159600.0,2022-07-11 21:00:00
24.51506267395708,23.531591477707977,22.343452645031565,6160500.0,2022-07-11 21:15:00
24.41578053483152,23.5070938165513,22.366846870324977,6161400.0,2022-07-11 21:30:00
24.30115274251,23.479257327484945,22.38481995054677,6162300.0,2022-07-11 21:45:00
24.192299111819597,23.443318776626995,22.397678810978743,6163200.0,2022-07-11 22:00:00
24.088697343332107,23.402643007736746,22.40637718790928,6164100.0,2022-07-11 22:15:00
23.993597546646026,23.357488513989853,22.41067994784016,6165000.0,2022-07-11 22:30:00
23.90235870065713,23.309667372109228,22.410713475202048,6165900.0,2022-07-11 22:45:00
23.818283876192154,23.26442941523499,22.407764325000777,6166800.0,2022-07-11 23:00:00
23.73314292320631,23.217064572643512,22.402170530996223,6167700.0,2022-07-11 23:15:00
23.64841511251544,23.17047655831008,22.394542582791907,6168600.0,2022-07-11 23:30:00
23.571699768693577,23.125017480316338,22.3853254290448,6169500.0,2022-07-11 23:45:00
23.503615212646835,23.0780154563994,22.37427252863395,6170400.0,2022-07-12 00:00:00
23.4287593625803,23.032717667073456,22.361810840968005,6171300.0,2022-07-12 00:15:00
23.34617238084033,22.98521474236898,22.347812106283406,6172200.0,2022-07-12 00:30:00
23.254056539964186,22.933964607678877,22.331784824172725,6173100.0,2022-07-12 00:45:00
23.142163259035215,22.879175454494145,22.31365020603697,6174000.0,2022-07-12 01:00:00
23.04140343652196,22.822772458917328,22.29366805247406,6174900.0,2022-07-12 01:15:00
22.890888138504977,22.756041436185978,22.27086195957364,6175800.0,2022-07-12 01:30:00
22.7861249198694,22.68788125755552,22.24535928270541,6176700.0,2022-07-12 01:45:00
22.69271230915561,22.62227409137641,22.217876611882847,6177600.0,2022-07-12 02:00:00
22.597742306052833,22.555020341992712,22.188336703241102,6178500.0,2022-07-12 02:15:00
22.51532003377355,22.489141763401552,22.157106063583807,6179400.0,2022-07-12 02:30:00
22.438524411987043,22.43108750727873,22.12585306491404,6180300.0,2022-07-12 02:45:00
22.3421558802484,22.367654832135933,22.093788504429234,6181200.0,2022-07-12 03:00:00
22.23278623412368,22.301697222413832,22.060661754312388,6182100.0,2022-07-12 03:15:00
22.14578945247668,22.23762451788968,22.026782409006486,6183000.0,2022-07-12 03:30:00
22.056474533351057,22.17479495381216,21.992251506380455,6183900.0,2022-07-12 03:45:00
21.96142049661439,22.1098884647254,21.956939822155224,6184800.0,2022-07-12 04:00:00
21.864620541106664,22.04518153762499,21.9209534492166,6185700.0,2022-07-12 04:15:00
21.768480971707056,21.979947929007153,21.884197739893725,6186600.0,2022-07-12 04:30:00
21.67618930327734,21.912094228548572,21.84626106745217,6187500.0,2022-07-12 04:45:00
21.576076008269297,21.84589681457063,21.807500073622418,6188400.0,2022-07-12 05:00:00
21.482175938874068,21.778670786245616,21.767955021547124,6189300.0,2022-07-12 05:15:00
21.382123722356084,21.709030304773176,21.727211486124784,6190200.0,2022-07-12 05:30:00
21.307000135654928,21.643423976010148,21.68592176294029,6191100.0,2022-07-12 05:45:00
21.22949516566443,21.578905822766465,21.644320260388238,6192000.0,2022-07-12 06:00:00
21.105470900007308,21.51074785610511,21.60212117168348,6192900.0,2022-07-12 06:15:00
21.029467885057045,21.442211311765018,21.55903789462848,6193800.0,2022-07-12 06:30:00
20.954922783994395,21.3785432630246,21.515882096391504,6194700.0,2022-07-12 06:45:00
20.915706543698708,21.320040824892395,21.47305425481308,6195600.0,2022-07-12 07:00:00
20.875092109287166,21.265434836701395,21.43083385129661,6196500.0,2022-07-12 07:15:00
20.8356171734717,21.217667379768766,21.39007190564916,6197400.0,2022-07-12 07:30:00
20.804243164415887,21.174186166380068,21.35091251922868,6198300.0,2022-07-12 07:45:00
20.777317054036303,21.13165141023837,21.313311562281854,6199200.0,2022-07-12 08:00:00
20.76834490974045,21.096224303536616,21.277434286639235,6200100.0,2022-07-12 08:15:00
20.75255048977852,21.06429569555337,21.243541088138237,6201000.0,2022-07-12 08:30:00
20.752180309650154,21.039036581387624,21.211967044786448,6201900.0,2022-07-12 08:45:00
20.769219684408288,21.018498296073354,21.182814134586724,6202800.0,2022-07-12 09:00:00
20.799761605759773,21.00312711197676,21.155864597725387,6203700.0,2022-07-12 09:15:00
20.840591909692954,20.998884271386025,21.13196405135937,6204600.0,2022-07-12 09:30:00
20.89180156318268,21.001411163249852,21.111632876073696,6205500.0,2022-07-12 09:45:00
20.954408431043163,21.00990223974608,21.094810439182705,6206400.0,2022-07-12 10:00:00
21.03452949828112,21.02823589585984,21.08195004439171,6207300.0,2022-07-12 10:15:00
21.133245988310136,21.053760720338104,21.073337119581726,6208200.0,2022-07-12 10:30:00
21.233889778147184,21.087709184204435,21.06908435410424,6209100.0,2022-07-12 10:45:00
21.340005548297935,21.130607219495857,21.06964088285597,6210000.0,2022-07-12 11:00:00
21.46610576913248,21.17764809194204,21.07453086897084,6210900.0,2022-07-12 11:15:00
21.59868926029284,21.236988359814134,21.084629587449413,6211800.0,2022-07-12 11:30:00
21.730219209854848,21.303715451910016,21.09997195138208,6212700.0,2022-07-12 11:45:00
21.86669856170679,21.373566908443152,21.120060918481823,6213600.0,2022-07-12 12:00:00
22.011931507412363,21.449240227602168,21.144726544734823,6214500.0,2022-07-12 12:15:00
22.173161245476766,21.53250099854869,21.174080873035283,6215400.0,2022-07-12 12:30:00
22.367240184976623,21.62069565266392,21.207613634951297,6216300.0,2022-07-12 12:45:00
22.50502888296292,21.71109197254893,21.244917106047907,6217200.0,2022-07-12 13:00:00
22.596320433592386,21.79056675783425,21.283862387213535,6218100.0,2022-07-12 13:15:00
22.662037239448868,21.869697952079065,21.32464330130711,6219000.0,2022-07-12 13:30:00
22.76498149825166,21.95212389451027,21.36764158859376,6219900.0,2022-07-12 13:45:00
22.91612989996716,22.036643026910976,21.41258235755428,6220800.0,2022-07-12 14:00:00
23.07582170344552,22.127402542122347,21.459897888929355,6221700.0,2022-07-12 14:15:00
23.29560380329813,22.229542359385043,21.51050255333114,6222600.0,2022-07-12 14:30:00
23.48236770783784,22.338537503387496,21.56473842682947,6223500.0,2022-07-12 14:45:00
23.676720873277883,22.46042493123576,21.624439038412586,6224400.0,2022-07-12 15:00:00
23.87937654988488,22.58583960018831,21.689220003532675,6225300.0,2022-07-12 15:15:00
24.066354978223607,22.715047406627175,21.758704125549823,6226200.0,2022-07-12 15:30:00
24.27010879320303,22.843700834002643,21.83149320675321,6227100.0,2022-07-12 15:45:00
24.442240615763566,22.97447421238311,21.907419248043627,6228000.0,2022-07-12 16:00:00
24.579975449873206,23.097385065329707,21.98453295934704,6228900.0,2022-07-12 16:15:00
24.7868135064563,23.229933206850248,22.06454919006796,6229800.0,2022-07-12 16:30:00
24.96509753486921,23.360137969645443,22.14618260072381,6230700.0,2022-07-12 16:45:00
25.083791173012084,23.486214350515127,22.22927627513656,6231600.0,2022-07-12 17:00:00
25.18031369537628,23.60081819639633,22.31206853243814,6232500.0,2022-07-12 17:15:00
25.2324102561268,23.701926495595455,22.39276635871745,6233400.0,2022-07-12 17:30:00
25.275056770406305,23.79123475435429,22.47050578096991,6234300.0,2022-07-12 17:45:00
25.420526412071705,23.883290529184286,22.545949681837048,6235200.0,2022-07-12 18:00:00
25.525413377809468,23.973835543100147,22.61927539053981,6236100.0,2022-07-12 18:15:00
25.60188874949088,24.058573896950072,22.690354078135343,6237000.0,2022-07-12 18:30:00
25.64567378835688,24.139192828256142,22.759981065627656,6237900.0,2022-07-12 18:45:00
25.657618188710227,24.20533646005541,22.82646490985825,6238800.0,2022-07-12 19:00:00
25.678483952075663,24.265875472837383,22.889968990372363,6239700.0,2022-07-12 19:15:00
25.691061968727546,24.311411769397186,22.948244865161488,6240600.0,2022-07-12 19:30:00
25.699754589020895,24.35359155700324,23.00211286399776,6241500.0,2022-07-12 19:45:00
25.696393360635447,24.38639471065433,23.051177209053552,6242400.0,2022-07-12 20:00:00
25.672655987884095,24.414594294132787,23.09645494256137,6243300.0,2022-07-12 20:15:00
25.62863018699369,24.43459606946524,23.1379074132087,6244200.0,2022-07-12 20:30:00
25.574909638479102,24.442069362328667,23.174520854379274,6245100.0,2022-07-12 20:45:00
25.521665585584408,24.440125609214764,23.206398167216427,6246000.0,2022-07-12 21:00:00
25.46107098220072,24.435498003640824,23.234258880221027,6246900.0,2022-07-12 21:15:00
25.387171060475495,24.424856457870487,23.25818964883404,6247800.0,2022-07-12 21:30:00
25.29558466152731,24.403746953186115,23.277144760951792,6248700.0,2022-07-12 21:45:00
25.211006908977097,24.378167374784603,23.29182078766061,6249600.0,2022-07-12 22:00:00
25.12793446626017,24.34775468626266,23.302487372128745,6250500.0,2022-07-12 22:15:00
25.04620416617,24.312423856619876,23.309092408254887,6251400.0,2022-07-12 22:30:00
24.971566732176864,24.279144117962527,23.3128466866844,6252300.0,2022-07-12 22:45:00
24.89450384386226,24.241261631049365,23.31379591442256,6253200.0,2022-07-12 23:00:00
24.816283035830725,24.20413625274796,23.312484437651737,6254100.0,2022-07-12 23:15:00
24.740867225086248,24.16416285933608,23.3089943778486,6255000.0,2022-07-12 23:30:00
24.66571870874458,24.12329794089525,23.303356884120028,6255900.0,2022-07-12 23:45:00
24.59402021859209,24.081630268577133,23.29592753547368,6256800.0,2022-07-13 00:00:00
24.521716343219737,24.03976081255449,23.28703166843902,6257700.0,2022-07-13 00:15:00
24.445463541427188,23.99518164669415,23.276081193798465,6258600.0,2022-07-13 00:30:00
24.362319637487307,23.950054076626696,23.26356195024331,6259500.0,2022-07-13 00:45:00
24.279520301536,23.90356989095733,23.249627907345367,6260400.0,2022-07-13 01:00:00
24.195833912424845,23.856203739797465,23.23412029476289,6261300.0,2022-07-13 01:15:00
24.107885400145637,23.804555325543735,23.21661633264102,6262200.0,2022-07-13 01:30:00
24.016793853915456,23.753221592994365,23.197205086505736,6263100.0,2022-07-13 01:45:00
23.910299306145767,23.694793751724088,23.17585971218648,6264000.0,2022-07-13 02:00:00
23.78288001132377,23.63130426307637,23.15222667695356,6264900.0,2022-07-13 02:15:00
23.672805035301305,23.566709812541987,23.12650214037722,6265800.0,2022-07-13 02:30:00
23.561134987436176,23.498385806470345,23.09818958863797,6266700.0,2022-07-13 02:45:00
23.38066542123364,23.420623624551045,23.067016619227125,6267600.0,2022-07-13 03:00:00
23.266618646299893,23.337854068546346,23.032044182866684,6268500.0,2022-07-13 03:15:00
23.16113291597937,23.2631151631338,22.995348895325243,6269400.0,2022-07-13 03:30:00
23.077899215535123,23.18784508916756,22.95711854983388,6270300.0,2022-07-13 03:45:00
22.990826760186,23.117295494639134,22.91808444303036,6271200.0,2022-07-13 04:00:00
22.881976916579124,23.047812903620063,22.87895891342034,6272100.0,2022-07-13 04:15:00
22.771414782291554,22.975424239117512,22.83933506768965,6273000.0,2022-07-13 04:30:00
22.6820675889636,22.9051237051403,22.799211234818927,6273900.0,2022-07-13 04:45:00
22.624439577482047,22.83844882547284,22.75862144610141,6274800.0,2022-07-13 05:00:00
22.55021627167164,22.777006063700284,22.71856959346604,6275700.0,2022-07-13 05:15:00
22.44896052123834,22.71108808323188,22.678202933938348,6276600.0,2022-07-13 05:30:00
22.37489725309852,22.64778851667676,22.63763067321207,6277500.0,2022-07-13 05:45:00
22.294896567840805,22.58445597157996,22.59703397006448,6278400.0,2022-07-13 06:00:00
22.13933456202845,22.514899928032204,22.555578949338248,6279300.0,2022-07-13 06:15:00
22.006534418782586,22.436756732271,22.51218466175357,6280200.0,2022-07-13 06:30:00
21.953410559111635,22.365445234777884,22.467665897917158,6281100.0,2022-07-13 06:45:00
21.910313552747585,22.301887851913637,22.42315603295378,6282000.0,2022-07-13 07:00:00
21.889645404605723,22.266580508653806,22.382376011697147,6282900.0,2022-07-13 07:15:00
21.86514686388648,22.215566853144026,22.342540017755727,6283800.0,2022-07-13 07:30:00
21.844975373326243,22.171619366670384,22.30395330184984,6284700.0,2022-07-13 07:45:00
21.827862559021437,22.132006810203947,22.266959987261064,6285600.0,2022-07-13 08:00:00
21.81429353380971,22.098143133337288,22.23198484258921,6286500.0,2022-07-13 08:15:00
21.815914493008176,22.06468857188632,22.198421471938936,6287400.0,2022-07-13 08:30:00
21.83120412507357,22.04399781097939,22.167676126140844,6288300.0,2022-07-13 08:45:00
21.857723577975275,22.029836731995054,22.13989312619463,6289200.0,2022-07-13 09:00:00
21.893164831994497,22.0217060777796,22.115153631431205,6290100.0,2022-07-13 09:15:00
21.938212580239345,22.023154570181493,22.094072097312843,6291000.0,2022-07-13 09:30:00
21.989620087125672,22.028458583956677,22.076371007900708,6291900.0,2022-07-13 09:45:00
22.051503503691976,22.03918370720257,22.062047666307198,6292800.0,2022-07-13 10:00:00
22.124638099369545,22.0546851024629,22.050996144012743,6293700.0,2022-07-13 10:15:00
22.20870974438519,22.077019498731392,22.043648116715655,6294600.0,2022-07-13 10:30:00
22.30903640372715,22.111758386251097,22.04100691169185,6295500.0,2022-07-13 10:45:00
22.424361010921636,22.15432495440508,22.043026757891592,6296400.0,2022-07-13 11:00:00
22.540848274827145,22.20293917676147,22.04951209415349,6297300.0,2022-07-13 11:15:00
22.66244201670464,22.26214523560047,22.061362219423497,6298200.0,2022-07-13 11:30:00
22.78203084680256,22.316160713010895,22.076409163947588,6299100.0,2022-07-13 11:45:00
22.91878636534474,22.38883576021573,22.096695468253323,6300000.0,2022-07-13 12:00:00
23.06945496972828,22.466972986770152,22.122293522487773,6300900.0,2022-07-13 12:15:00
23.21583491911848,22.545271887162976,22.152355061079746,6301800.0,2022-07-13 12:30:00
23.377405554942474,22.631733929006987,22.187023315468775,6302700.0,2022-07-13 12:45:00
23.539975699090768,22.719684565671425,22.22484974105785,6303600.0,2022-07-13 13:00:00
23.711854195019296,22.81965932237832,22.267180603143505,6304500.0,2022-07-13 13:15:00
23.88961350573258,22.92673693169805,22.31540004757322,6305400.0,2022-07-13 13:30:00
24.08479375122415,23.037183576387346,22.368143691282192,6306300.0,2022-07-13 13:45:00
24.263490517642072,23.149486885996723,22.42453991966032,6307200.0,2022-07-13 14:00:00
24.44684734701304,23.272161941317048,22.486077719370435,6308100.0,2022-07-13 14:15:00
24.614320814892093,23.38529934127532,22.54971275438005,6309000.0,2022-07-13 14:30:00
24.785908439352312,23.509435202707063,22.617457523422804,6309900.0,2022-07-13 14:45:00
24.952502124272712,23.63499123115483,22.68872517217088,6310800.0,2022-07-13 15:00:00
25.120444873660595,23.7529594923478,22.761247555787964,6311700.0,2022-07-13 15:15:00
25.260449280452324,23.8700809401098,22.834921975395964,6312600.0,2022-07-13 15:30:00
25.397775626003305,23.98861689970164,22.91045639330068,6313500.0,2022-07-13 15:45:00
25.540033979448953,24.09976713039544,22.986129972170996,6314400.0,2022-07-13 16:00:00
25.66383925547168,24.209238612290893,23.061791418012945,6315300.0,2022-07-13 16:15:00
25.7758785859834,24.31524558402744,23.13712276298834,6316200.0,2022-07-13 16:30:00
25.872591166285137,24.411218181132742,23.210797860011056,6317100.0,2022-07-13 16:45:00
25.956498124246203,24.50275502979833,23.282984178901543,6318000.0,2022-07-13 17:00:00
26.041827552905055,24.59801678029668,23.355540123266845,6318900.0,2022-07-13 17:15:00
26.12344536454533,24.681354235119628,23.425909628210267,6319800.0,2022-07-13 17:30:00
26.20270503861005,24.76119958855978,23.493354396515976,6320700.0,2022-07-13 17:45:00
26.263930884179835,24.831844035575013,23.55788075169376,6321600.0,2022-07-13 18:00:00
26.32669694451808,24.90530042100257,23.62115450046106,6322500.0,2022-07-13 18:15:00
26.38593721386152,24.975198120059265,23.68242051828252,6323400.0,2022-07-13 18:30:00
26.42720074496503,25.03666085500553,23.74232753352292,6324300.0,2022-07-13 18:45:00
26.464804450387472,25.093192036791834,23.799953562254338,6325200.0,2022-07-13 19:00:00
26.483995007347907,25.13453374004567,23.853765176394766,6326100.0,2022-07-13 19:15:00
26.47804861044548,25.17627425680307,23.904970259509543,6327000.0,2022-07-13 19:30:00
26.466393036001243,25.212898746828287,23.953098961153795,6327900.0,2022-07-13 19:45:00
26.447573556293783,25.23514284013681,23.99698852485884,6328800.0,2022-07-13 20:00:00
26.400730543204983,25.250301926704296,24.036834362792767,6329700.0,2022-07-13 20:15:00
26.329227391139295,25.25333708758839,24.07195718896283,6330600.0,2022-07-13 20:30:00
26.23888510955219,25.248914310089766,24.10313993784569,6331500.0,2022-07-13 20:45:00
26.133628355199512,25.223345339620806,24.125370621095097,6332400.0,2022-07-13 21:00:00
26.02609926338751,25.19718537434557,24.14346867012705,6333300.0,2022-07-13 21:15:00
25.91472673654282,25.16484088654573,24.15694822588506,6334200.0,2022-07-13 21:30:00
25.802135232500504,25.120176090798,24.16422493051832,6335100.0,2022-07-13 21:45:00
25.69334604919566,25.071519022535664,24.166045966920898,6336000.0,2022-07-13 22:00:00
25.592031318081897,25.026480600889645,24.165947547491623,6336900.0,2022-07-13 22:15:00
25.49179908717594,24.97363940804459,24.162438400703696,6337800.0,2022-07-13 22:30:00
25.395665323449144,24.915549036723945,24.15401888694597,6338700.0,2022-07-13 22:45:00
25.301861000046863,24.868668159910168,24.14396138774499,6339600.0,2022-07-13 23:00:00
25.20359644758848,24.812537386165783,24.13095073890782,6340500.0,2022-07-13 23:15:00
25.108655434473917,24.756597318419725,24.11520496497604,6341400.0,2022-07-13 23:30:00
25.01467548755665,24.700155968473535,24.09789755000243,6342300.0,2022-07-13 23:45:00
24.924865085659963,24.642283595188427,24.078809273863204,6343200.0,2022-07-14 00:00:00
24.837369867561137,24.589324951324343,24.057690289563464,6344100.0,2022-07-14 00:15:00
24.7464864604612,24.53384912612784,24.03593206407797,6345000.0,2022-07-14 00:30:00
24.650905508805863,24.476068615061376,24.012983091653435,6345900.0,2022-07-14 00:45:00
24.54918306976249,24.41353400105152,23.98717980480255,6346800.0,2022-07-14 01:00:00
24.44183294361138,24.347896923855505,23.959042880945844,6347700.0,2022-07-14 01:15:00
24.33078078077786,24.284759503070187,23.9297908723378,6348600.0,2022-07-14 01:30:00
24.21223431464233,24.216389757908026,23.89879308792069,6349500.0,2022-07-14 01:45:00
24.09509353094831,24.14590672487052,23.86608706765433,6350400.0,2022-07-14 02:00:00
23.969720740962558,24.067656015048406,23.82976734825184,6351300.0,2022-07-14 02:15:00
23.819861915905527,23.989805737416777,23.791928599438062,6352200.0,2022-07-14 02:30:00
23.677169454044215,23.90639679590293,23.751314084518587,6353100.0,2022-07-14 02:45:00
23.541778128404182,23.821195346506176,23.708879227703896,6354000.0,2022-07-14 03:00:00
23.414179824032363,23.733523772373356,23.664459415274425,6354900.0,2022-07-14 03:15:00
23.28877087468445,23.648855914415844,23.617969772295545,6355800.0,2022-07-14 03:30:00
23.172615640523823,23.563440965060543,23.569940974519987,6356700.0,2022-07-14 03:45:00
23.060989847270648,23.47647322969404,23.520447204181643,6357600.0,2022-07-14 04:00:00
22.9441404671179,23.391235161948007,23.46993853449557,6358500.0,2022-07-14 04:15:00
22.839984725744703,23.314605646488474,23.41970346051272,6359400.0,2022-07-14 04:30:00
22.730262754073937,23.232771267611287,23.369440529929427,6360300.0,2022-07-14 04:45:00
22.62183138738733,23.147994765014342,23.31815527326109,6361200.0,2022-07-14 05:00:00
22.519191388434493,23.0726542303641,23.266875780126387,6362100.0,2022-07-14 05:15:00
22.41910935854141,22.991524243144934,23.214725207371327,6363000.0,2022-07-14 05:30:00
22.32337365392249,22.91569936575028,23.162399092844165,6363900.0,2022-07-14 05:45:00
22.22489834380308,22.844126102485983,23.110291201216704,6364800.0,2022-07-14 06:00:00
22.143817284660248,22.767717309576675,23.05768886197369,6365700.0,2022-07-14 06:15:00
22.059842912772343,22.696238557614844,23.005001650138663,6366600.0,2022-07-14 06:30:00
21.979424646432804,22.627571788624607,22.95279831019134,6367500.0,2022-07-14 06:45:00
21.91091563316787,22.56271931021631,22.90149778159236,6368400.0,2022-07-14 07:00:00
21.847794695040456,22.497957290399142,22.85067199504225,6369300.0,2022-07-14 07:15:00
21.801247115641544,22.437159152445656,22.80041299483481,6370200.0,2022-07-14 07:30:00
21.759240562678286,22.38342953962764,22.75155890534016,6371100.0,2022-07-14 07:45:00
21.726315188272093,22.33369259789489,22.70431071531785,6372000.0,2022-07-14 08:00:00
21.702763611843697,22.28739321496792,22.658599737661454,6372900.0,2022-07-14 08:15:00
21.690517149649096,22.24521985035767,22.61450819702268,6373800.0,2022-07-14 08:30:00
21.687765762053477,22.210521655131583,22.57259823659645,6374700.0,2022-07-14 08:45:00
21.695847924223006,22.18322570375169,22.53309972960452,6375600.0,2022-07-14 09:00:00
21.7156027613538,22.16304801780735,22.49640693639016,6376500.0,2022-07-14 09:15:00
21.746373987283345,22.142949223667664,22.46221623953172,6377400.0,2022-07-14 09:30:00
21.78981704022075,22.13174028787266,22.43084793870629,6378300.0,2022-07-14 09:45:00
21.844489978088777,22.133607932557105,22.40332951779968,6379200.0,2022-07-14 10:00:00
21.910952909108133,22.137671430457623,22.3794433054533,6380100.0,2022-07-14 10:15:00
21.99020076795234,22.151963019331447,22.35950995673841,6381000.0,2022-07-14 10:30:00
22.071168235320975,22.168253659379477,22.34313265834228,6381900.0,2022-07-14 10:45:00
22.167327519994807,22.192106616005177,22.330526442870223,6382800.0,2022-07-14 11:00:00
22.263907124093187,22.226093594204983,22.322321180849457,6383700.0,2022-07-14 11:15:00
22.357673264682816,22.263572720842944,22.318288323083447,6384600.0,2022-07-14 11:30:00
22.463489010330917,22.30780752050733,22.318478816685865,6385500.0,2022-07-14 11:45:00
22.57463793665381,22.35778695554095,22.322971955490345,6386400.0,2022-07-14 12:00:00
22.69570200828388,22.407907353891975,22.3311606811967,6387300.0,2022-07-14 12:15:00
22.821540431368167,22.470482910324527,22.344038055173016,6388200.0,2022-07-14 12:30:00
22.938030808551847,22.52664414495168,22.35987741836194,6389100.0,2022-07-14 12:45:00
23.068343043548605,22.59469569369592,22.379745130645137,6390000.0,2022-07-14 13:00:00
23.198032519534458,22.666559920212777,22.40365386706189,6390900.0,2022-07-14 13:15:00
23.322533316395734,22.732837401495026,22.42994253498712,6391800.0,2022-07-14 13:30:00
23.457239783128284,22.813467302373827,22.460297577541173,6392700.0,2022-07-14 13:45:00
23.585304839682863,22.887969432248397,22.493194445734087,6393600.0,2022-07-14 14:00:00
23.7174082874895,22.972354491711783,22.52988861522545,6394500.0,2022-07-14 14:15:00
23.862078056340856,23.059106318247697,22.569669666217003,6395400.0,2022-07-14 14:30:00
23.992987834881408,23.144792875086335,22.611920848874988,6396300.0,2022-07-14 14:45:00
24.10734609016345,23.224425771054086,22.655327461109128,6397200.0,2022-07-14 15:00:00
24.213227530297814,23.30999969864293,22.700871454989155,6398100.0,2022-07-14 15:15:00
24.324816305769065,23.39507193918126,22.74907150599923,6399000.0,2022-07-14 15:30:00
24.438742664861355,23.47821015164793,22.799029318939738,6399900.0,2022-07-14 15:45:00
24.573597675142228,23.565565359762186,22.850999319601257,6400800.0,2022-07-14 16:00:00
24.71271881382842,23.65026740259804,22.903990952026525,6401700.0,2022-07-14 16:15:00
24.80334148328227,23.739427248379947,22.95898397213985,6402600.0,2022-07-14 16:30:00
24.881511018561767,23.81922747773574,23.014456309341217,6403500.0,2022-07-14 16:45:00
24.940112174821554,23.891664792237755,23.06902839895252,6404400.0,2022-07-14 17:00:00
24.988062334789152,23.959977297943475,23.12241410587587,6405300.0,2022-07-14 17:15:00
25.033627166326887,24.021943401995514,23.17415726040516,6406200.0,2022-07-14 17:30:00
25.067194140561053,24.07798457498951,23.22363135174752,6407100.0,2022-07-14 17:45:00
25.107741150825625,24.12620680692002,23.270013370850368,6408000.0,2022-07-14 18:00:00
25.1342187571724,24.17198947163524,23.31395887057058,6408900.0,2022-07-14 18:15:00
25.169821051028748,24.21363568623141,23.355827559596,6409800.0,2022-07-14 18:30:00
25.17382539356569,24.248538798514925,23.395214705909364,6410700.0,2022-07-14 18:45:00
25.170638316933868,24.281543892536728,23.432490351842127,6411600.0,2022-07-14 19:00:00
25.154454662742307,24.302977244990664,23.46718477192977,6412500.0,2022-07-14 19:15:00
25.138421210607408,24.318768342406543,23.4981218311253,6413400.0,2022-07-14 19:30:00
25.101815607772124,24.32827475614828,23.526456965224227,6414300.0,2022-07-14 19:45:00
25.06824608979305,24.333210765244097,23.55182225120016,6415200.0,2022-07-14 20:00:00
25.000498235072495,24.32850814606404,23.573422327225423,6416100.0,2022-07-14 20:15:00
24.907902053841415,24.311111277874414,23.59041345227196,6417000.0,2022-07-14 20:30:00
24.80346824389278,24.286573247607265,23.603069075515815,6417900.0,2022-07-14 20:45:00
24.68610678511864,24.24915237724368,23.6101311819397,6418800.0,2022-07-14 21:00:00
24.56999984287324,24.198253491576047,23.610305674105707,6419700.0,2022-07-14 21:15:00
24.445547775601828,24.15404086795184,23.60682518410604,6420600.0,2022-07-14 21:30:00
24.310095315084407,24.098410016588712,23.598882970552165,6421500.0,2022-07-14 21:45:00
24.16951727600779,24.032059265094432,23.585850219457967,6422400.0,2022-07-14 22:00:00
24.04449872593409,23.96211259671336,23.56777280119727,6423300.0,2022-07-14 22:15:00
23.92193085149094,23.893975344653526,23.546113432222448,6424200.0,2022-07-14 22:30:00
23.805358049689794,23.82500052998684,23.52144517396269,6425100.0,2022-07-14 22:45:00
23.688776572000936,23.757842267656414,23.49498492951463,6426000.0,2022-07-14 23:00:00
23.573911644940807,23.6828348534384,23.465450026215095,6426900.0,2022-07-14 23:15:00
23.460005182322337,23.612336481886526,23.43365729026073,6427800.0,2022-07-14 23:30:00
23.342495992472767,23.538203946416125,23.39995978589801,6428700.0,2022-07-14 23:45:00
23.22420358125644,23.455302667831685,23.362929256417797,6429600.0,2022-07-15 00:00:00
23.113163116431927,23.38646160792478,23.325243300865765,6430500.0,2022-07-15 00:15:00
22.995759892818267,23.31172790152324,23.286240384620154,6431400.0,2022-07-15 00:30:00
22.887166230900913,23.23679032741176,23.245748159597746,6432300.0,2022-07-15 00:45:00
22.771132074558643,23.157111223032715,23.203549636952623,6433200.0,2022-07-15 01:00:00
22.65612218447148,23.081551691623847,23.16025868233701,6434100.0,2022-07-15 01:15:00
22.543822663214353,23.003821782896534,23.115820372088795,6435000.0,2022-07-15 01:30:00
22.40984759676576,22.92365396950783,23.070276520760295,6435900.0,2022-07-15 01:45:00
22.26728437369985,22.839003436362898,23.022839604648283,6436800.0,2022-07-15 02:00:00
22.126919767179743,22.748633964546208,22.97281173722157,6437700.0,2022-07-15 02:15:00
21.99658507187414,22.662027783945053,22.921210945435803,6438600.0,2022-07-15 02:30:00
21.875428758268963,22.568969655143427,22.867395546977068,6439500.0,2022-07-15 02:45:00
21.75181701050636,22.483557219805537,22.81246042209692,6440400.0,2022-07-15 03:00:00
21.62912976643931,22.393468713498365,22.756359335013165,6441300.0,2022-07-15 03:15:00
21.50048444020544,22.30150496030273,22.698941134783244,6442200.0,2022-07-15 03:30:00
21.382181758091143,22.218039801041336,22.641238901958175,6443100.0,2022-07-15 03:45:00
21.25797588483055,22.124014212823848,22.58228508959024,6444000.0,2022-07-15 04:00:00
21.13276953427665,22.038385351035945,22.522845586193807,6444900.0,2022-07-15 04:15:00
21.013536945837693,21.947826212526763,22.462536972042443,6445800.0,2022-07-15 04:30:00
20.89608023418376,21.85829828087791,22.401385691662647,6446700.0,2022-07-15 04:45:00
20.7681174057036,21.767639129378583,22.339383199253017,6447600.0,2022-07-15 05:00:00
20.656584643235185,21.679122532220457,22.276788584872463,6448500.0,2022-07-15 05:15:00
20.55032243935955,21.592398025839547,22.21383286735622,6449400.0,2022-07-15 05:30:00
20.441755323821997,21.5062155507497,22.150687366638387,6450300.0,2022-07-15 05:45:00
20.32891369430189,21.420711458651592,22.087375137385827,6451200.0,2022-07-15 06:00:00
20.230498256748287,21.33552741615829,22.023770204984874,6452100.0,2022-07-15 06:15:00
20.142244653525548,21.250720089337904,21.96013368651264,6453000.0,2022-07-15 06:30:00
20.07221336614237,21.176457345295116,21.897080561748258,6453900.0,2022-07-15 06:45:00
20.006649846971065,21.102902208086523,21.83504327335291,6454800.0,2022-07-15 07:00:00
19.947018263733955,21.032290291367225,21.77420771651919,6455700.0,2022-07-15 07:15:00
19.898415049866617,20.968977551755533,21.714956343161127,6456600.0,2022-07-15 07:30:00
19.853182831443885,20.909830043329496,21.656921439658003,6457500.0,2022-07-15 07:45:00
19.813629645692263,20.850216823398952,21.60033636421221,6458400.0,2022-07-15 08:00:00
19.79087853532264,20.799653585667627,21.545645592059575,6459300.0,2022-07-15 08:15:00
19.78085493156919,20.75241667879525,21.493109359829276,6460200.0,2022-07-15 08:30:00
19.785600754719777,20.716476184555408,21.442998278099296,6461100.0,2022-07-15 08:45:00
19.805337798653248,20.68372212078537,21.395322477447248,6462000.0,2022-07-15 09:00:00
19.840367883783543,20.66038072431449,21.35050595522446,6462900.0,2022-07-15 09:15:00
19.883951493411388,20.641583384822106,21.308879275957967,6463800.0,2022-07-15 09:30:00
19.94760929762107,20.636293749311527,21.271265593393743,6464700.0,2022-07-15 09:45:00
20.02399206699449,20.63576315307399,21.237596823017437,6465600.0,2022-07-15 10:00:00
20.11651310864742,20.64958268593069,21.20801269303793,6466500.0,2022-07-15 10:15:00
20.219443444010768,20.666752448691422,21.18306110918388,6467400.0,2022-07-15 10:30:00
20.333718085900216,20.692424825454033,21.162634353746903,6468300.0,2022-07-15 10:45:00
20.45600247939911,20.72502843668804,21.146994659094528,6469200.0,2022-07-15 11:00:00
20.58454407305264,20.76828828854792,21.136714266821983,6470100.0,2022-07-15 11:15:00
20.718917096818295,20.818359891675417,21.131595234084983,6471000.0,2022-07-15 11:30:00
20.864874300754742,20.880361864606623,21.13208835108686,6471900.0,2022-07-15 11:45:00
21.009820036605507,20.9450906584566,21.13800642339183,6472800.0,2022-07-15 12:00:00
21.15404838408678,21.012809936230045,21.14872956414748,6473700.0,2022-07-15 12:15:00
21.304989163622963,21.0822500411186,21.164018127277554,6474600.0,2022-07-15 12:30:00
21.465977556797185,21.158442734414887,21.18367375200546,6475500.0,2022-07-15 12:45:00
21.63343232308753,21.24189609612785,21.207936307652503,6476400.0,2022-07-15 13:00:00
21.801939378029765,21.336223421861423,21.237660457529067,6477300.0,2022-07-15 13:15:00
21.976159471261496,21.430471853342475,21.272086102704364,6478200.0,2022-07-15 13:30:00
22.154074272392204,21.529566120934494,21.31096818038096,6479100.0,2022-07-15 13:45:00
22.32405419288598,21.633716768819276,21.354417457336243,6480000.0,2022-07-15 14:00:00
22.492528688617757,21.73944917554248,21.401886987740127,6480900.0,2022-07-15 14:15:00
22.66228940115945,21.84898529640668,21.45341666902877,6481800.0,2022-07-15 14:30:00
22.826726198169773,21.95988553957267,21.50857206884413,6482700.0,2022-07-15 14:45:00
22.98545806407081,22.06672130279272,21.56613111707317,6483600.0,2022-07-15 15:00:00
23.142537385627232,22.177863405500368,21.626360337929,6484500.0,2022-07-15 15:15:00
23.293577141114916,22.291628541351105,21.68952357120526,6485400.0,2022-07-15 15:30:00
23.425949032694607,22.401667785323827,21.7547470403759,6486300.0,2022-07-15 15:45:00
23.55019841539209,22.50093356277601,21.81977546634432,6487200.0,2022-07-15 16:00:00
23.675321116049453,22.609837151458727,21.88707099850776,6488100.0,2022-07-15 16:15:00
23.781743123608567,22.708190887622585,21.954733061705603,6489000.0,2022-07-15 16:30:00
23.890107144840005,22.79924539445856,22.021372970033696,6489900.0,2022-07-15 16:45:00
23.993343415437185,22.88705560946521,22.086512582120573,6490800.0,2022-07-15 17:00:00
24.09273956211585,22.980539201010405,22.152099613291448,6491700.0,2022-07-15 17:15:00
24.17405481276661,23.065315649668474,22.217091387953133,6492600.0,2022-07-15 17:30:00
24.244230971947843,23.14663638123327,22.28129953087338,6493500.0,2022-07-15 17:45:00
24.317695014038502,23.22024023317617,22.343255100174662,6494400.0,2022-07-15 18:00:00
24.37428003345673,23.29143916272853,22.40396535430836,6495300.0,2022-07-15 18:15:00
24.42560398917407,23.356497847888903,22.462721703567077,6496200.0,2022-07-15 18:30:00
24.462850410442975,23.418704534437392,22.520009150951388,6497100.0,2022-07-15 18:45:00
24.490582054715578,23.47029751241336,22.574413604195662,6498000.0,2022-07-15 19:00:00
24.516310885583493,23.52210430413849,22.627229550811663,6498900.0,2022-07-15 19:15:00
24.522869497815456,23.561061238955975,22.676560864748048,6499800.0,2022-07-15 19:30:00
24.516190776282127,23.59274583365592,22.72193022520894,6500700.0,2022-07-15 19:45:00
24.495097134303546,23.620982543422247,22.764288379746084,6501600.0,2022-07-15 20:00:00
24.444743048813383,23.634502642367917,22.802250706983557,6502500.0,2022-07-15 20:15:00
24.374759696776906,23.640621183675872,22.835652979891353,6503400.0,2022-07-15 20:30:00
24.285531769672275,23.629995950018174,22.862845936003527,6504300.0,2022-07-15 20:45:00
24.183567016516943,23.608753843852767,22.883641060070563,6505200.0,2022-07-15 21:00:00
24.06296525954111,23.574406471077484,22.89754538852432,6506100.0,2022-07-15 21:15:00
23.933950964205387,23.53068409328985,22.904953964028348,6507000.0,2022-07-15 21:30:00
23.801346590314377,23.487594323663767,22.907826818598327,6507900.0,2022-07-15 21:45:00
23.674424677042328,23.4310953956634,22.904999616531683,6508800.0,2022-07-15 22:00:00
23.55389199720372,23.372872696966905,22.897529383912367,6509700.0,2022-07-15 22:15:00
23.43511737351416,23.311807243266585,22.885949208176825,6510600.0,2022-07-15 22:30:00
23.3204186281813,23.24725897635224,22.870603851942978,6511500.0,2022-07-15 22:45:00
23.21039998670732,23.18553583431714,22.85249701598524,6512400.0,2022-07-15 23:00:00
23.098573751248427,23.118860230067465,22.831364766825395,6513300.0,2022-07-15 23:15:00
22.992498394289097,23.052759787716607,22.807554755327864,6514200.0,2022-07-15 23:30:00
22.889058306215222,22.985397620060255,22.781160809256438,6515100.0,2022-07-15 23:45:00
22.791193472299547,22.918347827108622,22.7525034017143,6516000.0,2022-07-16 00:00:00
22.68748900449274,22.85061805251196,22.721861121538733,6516900.0,2022-07-16 00:15:00
22.590492721565088,22.786700559507,22.69025187398308,6517800.0,2022-07-16 00:30:00
22.476272773004386,22.71862583042236,22.657496379084076,6518700.0,2022-07-16 00:45:00
22.35977240859205,22.649775964294747,22.623295541774425,6519600.0,2022-07-16 01:00:00
22.23967241951883,22.5722777468944,22.586582178794387,6520500.0,2022-07-16 01:15:00
22.117252126209443,22.50116918197841,22.548852853415923,6521400.0,2022-07-16 01:30:00
21.997390501634285,22.420618286419757,22.508862229408948,6522300.0,2022-07-16 01:45:00
21.864138872993426,22.341298364776566,22.466991159912126,6523200.0,2022-07-16 02:00:00
21.738451170668377,22.25607069152821,22.422741714360505,6524100.0,2022-07-16 02:15:00
21.605227883289455,22.17569601724212,22.377093797028664,6525000.0,2022-07-16 02:30:00
21.475557968517588,22.090935142909025,22.329832588358627,6525900.0,2022-07-16 02:45:00
21.358945561164056,22.00833548058569,22.28151083878607,6526800.0,2022-07-16 03:00:00
21.23022258653827,21.91908767699928,22.23133905863869,6527700.0,2022-07-16 03:15:00
21.110158968610445,21.833740933010287,22.179749238866687,6528600.0,2022-07-16 03:30:00
20.988312289176175,21.75160143587505,22.12771602930959,6529500.0,2022-07-16 03:45:00
20.860817098631703,21.664520756948864,22.07454586045634,6530400.0,2022-07-16 04:00:00
20.728368026431657,21.573589993432257,22.01982019462466,6531300.0,2022-07-16 04:15:00
20.601963261289328,21.482220567329403,21.963617672801767,6532200.0,2022-07-16 04:30:00
20.486334221660663,21.399338838997814,21.906946845042125,6533100.0,2022-07-16 04:45:00
20.364608668592886,21.3086664589365,21.84916527090742,6534000.0,2022-07-16 05:00:00
20.254207555123827,21.220876066133396,21.790673932434157,6534900.0,2022-07-16 05:15:00
20.14773001923172,21.13787566271846,21.731864325199112,6535800.0,2022-07-16 05:30:00
20.044257970132836,21.053585556127818,21.672854225844706,6536700.0,2022-07-16 05:45:00
19.94781332318152,20.972817217397157,21.613853330254027,6537600.0,2022-07-16 06:00:00
19.858418998946032,20.892636398638373,21.555006119274665,6538500.0,2022-07-16 06:15:00
19.765069891145053,20.81667493782368,21.49636316059715,6539400.0,2022-07-16 06:30:00
19.68573350100604,20.74429120445275,21.43818642413628,6540300.0,2022-07-16 06:45:00
19.609356856173907,20.66818244017217,21.38023720714411,6541200.0,2022-07-16 07:00:00
19.546000971559437,20.602551427566503,21.322960666314597,6542100.0,2022-07-16 07:15:00
19.48618480814019,20.5345514803262,21.266410722455785,6543000.0,2022-07-16 07:30:00
19.44765305101383,20.47598721823804,21.211184721703404,6543900.0,2022-07-16 07:45:00
19.41630381162174,20.41801977843068,21.15728580733195,6544800.0,2022-07-16 08:00:00
19.394053736688715,20.372952252735345,21.105277000485437,6545700.0,2022-07-16 08:15:00
19.376369667174895,20.3243950546362,21.05507152572557,6546600.0,2022-07-16 08:30:00
19.379399172377077,20.29008071519857,21.007144739981037,6547500.0,2022-07-16 08:45:00
19.40314955279436,20.2575670184427,20.96178012199607,6548400.0,2022-07-16 09:00:00
19.435384055932943,20.233047027166545,20.919242167402437,6549300.0,2022-07-16 09:15:00
19.491758818534805,20.225930777619983,20.880347915648333,6550200.0,2022-07-16 09:30:00
19.559269790347475,20.216952325437816,20.845123480678826,6551100.0,2022-07-16 09:45:00
19.64487044408168,20.221379797214105,20.81402363745056,6552000.0,2022-07-16 10:00:00
19.744360912664963,20.239950618097335,20.78762815317261,6552900.0,2022-07-16 10:15:00
19.852982895385036,20.260424660596193,20.765936366283015,6553800.0,2022-07-16 10:30:00
19.971826778887174,20.291884094681365,20.74936693932605,6554700.0,2022-07-16 10:45:00
20.09893072321433,20.328803875955685,20.737593862077325,6555600.0,2022-07-16 11:00:00
20.238617071515524,20.37721677756707,20.731135946613033,6556500.0,2022-07-16 11:15:00
20.387389470178253,20.434509167589106,20.730203820356035,6557400.0,2022-07-16 11:30:00
20.549826478667796,20.50543235633006,20.7352899699026,6558300.0,2022-07-16 11:45:00
20.708862887934966,20.576424083690565,20.7457637810381,6559200.0,2022-07-16 12:00:00
20.864143015991875,20.651665728097186,20.761136497656004,6560100.0,2022-07-16 12:15:00
21.025998596072416,20.732934161521168,20.78140357302985,6561000.0,2022-07-16 12:30:00
21.18752172253184,20.818662367087608,20.806508263818095,6561900.0,2022-07-16 12:45:00
21.358669085705863,20.911724858426727,20.836554511334164,6562800.0,2022-07-16 13:00:00
21.542297156720483,21.0087870556404,20.871440817598128,6563700.0,2022-07-16 13:15:00
21.726648816084705,21.109059180303586,20.910816832493992,6564600.0,2022-07-16 13:30:00
21.908189963740035,21.21405077841028,20.954559697145584,6565500.0,2022-07-16 13:45:00
22.077667231966743,21.32616346612465,21.003276281338408,6566400.0,2022-07-16 14:00:00
22.24840778572353,21.438660309511185,21.056177249955898,6567300.0,2022-07-16 14:15:00
22.421931921194677,21.552995194537615,21.112802192736574,6568200.0,2022-07-16 14:30:00
22.57654288295336,21.66441220524588,21.172233647794496,6569100.0,2022-07-16 14:45:00
22.714551442842403,21.778009103515444,21.234649459992447,6570000.0,2022-07-16 15:00:00
22.863807046339744,21.889126238503792,21.299135137960647,6570900.0,2022-07-16 15:15:00
23.008110204542326,21.99450473209219,21.364557329666606,6571800.0,2022-07-16 15:30:00
23.157354126481764,22.105531935191745,21.431708066386474,6572700.0,2022-07-16 15:45:00
23.29164267282388,22.212696002340945,21.50001344660394,6573600.0,2022-07-16 16:00:00
23.422165568634043,22.3201044737082,21.569575214802004,6574500.0,2022-07-16 16:15:00
23.53903222786513,22.42137997349186,21.639241962296914,6575400.0,2022-07-16 16:30:00
23.659189043581968,22.526482377171074,21.710002248793263,6576300.0,2022-07-16 16:45:00
23.76783915356685,22.61931021365113,21.779656535426728,6577200.0,2022-07-16 17:00:00
23.86208604686363,22.714464882133825,21.849226842685773,6578100.0,2022-07-16 17:15:00
23.931925870085493,22.804474526075193,21.918454109484923,6579000.0,2022-07-16 17:30:00
24.01446768347145,22.892849706188684,21.987749855104695,6579900.0,2022-07-16 17:45:00
24.085443381864124,22.96422621526364,22.05371750726222,6580800.0,2022-07-16 18:00:00
24.15439836116312,23.045253588789205,22.11922681519864,6581700.0,2022-07-16 18:15:00
24.215938172241607,23.116125202302765,22.182999654631505,6582600.0,2022-07-16 18:30:00
24.262939438055167,23.180495751335872,22.243682844971335,6583500.0,2022-07-16 18:45:00
24.299030969496062,23.242336600868423,22.30211550103393,6584400.0,2022-07-16 19:00:00
24.318862498630253,23.293645938811643,22.357421434444333,6585300.0,2022-07-16 19:15:00
24.334269382264345,23.33916932618727,22.40949817655113,6586200.0,2022-07-16 19:30:00
24.341446230865017,23.37661340128587,22.457824360513847,6587100.0,2022-07-16 19:45:00
24.33093804581144,23.405714335031373,22.502143633213823,6588000.0,2022-07-16 20:00:00
24.307200209230988,23.433337934755983,22.544079834022803,6588900.0,2022-07-16 20:15:00
24.278414780323914,23.44728284982708,22.581758389677404,6589800.0,2022-07-16 20:30:00
24.21983120697712,23.453812612326203,22.614783302005193,6590700.0,2022-07-16 20:45:00
24.144056608219017,23.44700024290229,22.642386457930947,6591600.0,2022-07-16 21:00:00
24.05703502891404,23.43791364978408,22.666161960813437,6592500.0,2022-07-16 21:15:00
23.959208202433427,23.411330821911687,22.683490154235127,6593400.0,2022-07-16 21:30:00
23.858456919360087,23.381701596579973,22.69574780235011,6594300.0,2022-07-16 21:45:00
23.75678952673293,23.342311892967945,22.70265167702281,6595200.0,2022-07-16 22:00:00
23.657345412978326,23.30481265937532,22.705736964055205,6596100.0,2022-07-16 22:15:00
23.556494060448856,23.25195763188631,22.702974608434214,6597000.0,2022-07-16 22:30:00
23.459462827878163,23.206372177868754,22.698037696625864,6597900.0,2022-07-16 22:45:00
23.363343789437632,23.15856175021516,22.690895941560175,6598800.0,2022-07-16 23:00:00
23.271081061104063,23.10705345959327,22.681034580960375,6599700.0,2022-07-16 23:15:00
23.182786782239543,23.05519211915607,22.668223026621387,6600600.0,2022-07-16 23:30:00
23.098276141460868,23.007484867632463,22.65375916684315,6601500.0,2022-07-16 23:45:00
23.01566705040941,22.952941235250705,22.6369091102037,6602400.0,2022-07-17 00:00:00
22.928018857854624,22.899462110980128,22.61816067511296,6603300.0,2022-07-17 00:15:00
22.828863241438818,22.84562055460836,22.59764686798284,6604200.0,2022-07-17 00:30:00
22.73121583903604,22.7847554945886,22.574648732332356,6605100.0,2022-07-17 00:45:00
22.63351373240779,22.724324702118707,22.54949209040908,6606000.0,2022-07-17 01:00:00
22.54002356855096,22.66730931812407,22.522923383873987,6606900.0,2022-07-17 01:15:00
22.441506896236056,22.603013780511688,22.49432173388698,6607800.0,2022-07-17 01:30:00
22.33024585397812,22.54141552174739,22.464385493710395,6608700.0,2022-07-17 01:45:00
22.217707872385937,22.473368830902626,22.432179899460916,6609600.0,2022-07-17 02:00:00
22.11372825371651,22.406754528100848,22.398537901874313,6610500.0,2022-07-17 02:15:00
22.005955822172933,22.336936301669287,22.363180500074904,6611400.0,2022-07-17 02:30:00
21.90785528352747,22.271285181163645,22.32663689360437,6612300.0,2022-07-17 02:45:00
21.801946432536784,22.20061388600253,22.288558118214105,6613200.0,2022-07-17 03:00:00
21.699320794737925,22.128563409226327,22.2489128161003,6614100.0,2022-07-17 03:15:00
21.613534820098952,22.057336450174983,22.20772619302936,6615000.0,2022-07-17 03:30:00
21.52846195924029,21.989831436101717,22.16567806940538,6615900.0,2022-07-17 03:45:00
21.44896193444913,21.925156398533296,22.12349567225184,6616800.0,2022-07-17 04:00:00
21.350031013093457,21.85795145346693,22.08090929744798,6617700.0,2022-07-17 04:15:00
21.2566634822773,21.79172096358768,22.037883262509567,6618600.0,2022-07-17 04:30:00
21.148357633102822,21.723379043111365,21.994154844530655,6619500.0,2022-07-17 04:45:00
21.0467119917394,21.652244607349616,21.9493772351614,6620400.0,2022-07-17 05:00:00
20.958954572290327,21.579183789705557,21.903286509460408,6621300.0,2022-07-17 05:15:00
20.87113759437829,21.513878074871396,21.856891908040584,6622200.0,2022-07-17 05:30:00
20.788750926940757,21.444434151340964,21.809848979183982,6623100.0,2022-07-17 05:45:00
20.707222140958187,21.380192848812666,21.76278375265585,6624000.0,2022-07-17 06:00:00
20.62992476715024,21.309301013818352,21.71505746418336,6624900.0,2022-07-17 06:15:00
20.551250381302935,21.24853598558142,21.6677595599024,6625800.0,2022-07-17 06:30:00
20.481797825082488,21.1827226781476,21.620316595893723,6626700.0,2022-07-17 06:45:00
20.419924605328852,21.120372732846405,21.573112744489794,6627600.0,2022-07-17 07:00:00
20.371375917501812,21.071562171405308,21.52728562091666,6628500.0,2022-07-17 07:15:00
20.323766563273463,21.017472510107385,21.482206561511777,6629400.0,2022-07-17 07:30:00
20.282878166545597,20.964581388218534,21.437860048477333,6630300.0,2022-07-17 07:45:00
20.260841294981624,20.918535025192572,21.394753062301717,6631200.0,2022-07-17 08:00:00
20.244012941535946,20.879360026994306,21.353417147054884,6632100.0,2022-07-17 08:15:00
20.246602419119007,20.848047279942975,21.31433813226229,6633000.0,2022-07-17 08:30:00
20.261721842369752,20.82220419528877,21.27769851038211,6633900.0,2022-07-17 08:45:00
20.285639027812508,20.801001957001333,21.243733227922583,6634800.0,2022-07-17 09:00:00
20.323043609757026,20.78679527183925,21.212718445364374,6635700.0,2022-07-17 09:15:00
20.364932687371493,20.781606324739418,21.185099923229167,6636600.0,2022-07-17 09:30:00
20.404433540884632,20.78418799201318,21.161107597295526,6637500.0,2022-07-17 09:45:00
20.456481022705248,20.78545735491432,21.140043314903988,6638400.0,2022-07-17 10:00:00
20.529520598607945,20.793834786662305,21.122011879430215,6639300.0,2022-07-17 10:15:00
20.629212997248327,20.81663415530252,21.108090197756628,6640200.0,2022-07-17 10:30:00
20.75085538042854,20.85365325904479,21.09932802636961,6641100.0,2022-07-17 10:45:00
20.878870797489625,20.893982663875693,21.0953621862764,6642000.0,2022-07-17 11:00:00
21.009259087299764,20.94197204893301,21.09627377784019,6642900.0,2022-07-17 11:15:00
21.13725164628796,20.99810182466088,21.102231406250063,6643800.0,2022-07-17 11:30:00
21.27792104746379,21.065618897925965,21.113726656072544,6644700.0,2022-07-17 11:45:00
21.422013311397187,21.13613189437361,21.130304884212343,6645600.0,2022-07-17 12:00:00
21.570666111489544,21.209309069116117,21.151487867407536,6646500.0,2022-07-17 12:15:00
21.72913595719293,21.292912267762055,21.177599377045127,6647400.0,2022-07-17 12:30:00
21.88879635641675,21.38106583681424,21.20863691337886,6648300.0,2022-07-17 12:45:00
22.05012352547755,21.467498921250204,21.24349318156768,6649200.0,2022-07-17 13:00:00
22.22026752146355,21.566416075262207,21.28340151177805,6650100.0,2022-07-17 13:15:00
22.418629366499847,21.67247961095737,21.32842757440739,6651000.0,2022-07-17 13:30:00
22.615012197166475,21.78310570514785,21.378263261307527,6651900.0,2022-07-17 13:45:00
22.793285891049944,21.90039787654979,21.433345791611316,6652800.0,2022-07-17 14:00:00
22.962169794668824,22.01763476141756,21.49299224456852,6653700.0,2022-07-17 14:15:00
23.115472848226958,22.133596065408096,21.556366068975414,6654600.0,2022-07-17 14:30:00
23.26348553718686,22.24864987089802,21.622688598816293,6655500.0,2022-07-17 14:45:00
23.39983437792164,22.36310197261534,21.691557804868285,6656400.0,2022-07-17 15:00:00
23.540428719941275,22.47610285370288,21.76237427363524,6657300.0,2022-07-17 15:15:00
23.68350988865656,22.583619590497246,21.8337792546549,6658200.0,2022-07-17 15:30:00
23.8128338690505,22.69256072509188,21.906214384738792,6659100.0,2022-07-17 15:45:00
23.93745847180371,22.799284380054274,21.97937377261633,6660000.0,2022-07-17 16:00:00
24.05058330250868,22.900957584298805,22.052699784010123,6660900.0,2022-07-17 16:15:00
24.19550976220032,23.01091479138462,22.128108458886896,6661800.0,2022-07-17 16:30:00
24.307248931223008,23.11180596701429,22.203875363568528,6662700.0,2022-07-17 16:45:00
24.40386504236006,23.209408984849347,22.279198436781034,6663600.0,2022-07-17 17:00:00
24.50389075704448,23.305059648526125,22.35454018681272,6664500.0,2022-07-17 17:15:00
24.59410973564236,23.39785469011741,22.42930889212975,6665400.0,2022-07-17 17:30:00
24.693477683374063,23.485848519369927,22.502887032926346,6666300.0,2022-07-17 17:45:00
24.775847978466448,23.56673887470893,22.57398750797448,6667200.0,2022-07-17 18:00:00
24.849977067542145,23.653745226875444,22.64458481463287,6668100.0,2022-07-17 18:15:00
24.90619986401234,23.729861021077603,22.71323776938608,6669000.0,2022-07-17 18:30:00
24.945842012724384,23.79602724427709,22.77844992350636,6669900.0,2022-07-17 18:45:00
24.984957799304848,23.85895288972008,22.840647836792353,6670800.0,2022-07-17 19:00:00
25.01626322655768,23.916098397015944,22.899832527124147,6671700.0,2022-07-17 19:15:00
25.033397325493336,23.96620217197905,22.955607852932083,6672600.0,2022-07-17 19:30:00
25.044975728647632,24.010160562453407,23.008083426938295,6673500.0,2022-07-17 19:45:00
25.037888926998185,24.04564023089341,23.05649552857763,6674400.0,2022-07-17 20:00:00
25.011081450897557,24.06512090689325,23.098959050442488,6675300.0,2022-07-17 20:15:00
24.964511052495933,24.08195554384584,23.137207539639896,6676200.0,2022-07-17 20:30:00
24.894264509799918,24.0832594042622,23.169901225774197,6677100.0,2022-07-17 20:45:00
24.81513360110164,24.07328899867241,23.19648498268108,6678000.0,2022-07-17 21:00:00
24.7273668379018,24.06003565336699,23.218212684333807,6678900.0,2022-07-17 21:15:00
24.631199001456665,24.03546062043179,23.234702941137613,6679800.0,2022-07-17 21:30:00
24.527388760250936,24.003895146494585,23.246518129289377,6680700.0,2022-07-17 21:45:00
24.41874027740973,23.963877414603655,23.253519637720583,6681600.0,2022-07-17 22:00:00
24.315102804231405,23.920007381819516,23.255901608759768,6682500.0,2022-07-17 22:15:00
24.214527615518183,23.870896517882997,23.253733223105755,6683400.0,2022-07-17 22:30:00
24.118474771716176,23.823287550132942,23.24825361696039,6684300.0,2022-07-17 22:45:00
24.022059946118752,23.768766956448957,23.238859704029785,6685200.0,2022-07-17 23:00:00
23.92395071535904,23.715016213464253,23.226265893471453,6686100.0,2022-07-17 23:15:00
23.825588773558135,23.660188285722786,23.21098321718992,6687000.0,2022-07-17 23:30:00
23.729606839901145,23.603554630004467,23.1929781460302,6687900.0,2022-07-17 23:45:00
23.635802192997936,23.547423712807447,23.172957200002255,6688800.0,2022-07-18 00:00:00
23.53879562887745,23.487702142263917,23.15072891279894,6689700.0,2022-07-18 00:15:00
23.442772714870475,23.42738051817109,23.126106538324336,6690600.0,2022-07-18 00:30:00
23.349333850316135,23.362168408998063,23.098878120855268,6691500.0,2022-07-18 00:45:00
23.25743120835001,23.30530588699728,23.070718511296,6692400.0,2022-07-18 01:00:00
23.163292388986168,23.244730663074478,23.04153275824119,6693300.0,2022-07-18 01:15:00
23.06637441465264,23.182064888884558,23.010943999959554,6694200.0,2022-07-18 01:30:00
22.95747930101996,23.11530335138275,22.978798397112374,6695100.0,2022-07-18 01:45:00
22.850078346304056,23.052344609442883,22.946158582800894,6696000.0,2022-07-18 02:00:00
22.73778617853118,22.979627768243425,22.911141307735218,6696900.0,2022-07-18 02:15:00
22.638316902682625,22.907413643557035,22.873866726660317,6697800.0,2022-07-18 02:30:00
22.5396442288944,22.8400779701044,22.83553820968364,6698700.0,2022-07-18 02:45:00
22.440139516111262,22.770154639868448,22.79599694477179,6699600.0,2022-07-18 03:00:00
22.343084327812917,22.698550564923806,22.75503913520309,6700500.0,2022-07-18 03:15:00
22.247505847481637,22.63249829649413,22.713663509082384,6701400.0,2022-07-18 03:30:00
22.140628642708748,22.55953627229784,22.67116438341226,6702300.0,2022-07-18 03:45:00
22.032083909184685,22.486430474778377,22.627654623543112,6703200.0,2022-07-18 04:00:00
21.90811869234172,22.409857750382525,22.582828343666563,6704100.0,2022-07-18 04:15:00
21.79794691648852,22.335239626805848,22.537067073265597,6705000.0,2022-07-18 04:30:00
21.70102368918694,22.259975386436096,22.490104975772898,6705900.0,2022-07-18 04:45:00
21.6043051034052,22.18219568414904,22.4418609720256,6706800.0,2022-07-18 05:00:00
21.508496652991248,22.107258601823993,22.392842581655025,6707700.0,2022-07-18 05:15:00
21.413607139190013,22.03731136413276,22.343698713345983,6708600.0,2022-07-18 05:30:00
21.326741677935544,21.966324501087644,22.29445031541901,6709500.0,2022-07-18 05:45:00
21.24326959371588,21.89299888926947,22.24469660821884,6710400.0,2022-07-18 06:00:00
21.161648051772755,21.82253995645799,22.19482256655657,6711300.0,2022-07-18 06:15:00
21.087541878411027,21.763653835554837,22.14605875698489,6712200.0,2022-07-18 06:30:00
21.016991229545077,21.69615076241561,22.097306719416576,6713100.0,2022-07-18 06:45:00
20.956662446527066,21.632228256004577,22.048667142168913,6714000.0,2022-07-18 07:00:00
20.894417009890383,21.574531028423927,22.00080568927609,6714900.0,2022-07-18 07:15:00
20.84445517242757,21.52069554929196,21.953950913907583,6715800.0,2022-07-18 07:30:00
20.803417341541326,21.467441883158124,21.908064102158622,6716700.0,2022-07-18 07:45:00
20.774366414176075,21.42032339857942,21.863487080377823,6717600.0,2022-07-18 08:00:00
20.755691145391307,21.37732557196645,21.820251792366907,6718500.0,2022-07-18 08:15:00
20.74726829433597,21.33752810104164,21.77861644085656,6719400.0,2022-07-18 08:30:00
20.755147204110852,21.308708146475645,21.7395294141448,6720300.0,2022-07-18 08:45:00
20.7747894534764,21.2797434316942,21.702565376729645,6721200.0,2022-07-18 09:00:00
20.813646841486005,21.269572587843736,21.669090628044785,6722100.0,2022-07-18 09:15:00
20.866605642425423,21.264560344947625,21.639284299884945,6723000.0,2022-07-18 09:30:00
20.93470583713594,21.265490135905228,21.613235947129315,6723900.0,2022-07-18 09:45:00
21.019508624264752,21.275713485185207,21.59139374712957,6724800.0,2022-07-18 10:00:00
21.118483518440144,21.296413497132487,21.574402777088967,6725700.0,2022-07-18 10:15:00
21.232331546170396,21.327908350868054,21.562487659084237,6726600.0,2022-07-18 10:30:00
21.358960463582584,21.368623191854805,21.55570059299872,6727500.0,2022-07-18 10:45:00
21.49533450510001,21.42026401069602,21.55456792036236,6728400.0,2022-07-18 11:00:00
21.636798901785667,21.474916734786635,21.558657753385745,6729300.0,2022-07-18 11:15:00
21.7875454414668,21.541533281201083,21.568418430619754,6730200.0,2022-07-18 11:30:00
21.949949456588502,21.61810514440704,21.58430993675544,6731100.0,2022-07-18 11:45:00
22.119427028771167,21.698212685231976,21.605608281719505,6732000.0,2022-07-18 12:00:00
22.29370558764925,21.78936433168248,21.632815746951756,6732900.0,2022-07-18 12:15:00
22.467099272343148,21.88492301288602,21.6657005201743,6733800.0,2022-07-18 12:30:00
22.651072631763117,21.988612546166127,21.704485157535068,6734700.0,2022-07-18 12:45:00
22.83481509832741,22.09348409097231,21.748258599260623,6735600.0,2022-07-18 13:00:00
23.02552250224129,22.208001722023035,21.79747748411144,6736500.0,2022-07-18 13:15:00
23.216612421850996,22.3237882299238,21.851412715261816,6737400.0,2022-07-18 13:30:00
23.404015827446525,22.439679112269783,21.909131424113745,6738300.0,2022-07-18 13:45:00
23.59211871135056,22.56828195044629,21.972248111052952,6739200.0,2022-07-18 14:00:00
23.782273046778517,22.696520990697994,22.03979770255082,6740100.0,2022-07-18 14:15:00
23.960536898220816,22.825819807503823,22.111186756273028,6741000.0,2022-07-18 14:30:00
24.140316592718133,22.9538218305028,22.185701051100803,6741900.0,2022-07-18 14:45:00
24.30895386589904,23.081887812947237,22.262603748340982,6742800.0,2022-07-18 15:00:00
24.478626488753548,23.209544520156182,22.34137853141503,6743700.0,2022-07-18 15:15:00
24.640885095610177,23.338907221215667,22.422360377257696,6744600.0,2022-07-18 15:30:00
24.798157406229073,23.46372843615368,22.504444956364168,6745500.0,2022-07-18 15:45:00
24.954897565727467,23.58547476225084,22.586888552423886,6746400.0,2022-07-18 16:00:00
25.097100394684567,23.706698340162152,22.669951278599665,6747300.0,2022-07-18 16:15:00
25.22242636038788,23.816315437607205,22.75150383489633,6748200.0,2022-07-18 16:30:00
25.339526657408538,23.93472112707197,22.83450981062504,6749100.0,2022-07-18 16:45:00
25.447709793499456,24.04148440688322,22.916929174960583,6750000.0,2022-07-18 17:00:00
25.55603262434808,24.141913882801514,22.997282968698972,6750900.0,2022-07-18 17:15:00
25.6449112834175,24.24135834904729,23.076708443217296,6751800.0,2022-07-18 17:30:00
25.723550938640532,24.332790330942945,23.154869639371118,6752700.0,2022-07-18 17:45:00
25.79123062856561,24.41612527474861,23.230811075166425,6753600.0,2022-07-18 18:00:00
25.863545650584488,24.49572144350645,23.304303756371908,6754500.0,2022-07-18 18:15:00
25.93484919834348,24.57594939044384,23.376546361147927,6755400.0,2022-07-18 18:30:00
26.00707754422625,24.648504683035625,23.44637870580869,6756300.0,2022-07-18 18:45:00
26.05716082440297,24.718437216478137,23.51369158118044,6757200.0,2022-07-18 19:00:00
26.10250979778749,24.785702710925957,23.579409080193862,6758100.0,2022-07-18 19:15:00
26.139139117446227,24.84426871363392,23.642354722842352,6759000.0,2022-07-18 19:30:00
26.15871867088282,24.889280903968533,23.70040281167187,6759900.0,2022-07-18 19:45:00
26.163893466384497,24.93698171828449,23.755712486961187,6760800.0,2022-07-18 20:00:00
26.145294608831367,24.97421836763911,23.80801875362568,6761700.0,2022-07-18 20:15:00
26.113115919153397,25.00085972962315,23.8563994738464,6762600.0,2022-07-18 20:30:00
26.071911843533613,25.0157156605547,23.899512584327866,6763500.0,2022-07-18 20:45:00
26.018714367742117,25.02336926937677,23.938170405107343,6764400.0,2022-07-18 21:00:00
25.954748253255765,25.023938775038093,23.97207688215109,6765300.0,2022-07-18 21:15:00
25.885111232066212,25.016914097604253,24.00107671858567,6766200.0,2022-07-18 21:30:00
25.806054687674145,25.003623455882135,24.025456251998175,6767100.0,2022-07-18 21:45:00
25.72342531750815,24.984521896212197,24.04532311676121,6768000.0,2022-07-18 22:00:00
25.638722125357774,24.957448422368834,24.060233088789094,6768900.0,2022-07-18 22:15:00
25.556752635544136,24.927565021102104,24.07123262566876,6769800.0,2022-07-18 22:30:00
25.476302560067047,24.894274886186285,24.07835892409983,6770700.0,2022-07-18 22:45:00
25.39659308989962,24.85796904405472,24.08195953281444,6771600.0,2022-07-18 23:00:00
25.316374278010848,24.817138635038965,24.081579892322047,6772500.0,2022-07-18 23:15:00
25.23762208370808,24.78092060524076,24.079365439125247,6773400.0,2022-07-18 23:30:00
25.16028932501357,24.740380256327708,24.074809016001915,6774300.0,2022-07-18 23:45:00
25.08378053529852,24.701304147987145,24.068467432700444,6775200.0,2022-07-19 00:00:00
25.001693531268955,24.652106107561256,24.058228767092647,6776100.0,2022-07-19 00:15:00
24.9172164081614,24.60852083581285,24.046334762376656,6777000.0,2022-07-19 00:30:00
24.830547197328222,24.561202674440537,24.03287955470988,6777900.0,2022-07-19 00:45:00
24.73968013548336,24.500850684918763,24.015411309154043,6778800.0,2022-07-19 01:00:00
24.65690143104395,24.457452555477342,23.997511245105397,6779700.0,2022-07-19 01:15:00
24.567905055007543,24.40601319904197,23.978434225316903,6780600.0,2022-07-19 01:30:00
24.476634925586428,24.349808997104233,23.95710125882873,6781500.0,2022-07-19 01:45:00
24.36508736256243,24.293768573027485,23.93424626390519,6782400.0,2022-07-19 02:00:00
24.24681488622706,24.23054699000287,23.908873997202868,6783300.0,2022-07-19 02:15:00
24.136159992200582,24.165196076069844,23.880927279724467,6784200.0,2022-07-19 02:30:00
24.04607810860439,24.09660477761768,23.850268298116088,6785100.0,2022-07-19 02:45:00
23.96485580312804,24.034970276868115,23.818188595861564,6786000.0,2022-07-19 03:00:00
23.883376558361128,23.972386031403104,23.78522529409314,6786900.0,2022-07-19 03:15:00
23.79758463254833,23.9131430881546,23.751984195725765,6787800.0,2022-07-19 03:30:00
23.70300562575804,23.85119940763974,23.717993811399893,6788700.0,2022-07-19 03:45:00
23.600349339264472,23.784474212797615,23.68274236422757,6789600.0,2022-07-19 04:00:00
23.47237020476832,23.715834453414327,23.646466357710604,6790500.0,2022-07-19 04:15:00
23.346943968463037,23.643681741380856,23.60879100850098,6791400.0,2022-07-19 04:30:00
23.23031312404496,23.56653954843556,23.56873022028839,6792300.0,2022-07-19 04:45:00
23.100369370321747,23.49135827146625,23.527199953018453,6793200.0,2022-07-19 05:00:00
22.99035758569544,23.41198934061253,23.483687431656275,6794100.0,2022-07-19 05:15:00
22.889900686281585,23.339023199950248,23.439181777519813,6795000.0,2022-07-19 05:30:00
22.799531169371928,23.25678852137106,23.39243271839235,6795900.0,2022-07-19 05:45:00
22.708150647831594,23.18769640745088,23.345475382451724,6796800.0,2022-07-19 06:00:00
22.62501417765152,23.1179552987876,23.29869870793115,6797700.0,2022-07-19 06:15:00
22.540435222226392,23.04752911680252,23.251874266808475,6798600.0,2022-07-19 06:30:00
22.469711741009583,22.98153111039588,23.20528553928182,6799500.0,2022-07-19 06:45:00
22.398316690528425,22.915175754891926,23.1587349145966,6800400.0,2022-07-19 07:00:00
22.33442199611503,22.855600693397253,23.113174455119903,6801300.0,2022-07-19 07:15:00
22.283886859366103,22.799289068840643,23.068547190876167,6802200.0,2022-07-19 07:30:00
22.246647922278804,22.747327518836904,23.025109007807295,6803100.0,2022-07-19 07:45:00
22.213981024466477,22.69952036577724,22.983027930087086,6804000.0,2022-07-19 08:00:00
22.176702316099888,22.654969568771943,22.942498935438262,6804900.0,2022-07-19 08:15:00
22.162218936211005,22.614932099857924,22.90351774202576,6805800.0,2022-07-19 08:30:00
22.16921615074957,22.58397613980451,22.86668200430612,6806700.0,2022-07-19 08:45:00
22.18939349103653,22.55740504090318,22.832179188027975,6807600.0,2022-07-19 09:00:00
22.218020255473885,22.544949361860375,22.801035022813647,6808500.0,2022-07-19 09:15:00
22.25363534787617,22.537107554126187,22.773339236288,6809400.0,2022-07-19 09:30:00
22.300420301320383,22.534101000983952,22.748792084458515,6810300.0,2022-07-19 09:45:00
22.358466314408386,22.53556606426978,22.727295659800312,6811200.0,2022-07-19 10:00:00
22.42634733444821,22.546453071449506,22.70946082710331,6812100.0,2022-07-19 10:15:00
22.507085029937073,22.563229167024623,22.69518083170764,6813000.0,2022-07-19 10:30:00
22.616690148063537,22.59030816892361,22.685136929019837,6813900.0,2022-07-19 10:45:00
22.728446557586494,22.629680249166576,22.68005293684424,6814800.0,2022-07-19 11:00:00
22.87954697307516,22.677026692511397,22.679957834861607,6815700.0,2022-07-19 11:15:00
23.013777693221623,22.73347598785877,22.68509974655153,6816600.0,2022-07-19 11:30:00
23.12398087799072,22.793949925947647,22.695268720972376,6817500.0,2022-07-19 11:45:00
23.266651404512707,22.857366232120807,22.709784982507376,6818400.0,2022-07-19 12:00:00
23.367882575945764,22.919635899880014,22.72768196561484,6819300.0,2022-07-19 12:15:00
23.424670378358385,22.972185495486055,22.747267361310545,6820200.0,2022-07-19 12:30:00
23.460990510558485,23.027818342301664,22.76916040182975,6821100.0,2022-07-19 12:45:00
23.520121981567687,23.07638296282265,22.792076453405148,6822000.0,2022-07-19 13:00:00
23.61695269999229,23.117253378692848,22.814436564416045,6822900.0,2022-07-19 13:15:00
23.725414255080423,23.188107880787637,22.84100822817552,6823800.0,2022-07-19 13:30:00
23.85538512934052,23.248939882292728,22.869664569323763,6824700.0,2022-07-19 13:45:00
23.987455452883324,23.31900271495339,22.901085026260148,6825600.0,2022-07-19 14:00:00
24.15430934194682,23.39417679550218,22.935103070333057,6826500.0,2022-07-19 14:15:00
24.303425264361596,23.481814366535968,22.9734902821682,6827400.0,2022-07-19 14:30:00
24.43826416898552,23.57232533407436,23.016170019813824,6828300.0,2022-07-19 14:45:00
24.610026141090948,23.667592582596917,23.062686542846688,6829200.0,2022-07-19 15:00:00
24.768224927764123,23.766873730168733,23.112952981096846,6830100.0,2022-07-19 15:15:00
24.888755679934917,23.863944827921763,23.16614192950112,6831000.0,2022-07-19 15:30:00
25.004585954363,23.954961031965407,23.220684015015216,6831900.0,2022-07-19 15:45:00
25.09781916730339,24.044317195243167,23.27642001418876,6832800.0,2022-07-19 16:00:00
25.15304830709412,24.1216164328431,23.331417971982574,6833700.0,2022-07-19 16:15:00
25.23471880035743,24.197179768403785,23.38576011975402,6834600.0,2022-07-19 16:30:00
25.286383684994064,24.263406707537115,23.438501218327875,6835500.0,2022-07-19 16:45:00
25.36019985342981,24.32653304666692,23.489699718242807,6836400.0,2022-07-19 17:00:00
25.40041479725119,24.387588607040936,23.53972016329405,6837300.0,2022-07-19 17:15:00
25.414076577950496,24.439150128565963,23.58781606519011,6838200.0,2022-07-19 17:30:00
25.454294818474143,24.488009229031555,23.634077481759736,6839100.0,2022-07-19 17:45:00
25.494698587360677,24.53509644941107,23.679163217920667,6840000.0,2022-07-19 18:00:00
25.531101227038047,24.578227139926767,23.72252107509912,6840900.0,2022-07-19 18:15:00
25.56187217386724,24.62623205928235,23.76609648291528,6841800.0,2022-07-19 18:30:00
25.580445031150905,24.65653552455805,23.80645180438318,6842700.0,2022-07-19 18:45:00
25.596161831666464,24.696699966866053,23.846213918337803,6843600.0,2022-07-19 19:00:00
25.602104320945543,24.723952444497883,23.88317646178689,6844500.0,2022-07-19 19:15:00
25.604064584955527,24.74913199422391,23.917499127777354,6845400.0,2022-07-19 19:30:00
25.59582635011915,24.770655935856087,23.94961138600577,6846300.0,2022-07-19 19:45:00
25.573120569485408,24.78939645468844,23.98001996859912,6847200.0,2022-07-19 20:00:00
25.523063836397984,24.794731209667244,24.00664719154652,6848100.0,2022-07-19 20:15:00
25.461434548085656,24.790262141246235,24.028778991106364,6849000.0,2022-07-19 20:30:00
25.39613168216056,24.778889551043257,24.047195905217997,6849900.0,2022-07-19 20:45:00
25.320047902576917,24.758776444060207,24.060850903895663,6850800.0,2022-07-19 21:00:00
25.235125435514966,24.735629185215736,24.070049475511688,6851700.0,2022-07-19 21:15:00
25.139671304290264,24.703582214105317,24.07495150140792,6852600.0,2022-07-19 21:30:00
25.033706939498053,24.66065211142048,24.07454641653877,6853500.0,2022-07-19 21:45:00
24.92750225468168,24.617787218814424,24.07009013830543,6854400.0,2022-07-19 22:00:00
24.828726964404257,24.573068450233144,24.06326489341028,6855300.0,2022-07-19 22:15:00
24.720694403618104,24.52251038699063,24.053681428694375,6856200.0,2022-07-19 22:30:00
24.619078618837968,24.464710207675196,24.040148929050147,6857100.0,2022-07-19 22:45:00
24.512541733472247,24.407199568780964,24.023308023178675,6858000.0,2022-07-19 23:00:00
24.405968996314414,24.350038578487016,24.00401375784783,6858900.0,2022-07-19 23:15:00
24.309557678785907,24.291887927426096,23.98285935902611,6859800.0,2022-07-19 23:30:00
24.20492075238971,24.22446300885554,23.958632929903963,6860700.0,2022-07-19 23:45:00
24.105681602221217,24.163627088668548,23.932381659005213,6861600.0,2022-07-20 00:00:00
23.987530248997007,24.09594730028588,23.903929387964038,6862500.0,2022-07-20 00:15:00
23.880034344522976,24.026736357150888,23.87331317146529,6863400.0,2022-07-20 00:30:00
23.780866451037767,23.965351610943728,23.84237494217132,6864300.0,2022-07-20 00:45:00
23.679638574229628,23.89529944609655,23.80941343854761,6865200.0,2022-07-20 01:00:00
23.58373566009234,23.8307125115046,23.77529063641459,6866100.0,2022-07-20 01:15:00
23.476684582636697,23.763054202800795,23.73996465868825,6867000.0,2022-07-20 01:30:00
23.372616458069743,23.690123329922415,23.70258217434392,6867900.0,2022-07-20 01:45:00
23.275117734484382,23.620867084472703,23.663700220413517,6868800.0,2022-07-20 02:00:00
23.17537594020109,23.552873900124343,23.623703094448615,6869700.0,2022-07-20 02:15:00
23.078837594209133,23.480460590266365,23.58241522079794,6870600.0,2022-07-20 02:30:00
22.97626541541001,23.40941519250569,23.540229013185563,6871500.0,2022-07-20 02:45:00
22.874654140970385,23.340445920028344,23.49751403535098,6872400.0,2022-07-20 03:00:00
22.78058573175357,23.27113889815207,23.4544273869474,6873300.0,2022-07-20 03:15:00
22.67641664717776,23.201029056007847,23.41065450652292,6874200.0,2022-07-20 03:30:00
22.566950932286392,23.127961335911632,23.36607158215892,6875100.0,2022-07-20 03:45:00
22.484293171869684,23.059580272327345,23.321112187423875,6876000.0,2022-07-20 04:00:00
22.409349221660047,22.99107964150968,23.27571589543416,6876900.0,2022-07-20 04:15:00
22.341173519909443,22.927943359765873,23.230381166632,6877800.0,2022-07-20 04:30:00
22.25815951653913,22.86025816444081,23.184668992769407,6878700.0,2022-07-20 04:45:00
22.176155574575763,22.798579097578862,23.139120345430157,6879600.0,2022-07-20 05:00:00
22.100628168158327,22.733322471874704,23.093260084110657,6880500.0,2022-07-20 05:15:00
22.034118965233567,22.675249076718625,23.047823318772803,6881400.0,2022-07-20 05:30:00
21.968533228007367,22.61825139819701,23.00293904737217,6882300.0,2022-07-20 05:45:00
21.909634661949223,22.56058749997141,22.958331569080325,6883200.0,2022-07-20 06:00:00
21.849446582381155,22.50331247161657,22.913858400825617,6884100.0,2022-07-20 06:15:00
21.80259527197986,22.452434247939255,22.87020568001341,6885000.0,2022-07-20 06:30:00
21.74919025912632,22.40274752231748,22.827277484738783,6885900.0,2022-07-20 06:45:00
21.693296630922447,22.347443777787905,22.78435095301642,6886800.0,2022-07-20 07:00:00
21.6482701143838,22.305083773618527,22.74254528308393,6887700.0,2022-07-20 07:15:00
21.60492167178933,22.257385899654373,22.701302540308475,6888600.0,2022-07-20 07:30:00
21.561711347164568,22.21196481933556,22.66043569240028,6889500.0,2022-07-20 07:45:00
21.52862907132581,22.170544021378635,22.620378130829238,6890400.0,2022-07-20 08:00:00
21.504677652343386,22.131079896706865,22.581183488340866,6891300.0,2022-07-20 08:15:00
21.486547721970524,22.093550707673675,22.542799054886288,6892200.0,2022-07-20 08:30:00
21.478793389772388,22.05986058238148,22.50573894129773,6893100.0,2022-07-20 08:45:00
21.475855470983223,22.031905303419936,22.470192477957927,6894000.0,2022-07-20 09:00:00
21.475179313749727,22.007773638424084,22.436408422504545,6894900.0,2022-07-20 09:15:00
21.47648613298057,21.990042161847807,22.40487343179014,6895800.0,2022-07-20 09:30:00
21.47758398478956,21.969873314163856,22.374918755480348,6896700.0,2022-07-20 09:45:00
21.477214402258458,21.95037343531681,22.346337738047804,6897600.0,2022-07-20 10:00:00
21.48518148752385,21.938362659684056,22.31955231333624,6898500.0,2022-07-20 10:15:00
21.485707555494336,21.92132665205424,22.293983530478403,6899400.0,2022-07-20 10:30:00
21.501469025482983,21.91089073200672,22.269844348438575,6900300.0,2022-07-20 10:45:00
21.526491761046877,21.903179492756006,22.247518896150087,6901200.0,2022-07-20 11:00:00
21.551113453169933,21.896842743547953,22.22674720825017,6902100.0,2022-07-20 11:15:00
21.573344000893098,21.89220546704015,22.20751582492217,6903000.0,2022-07-20 11:30:00
23.714627437836153,22.1828875175686,22.247316299503414,6903900.0,2022-07-20 11:45:00
23.933433694570645,22.485145178779767,22.33385306111496,6904800.0,2022-07-20 12:00:00
24.033234508229683,22.73187777758645,22.44449696055755,6905700.0,2022-07-20 12:15:00
24.12543065336973,22.937404098514257,22.564711754458248,6906600.0,2022-07-20 12:30:00
24.179536620424248,23.10341065023979,22.68536098437273,6907500.0,2022-07-20 12:45:00
24.183252187948668,23.236932471016807,22.80069380645675,6908400.0,2022-07-20 13:00:00
24.22937911027012,23.345146408416294,22.905914332408635,6909300.0,2022-07-20 13:15:00
24.36813586429432,23.451386210876677,23.00195303857756,6910200.0,2022-07-20 13:30:00
24.530264308086448,23.56701135109372,23.092488059668145,6911100.0,2022-07-20 13:45:00
24.668975686658214,23.682204539452325,23.180239373653073,6912000.0,2022-07-20 14:00:00
24.6999843682928,23.788713639060223,23.26977394026701,6912900.0,2022-07-20 14:15:00
24.706246154553583,23.872427107845965,23.35718245497348,6913800.0,2022-07-20 14:30:00
24.746448110868943,23.946978020363723,23.440304859947503,6914700.0,2022-07-20 14:45:00
24.760837643029166,24.014411004036795,23.519846945350015,6915600.0,2022-07-20 15:00:00
24.734055693559544,24.071457801099776,23.588805163996337,6916500.0,2022-07-20 15:15:00
24.698670564764008,24.111889662898538,23.645857755310814,6917400.0,2022-07-20 15:30:00
24.637935604899937,24.1404613319968,23.693039545357166,6918300.0,2022-07-20 15:45:00
24.565530660806385,24.145923735375113,23.72924802958917,6919200.0,2022-07-20 16:00:00
24.492520601850348,24.15214292505243,23.75668904465952,6920100.0,2022-07-20 16:15:00
24.41175965154428,24.14126392609811,23.77454253758645,6921000.0,2022-07-20 16:30:00
24.311485224390086,24.120843517187687,23.7834757409848,6921900.0,2022-07-20 16:45:00
24.186535541914854,24.08455360589805,23.783550296049295,6922800.0,2022-07-20 17:00:00
24.03058902913445,24.037892213795157,23.775634893689027,6923700.0,2022-07-20 17:15:00
23.89150708563115,23.978823706232344,23.758832785402397,6924600.0,2022-07-20 17:30:00
23.755926642816203,23.910246135166865,23.73330680446276,6925500.0,2022-07-20 17:45:00
23.621677599477657,23.83756642818172,23.699910199155536,6926400.0,2022-07-20 18:00:00
23.492896414479883,23.76289851814876,23.66047460503328,6927300.0,2022-07-20 18:15:00
23.367555021106156,23.676759436441873,23.614386698139736,6928200.0,2022-07-20 18:30:00
23.25097613716528,23.59711140742216,23.564141941149742,6929100.0,2022-07-20 18:45:00
23.15526492280704,23.52225025470941,23.51193694510143,6930000.0,2022-07-20 19:00:00
23.06070231815364,23.44137302490769,23.457218833565364,6930900.0,2022-07-20 19:15:00
22.98383926681992,23.359436261434467,23.400292260195503,6931800.0,2022-07-20 19:30:00
22.919647317552087,23.291950480837365,23.343853827854296,6932700.0,2022-07-20 19:45:00
22.847066658294818,23.220014286851978,23.287662431542078,6933600.0,2022-07-20 20:00:00
22.75891079529024,23.1476875276404,23.23158971618164,6934500.0,2022-07-20 20:15:00
22.6733218766545,23.07867916758984,23.176018926627375,6935400.0,2022-07-20 20:30:00
22.576793903269664,23.007872658196113,23.12093731306112,6936300.0,2022-07-20 20:45:00
22.478676886876887,22.93543443948872,23.06600453345106,6937200.0,2022-07-20 21:00:00
22.383135313997048,22.858754101398375,23.01033284145209,6938100.0,2022-07-20 21:15:00
22.306655034440723,22.788514450441028,22.95482867888669,6939000.0,2022-07-20 21:30:00
22.216912152943028,22.71491304369468,22.899247950920284,6939900.0,2022-07-20 21:45:00
22.117466954260404,22.641555224885263,22.843510592624693,6940800.0,2022-07-20 22:00:00
22.026108442903755,22.56806227750632,22.787750582846066,6941700.0,2022-07-20 22:15:00
21.932681378778373,22.487147636224943,22.730968162180528,6942600.0,2022-07-20 22:30:00
21.84425284293636,22.41909713766909,22.674724113821995,6943500.0,2022-07-20 22:45:00
21.75625470002691,22.34063797161657,22.617660485468008,6944400.0,2022-07-20 23:00:00
21.67382323585316,22.268001485129982,22.56035758672651,6945300.0,2022-07-20 23:15:00
21.59274592075841,22.198649026748623,22.50334762072941,6946200.0,2022-07-20 23:30:00
21.504107346775687,22.127061300924368,22.446561115224075,6947100.0,2022-07-20 23:45:00
21.42399616230956,22.05187550526024,22.38963379229015,6948000.0,2022-07-21 00:00:00
21.35379252107632,21.98375971283913,22.333577426038193,6948900.0,2022-07-21 00:15:00
21.284308812409908,21.919572981174227,22.27876247657202,6949800.0,2022-07-21 00:30:00
21.222181036996652,21.854972105955188,22.225059683031308,6950700.0,2022-07-21 00:45:00
21.16723316220276,21.79426834838712,22.17256889311692,6951600.0,2022-07-21 01:00:00
21.11454943085625,21.73213417117995,22.120720640890475,6952500.0,2022-07-21 01:15:00
21.056590014645327,21.6765860873672,22.069894894677088,6953400.0,2022-07-21 01:30:00
21.008123939855007,21.624903077236937,22.019847062840295,6954300.0,2022-07-21 01:45:00
20.95417996795179,21.567394686293248,21.96956689257004,6955200.0,2022-07-21 02:00:00
20.907169812250817,21.521231133643948,21.921068450495014,6956100.0,2022-07-21 02:15:00
20.87072620954067,21.467227465022862,21.87390626976177,6957000.0,2022-07-21 02:30:00
20.850348198299574,21.426999511512456,21.82953870864152,6957900.0,2022-07-21 02:45:00
20.827551233463367,21.381585568252127,21.7872372489701,6958800.0,2022-07-21 03:00:00
20.799271494190315,21.34153252069333,21.747216008831483,6959700.0,2022-07-21 03:15:00
20.77510569467219,21.308264184693066,21.710027593925048,6960600.0,2022-07-21 03:30:00
20.75637413968964,21.27050862441295,21.674437979335057,6961500.0,2022-07-21 03:45:00
20.738609064087736,21.238784077170127,21.640716571506893,6962400.0,2022-07-21 04:00:00
20.723571386599584,21.21008357442676,21.608542231595106,6963300.0,2022-07-21 04:15:00
20.710316892674467,21.19055252670129,21.57903148503827,6964200.0,2022-07-21 04:30:00
20.69930123092308,21.16503106964213,21.55153864511469,6965100.0,2022-07-21 04:45:00
20.692418905506734,21.144401107909367,21.526202804697427,6966000.0,2022-07-21 05:00:00
20.68523488441114,21.127582624038983,21.50217626165552,6966900.0,2022-07-21 05:15:00
20.67859994028814,21.099175463058017,21.477552177063888,6967800.0,2022-07-21 05:30:00
20.684738153857065,21.085577991647718,21.454161919667783,6968700.0,2022-07-21 05:45:00
20.690918536932426,21.07134947427196,21.43268239619749,6969600.0,2022-07-21 06:00:00
20.697879216513453,21.05677519934035,21.41303504720461,6970500.0,2022-07-21 06:15:00
20.709370093806992,21.04726401010912,21.394932208419647,6971400.0,2022-07-21 06:30:00
20.722521158669604,21.038693395109128,21.377221803285625,6972300.0,2022-07-21 06:45:00
20.727063152659937,21.038037913410953,21.360111379523133,6973200.0,2022-07-21 07:00:00
20.714639117207152,21.035615756692735,21.344076957254465,6974100.0,2022-07-21 07:15:00
20.694108247004177,21.022934612591936,21.328219237824065,6975000.0,2022-07-21 07:30:00
20.70369471471508,21.01628659425969,21.31311626149053,6975900.0,2022-07-21 07:45:00
20.742914853454995,21.011508248890163,21.29913087415845,6976800.0,2022-07-21 08:00:00
20.80119008603081,21.025259106759258,21.28815114954407,6977700.0,2022-07-21 08:15:00
20.83923885594957,21.032358239327113,21.279348019653888,6978600.0,2022-07-21 08:30:00
20.861960800568603,21.03433754390368,21.271901627943485,6979500.0,2022-07-21 08:45:00
20.891688037650997,21.042600531529075,21.266059096845343,6980400.0,2022-07-21 09:00:00
20.95090955555681,21.061254331119063,21.26286868374424,6981300.0,2022-07-21 09:15:00
21.069354901219995,21.089345450990827,21.262941816294695,6982200.0,2022-07-21 09:30:00
21.258404442700883,21.140665244124268,21.268198915752567,6983100.0,2022-07-21 09:45:00
21.328720089778145,21.182867047289555,21.277322383268416,6984000.0,2022-07-21 10:00:00
21.349974682267156,21.234115178218374,21.29089619648728,6984900.0,2022-07-21 10:15:00
21.392855863923398,21.26665449606241,21.305971141936386,6985800.0,2022-07-21 10:30:00
21.592383688681664,21.328000971381396,21.32499628407856,6986700.0,2022-07-21 10:45:00
21.72299517624397,21.387776381834968,21.3467318116769,6987600.0,2022-07-21 11:00:00
21.80126439092636,21.44494794738811,21.370954980002416,6988500.0,2022-07-21 11:15:00
21.875554534158287,21.502824751126727,21.39834145523012,6989400.0,2022-07-21 11:30:00
22.054736261826974,21.578407446482565,21.430572222632776,6990300.0,2022-07-21 11:45:00
22.14733866349728,21.649471760748742,21.46660449092376,6991200.0,2022-07-21 12:00:00
22.165165445089453,21.71302291859736,21.505307972206925,6992100.0,2022-07-21 12:15:00
22.24213198058352,21.762302340915255,21.54382291975896,6993000.0,2022-07-21 12:30:00
22.38484906905882,21.843042238870655,21.58598264415916,6993900.0,2022-07-21 12:45:00
22.606730226271267,21.91910085490456,21.6300338369746,6994800.0,2022-07-21 13:00:00
22.73558068505003,22.006761875886166,21.67744277943292,6995700.0,2022-07-21 13:15:00
22.778003392715544,22.096391684319848,21.728938930264487,6996600.0,2022-07-21 13:30:00
22.86359650486081,22.168542684148004,21.78213356504151,6997500.0,2022-07-21 13:45:00
22.98463153464544,22.25048368499787,21.83741458070737,6998400.0,2022-07-21 14:00:00
23.12651612119951,22.326108903501673,21.89275932313232,6999300.0,2022-07-21 14:15:00
23.184972677209323,22.409692019014653,21.949576214613383,7000200.0,2022-07-21 14:30:00
23.18602876133696,22.479788606059003,22.006581104737062,7001100.0,2022-07-21 14:45:00
23.19797641741181,22.528789277443774,22.0600204010925,7002000.0,2022-07-21 15:00:00
23.25003258777925,22.589442526756148,22.11199122444321,7002900.0,2022-07-21 15:15:00
23.297197296892087,22.63150328995597,22.159597587344287,7003800.0,2022-07-21 15:30:00
23.300910999045072,22.675527104965017,22.20445360637323,7004700.0,2022-07-21 15:45:00
23.257626453967656,22.71076704540216,22.247055555656832,7005600.0,2022-07-21 16:00:00
23.19239705991319,22.726773840575557,22.284857602907,7006500.0,2022-07-21 16:15:00
23.13072288703083,22.724143496768757,22.315153621518157,7007400.0,2022-07-21 16:30:00
23.060992534603532,22.730841717530943,22.340859708751797,7008300.0,2022-07-21 16:45:00
22.94510669478253,22.71560985734525,22.359842900704777,7009200.0,2022-07-21 17:00:00
22.82690723466224,22.681726161881503,22.3715305970955,7010100.0,2022-07-21 17:15:00
22.723637800995206,22.645606701373,22.376738873729614,7011000.0,2022-07-21 17:30:00
22.613358445202284,22.60763722776616,22.3761630469957,7011900.0,2022-07-21 17:45:00
22.511579051028136,22.556453406583337,22.368630409822803,7012800.0,2022-07-21 18:00:00
22.426128700560856,22.50907505196289,22.356167103970552,7013700.0,2022-07-21 18:15:00
22.34748473783729,22.45830234118168,22.340927602851917,7014600.0,2022-07-21 18:30:00
22.27709297305386,22.414201701367336,22.323258054906187,7015500.0,2022-07-21 18:45:00
22.20892784651997,22.368628464887657,22.302875442126886,7016400.0,2022-07-21 19:00:00
22.139777489919865,22.320789609263397,22.27929109636616,7017300.0,2022-07-21 19:15:00
22.07453222060253,22.273922830535067,22.25353230561185,7018200.0,2022-07-21 19:30:00
22.01171803411842,22.229528376377136,22.226351320868726,7019100.0,2022-07-21 19:45:00
21.928829340069665,22.175880000569123,22.197032874256983,7020000.0,2022-07-21 20:00:00
21.84809928657416,22.12058510504152,22.1657585346668,7020900.0,2022-07-21 20:15:00
21.74862364919853,22.069019014118464,22.13352315631315,7021800.0,2022-07-21 20:30:00
21.639049730911832,22.007657278830344,22.09937936137825,7022700.0,2022-07-21 20:45:00
21.525310477020746,21.941208851888927,22.06263550746204,7023600.0,2022-07-21 21:00:00
21.40774415237999,21.867470775014663,22.022420242742047,7024500.0,2022-07-21 21:15:00
21.298518008187735,21.798051931909395,21.979736975799497,7025400.0,2022-07-21 21:30:00
21.177882704160293,21.722912664281527,21.934373075190074,7026300.0,2022-07-21 21:45:00
21.07428867258113,21.64662584525901,21.886408309331767,7027200.0,2022-07-21 22:00:00
20.966883238781413,21.568148967825053,21.83603388239014,7028100.0,2022-07-21 22:15:00
20.86188732523483,21.48817363911522,21.783559178211913,7029000.0,2022-07-21 22:30:00
20.75514670755275,21.41069347613379,21.729825002472538,7029900.0,2022-07-21 22:45:00
20.65756283803173,21.3327274567306,21.674630483591034,7030800.0,2022-07-21 23:00:00
20.557281296106034,21.25182110710639,21.618099708255375,7031700.0,2022-07-21 23:15:00
20.459566126967456,21.178106992215728,21.56104840887353,7032600.0,2022-07-21 23:30:00
20.36219051243598,21.09990310138795,21.503222012783237,7033500.0,2022-07-21 23:45:00
20.28023322214485,21.019454146980475,21.44479644954919,7034400.0,2022-07-22 00:00:00
20.197722979635728,20.948351201029983,21.38692343623009,7035300.0,2022-07-22 00:15:00
20.116767015448595,20.87179972728897,21.32914532301933,7036200.0,2022-07-22 00:30:00
20.038982820243017,20.803861724381147,21.272673990850468,7037100.0,2022-07-22 00:45:00
19.942412368605133,20.72714620197107,21.216084158751528,7038000.0,2022-07-22 01:00:00
19.87278372668912,20.65253731492785,21.1601054455612,7038900.0,2022-07-22 01:15:00
19.79300627304682,20.58614354482702,21.10490010983593,7039800.0,2022-07-22 01:30:00
19.71648532579469,20.51991571104132,21.050536252033,7040700.0,2022-07-22 01:45:00
19.656981557549734,20.452439076142607,20.996837990994024,7041600.0,2022-07-22 02:00:00
19.599121469092932,20.396727095213485,20.944363490974407,7042500.0,2022-07-22 02:15:00
19.53702485082159,20.33323032394008,20.89221600261748,7043400.0,2022-07-22 02:30:00
19.48656180587344,20.27406732475944,20.84111207874095,7044300.0,2022-07-22 02:45:00
19.438135581778337,20.219808359410127,20.79184365571763,7045200.0,2022-07-22 03:00:00
19.39321098358119,20.16345076131005,20.74457837028793,7046100.0,2022-07-22 03:15:00
19.349867493434473,20.116952471694997,20.695747349614944,7047000.0,2022-07-22 03:30:00
19.318784345972247,20.070586369986284,20.64520482882836,7047900.0,2022-07-22 03:45:00
19.29444654827869,20.02504299361436,20.59514857321938,7048800.0,2022-07-22 04:00:00
19.284774388341702,19.986684696962207,20.548193015560933,7049700.0,2022-07-22 04:15:00
19.265647865272708,19.948277665479505,20.50356965808708,7050600.0,2022-07-22 04:30:00
19.246712252369367,19.91306538092802,20.461304725675244,7051500.0,2022-07-22 04:45:00
19.242539489569634,19.884182018007408,20.421722378918247,7052400.0,2022-07-22 05:00:00
19.273671975517598,19.858851386926705,20.380887700599708,7053300.0,2022-07-22 05:15:00
19.301706577471524,19.84089756976202,20.340626214654275,7054200.0,2022-07-22 05:30:00
19.324890182076153,19.827861428842592,20.304522364213103,7055100.0,2022-07-22 05:45:00
19.358236099360298,19.821624763297606,20.27314670245429,7056000.0,2022-07-22 06:00:00
19.395422632998766,19.814766701654055,20.246862442545176,7056900.0,2022-07-22 06:15:00
19.423365871486773,19.81277684866224,20.22618922679884,7057800.0,2022-07-22 06:30:00
19.449376611110345,19.81061767911932,20.21007461826773,7058700.0,2022-07-22 06:45:00
19.46246948378168,19.813564548603807,20.197462295762204,7059600.0,2022-07-22 07:00:00
19.462099199236608,19.81536293789908,20.18753359636911,7060500.0,2022-07-22 07:15:00
19.465865232155515,19.811608028398123,20.178986625819576,7061400.0,2022-07-22 07:30:00
19.477673812746197,19.814569979127295,20.171445034989148,7062300.0,2022-07-22 07:45:00
19.495280744191145,19.813592261248314,20.164594240195825,7063200.0,2022-07-22 08:00:00
19.52055170237155,19.817474693815257,20.158494014765925,7064100.0,2022-07-22 08:15:00
19.552051531712053,19.822642920144187,20.153326337099497,7065000.0,2022-07-22 08:30:00
19.588684988390145,19.834425487890407,20.14507387784109,7065900.0,2022-07-22 08:45:00
19.64287464523418,19.845301442435417,20.13780926630563,7066800.0,2022-07-22 09:00:00
19.701090536358848,19.86297454798552,20.133894460989254,7067700.0,2022-07-22 09:15:00
19.765375488037986,19.886875112844635,20.133911262757,7068600.0,2022-07-22 09:30:00
19.83590756796654,19.913522818268486,20.13707156523289,7069500.0,2022-07-22 09:45:00
19.890806343333857,19.943668357806345,20.142317170521373,7070400.0,2022-07-22 10:00:00
19.91939018177357,19.968713143477736,20.148913375987107,7071300.0,2022-07-22 10:15:00
19.941755405782388,19.992967357875425,20.15669830557764,7072200.0,2022-07-22 10:30:00
19.957543066442373,20.0122702162624,20.164519200987986,7073100.0,2022-07-22 10:45:00
19.970624367345184,20.030621047074344,20.1725838221069,7074000.0,2022-07-22 11:00:00
19.977985751281807,20.042674662023806,20.179199841896775,7074900.0,2022-07-22 11:15:00
19.983660625174743,20.0534696731422,20.184741092764003,7075800.0,2022-07-22 11:30:00
19.99002073144932,20.063179170392445,20.18970681371913,7076700.0,2022-07-22 11:45:00
20.01936915751405,20.07524049633035,20.19720590845256,7077600.0,2022-07-22 12:00:00
20.064046185004383,20.090701994137262,20.205980652492297,7078500.0,2022-07-22 12:15:00
20.11302469916108,20.108097829442993,20.21513998794624,7079400.0,2022-07-22 12:30:00
20.14940121963918,20.130566430119767,20.225181161186224,7080300.0,2022-07-22 12:45:00
20.16534770391528,20.15481182431977,20.23620673161546,7081200.0,2022-07-22 13:00:00
20.174756633505577,20.170233071039736,20.246853020510997,7082100.0,2022-07-22 13:15:00
20.20868352962392,20.189785818863584,20.257561960810705,7083000.0,2022-07-22 13:30:00
20.24667284897083,20.20875803518375,20.268335502292462,7083900.0,2022-07-22 13:45:00
20.26974343689663,20.228964144618697,20.279356595538083,7084800.0,2022-07-22 14:00:00
20.271111701573314,20.24396586387468,20.290033862225147,7085700.0,2022-07-22 14:15:00
20.278299656888127,20.256773079057112,20.300528348824805,7086600.0,2022-07-22 14:30:00
20.29721876633348,20.27020518900415,20.310693871554424,7087500.0,2022-07-22 14:45:00
20.314110736868766,20.28378126013988,20.32006861476927,7088400.0,2022-07-22 15:00:00
20.30972525264692,20.29467861098576,20.328555495423902,7089300.0,2022-07-22 15:15:00
20.28581952291381,20.298257547729467,20.335713557669973,7090200.0,2022-07-22 15:30:00
20.263418824894615,20.302155607633814,20.342081800781774,7091100.0,2022-07-22 15:45:00
20.25580201420887,20.298664788358927,20.346526366007343,7092000.0,2022-07-22 16:00:00
20.24761204551173,20.298090206420014,20.349664535856768,7092900.0,2022-07-22 16:15:00
20.235342540883696,20.295337682919424,20.351474065271468,7093800.0,2022-07-22 16:30:00
20.209379800806204,20.292673937655007,20.352379245272974,7094700.0,2022-07-22 16:45:00
20.173565101988395,20.28306032901885,20.35156451923581,7095600.0,2022-07-22 17:00:00
20.127597036744405,20.26951544775068,20.34851367159522,7096500.0,2022-07-22 17:15:00
20.081265987581123,20.250679447515264,20.343210354726423,7097400.0,2022-07-22 17:30:00
20.044989318484447,20.23227563379336,20.335993984464675,7098300.0,2022-07-22 17:45:00
20.006051690430485,20.21111270059476,20.326688353749383,7099200.0,2022-07-22 18:00:00
19.962695515599535,20.188395434164235,20.31559203577864,7100100.0,2022-07-22 18:15:00
19.915303095037128,20.162891669203223,20.30240682692093,7101000.0,2022-07-22 18:30:00
19.85283979517665,20.13478664092907,20.286920783206003,7101900.0,2022-07-22 18:45:00
19.79804849990496,20.100156095552546,20.26883208522633,7102800.0,2022-07-22 19:00:00
19.744443279938707,20.066618196501043,20.24866110832892,7103700.0,2022-07-22 19:15:00
19.686570027855915,20.028925643773974,20.22690516170625,7104600.0,2022-07-22 19:30:00
19.627312535191283,19.991774138226862,20.204101852044328,7105500.0,2022-07-22 19:45:00
19.55850804018054,19.950518245745016,20.17984183330159,7106400.0,2022-07-22 20:00:00
19.492645021021755,19.907120720149397,20.15389386157467,7107300.0,2022-07-22 20:15:00
19.427432576005888,19.86512279262918,20.126707215647407,7108200.0,2022-07-22 20:30:00
19.359315953180005,19.817699771048645,20.098026142276243,7109100.0,2022-07-22 20:45:00
19.2994032856859,19.774693921930375,20.068252103646586,7110000.0,2022-07-22 21:00:00
19.226481030274087,19.726870176250248,20.036648617910316,7110900.0,2022-07-22 21:15:00
19.1419062866466,19.67744407515957,20.00311672493244,7111800.0,2022-07-22 21:30:00
19.06020093148544,19.62300133734811,19.967569526966603,7112700.0,2022-07-22 21:45:00
18.984790920969623,19.56706913766368,19.930013890419826,7113600.0,2022-07-22 22:00:00
18.904323400852853,19.509342200222484,19.891131418798437,7114500.0,2022-07-22 22:15:00
18.821535297235688,19.452892636105243,19.851549304369005,7115400.0,2022-07-22 22:30:00
18.74220053337904,19.39320663400204,19.810293179925203,7116300.0,2022-07-22 22:45:00
18.6635834992956,19.33474013929016,19.768273638502105,7117200.0,2022-07-22 23:00:00
18.58447910703304,19.27407764167431,19.7256814140197,7118100.0,2022-07-22 23:15:00
18.497932414380355,19.21398973118556,19.682689928251936,7119000.0,2022-07-22 23:30:00
18.416138170836472,19.149576583398986,19.638476534038656,7119900.0,2022-07-22 23:45:00
18.33457888060156,19.087553958649675,19.59314375108544,7120800.0,2022-07-23 00:00:00
18.256194866168773,19.024847492810878,19.54695949437953,7121700.0,2022-07-23 00:15:00
18.18325649439725,18.96238411880864,19.500571294865168,7122600.0,2022-07-23 00:30:00
18.10788209072348,18.899434547075103,19.454132765641297,7123500.0,2022-07-23 00:45:00
18.035350302092706,18.8377501663668,19.405333695419724,7124400.0,2022-07-23 01:00:00
17.96998448996801,18.77701838889512,19.355417615512735,7125300.0,2022-07-23 01:15:00
17.905193869232356,18.717529608073583,19.30409478500551,7126200.0,2022-07-23 01:30:00
17.858231760987085,18.66102933040481,19.252703470352373,7127100.0,2022-07-23 01:45:00
17.816848552682522,18.60783683464735,19.2027852457236,7128000.0,2022-07-23 02:00:00
17.771039501159482,18.55824018461371,19.155704569845955,7128900.0,2022-07-23 02:15:00
17.73470425954026,18.50731553032515,19.111077871847943,7129800.0,2022-07-23 02:30:00
17.704350233215127,18.462310410394895,19.069533265107456,7130700.0,2022-07-23 02:45:00
17.680755073039048,18.42205268676546,19.03060640515029,7131600.0,2022-07-23 03:00:00
17.663214862404292,18.386547863437517,18.99243554951984,7132500.0,2022-07-23 03:15:00
17.641301611176154,18.351435235314867,18.954899883240795,7133400.0,2022-07-23 03:30:00
17.630429941240838,18.320946794193496,18.918707424093878,7134300.0,2022-07-23 03:45:00
17.635948419697932,18.29447406286653,18.885355021320816,7135200.0,2022-07-23 04:00:00
17.648429344301043,18.27471078555567,18.85463984672636,7136100.0,2022-07-23 04:15:00
17.6708587029,18.25849772442348,18.825763918444647,7137000.0,2022-07-23 04:30:00
17.69541719778606,18.247770066887785,18.79899166091518,7137900.0,2022-07-23 04:45:00
17.73636045922439,18.24327895057754,18.77600840671853,7138800.0,2022-07-23 05:00:00
17.785266610019793,18.24342420798109,18.757283954490948,7139700.0,2022-07-23 05:15:00
17.853157897450163,18.25243010939713,18.74255718872132,7140600.0,2022-07-23 05:30:00
17.924895592064413,18.26735964179784,18.7316642271336,7141500.0,2022-07-23 05:45:00
18.005805858960723,18.290898902172447,18.72507925686552,7142400.0,2022-07-23 06:00:00
18.06670883744296,18.315678800782408,18.72241484672405,7143300.0,2022-07-23 06:15:00
18.13688132474261,18.34490605958852,18.722914098325376,7144200.0,2022-07-23 06:30:00
18.257068539278674,18.38321927723288,18.72679801590477,7145100.0,2022-07-23 06:45:00
18.363404583370514,18.426730309048665,18.734806753811863,7146000.0,2022-07-23 07:00:00
18.527532539419603,18.480185792634853,18.747642223234006,7146900.0,2022-07-23 07:15:00
18.620055436156047,18.54103231840812,18.76562487996643,7147800.0,2022-07-23 07:30:00
18.729100639793835,18.60891175774193,18.78877751013496,7148700.0,2022-07-23 07:45:00
18.756737224737673,18.659879506426066,18.81411045505515,7149600.0,2022-07-23 08:00:00
18.849140460569327,18.71495762761816,18.841404669607865,7150500.0,2022-07-23 08:15:00
19.06397276956111,18.788175945990897,18.87229930449828,7151400.0,2022-07-23 08:30:00
19.269351257749715,18.87817397810277,18.908829779105773,7152300.0,2022-07-23 08:45:00
19.43340575343424,18.975943287701433,18.950735378171316,7153200.0,2022-07-23 09:00:00
19.691471389660176,19.087683845912814,18.99932262572172,7154100.0,2022-07-23 09:15:00
19.957175028271855,19.21795103613817,19.05619954445969,7155000.0,2022-07-23 09:30:00
20.123915724265995,19.346743940346148,19.120873832417587,7155900.0,2022-07-23 09:45:00
20.28629733175357,19.46928405451271,19.19112477899285,7156800.0,2022-07-23 10:00:00
20.47368339401717,19.59654132186812,19.266087553763185,7157700.0,2022-07-23 10:15:00
20.66713530943752,19.725759380441804,19.34481369871739,7158600.0,2022-07-23 10:30:00
20.87493289687204,19.861374146678376,19.42715746027775,7159500.0,2022-07-23 10:45:00
21.070388513731153,19.999708980575683,19.5128979413154,7160400.0,2022-07-23 11:00:00
21.21845432825656,20.13400428097699,19.6011808757574,7161300.0,2022-07-23 11:15:00
21.364955608236233,20.262264316195942,19.690641120972792,7162200.0,2022-07-23 11:30:00
21.56010240646722,20.395280880607054,19.781700108805147,7163100.0,2022-07-23 11:45:00
21.79546115176757,20.535182883336688,19.87487850599381,7164000.0,2022-07-23 12:00:00
22.05523764643537,20.694009212909503,19.97297243559166,7164900.0,2022-07-23 12:15:00
22.289175468113797,20.851804878120973,20.07483443735206,7165800.0,2022-07-23 12:30:00
22.50887216518455,21.016532682560943,20.181415217301748,7166700.0,2022-07-23 12:45:00
22.695722160092505,21.175846908859643,20.2913169177728,7167600.0,2022-07-23 13:00:00
22.85990619800756,21.331467302099597,20.403655728679063,7168500.0,2022-07-23 13:15:00
22.994546374430584,21.474195952076947,20.51550491933476,7169400.0,2022-07-23 13:30:00
23.093382198144702,21.60394989726637,20.62472324520885,7170300.0,2022-07-23 13:45:00
23.14226240074818,21.72375476274105,20.731079502113413,7171200.0,2022-07-23 14:00:00
23.161842377687304,21.822363790163983,20.83122610737132,7172100.0,2022-07-23 14:15:00
23.203022288624744,21.91071939374863,20.92498776639332,7173000.0,2022-07-23 14:30:00
23.238821165596505,21.992681286736246,21.01320175280994,7173900.0,2022-07-23 14:45:00
23.270252916195293,22.067729943140176,21.09639039542292,7174800.0,2022-07-23 15:00:00
23.283490721238177,22.131602197312088,21.175071502108576,7175700.0,2022-07-23 15:15:00
23.285182548435323,22.188278135229464,21.249088292214363,7176600.0,2022-07-23 15:30:00
23.27324221663635,22.2325466422356,21.31728606321171,7177500.0,2022-07-23 15:45:00
23.265646684077765,22.273958550562487,21.38064034907468,7178400.0,2022-07-23 16:00:00
23.272635454981,22.31237562023996,21.439084261864867,7179300.0,2022-07-23 16:15:00
23.29605557808359,22.349843810032,21.4925037505581,7180200.0,2022-07-23 16:30:00
23.29342485794181,22.381250172781733,21.540909645217248,7181100.0,2022-07-23 16:45:00
23.247571809008633,22.405737475891986,21.584553224175625,7182000.0,2022-07-23 17:00:00
23.16522653623553,22.414527284100224,21.621017109022233,7182900.0,2022-07-23 17:15:00
23.05637725287951,22.413236634052687,21.6510657549621,7183800.0,2022-07-23 17:30:00
22.934147789949325,22.390905230289754,21.67360917222599,7184700.0,2022-07-23 17:45:00
22.811007974194368,22.35777866304449,21.688426742509854,7185600.0,2022-07-23 18:00:00
22.694215510192446,22.316828641854315,21.696440131838376,7186500.0,2022-07-23 18:15:00
22.58305053846392,22.27230729795873,21.699058035802505,7187400.0,2022-07-23 18:30:00
22.47728194551984,22.225130736003223,21.69748122941709,7188300.0,2022-07-23 18:45:00
22.374912378655633,22.17026759593912,21.68905148277884,7189200.0,2022-07-23 19:00:00
22.284251380505335,22.112694704396265,21.674156325601523,7190100.0,2022-07-23 19:15:00
22.203146268231457,22.06708950920552,21.657566383678077,7191000.0,2022-07-23 19:30:00
22.12419849244876,22.01347422486048,21.638583371166764,7191900.0,2022-07-23 19:45:00
22.047388856330567,21.965583236024717,21.61694242966994,7192800.0,2022-07-23 20:00:00
21.969232362048903,21.912670093504875,21.592084516150507,7193700.0,2022-07-23 20:15:00
21.89660721038124,21.859238964006643,21.564869611269845,7194600.0,2022-07-23 20:30:00
21.82157033852423,21.808930964634296,21.537315142384845,7195500.0,2022-07-23 20:45:00
21.728441644159496,21.760240201564667,21.510675507537577,7196400.0,2022-07-23 21:00:00
21.624342030868075,21.696975398562763,21.482577522785206,7197300.0,2022-07-23 21:15:00
21.516990804921555,21.635335813251384,21.45328075531533,7198200.0,2022-07-23 21:30:00
21.41072472271496,21.576029418333256,21.42267368525782,7199100.0,2022-07-23 21:45:00
21.30179082510236,21.504560512806734,21.389166442358444,7200000.0,2022-07-23 22:00:00
21.18325267022561,21.436004559094027,21.353960909327768,7200900.0,2022-07-23 22:15:00
21.06825922772872,21.358643711934803,21.31718261935908,7201800.0,2022-07-23 22:30:00
20.96395050483329,21.286697119437363,21.279968871413324,7202700.0,2022-07-23 22:45:00
20.85587054860019,21.212710772177577,21.241592061563487,7203600.0,2022-07-23 23:00:00
20.742897002798554,21.139672838521008,21.201975059361462,7204500.0,2022-07-23 23:15:00
20.63239122730741,21.063265059026605,21.160648645775257,7205400.0,2022-07-23 23:30:00
20.52298952737181,20.985946581924907,21.117601568878367,7206300.0,2022-07-23 23:45:00
20.426969100379416,20.914034431113127,21.0739886709981,7207200.0,2022-07-24 00:00:00
20.332654638705243,20.841035961132025,21.029768805305054,7208100.0,2022-07-24 00:15:00
20.236646121566324,20.767108479699544,20.984917781329496,7209000.0,2022-07-24 00:30:00
20.13882017532676,20.696679193554328,20.93994939963928,7209900.0,2022-07-24 00:45:00
20.04126625715177,20.62106165861651,20.893859993604128,7210800.0,2022-07-24 01:00:00
19.944750278438637,20.548188947890274,20.846994639929108,7211700.0,2022-07-24 01:15:00
19.84100213846257,20.47842930429148,20.79968054359873,7212600.0,2022-07-24 01:30:00
19.74612686502656,20.400372556005603,20.7511419119714,7213500.0,2022-07-24 01:45:00
19.655974957903208,20.331310034060845,20.70190123450332,7214400.0,2022-07-24 02:00:00
19.55681821168893,20.25841643109798,20.651656260985988,7215300.0,2022-07-24 02:15:00
19.471613769188785,20.182601810940486,20.60017964050214,7216200.0,2022-07-24 02:30:00
19.394134555012656,20.114653952444097,20.548432304539972,7217100.0,2022-07-24 02:45:00
19.32433962020673,20.047466888507024,20.49700022090868,7218000.0,2022-07-24 03:00:00
19.270317620971284,19.98422744909655,20.44630364779689,7218900.0,2022-07-24 03:15:00
19.2176745316561,19.925614619612755,20.397022375083804,7219800.0,2022-07-24 03:30:00
19.172062387476657,19.869221286597146,20.349491625398347,7220700.0,2022-07-24 03:45:00
19.13688131430863,19.816979044970857,20.303633501801382,7221600.0,2022-07-24 04:00:00
19.108370409017304,19.77135134281888,20.25960602664732,7222500.0,2022-07-24 04:15:00
19.09536377676202,19.73108631482852,20.217310145957548,7223400.0,2022-07-24 04:30:00
19.094478566453063,19.694243320573207,20.17692994681495,7224300.0,2022-07-24 04:45:00
19.102419301321348,19.669366600573216,20.1395369588564,7225200.0,2022-07-24 05:00:00
19.123903144701483,19.642632249227933,20.10497570241548,7226100.0,2022-07-24 05:15:00
19.15678458233938,19.625825886274328,20.07369294603169,7227000.0,2022-07-24 05:30:00
19.211076688923967,19.614517432219497,20.045726946906136,7227900.0,2022-07-24 05:45:00
19.27705669457421,19.619406062995388,20.022308882957603,7228800.0,2022-07-24 06:00:00
19.36281751693146,19.63257854091433,20.003486716713056,7229700.0,2022-07-24 06:15:00
19.477536871879096,19.656174616370624,19.989618773697295,7230600.0,2022-07-24 06:30:00
19.61259442261385,19.692885975498147,19.98160940103868,7231500.0,2022-07-24 06:45:00
19.76881823239393,19.741501061985417,19.97975411345712,7232400.0,2022-07-24 07:00:00
19.93759106582749,19.80523282983137,19.984756978974207,7233300.0,2022-07-24 07:15:00
20.111026567989303,19.878879252187957,19.996518469179406,7234200.0,2022-07-24 07:30:00
20.29627554521973,19.959668360768077,20.01498286273015,7235100.0,2022-07-24 07:45:00
20.482176532900265,20.04892966858085,20.039925938279847,7236000.0,2022-07-24 08:00:00
20.676114081191695,20.14769817265576,20.071369898808225,7236900.0,2022-07-24 08:15:00
20.872340007589287,20.252406487753955,20.108796899509205,7237800.0,2022-07-24 08:30:00
21.062404436530784,20.36328136334665,20.152036388996382,7238700.0,2022-07-24 08:45:00
21.293961845384977,20.491409717713395,20.202512219967023,7239600.0,2022-07-24 09:00:00
21.517800036771952,20.627262741197608,20.26008177749826,7240500.0,2022-07-24 09:15:00
21.7360166711202,20.759218716223103,20.32298941660732,7241400.0,2022-07-24 09:30:00
21.953701834751175,20.89718516240953,20.3910847816133,7242300.0,2022-07-24 09:45:00
22.18099402257932,21.03564122850798,20.46327977587018,7243200.0,2022-07-24 10:00:00
22.41265303666131,21.181111007862388,20.53991669402791,7244100.0,2022-07-24 10:15:00
22.62336891816814,21.327858470052256,20.620571128484737,7245000.0,2022-07-24 10:30:00
22.831967311707206,21.466694887199388,20.7031426029558,7245900.0,2022-07-24 10:45:00
23.053406743045464,21.61836679792641,20.789528511165233,7246800.0,2022-07-24 11:00:00
23.261345795449078,21.770796942736816,20.87954314573622,7247700.0,2022-07-24 11:15:00
23.466164358216872,21.92051385680305,20.971982772912902,7248600.0,2022-07-24 11:30:00
23.68624790103473,22.07715374374636,21.067389673159933,7249500.0,2022-07-24 11:45:00
23.869005960544563,22.228756699789443,21.165234166807934,7250400.0,2022-07-24 12:00:00
24.05003183996247,22.378407569402004,21.26452397213429,7251300.0,2022-07-24 12:15:00
24.20876119657792,22.520800370644483,21.363480242722417,7252200.0,2022-07-24 12:30:00
24.359486324930103,22.659835036362686,21.46187205164928,7253100.0,2022-07-24 12:45:00
24.49277673286904,22.794553281979805,21.560092308072345,7254000.0,2022-07-24 13:00:00
24.61341899193406,22.920653979372965,21.656758958395077,7254900.0,2022-07-24 13:15:00
24.712691524160437,23.034617252582105,21.750465472361324,7255800.0,2022-07-24 13:30:00
24.8004997741864,23.142540933412707,21.841448768953278,7256700.0,2022-07-24 13:45:00
24.87900121257899,23.239064422720773,21.928521166752073,7257600.0,2022-07-24 14:00:00
24.94855741446848,23.334694847483853,22.013069977229858,7258500.0,2022-07-24 14:15:00
24.998059157016247,23.414605667749758,22.092703117877058,7259400.0,2022-07-24 14:30:00
25.05586861943376,23.49807861181892,22.17030561004212,7260300.0,2022-07-24 14:45:00
25.09898033622793,23.57736851211081,22.248185604776577,7261200.0,2022-07-24 15:00:00
25.123850836024413,23.641296331760888,22.32481484526212,7262100.0,2022-07-24 15:15:00
25.11791765023651,23.69945860564769,22.39928676856142,7263000.0,2022-07-24 15:30:00
25.10993841967049,23.748373054794204,22.471484659437326,7263900.0,2022-07-24 15:45:00
25.09242508569712,23.78958326821196,22.54012628318855,7264800.0,2022-07-24 16:00:00
25.073384799447517,23.821906197273005,22.60318924407564,7265700.0,2022-07-24 16:15:00
25.023996041296662,23.844932386357787,22.65887909437153,7266600.0,2022-07-24 16:30:00
24.956224363794632,23.860173305024656,22.708524613182888,7267500.0,2022-07-24 16:45:00
24.842837556124863,23.859597339937217,22.75102893080193,7268400.0,2022-07-24 17:00:00
24.72059833345156,23.84428361639355,22.784800567978422,7269300.0,2022-07-24 17:15:00
24.58495455255929,23.817904497778777,22.81055658760044,7270200.0,2022-07-24 17:30:00
24.43305202187084,23.777105996032823,22.827393140665038,7271100.0,2022-07-24 17:45:00
24.26770456103464,23.71800580940563,22.835459272373576,7272000.0,2022-07-24 18:00:00
24.10557033310459,23.656335897611523,22.839122865247145,7272900.0,2022-07-24 18:15:00
23.95399197810436,23.58497001309552,22.83706093862104,7273800.0,2022-07-24 18:30:00
23.81642805814885,23.515589372673105,22.83066507376867,7274700.0,2022-07-24 18:45:00
23.70107550265844,23.446127900942592,22.819800580909497,7275600.0,2022-07-24 19:00:00
23.59222975761936,23.377016877771617,22.804852635369727,7276500.0,2022-07-24 19:15:00
23.483077876329958,23.30809822089521,22.786000009279757,7277400.0,2022-07-24 19:30:00
23.37475539993751,23.242450449995008,22.76460029955068,7278300.0,2022-07-24 19:45:00
23.272186355054213,23.17611948939855,22.7403180357674,7279200.0,2022-07-24 20:00:00
23.168947867192102,23.10864685632301,22.71297593253492,7280100.0,2022-07-24 20:15:00
23.070833332601048,23.04009116434416,22.68300766169596,7281000.0,2022-07-24 20:30:00
22.962135229206694,22.972387126006016,22.65105012953464,7281900.0,2022-07-24 20:45:00
22.84753378950276,22.907624815632268,22.61869580427812,7282800.0,2022-07-24 21:00:00
22.71179113467796,22.83087385248224,22.584271349339293,7283700.0,2022-07-24 21:15:00
22.588585821382843,22.75609776491541,22.547794575709982,7284600.0,2022-07-24 21:30:00
22.46030710222083,22.67149625604808,22.508095332144283,7285500.0,2022-07-24 21:45:00
22.327039949479225,22.59250048913772,22.466693775678063,7286400.0,2022-07-24 22:00:00
22.176537710948388,22.50414649509249,22.42270936746411,7287300.0,2022-07-24 22:15:00
22.02961549225465,22.41624161525413,22.37648359588473,7288200.0,2022-07-24 22:30:00
21.88159017164412,22.318181190113744,22.32730736012159,7289100.0,2022-07-24 22:45:00
21.74494154474031,22.224950284653303,22.27628715538356,7290000.0,2022-07-24 23:00:00
21.6134643888206,22.126514340078582,22.222484547480292,7290900.0,2022-07-24 23:15:00
21.48969592336621,22.036420950223008,22.167559570815317,7291800.0,2022-07-24 23:30:00
21.376279358884144,21.943479738243205,22.11117551235402,7292700.0,2022-07-24 23:45:00
21.27088707367377,21.8563063642338,22.054015731933728,7293600.0,2022-07-25 00:00:00
21.172323539485053,21.769007454921216,21.996041430215904,7294500.0,2022-07-25 00:15:00
21.082711137952646,21.689753731605467,21.93867667716145,7295400.0,2022-07-25 00:30:00
20.993229649879495,21.608134756538917,21.881372948316027,7296300.0,2022-07-25 00:45:00
20.914717823267853,21.532612276692145,21.82450475931456,7297200.0,2022-07-25 01:00:00
20.838528736082228,21.45996247561844,21.768410117497965,7298100.0,2022-07-25 01:15:00
20.76121755863702,21.38669421639923,21.712738604654444,7299000.0,2022-07-25 01:30:00
20.68335608643819,21.31905470034433,21.657970969578063,7299900.0,2022-07-25 01:45:00
20.603148511620365,21.246880808320807,21.603566829723025,7300800.0,2022-07-25 02:00:00
20.52840125294984,21.17907780722891,21.54978933580264,7301700.0,2022-07-25 02:15:00
20.465775188742345,21.116238337030207,21.496596978864115,7302600.0,2022-07-25 02:30:00
20.40528294217175,21.054679198609485,21.444237653295342,7303500.0,2022-07-25 02:45:00
20.354141788009294,20.992666729758223,21.392703230792694,7304400.0,2022-07-25 03:00:00
20.32124315485349,20.941501470492085,21.34308065731497,7305300.0,2022-07-25 03:15:00
20.28043261224481,20.889961338094476,21.295350382660374,7306200.0,2022-07-25 03:30:00
20.24616269889809,20.83855602507144,21.24901979887456,7307100.0,2022-07-25 03:45:00
20.213997169367488,20.796000370462885,21.204596959323723,7308000.0,2022-07-25 04:00:00
20.192151395252008,20.756583305362938,21.16198322952029,7308900.0,2022-07-25 04:15:00
20.183025254695742,20.71967626881123,21.12128744043234,7309800.0,2022-07-25 04:30:00
20.190959324111702,20.688642165522367,21.082996166766055,7310700.0,2022-07-25 04:45:00
20.175943616457584,20.65784677377578,21.04667282885696,7311600.0,2022-07-25 05:00:00
20.153189981102656,20.63620471601345,21.012854865185428,7312500.0,2022-07-25 05:15:00
20.130020788525048,20.606534280384054,20.98021470878444,7313400.0,2022-07-25 05:30:00
20.13358715907568,20.58265283867643,20.949141777034864,7314300.0,2022-07-25 05:45:00
20.129319173228694,20.559199461135535,20.919641389264296,7315200.0,2022-07-25 06:00:00
20.16904496120412,20.54599151783504,20.892353767870716,7316100.0,2022-07-25 06:15:00
20.207637417268327,20.538542834320495,20.867933602608527,7317000.0,2022-07-25 06:30:00
20.24976783618922,20.53799836878799,20.84671878779412,7317900.0,2022-07-25 06:45:00
20.25570931021341,20.535765089107272,20.82788388957294,7318800.0,2022-07-25 07:00:00
20.27748445664517,20.53469860101041,20.81092769581184,7319700.0,2022-07-25 07:15:00
20.320988063097623,20.54050155430255,20.796238976660742,7320600.0,2022-07-25 07:30:00
20.373865796361727,20.544353908829684,20.783425025714937,7321500.0,2022-07-25 07:45:00
20.449050465240987,20.564979412454974,20.774047499373136,7322400.0,2022-07-25 08:00:00
20.513052708006843,20.584004383184656,20.767728418430377,7323300.0,2022-07-25 08:15:00
20.600536480719303,20.610243970422644,20.76472800786989,7324200.0,2022-07-25 08:30:00
20.735571758430694,20.651896100761167,20.766092162333585,7325100.0,2022-07-25 08:45:00
20.808145362448958,20.695687620931388,20.77186854331165,7326000.0,2022-07-25 09:00:00
20.88172944098593,20.73868512134788,20.7813736104244,7326900.0,2022-07-25 09:15:00
20.95673889239469,20.7812845715897,20.793649009089744,7327800.0,2022-07-25 09:30:00
21.009270266804634,20.819664460347987,20.8075121020162,7328700.0,2022-07-25 09:45:00
21.05015441402604,20.85927011836164,20.823015909750648,7329600.0,2022-07-25 10:00:00
21.105478656976764,20.893656719478187,20.839234034485568,7330500.0,2022-07-25 10:15:00
21.173348475172247,20.93340016767172,20.856531500150215,7331400.0,2022-07-25 10:30:00
21.208633043933123,20.96529037832924,20.873828543210543,7332300.0,2022-07-25 10:45:00
21.26488569375065,21.006106503830484,20.892383912895195,7333200.0,2022-07-25 11:00:00
21.336856940958675,21.043764821600394,20.911769748249736,7334100.0,2022-07-25 11:15:00
21.42294824384589,21.08631360855297,20.9321486122545,7335000.0,2022-07-25 11:30:00
21.508430209398583,21.132895094840205,20.954054288899187,7335900.0,2022-07-25 11:45:00
21.604477290824686,21.182358392404087,20.977569796119912,7336800.0,2022-07-25 12:00:00
21.69716076802631,21.23535413493145,21.00306076999608,7337700.0,2022-07-25 12:15:00
21.77665928532432,21.29332778703981,21.030819903929803,7338600.0,2022-07-25 12:30:00
21.83988657313413,21.345074347094883,21.059630147772403,7339500.0,2022-07-25 12:45:00
21.891930087471305,21.39426595442411,21.089102411664296,7340400.0,2022-07-25 13:00:00
21.940465510800163,21.440904868036643,21.118801080189566,7341300.0,2022-07-25 13:15:00
21.98002366577291,21.481802936335068,21.14780643797931,7342200.0,2022-07-25 13:30:00
22.00300037255132,21.521169983784507,21.17649322318425,7343100.0,2022-07-25 13:45:00
22.002414963485712,21.55010683448924,21.20387004114836,7344000.0,2022-07-25 14:00:00
21.98646847238317,21.576421749001444,21.229672265943336,7344900.0,2022-07-25 14:15:00
21.985643111412216,21.595380228828542,21.253204230500483,7345800.0,2022-07-25 14:30:00
21.990089365113857,21.61250811620572,21.27495087347502,7346700.0,2022-07-25 14:45:00
22.00532220714496,21.629362509271044,21.295310991445223,7347600.0,2022-07-25 15:00:00
22.000913861817025,21.64408266972928,21.31418576126701,7348500.0,2022-07-25 15:15:00
21.973576646274143,21.651139028230997,21.33058712425132,7349400.0,2022-07-25 15:30:00
21.961974406919964,21.656965510808963,21.34468650444879,7350300.0,2022-07-25 15:45:00
21.93468518454471,21.657967499469287,21.356577150679986,7351200.0,2022-07-25 16:00:00
21.891173605986232,21.652432869541435,21.365933842706568,7352100.0,2022-07-25 16:15:00
21.83471813586845,21.643347892524417,21.37312023790465,7353000.0,2022-07-25 16:30:00
21.78730011509257,21.62940652976366,21.37752112134215,7353900.0,2022-07-25 16:45:00
21.74597583634035,21.615650639651143,21.379763136815217,7354800.0,2022-07-25 17:00:00
21.697454957769768,21.594671704202277,21.379264728994848,7355700.0,2022-07-25 17:15:00
21.64193234350448,21.571236797726183,21.376321783112733,7356600.0,2022-07-25 17:30:00
21.57537874757628,21.54469563623714,21.37152073480222,7357500.0,2022-07-25 17:45:00
21.49991206875977,21.513550408686108,21.364468968065296,7358400.0,2022-07-25 18:00:00
21.43434893290889,21.480248377117185,21.355077350993906,7359300.0,2022-07-25 18:15:00
21.361534110950785,21.441926655320927,21.342946105581536,7360200.0,2022-07-25 18:30:00
21.301114056065735,21.404179478534495,21.32852366693359,7361100.0,2022-07-25 18:45:00
21.246748540030573,21.36373870381724,21.31200733813617,7362000.0,2022-07-25 19:00:00
21.199249024440103,21.33239615874535,21.295111517881,7362900.0,2022-07-25 19:15:00
21.144202416335663,21.29578933291524,21.27736295765045,7363800.0,2022-07-25 19:30:00
21.08803276354462,21.25726524774254,21.258176511466328,7364700.0,2022-07-25 19:45:00
21.03232210361892,21.22025164115544,21.238025268050315,7365600.0,2022-07-25 20:00:00
20.97819685965712,21.182932641046165,21.217177681372828,7366500.0,2022-07-25 20:15:00
20.91221520907952,21.141875836864852,21.19501356632577,7367400.0,2022-07-25 20:30:00
20.83949466594846,21.09836171415124,21.171572436217257,7368300.0,2022-07-25 20:45:00
20.772500244329372,21.06196693064056,21.148101393677152,7369200.0,2022-07-25 21:00:00
20.709608287878407,21.014045426997512,21.12298697094105,7370100.0,2022-07-25 21:15:00
20.645204226446324,20.96954556880185,21.096871878376195,7371000.0,2022-07-25 21:30:00
20.58363153504613,20.92351941179318,21.06973307491612,7371900.0,2022-07-25 21:45:00
20.523010749127465,20.876489901799417,21.041458812922382,7372800.0,2022-07-25 22:00:00
20.464660349949487,20.831203330552,21.01238938472196,7373700.0,2022-07-25 22:15:00
20.40711400206949,20.78565711844695,20.982622492525323,7374600.0,2022-07-25 22:30:00
20.34379863565855,20.74089735641292,20.95234282182916,7375500.0,2022-07-25 22:45:00
20.275574945601647,20.694769288104617,20.921615139235616,7376400.0,2022-07-25 23:00:00
20.2094605894448,20.6469572691942,20.89036183285569,7377300.0,2022-07-25 23:15:00
20.14615435504792,20.599073374985764,20.8585846487086,7378200.0,2022-07-25 23:30:00
20.082612770003312,20.549339964988963,20.826358434012104,7379100.0,2022-07-25 23:45:00
20.02692992648633,20.503364603701375,20.794079409075632,7380000.0,2022-07-26 00:00:00
19.969461534605173,20.456766282425303,20.76145333337301,7380900.0,2022-07-26 00:15:00
19.91842249349136,20.412063543953945,20.7286420321182,7381800.0,2022-07-26 00:30:00
19.86207484757152,20.36602698674124,20.69558528811044,7382700.0,2022-07-26 00:45:00
19.81029001173918,20.321747233528832,20.662612874316164,7383600.0,2022-07-26 01:00:00
19.755860216268943,20.27690521744676,20.629379028754933,7384500.0,2022-07-26 01:15:00
19.706080452871326,20.233957104503705,20.595997246558213,7385400.0,2022-07-26 01:30:00
19.663437609779795,20.191914284945597,20.562607997456688,7386300.0,2022-07-26 01:45:00
19.620153758517237,20.149706018253713,20.52952379398045,7387200.0,2022-07-26 02:00:00
19.5799567553504,20.109902805653277,20.49697236289437,7388100.0,2022-07-26 02:15:00
19.545650281229214,20.073805229630313,20.46505448947608,7389000.0,2022-07-26 02:30:00
19.50958438517181,20.03778522177827,20.43389750655994,7389900.0,2022-07-26 02:45:00
19.473215923274314,20.000848142864953,20.403075466019256,7390800.0,2022-07-26 03:00:00
19.441919018844636,19.967307717052897,20.37263384230673,7391700.0,2022-07-26 03:15:00
19.413976361140502,19.93363265149486,20.34231664153376,7392600.0,2022-07-26 03:30:00
19.386191310757887,19.903942386901026,20.312574473975495,7393500.0,2022-07-26 03:45:00
19.35310012776968,19.87115240871761,20.283231206517826,7394400.0,2022-07-26 04:00:00
19.329356098291267,19.841868610676208,20.25451507149292,7395300.0,2022-07-26 04:15:00
19.319063803818704,19.81458217490464,20.22619734126653,7396200.0,2022-07-26 04:30:00
19.32368231255874,19.790506744329903,20.19854807604972,7397100.0,2022-07-26 04:45:00
19.329359041021767,19.773404339344182,20.17267189969965,7398000.0,2022-07-26 05:00:00
19.33736797352492,19.75772539708208,20.1487013065442,7398900.0,2022-07-26 05:15:00
19.36341021276307,19.75022742924885,20.12714268675632,7399800.0,2022-07-26 05:30:00
19.39870708788132,19.74157941308474,20.10760741632468,7400700.0,2022-07-26 05:45:00
19.447622205514048,19.74587679822513,20.090344992825973,7401600.0,2022-07-26 06:00:00
19.50755976878817,19.75586344449057,20.07644639733168,7402500.0,2022-07-26 06:15:00
19.56489994083036,19.766218947637373,20.0653535936958,7403400.0,2022-07-26 06:30:00
19.621311554050187,19.785309526820495,20.05757430537387,7404300.0,2022-07-26 06:45:00
19.6725747802052,19.804790626509924,20.052994947585223,7405200.0,2022-07-26 07:00:00
19.72026996666084,19.825560542221037,20.050746594055894,7406100.0,2022-07-26 07:15:00
19.76280017464403,19.848136042602448,20.05072823692153,7407000.0,2022-07-26 07:30:00
19.82562209406015,19.87528879850955,20.05333420435588,7407900.0,2022-07-26 07:45:00
19.884828975930077,19.89979066618928,20.057947326216347,7408800.0,2022-07-26 08:00:00
19.99816712664704,19.935668494241806,20.06532867291961,7409700.0,2022-07-26 08:15:00
20.12791278150864,19.981219679123967,20.076297910070814,7410600.0,2022-07-26 08:30:00
20.293324585445426,20.04454626109132,20.092257587748254,7411500.0,2022-07-26 08:45:00
20.405687845433587,20.10943430858262,20.112188148340152,7412400.0,2022-07-26 09:00:00
20.534843821776583,20.176782127570824,20.13590133235034,7413300.0,2022-07-26 09:15:00
20.62580431041445,20.245320612160587,20.16326349982397,7414200.0,2022-07-26 09:30:00
20.73306011314074,20.314832325184685,20.19379697639785,7415100.0,2022-07-26 09:45:00
20.834514906140942,20.38340900056212,20.226599293369745,7416000.0,2022-07-26 10:00:00
21.012744960087744,20.461942433794775,20.262275135742183,7416900.0,2022-07-26 10:15:00
21.1368992402528,20.545165968794787,20.30112488920981,7417800.0,2022-07-26 10:30:00
21.18919857700021,20.61957125291238,20.34181317024619,7418700.0,2022-07-26 10:45:00
21.275619431518844,20.68942347000823,20.383385994403216,7419600.0,2022-07-26 11:00:00
21.39661328134119,20.760085758275384,20.42544123741244,7420500.0,2022-07-26 11:15:00
21.516104141354084,20.832477949637177,20.468271440090167,7421400.0,2022-07-26 11:30:00
21.647695598523686,20.913499320694587,20.513228568270968,7422300.0,2022-07-26 11:45:00
21.751588040757575,20.99499438327912,20.5605058923904,7423200.0,2022-07-26 12:00:00
21.8263915028494,21.07170585575408,20.608889249309385,7424100.0,2022-07-26 12:15:00
21.912284909395364,21.14493246239848,20.657749418621183,7425000.0,2022-07-26 12:30:00
22.00997198773112,21.217757490011227,20.707017305102685,7425900.0,2022-07-26 12:45:00
22.06519792125732,21.286492874859302,20.756011594890637,7426800.0,2022-07-26 13:00:00
22.111100778485987,21.34719069034188,20.803563790797963,7427700.0,2022-07-26 13:15:00
22.150971464429613,21.402877728311015,20.84916794636871,7428600.0,2022-07-26 13:30:00
22.196433078109248,21.45171015657388,20.891820035914627,7429500.0,2022-07-26 13:45:00
22.260731967346597,21.503582867787056,20.93243462973812,7430400.0,2022-07-26 14:00:00
22.29082824420541,21.54929974784245,20.970934537183044,7431300.0,2022-07-26 14:15:00
22.29025846018368,21.58867837281719,21.007565896648146,7432200.0,2022-07-26 14:30:00
22.271458293843423,21.619493937738184,21.042038323419593,7433100.0,2022-07-26 14:45:00
22.21826028154967,21.639066089821046,21.073789389338845,7434000.0,2022-07-26 15:00:00
22.171118293359488,21.645485347051007,21.10132086350549,7434900.0,2022-07-26 15:15:00
22.12782520506367,21.650958762256558,21.12562145740089,7435800.0,2022-07-26 15:30:00
22.084827067018207,21.647989973950647,21.1466066540708,7436700.0,2022-07-26 15:45:00
22.044027653774407,21.63899759845212,21.16374498554562,7437600.0,2022-07-26 16:00:00
22.014605719211207,21.631193811982875,21.177685772997727,7438500.0,2022-07-26 16:15:00
21.9812418094501,21.626472270939967,21.189856891294323,7439400.0,2022-07-26 16:30:00
21.94022657223803,21.615792441926136,21.200097026195905,7440300.0,2022-07-26 16:45:00
21.884999138376077,21.601996874950597,21.20816226861068,7441200.0,2022-07-26 17:00:00
21.813337494304808,21.581320643955152,21.213276584672784,7442100.0,2022-07-26 17:15:00
21.72081211355757,21.552139435843355,21.214982875424912,7443000.0,2022-07-26 17:30:00
21.614369668611,21.51497675690273,21.21274402055096,7443900.0,2022-07-26 17:45:00
21.501118110534357,21.469588167871795,21.206737395338173,7444800.0,2022-07-26 18:00:00
21.37572172613373,21.41744893029983,21.196861560914847,7445700.0,2022-07-26 18:15:00
21.238450340896076,21.35741462490156,21.183074530488124,7446600.0,2022-07-26 18:30:00
21.093689105853034,21.289289766202582,21.16411949619899,7447500.0,2022-07-26 18:45:00
20.940388166972575,21.215162951699813,21.140248316966023,7448400.0,2022-07-26 19:00:00
20.796755251451735,21.13662748035814,21.111748390462967,7449300.0,2022-07-26 19:15:00
20.654351854273912,21.055269366743687,21.07923703266905,7450200.0,2022-07-26 19:30:00
20.508333526975832,20.96671138720463,21.042649656029912,7451100.0,2022-07-26 19:45:00
20.364148672370032,20.880002670635623,21.00299960666369,7452000.0,2022-07-26 20:00:00
20.22532451085569,20.78983179257148,20.960440560825795,7452900.0,2022-07-26 20:15:00
20.09740802633938,20.699297895481013,20.91528973438944,7453800.0,2022-07-26 20:30:00
19.97495295639131,20.611139583050065,20.86798331560905,7454700.0,2022-07-26 20:45:00
19.867646742951884,20.524546079646328,20.81895912643618,7455600.0,2022-07-26 21:00:00
19.762287760498165,20.43997875932987,20.76862397784536,7456500.0,2022-07-26 21:15:00
19.65333691140304,20.358714501432225,20.717517661100537,7457400.0,2022-07-26 21:30:00
19.550811235541016,20.277142935406616,20.66583618597646,7458300.0,2022-07-26 21:45:00
19.445568094101223,20.197486544540965,20.61396548198196,7459200.0,2022-07-26 22:00:00
19.33641993007092,20.1168777174426,20.561934758412637,7460100.0,2022-07-26 22:15:00
19.22282700805924,20.03611489378818,20.509674710686568,7461000.0,2022-07-26 22:30:00
19.101230700541656,19.95097427326937,20.456524763106373,7461900.0,2022-07-26 22:45:00
18.97967172331647,19.86602600783476,20.40214614760276,7462800.0,2022-07-26 23:00:00
18.86274976728413,19.78263232889887,20.347027585199637,7463700.0,2022-07-26 23:15:00
18.7451341030119,19.695333910615517,20.290769375841357,7464600.0,2022-07-26 23:30:00
18.62019224087889,19.608491597822688,20.233472199060053,7465500.0,2022-07-26 23:45:00
18.49560710246293,19.51673400195294,20.174946762893615,7466400.0,2022-07-27 00:00:00
18.375611762770006,19.428389817763136,20.115356354225295,7467300.0,2022-07-27 00:15:00
18.257967090345947,19.338957041428323,20.054668846005985,7468200.0,2022-07-27 00:30:00
18.14529485148704,19.251548575516896,19.993367055152923,7469100.0,2022-07-27 00:45:00
18.03034519796816,19.160985549105717,19.931326818419993,7470000.0,2022-07-27 01:00:00
17.923921386688,19.07331819118348,19.86896111492772,7470900.0,2022-07-27 01:15:00
17.82065547873466,18.98754886026706,19.80682986417324,7471800.0,2022-07-27 01:30:00
17.71360626590158,18.904136304836907,19.74475285760212,7472700.0,2022-07-27 01:45:00
17.60223307992617,18.81817312290796,19.682210622964657,7473600.0,2022-07-27 02:00:00
17.49953037046267,18.73256942417716,19.619287907068525,7474500.0,2022-07-27 02:15:00
17.40095375240795,18.648449640905888,19.556078346690807,7475400.0,2022-07-27 02:30:00
17.298442225039956,18.56560188406985,19.49318378396152,7476300.0,2022-07-27 02:45:00
17.209179851001593,18.48569166435946,19.43116559568043,7477200.0,2022-07-27 03:00:00
17.116550926948506,18.404443982401755,19.36939328554732,7478100.0,2022-07-27 03:15:00
17.035919747853583,18.327229582105733,19.3077943276907,7479000.0,2022-07-27 03:30:00
16.974817733063475,18.251852709484464,19.24707916694648,7479900.0,2022-07-27 03:45:00
16.926780991766794,18.1859591005453,19.188326674798148,7480800.0,2022-07-27 04:00:00
16.880572376340567,18.125190770088594,19.130619325619367,7481700.0,2022-07-27 04:15:00
16.846682043340316,18.067250725735093,19.073091819080304,7482600.0,2022-07-27 04:30:00
16.827795100737625,18.017678641398494,19.015979224739997,7483500.0,2022-07-27 04:45:00
16.821515808375082,17.970723763643694,18.96046207719646,7484400.0,2022-07-27 05:00:00
16.832780638447318,17.931962390494885,18.907411732673616,7485300.0,2022-07-27 05:15:00
16.872928798017757,17.903265904168045,18.858322702118407,7486200.0,2022-07-27 05:30:00
16.917147030575073,17.883717582874596,18.814551715034984,7487100.0,2022-07-27 05:45:00
16.94251692763991,17.87161292312322,18.775974128577175,7488000.0,2022-07-27 06:00:00
17.017928299462984,17.867997515268883,18.74252789876745,7488900.0,2022-07-27 06:15:00
17.076708811755992,17.868816215671995,18.71302735571397,7489800.0,2022-07-27 06:30:00
17.163031413262818,17.88292956811165,18.686714217922123,7490700.0,2022-07-27 06:45:00
17.21688829098756,17.897894432088776,18.66186927678141,7491600.0,2022-07-27 07:00:00
17.266261994827776,17.91158639515489,18.638424544373027,7492500.0,2022-07-27 07:15:00
17.34528253487667,17.924782672495223,18.617849914997567,7493400.0,2022-07-27 07:30:00
17.497987948899276,17.958473453063696,18.6027128680685,7494300.0,2022-07-27 07:45:00
17.63751405669858,17.999661956965706,18.594365096718366,7495200.0,2022-07-27 08:00:00
17.792698204735817,18.05160991288881,18.59262106897601,7496100.0,2022-07-27 08:15:00
17.90660247621294,18.102202994450614,18.59651132910951,7497000.0,2022-07-27 08:30:00
17.9864898523108,18.15935304324305,18.60489757610556,7497900.0,2022-07-27 08:45:00
18.144432406730186,18.22650866854152,18.618045235971113,7498800.0,2022-07-27 09:00:00
18.294366335246234,18.297149047773647,18.63507638578392,7499700.0,2022-07-27 09:15:00
18.365573524213172,18.364644486258022,18.65397164197815,7500600.0,2022-07-27 09:30:00
18.429131823661837,18.421010455742717,18.673580339833787,7501500.0,2022-07-27 09:45:00
18.543571105182323,18.48038141756652,18.69459487243111,7502400.0,2022-07-27 10:00:00
18.681830545377668,18.5452835320046,18.71834095471868,7503300.0,2022-07-27 10:15:00
18.8355203028057,18.61869809876126,18.74576510882921,7504200.0,2022-07-27 10:30:00
18.96870973562084,18.697045242682943,18.777001995023603,7505100.0,2022-07-27 10:45:00
19.173788204957855,18.788207558748766,18.813075171047583,7506000.0,2022-07-27 11:00:00
19.341876476379767,18.88249573347988,18.85356361625672,7506900.0,2022-07-27 11:15:00
19.45551528153356,18.976768495304277,18.897923567824733,7507800.0,2022-07-27 11:30:00
19.579617056487727,19.064640445377464,18.94473169034856,7508700.0,2022-07-27 11:45:00
19.66617462466135,19.150376107499437,18.993286020626968,7509600.0,2022-07-27 12:00:00
19.743516112191003,19.228865472499937,19.04251665052532,7510500.0,2022-07-27 12:15:00
19.86003945032536,19.30517571621227,19.091794908696126,7511400.0,2022-07-27 12:30:00
20.044720817645818,19.396894382887048,19.142654524299672,7512300.0,2022-07-27 12:45:00
20.245513547228487,19.498881427910085,19.196525980459807,7513200.0,2022-07-27 13:00:00
20.40314211173001,19.604487432818253,19.253778210169862,7514100.0,2022-07-27 13:15:00
20.550419667725123,19.71292180063698,19.314623582136285,7515000.0,2022-07-27 13:30:00
20.68950346207809,19.81598480835764,19.377512293563576,7515900.0,2022-07-27 13:45:00
20.78720675692448,19.914871898988785,19.44147945090766,7516800.0,2022-07-27 14:00:00
20.844842475289905,20.003152846388648,19.50511441788825,7517700.0,2022-07-27 14:15:00
20.90602841218297,20.080857698034457,19.567057669991208,7518600.0,2022-07-27 14:30:00
20.960537637825414,20.154747270432004,19.62732632374225,7519500.0,2022-07-27 14:45:00
21.010737144439886,20.224180319392328,19.68514842955025,7520400.0,2022-07-27 15:00:00
21.071634149176564,20.29017808386885,19.740525752573685,7521300.0,2022-07-27 15:15:00
21.132883713397288,20.349887807957654,19.794061209729737,7522200.0,2022-07-27 15:30:00
21.14989638398276,20.40479814240704,19.84588812129089,7523100.0,2022-07-27 15:45:00
21.112155455598565,20.444465950028185,19.894550078623,7524000.0,2022-07-27 16:00:00
21.05052905607146,20.47071219345192,19.938565090780617,7524900.0,2022-07-27 16:15:00
21.003643903273357,20.48520578684786,19.97661340406792,7525800.0,2022-07-27 16:30:00
20.96491202754141,20.49308218650484,20.00888521121924,7526700.0,2022-07-27 16:45:00
20.92092997611634,20.494935883469086,20.03596904147675,7527600.0,2022-07-27 17:00:00
20.870571265957327,20.49277239276677,20.059151721050352,7528500.0,2022-07-27 17:15:00
20.82148740355405,20.4875676010968,20.078988790761887,7529400.0,2022-07-27 17:30:00
20.767002889797915,20.475178345678287,20.095024297613467,7530300.0,2022-07-27 17:45:00
20.7145957783382,20.46202711043092,20.10782679935164,7531200.0,2022-07-27 18:00:00
20.665681760461315,20.443711051297505,20.116441639123902,7532100.0,2022-07-27 18:15:00
20.618623322112352,20.426543117145894,20.122593159664973,7533000.0,2022-07-27 18:30:00
20.566641542915413,20.40601163581761,20.126550609284447,7533900.0,2022-07-27 18:45:00
20.516521309282,20.38137766582173,20.128286769033743,7534800.0,2022-07-27 19:00:00
20.469638925132795,20.361430913811184,20.128841064762568,7535700.0,2022-07-27 19:15:00
20.41960084704008,20.339659846823352,20.12758235496292,7536600.0,2022-07-27 19:30:00
20.369691550398887,20.31409087401441,20.12415302585771,7537500.0,2022-07-27 19:45:00
20.32353495357892,20.28809982505164,20.118604912949998,7538400.0,2022-07-27 20:00:00
20.2754466381504,20.259801890850778,20.11146613249741,7539300.0,2022-07-27 20:15:00
20.23063540837501,20.233931304058885,20.103887230397717,7540200.0,2022-07-27 20:30:00
20.180311968946963,20.20654937285726,20.095560052937607,7541100.0,2022-07-27 20:45:00
20.121828741540664,20.177638545234295,20.08609122103361,7542000.0,2022-07-27 21:00:00
20.06047800199477,20.144396755000013,20.074924195624583,7542900.0,2022-07-27 21:15:00
19.992277494136346,20.110088050076655,20.062285036742654,7543800.0,2022-07-27 21:30:00
19.91966111590539,20.07205791581937,20.047993610684284,7544700.0,2022-07-27 21:45:00
19.847290179006208,20.030410501095663,20.031731858255355,7545600.0,2022-07-27 22:00:00
19.775797590607915,19.98706807927884,20.013483716094687,7546500.0,2022-07-27 22:15:00
19.69949269411984,19.94416379014061,19.993788701619035,7547400.0,2022-07-27 22:30:00
19.627716807181347,19.89918536970472,19.972692851359735,7548300.0,2022-07-27 22:45:00
19.558573155161664,19.85244326505567,19.95008605185788,7549200.0,2022-07-27 23:00:00
19.495802572670684,19.805753844413044,19.926256993836343,7550100.0,2022-07-27 23:15:00
19.4247761312458,19.75906166829544,19.901397233138304,7551000.0,2022-07-27 23:30:00
19.35362513399411,19.713298552287785,19.87596916944168,7551900.0,2022-07-27 23:45:00
19.277064219758785,19.666759966428,19.850021503192757,7552800.0,2022-07-28 00:00:00
19.185274384893336,19.614168793552807,19.822777545994,7553700.0,2022-07-28 00:15:00
19.09825870147648,19.56056768506373,19.794060127362844,7554600.0,2022-07-28 00:30:00
19.0090541298026,19.503280647584983,19.76388649198276,7555500.0,2022-07-28 00:45:00
18.927896952035265,19.44614032427307,19.73246116326188,7556400.0,2022-07-28 01:00:00
18.85127573725198,19.39219157733925,19.700223418138947,7557300.0,2022-07-28 01:15:00
18.778866174678527,19.337766140360525,19.667400562995716,7558200.0,2022-07-28 01:30:00
18.709052180385687,19.28214351331709,19.634059399960016,7559100.0,2022-07-28 01:45:00
18.641525994105553,19.228008139172086,19.600332986542668,7560000.0,2022-07-28 02:00:00
18.577999683941016,19.17643682017447,19.566568544532306,7560900.0,2022-07-28 02:15:00
18.516776856521247,19.123596900066836,19.53229600982832,7561800.0,2022-07-28 02:30:00
18.46030219162389,19.07579368710159,19.497940614708973,7562700.0,2022-07-28 02:45:00
18.407658196182755,19.026632338326667,19.463516181217447,7563600.0,2022-07-28 03:00:00
18.358620924355986,18.98089247920096,19.42920767098729,7564500.0,2022-07-28 03:15:00
18.32960571379513,18.9407406959507,19.395614067192486,7565400.0,2022-07-28 03:30:00
18.310863948643433,18.90227477708117,19.36287560932188,7566300.0,2022-07-28 03:45:00
18.292338816060514,18.87122301939862,19.331529426408768,7567200.0,2022-07-28 04:00:00
18.269417849554173,18.838650569137307,19.301439745340044,7568100.0,2022-07-28 04:15:00
18.25603125995695,18.81105811951041,19.27279652531667,7569000.0,2022-07-28 04:30:00
18.25618316434941,18.786629206939008,19.24588032418196,7569900.0,2022-07-28 04:45:00
18.268896507495796,18.767126406450377,19.220500134754047,7570800.0,2022-07-28 05:00:00
18.293047849317883,18.756139624656235,19.197585085996685,7571700.0,2022-07-28 05:15:00
18.318365184452848,18.74774222957701,19.17743597582504,7572600.0,2022-07-28 05:30:00
18.347750768964136,18.743426297238205,19.159930689956724,7573500.0,2022-07-28 05:45:00
18.38565641442063,18.74392139995128,19.144900981688508,7574400.0,2022-07-28 06:00:00
18.438038348584875,18.7560181723556,19.132905423877943,7575300.0,2022-07-28 06:15:00
18.518275788943026,18.767673892043312,19.12375937045368,7576200.0,2022-07-28 06:30:00
18.621134721685618,18.786968828125925,19.117596943741688,7577100.0,2022-07-28 06:45:00
18.74172352853713,18.819032094872544,19.115198137294307,7578000.0,2022-07-28 07:00:00
18.894807080671814,18.871288436991907,19.117866408828963,7578900.0,2022-07-28 07:15:00
19.015073721950724,18.928659631089065,19.125190814362274,7579800.0,2022-07-28 07:30:00
19.20060933972968,18.99900939698937,19.13799299453917,7580700.0,2022-07-28 07:45:00
19.371135063782244,19.07632534630916,19.15653710439951,7581600.0,2022-07-28 08:00:00
19.530695567590364,19.164594220089683,19.181244804986456,7582500.0,2022-07-28 08:15:00
19.7582774454103,19.261269691388623,19.211642228063894,7583400.0,2022-07-28 08:30:00
19.999434465481347,19.371031765953635,19.248193739653274,7584300.0,2022-07-28 08:45:00
20.18655298703112,19.49179403037744,19.29179879794606,7585200.0,2022-07-28 09:00:00
20.304413021005537,19.60023028073913,19.340160435527736,7586100.0,2022-07-28 09:15:00
20.425455778713253,19.702970875589443,19.391444268589975,7587000.0,2022-07-28 09:30:00
20.60060013368359,19.804044794629483,19.444578931751614,7587900.0,2022-07-28 09:45:00
20.80611729447847,19.918071963948705,19.50088020762644,7588800.0,2022-07-28 10:00:00
21.041685117844885,20.04237572724111,19.561212866434136,7589700.0,2022-07-28 10:15:00
21.27755787704511,20.17018286497263,19.62518933288837,7590600.0,2022-07-28 10:30:00
21.49650127059652,20.308420567832208,19.69385848248488,7591500.0,2022-07-28 10:45:00
21.71258238750016,20.45007728963416,19.766990492799245,7592400.0,2022-07-28 11:00:00
21.89731264046179,20.593049645460283,19.844186035776975,7593300.0,2022-07-28 11:15:00
22.093976274105536,20.731838769097575,19.9241740717929,7594200.0,2022-07-28 11:30:00
22.257983373964677,20.8714672407484,20.00715390278124,7595100.0,2022-07-28 11:45:00
22.382638602153197,21.000313072003298,20.092444483073034,7596000.0,2022-07-28 12:00:00
22.49388998002302,21.119572395088728,20.176744655040785,7596900.0,2022-07-28 12:15:00
22.599713772547958,21.2290206130522,20.25801797767856,7597800.0,2022-07-28 12:30:00
22.679428923983608,21.33006981477324,20.33623887500472,7598700.0,2022-07-28 12:45:00
22.733995437581083,21.41998645356984,20.410620101858303,7599600.0,2022-07-28 13:00:00
22.75840051806769,21.498264978993326,20.48021193511256,7600500.0,2022-07-28 13:15:00
22.779999044115502,21.564884132397715,20.544466148063208,7601400.0,2022-07-28 13:30:00
22.82063772919537,21.62748111983987,20.60514402860948,7602300.0,2022-07-28 13:45:00
22.86504566971499,21.685320992422383,20.662545829779333,7603200.0,2022-07-28 14:00:00
22.908602174499627,21.739538264279616,20.71708020763876,7604100.0,2022-07-28 14:15:00
22.951528030721903,21.792974896228287,20.77076780395028,7605000.0,2022-07-28 14:30:00
23.008091220069527,21.849372935551607,20.824278755324407,7605900.0,2022-07-28 14:45:00
23.055948824202066,21.899495636133185,20.87658995849396,7606800.0,2022-07-28 15:00:00
23.109691615272656,21.95206344898536,20.931296907344866,7607700.0,2022-07-28 15:15:00
23.155449712881016,22.003616189360983,20.988340130112835,7608600.0,2022-07-28 15:30:00
23.184328668868503,22.054116253265825,21.04557696685988,7609500.0,2022-07-28 15:45:00
23.21488970993479,22.099762113555407,21.10164747826025,7610400.0,2022-07-28 16:00:00
23.232741459949608,22.143815836773893,21.153397771242815,7611300.0,2022-07-28 16:15:00
23.233676010901856,22.1828313908394,21.201088407873407,7612200.0,2022-07-28 16:30:00
23.20672975903515,22.213521322710974,21.24514915892455,7613100.0,2022-07-28 16:45:00
23.14264245465827,22.22989021313617,21.284772985749097,7614000.0,2022-07-28 17:00:00
23.057035108158153,22.23203234243076,21.31895389941993,7614900.0,2022-07-28 17:15:00
22.954246293955904,22.22083877788938,21.347672662475215,7615800.0,2022-07-28 17:30:00
22.83783029918548,22.1999896724522,21.37082295854808,7616700.0,2022-07-28 17:45:00
22.708160620451142,22.16368234526022,21.386676096550495,7617600.0,2022-07-28 18:00:00
22.581268416009635,22.11963570699585,21.3935801234454,7618500.0,2022-07-28 18:15:00
22.467497242553687,22.071618019023727,21.393277406383785,7619400.0,2022-07-28 18:30:00
22.35940902754094,22.020344955973368,21.387564919092625,7620300.0,2022-07-28 18:45:00
22.258338527651556,21.965952715181423,21.37753934838919,7621200.0,2022-07-28 19:00:00
22.163989818192764,21.911135630559126,21.364465981245225,7622100.0,2022-07-28 19:15:00
22.076094938027136,21.85603248948013,21.349911959047155,7623000.0,2022-07-28 19:30:00
21.98750866610821,21.803821402792952,21.334899231903947,7623900.0,2022-07-28 19:45:00
21.89991883611416,21.749244855801724,21.319119041905758,7624800.0,2022-07-28 20:00:00
21.82168976190643,21.696817782541295,21.3020412914136,7625700.0,2022-07-28 20:15:00
21.74124709242482,21.64469897602027,21.283563199457166,7626600.0,2022-07-28 20:30:00
21.65812412516966,21.592403741046475,21.26420746297189,7627500.0,2022-07-28 20:45:00
21.576503056512404,21.539415076621825,21.243665792821705,7628400.0,2022-07-28 21:00:00
21.490896389282693,21.487218748004118,21.222707963585503,7629300.0,2022-07-28 21:15:00
21.402960433976247,21.433204131978087,21.20065925366196,7630200.0,2022-07-28 21:30:00
21.31095784297847,21.380009079561123,21.17784739995511,7631100.0,2022-07-28 21:45:00
21.219294604930635,21.321395408902465,21.15334084511341,7632000.0,2022-07-28 22:00:00
21.11667858710464,21.26149422557832,21.127458266921064,7632900.0,2022-07-28 22:15:00
21.0110660300664,21.201371985536067,21.10152807012557,7633800.0,2022-07-28 22:30:00
20.905019885109287,21.135691010186527,21.07396534086451,7634700.0,2022-07-28 22:45:00
20.802172124023407,21.070578399721665,21.044422500553665,7635600.0,2022-07-28 23:00:00
20.703736547521547,21.00921659941501,21.013225809327796,7636500.0,2022-07-28 23:15:00
20.605890390824033,20.938557404421488,20.978975273746567,7637400.0,2022-07-28 23:30:00
20.507712099964778,20.874272668147913,20.943269338356465,7638300.0,2022-07-28 23:45:00
20.417427124389285,20.8088281347178,20.906175426769178,7639200.0,2022-07-29 00:00:00
20.330247171404025,20.743443278985648,20.86802144692854,7640100.0,2022-07-29 00:15:00
20.244576943395487,20.676119014709204,20.828762131932496,7641000.0,2022-07-29 00:30:00
20.16175673783031,20.612794764542247,20.789269380178037,7641900.0,2022-07-29 00:45:00
20.08283313928653,20.552424075074192,20.749940412209728,7642800.0,2022-07-29 01:00:00
20.004172510040902,20.48953784759489,20.71060539076617,7643700.0,2022-07-29 01:15:00
19.935904580983,20.42993730965487,20.671296959812455,7644600.0,2022-07-29 01:30:00
19.86672232236627,20.37312784655245,20.632270120364915,7645500.0,2022-07-29 01:45:00
19.797133178541944,20.315589464622622,20.593226153546848,7646400.0,2022-07-29 02:00:00
19.726830848052625,20.25860085458564,20.554247895643638,7647300.0,2022-07-29 02:15:00
19.654852720295487,20.20223475258075,20.51544205637574,7648200.0,2022-07-29 02:30:00
19.582680103201103,20.14557843793656,20.476403916121775,7649100.0,2022-07-29 02:45:00
19.519761256179773,20.091901886455897,20.437435830924205,7650000.0,2022-07-29 03:00:00
19.4684902630192,20.039548799476805,20.398721288946906,7650900.0,2022-07-29 03:15:00
19.427257840256825,19.991840423415933,20.360733273925025,7651800.0,2022-07-29 03:30:00
19.39140038338073,19.944720160781,20.323419983855704,7652700.0,2022-07-29 03:45:00
19.372188148899543,19.90608281336366,20.287409719107067,7653600.0,2022-07-29 04:00:00
19.35570305457816,19.87194972725694,20.25300751581089,7654500.0,2022-07-29 04:15:00
19.34492290965324,19.841590111721008,20.220138391399136,7655400.0,2022-07-29 04:30:00
19.349754867034623,19.81632560185372,20.18895420642666,7656300.0,2022-07-29 04:45:00
19.35842971498052,19.791896490920177,20.15929115752153,7657200.0,2022-07-29 05:00:00
19.380385974848753,19.77681755366537,20.13169134240544,7658100.0,2022-07-29 05:15:00
19.423038793196287,19.767103392772192,20.106773596612666,7659000.0,2022-07-29 05:30:00
19.472467844884573,19.76683543476776,20.085066054477835,7659900.0,2022-07-29 05:45:00
19.531606882048308,19.770328319170492,20.06623268714937,7660800.0,2022-07-29 06:00:00
19.60195684416764,19.785718164664665,20.051625258126727,7661700.0,2022-07-29 06:15:00
19.655416674284787,19.805402458156415,20.040773994016067,7662600.0,2022-07-29 06:30:00
19.700742684837675,19.825199745014277,20.032699700834705,7663500.0,2022-07-29 06:45:00
19.761860372983055,19.845090681083725,20.026769505859168,7664400.0,2022-07-29 07:00:00
19.85152101826413,19.870969684199128,20.02379704978861,7665300.0,2022-07-29 07:15:00
19.97187949884684,19.90806876118565,20.024951763297626,7666200.0,2022-07-29 07:30:00
20.155151950322374,19.95978397427593,20.031086444644448,7667100.0,2022-07-29 07:45:00
20.309837026223363,20.019515696562568,20.042299390008434,7668000.0,2022-07-29 08:00:00
20.47278113208217,20.09466940876906,20.059732546093173,7668900.0,2022-07-29 08:15:00
20.57171408228409,20.17006704220363,20.0824678038134,7669800.0,2022-07-29 08:30:00
20.70647419636379,20.246908340236367,20.10952860543144,7670700.0,2022-07-29 08:45:00
20.8607125841201,20.328906527175388,20.14037327203657,7671600.0,2022-07-29 09:00:00
21.034755676352585,20.417274959418425,20.175105034209626,7672500.0,2022-07-29 09:15:00
21.251736921982275,20.51977512349596,20.214810083709143,7673400.0,2022-07-29 09:30:00
21.41557113111004,20.624493299982493,20.259214176243987,7674300.0,2022-07-29 09:45:00
21.633363345670286,20.736482195331167,20.307921635650494,7675200.0,2022-07-29 10:00:00
21.733314607968083,20.84170272617831,20.35966149639369,7676100.0,2022-07-29 10:15:00
21.81734203911229,20.939456079416257,20.413336850062034,7677000.0,2022-07-29 10:30:00
21.894916617281268,21.021667579969392,20.46653206052176,7677900.0,2022-07-29 10:45:00
22.04293453369652,21.110625674387165,20.52061353936345,7678800.0,2022-07-29 11:00:00
22.214024735972544,21.20270650883936,20.575859984208503,7679700.0,2022-07-29 11:15:00
22.44928053757276,21.31229186664868,20.63462296256511,7680600.0,2022-07-29 11:30:00
22.631752045397423,21.433835677366837,20.69817898609337,7681500.0,2022-07-29 11:45:00
22.762418312597795,21.5470094922212,20.765418433605,7682400.0,2022-07-29 12:00:00
22.884727720041987,21.654347736339375,20.8355626981992,7683300.0,2022-07-29 12:15:00
22.9968580335524,21.759345716907657,20.910715853216114,7684200.0,2022-07-29 12:30:00
23.0894594475574,21.859630418647203,20.987118920112337,7685100.0,2022-07-29 12:45:00
23.180881777740417,21.952753975199425,21.058161394392236,7686000.0,2022-07-29 13:00:00
23.273725427778636,22.041415127797464,21.123658768042688,7686900.0,2022-07-29 13:15:00
23.34540522212684,22.12496639061061,21.18583510073107,7687800.0,2022-07-29 13:30:00
23.39092511715788,22.20097127799145,21.246409969412277,7688700.0,2022-07-29 13:45:00
23.466636864736685,22.27235529603406,21.311783661408935,7689600.0,2022-07-29 14:00:00
23.522282495978097,22.342704793425792,21.378509696722144,7690500.0,2022-07-29 14:15:00
23.539654675895097,22.402502175861287,21.44020169694993,7691400.0,2022-07-29 14:30:00
23.539221220507727,22.451230466026427,21.49839997123835,7692300.0,2022-07-29 14:45:00
23.54386253594401,22.494634891913915,21.551825882313643,7693200.0,2022-07-29 15:00:00
23.54991607276111,22.536592681351785,21.597765874453337,7694100.0,2022-07-29 15:15:00
23.55736984738589,22.571181044800284,21.636891438387224,7695000.0,2022-07-29 15:30:00
23.581503248598928,22.603736214192843,21.680682940195357,7695900.0,2022-07-29 15:45:00
23.60453320411567,22.63524277629972,21.731656749482816,7696800.0,2022-07-29 16:00:00
23.62757215126366,22.670847523320493,21.785691454902683,7697700.0,2022-07-29 16:15:00
23.634636042165507,22.7141905731124,21.83938567158292,7698600.0,2022-07-29 16:30:00
23.607818081935363,22.73461795362476,21.888431653404133,7699500.0,2022-07-29 16:45:00
23.535503883520665,22.745060623558288,21.932092688494816,7700400.0,2022-07-29 17:00:00
23.44852475441775,22.74857369996001,21.96854399621296,7701300.0,2022-07-29 17:15:00
23.348054272379787,22.737174244589525,21.99641455351438,7702200.0,2022-07-29 17:30:00
23.239203657372343,22.71415892260244,22.010368378553878,7703100.0,2022-07-29 17:45:00
23.13854441324815,22.68453860439232,22.01309612286197,7704000.0,2022-07-29 18:00:00
23.026546464713118,22.644618967328775,22.012806663009787,7704900.0,2022-07-29 18:15:00
22.907600615751083,22.59347089196494,22.00753954994309,7705800.0,2022-07-29 18:30:00
22.784470825767176,22.538774338042355,21.995224297744585,7706700.0,2022-07-29 18:45:00
22.66980506088922,22.481868374170347,21.97738185761581,7707600.0,2022-07-29 19:00:00
22.550446174133008,22.41960740389091,21.95566572008358,7708500.0,2022-07-29 19:15:00
22.434074829826173,22.35325659665823,21.930703609860966,7709400.0,2022-07-29 19:30:00
22.315258143205583,22.280523771942505,21.901920094139125,7710300.0,2022-07-29 19:45:00
22.191435412543544,22.210033000879008,21.872196912344016,7711200.0,2022-07-29 20:00:00
22.09188205391028,22.14221353343208,21.843929939675007,7712100.0,2022-07-29 20:15:00
22.00600429634251,22.07374220457664,21.81505285775785,7713000.0,2022-07-29 20:30:00
21.932312484776247,22.010216815445443,21.784484217702207,7713900.0,2022-07-29 20:45:00
21.849956529491653,21.94933391772252,21.753049440730855,7714800.0,2022-07-29 21:00:00
21.76602694530056,21.887689571080816,21.720747847637988,7715700.0,2022-07-29 21:15:00
21.670400442069347,21.823694168849137,21.687609620550926,7716600.0,2022-07-29 21:30:00
21.57100527453529,21.763840523966977,21.65488226430692,7717500.0,2022-07-29 21:45:00
21.457641388155167,21.697593833733887,21.62144137931033,7718400.0,2022-07-29 22:00:00
21.349066259127333,21.62597720337405,21.586044793378555,7719300.0,2022-07-29 22:15:00
21.238711306048724,21.55486392242486,21.548662885262328,7720200.0,2022-07-29 22:30:00
21.12173731338048,21.481154768049144,21.50971543167497,7721100.0,2022-07-29 22:45:00
20.999655091615832,21.40380085006544,21.469178404385342,7722000.0,2022-07-29 23:00:00
20.87461146612413,21.3282512842338,21.427492733957383,7722900.0,2022-07-29 23:15:00
20.768415132797085,21.245256081729895,21.383797733763185,7723800.0,2022-07-29 23:30:00
20.650101269158142,21.16689812962955,21.33905070935798,7724700.0,2022-07-29 23:45:00
20.511980980577768,21.084295499793768,21.292902526856277,7725600.0,2022-07-30 00:00:00
20.398692177282253,21.0035670633107,21.244463987262385,7726500.0,2022-07-30 00:15:00
20.280998913673983,20.91750761731992,21.193033445835297,7727400.0,2022-07-30 00:30:00
20.14803040165888,20.830617434390327,21.13856328571564,7728300.0,2022-07-30 00:45:00
20.03112798994516,20.744884109445323,21.081737171961887,7729200.0,2022-07-30 01:00:00
19.917996683428335,20.657477336269707,21.02398952342428,7730100.0,2022-07-30 01:15:00
19.808554240088583,20.56938438612281,20.96567208779473,7731000.0,2022-07-30 01:30:00
19.713913347547926,20.48497471529184,20.90837255711512,7731900.0,2022-07-30 01:45:00
19.612304932351133,20.402514499378995,20.85308196236385,7732800.0,2022-07-30 02:00:00
19.511690257377115,20.323012550137207,20.79941133788004,7733700.0,2022-07-30 02:15:00
19.41997818167251,20.24613695847368,20.746873506194014,7734600.0,2022-07-30 02:30:00
19.325021644434266,20.16945244803033,20.694739945286575,7735500.0,2022-07-30 02:45:00
19.25341545129679,20.09411370616268,20.64282663164444,7736400.0,2022-07-30 03:00:00
19.175648737171134,20.025769312005995,20.590785815088953,7737300.0,2022-07-30 03:15:00
19.10237880587269,19.95794660673922,20.538317878070064,7738200.0,2022-07-30 03:30:00
19.05177678425698,19.89481868559124,20.48559547591507,7739100.0,2022-07-30 03:45:00
19.00422623047164,19.834864031407903,20.433887537209763,7740000.0,2022-07-30 04:00:00
18.96699197399573,19.779429828664934,20.38427320316349,7740900.0,2022-07-30 04:15:00
18.94117298583012,19.732893334373728,20.337474704574117,7741800.0,2022-07-30 04:30:00
18.92539259846935,19.686301495834154,20.292827092099305,7742700.0,2022-07-30 04:45:00
18.922286538186512,19.648829646310062,20.250158498912217,7743600.0,2022-07-30 05:00:00
18.930777971908103,19.61834003270593,20.210157942843665,7744500.0,2022-07-30 05:15:00
18.955886598660136,19.59371678941622,20.17309527293205,7745400.0,2022-07-30 05:30:00
18.990051812261015,19.57834573609589,20.1394936198146,7746300.0,2022-07-30 05:45:00
19.06375809451068,19.572917957179868,20.109832964326145,7747200.0,2022-07-30 06:00:00
19.13338812766604,19.576520929416947,20.084092243339665,7748100.0,2022-07-30 06:15:00
19.24766522147683,19.5924186660902,20.06304426087953,7749000.0,2022-07-30 06:30:00
19.38145357744968,19.62307572761376,20.04771243346839,7749900.0,2022-07-30 06:45:00
19.536291391045136,19.66573042990933,20.03828101710953,7750800.0,2022-07-30 07:00:00
19.662525043627465,19.716355339084853,20.034842289087457,7751700.0,2022-07-30 07:15:00
19.862210780053708,19.78259100482204,20.03813534703728,7752600.0,2022-07-30 07:30:00
20.078426405811808,19.865495044964582,20.04906759424161,7753500.0,2022-07-30 07:45:00
20.248915515100915,19.95157652551,20.0669828392318,7754400.0,2022-07-30 08:00:00
20.457504510230645,20.046784704604335,20.090591722795917,7755300.0,2022-07-30 08:15:00
20.680833740767053,20.15544750785048,20.12115436290085,7756200.0,2022-07-30 08:30:00
20.88856881259185,20.278193792913708,20.15978256731117,7757100.0,2022-07-30 08:45:00
21.071451573125536,20.40007744008932,20.205470361915907,7758000.0,2022-07-30 09:00:00
21.310489308460745,20.52581419976932,20.257345791322848,7758900.0,2022-07-30 09:15:00
21.536290128933164,20.65713096105336,20.315037329326582,7759800.0,2022-07-30 09:30:00
21.74401160334152,20.790078334112817,20.378238399648176,7760700.0,2022-07-30 09:45:00
21.94320899735738,20.921181851249752,20.446922905732425,7761600.0,2022-07-30 10:00:00
22.131144693724377,21.054099473588412,20.52058897131013,7762500.0,2022-07-30 10:15:00
22.329524191643586,21.18000117847263,20.59682028326566,7763400.0,2022-07-30 10:30:00
22.526120672997965,21.31261629846557,20.674644520042467,7764300.0,2022-07-30 10:45:00
22.7448116638439,21.458691218588847,20.754934502539808,7765200.0,2022-07-30 11:00:00
22.9549819738934,21.60686588614489,20.839141984006563,7766100.0,2022-07-30 11:15:00
23.122124050398487,21.750373603298243,20.926499161204067,7767000.0,2022-07-30 11:30:00
23.28071387418844,21.88612581622884,21.014162811200965,7767900.0,2022-07-30 11:45:00
23.439741788265856,22.019476807140236,21.104241733463205,7768800.0,2022-07-30 12:00:00
23.577218046496423,22.148183190413373,21.19624273485628,7769700.0,2022-07-30 12:15:00
23.696733679504955,22.268469829886296,21.288751937633585,7770600.0,2022-07-30 12:30:00
23.828152686723968,22.388806127524838,21.38216793169031,7771500.0,2022-07-30 12:45:00
23.934191585513208,22.50116623697221,21.475529463086342,7772400.0,2022-07-30 13:00:00
24.01535744476926,22.607729945942793,21.566110149314024,7773300.0,2022-07-30 13:15:00
24.085003514054254,22.70766822805995,21.652791656523913,7774200.0,2022-07-30 13:30:00
24.15662000486088,22.796468927495493,21.73574246447605,7775100.0,2022-07-30 13:45:00
24.22553252562672,22.879092703023165,21.813756436713657,7776000.0,2022-07-30 14:00:00
24.28430695307092,22.955843091731328,21.88768277002801,7776900.0,2022-07-30 14:15:00
24.32016189848789,23.02513194982049,21.95795388662635,7777800.0,2022-07-30 14:30:00
24.36532131713633,23.09498836864708,22.02648565714096,7778700.0,2022-07-30 14:45:00
24.39747785001897,23.15879050998665,22.09295369273778,7779600.0,2022-07-30 15:00:00
24.421237495349775,23.21968504702906,22.159061668815674,7780500.0,2022-07-30 15:15:00
24.43417644276519,23.270922176387064,22.222623629002264,7781400.0,2022-07-30 15:30:00
24.435358583658928,23.321663344841213,22.28367516022515,7782300.0,2022-07-30 15:45:00
24.439033345865088,23.357771455349948,22.33807533948184,7783200.0,2022-07-30 16:00:00
24.43352251258803,23.3875812587865,22.38464332327772,7784100.0,2022-07-30 16:15:00
24.40306575873927,23.415778028706324,22.4264449774607,7785000.0,2022-07-30 16:30:00
24.35171638362042,23.426871767513617,22.463984987018105,7785900.0,2022-07-30 16:45:00
24.277002302331184,23.43044512247123,22.49712434900956,7786800.0,2022-07-30 17:00:00
24.171797287730264,23.421798174833757,22.52463000691253,7787700.0,2022-07-30 17:15:00
24.037639022157236,23.39546889636572,22.544737775664963,7788600.0,2022-07-30 17:30:00
23.887416124399312,23.356874323536413,22.557966415470982,7789500.0,2022-07-30 17:45:00
23.7186949860254,23.30186834686534,22.562755796051043,7790400.0,2022-07-30 18:00:00
23.543372063032287,23.236286536151887,22.558607011415475,7791300.0,2022-07-30 18:15:00
23.362701319998383,23.157813467007895,22.547887917770336,7792200.0,2022-07-30 18:30:00
23.21372693629844,23.077410062888102,22.530592908268385,7793100.0,2022-07-30 18:45:00
23.07758251209335,22.99581062810876,22.507158762181312,7794000.0,2022-07-30 19:00:00
22.959188402973517,22.920105864630003,22.47984914584312,7794900.0,2022-07-30 19:15:00
22.84061345909216,22.836746382831848,22.447201456772486,7795800.0,2022-07-30 19:30:00
22.732543531441223,22.758301757552125,22.412361085968836,7796700.0,2022-07-30 19:45:00
22.63978966687636,22.686283626996033,22.376757504441542,7797600.0,2022-07-30 20:00:00
22.559075903492086,22.621214018606917,22.341271659543928,7798500.0,2022-07-30 20:15:00
22.485645543756128,22.549695081093372,22.304013467338144,7799400.0,2022-07-30 20:30:00
22.41784640214104,22.4880597807582,22.267370741760068,7800300.0,2022-07-30 20:45:00
22.35657083724689,22.431321482224753,22.23138970731253,7801200.0,2022-07-30 21:00:00
22.29285225280329,22.37591210794329,22.197247961513515,7802100.0,2022-07-30 21:15:00
22.222743061004547,22.32405416889378,22.164085308527017,7803000.0,2022-07-30 21:30:00
22.161858211014984,22.26997004103772,22.13034389343847,7803900.0,2022-07-30 21:45:00
22.104971989030528,22.219798734522453,22.097078218316177,7804800.0,2022-07-30 22:00:00
22.045770853262766,22.171519080638888,22.064319045225982,7805700.0,2022-07-30 22:15:00
21.985195017237317,22.122091706650767,22.031560041877675,7806600.0,2022-07-30 22:30:00
21.908603209710336,22.07418730478791,21.99914643163256,7807500.0,2022-07-30 22:45:00
21.827392073259933,22.02090147031633,21.966395384088603,7808400.0,2022-07-30 23:00:00
21.743404399249368,21.965777882231453,21.93301319924313,7809300.0,2022-07-30 23:15:00
21.66528112083379,21.909755216856496,21.898957430565503,7810200.0,2022-07-30 23:30:00
21.58085799793257,21.85475855114179,21.864316104872714,7811100.0,2022-07-30 23:45:00
21.488948368432222,21.794468832047514,21.82854000877824,7812000.0,2022-07-31 00:00:00
21.4096666935984,21.732256067193017,21.791159895128324,7812900.0,2022-07-31 00:15:00
21.326552601858936,21.67265713134764,21.753074486524486,7813800.0,2022-07-31 00:30:00
21.253256251382247,21.616252313864567,21.71515587078777,7814700.0,2022-07-31 00:45:00
21.187714433487606,21.559036753708348,21.677525866672287,7815600.0,2022-07-31 01:00:00
21.117021170277308,21.499812679664046,21.639817119599407,7816500.0,2022-07-31 01:15:00
21.060434169571224,21.450443958472665,21.60307411748048,7817400.0,2022-07-31 01:30:00
20.996090940053783,21.393878815667247,21.56622510271416,7818300.0,2022-07-31 01:45:00
20.93213968299713,21.341988538010654,21.529926186828032,7819200.0,2022-07-31 02:00:00
20.87752855941403,21.29135838870661,21.493971680768134,7820100.0,2022-07-31 02:15:00
20.818473174670395,21.242659628125647,21.45859197352456,7821000.0,2022-07-31 02:30:00
20.765556113288177,21.196194404763794,21.423795035665368,7821900.0,2022-07-31 02:45:00
20.70557765078467,21.148626031453357,21.38946197631332,7822800.0,2022-07-31 03:00:00
20.659288364468487,21.101774193951627,21.355014967345884,7823700.0,2022-07-31 03:15:00
20.61066647924796,21.0575293922646,21.32066854303555,7824600.0,2022-07-31 03:30:00
20.55883298731944,21.011727654213264,21.286378333645672,7825500.0,2022-07-31 03:45:00
20.51270763785051,20.96862199620636,21.252554429429136,7826400.0,2022-07-31 04:00:00
20.47673430187039,20.92859809525281,21.21897261748509,7827300.0,2022-07-31 04:15:00
20.439700528872223,20.890687908515165,21.18611090982653,7828200.0,2022-07-31 04:30:00
20.400361697670167,20.851140768471502,21.153907595630265,7829100.0,2022-07-31 04:45:00
20.3685986853838,20.814832555005083,21.12259885705836,7830000.0,2022-07-31 05:00:00
20.333238777300487,20.781580123416425,21.092094947167528,7830900.0,2022-07-31 05:15:00
20.304701272012625,20.750046663408988,21.062390742731864,7831800.0,2022-07-31 05:30:00
20.28382400157811,20.71753797141712,21.03311862351008,7832700.0,2022-07-31 05:45:00
20.26445906882052,20.686127259558305,21.004348830660117,7833600.0,2022-07-31 06:00:00
20.24690505717064,20.663203099546188,20.97700855442712,7834500.0,2022-07-31 06:15:00
20.23012801613436,20.634992178808183,20.950425082509675,7835400.0,2022-07-31 06:30:00
20.225028005153877,20.611060408810335,20.924687235532016,7836300.0,2022-07-31 06:45:00
20.22619674356312,20.595522245565014,20.90059523018786,7837200.0,2022-07-31 07:00:00
20.225833854206464,20.578914356146168,20.877846145835665,7838100.0,2022-07-31 07:15:00
20.230292533142062,20.564824655256835,20.855996074227903,7839000.0,2022-07-31 07:30:00
20.244634951215552,20.5528232145954,20.83456747281291,7839900.0,2022-07-31 07:45:00
20.262518470013067,20.54408930190987,20.814135162796838,7840800.0,2022-07-31 08:00:00
20.289237685932015,20.540993059041583,20.795392620267197,7841700.0,2022-07-31 08:15:00
20.323379275263445,20.54095826418857,20.778462343895956,7842600.0,2022-07-31 08:30:00
20.37009307112082,20.54325845749859,20.76313750034497,7843500.0,2022-07-31 08:45:00
20.43187829001468,20.557957324764867,20.750936190683575,7844400.0,2022-07-31 09:00:00
20.508526349033684,20.57582425893513,20.742077323852033,7845300.0,2022-07-31 09:15:00
20.618508367865225,20.60314386429779,20.73711428676563,7846200.0,2022-07-31 09:30:00
20.71730132859998,20.639509151480294,20.736594331751515,7847100.0,2022-07-31 09:45:00
20.841709836414967,20.685247345105473,20.741093078736355,7848000.0,2022-07-31 10:00:00
20.994575148303884,20.742477303878065,20.751232898263783,7848900.0,2022-07-31 10:15:00
21.108944315071543,20.804041672157503,20.76669971700274,7849800.0,2022-07-31 10:30:00
21.193961245879027,20.863825107654133,20.78624325174553,7850700.0,2022-07-31 10:45:00
21.2472170474552,20.918859283504453,20.808277226005032,7851600.0,2022-07-31 11:00:00
21.34726959910683,20.973265909844194,20.83155531052991,7852500.0,2022-07-31 11:15:00
21.414296816946095,21.024715037054964,20.855540247980855,7853400.0,2022-07-31 11:30:00
21.48152027821929,21.074520718542068,20.87978277605349,7854300.0,2022-07-31 11:45:00
21.564092350895205,21.12727632849428,20.90461358124576,7855200.0,2022-07-31 12:00:00
21.644482458739624,21.18391258470744,20.930738991594232,7856100.0,2022-07-31 12:15:00
21.706973550034256,21.231557017436568,20.956859493904837,7857000.0,2022-07-31 12:30:00
21.74107392618872,21.275462458157424,20.982497377504703,7857900.0,2022-07-31 12:45:00
21.811034385385828,21.322725346235767,21.008450169065966,7858800.0,2022-07-31 13:00:00
21.88246713522581,21.370950793837878,21.03509029834646,7859700.0,2022-07-31 13:15:00
21.973627398554974,21.41865432497997,21.062221902761078,7860600.0,2022-07-31 13:30:00
22.028604247527912,21.46968588007664,21.090481061849474,7861500.0,2022-07-31 13:45:00
22.089627436499487,21.51387233021233,21.11865357279552,7862400.0,2022-07-31 14:00:00
22.163928478444927,21.564037510532657,21.147203348145723,7863300.0,2022-07-31 14:15:00
22.20480748471158,21.60660389265619,21.17524937642768,7864200.0,2022-07-31 14:30:00
22.225072555425356,21.645202947305375,21.202987310650748,7865100.0,2022-07-31 14:45:00
22.257067494329217,21.685459015925318,21.231035425526624,7866000.0,2022-07-31 15:00:00
22.305117908275708,21.72693611905152,21.25942080473589,7866900.0,2022-07-31 15:15:00
22.340571389467904,21.758884117814222,21.286154149529754,7867800.0,2022-07-31 15:30:00
22.363479595015832,21.79489492628507,21.31237803972383,7868700.0,2022-07-31 15:45:00
22.3659510501258,21.820292155611064,21.336875677136696,7869600.0,2022-07-31 16:00:00
22.349412877967108,21.841369606623086,21.359698801790078,7870500.0,2022-07-31 16:15:00
22.336100972750977,21.85171907124704,21.379562873390615,7871400.0,2022-07-31 16:30:00
22.330307292191193,21.86378192779162,21.39756647249028,7872300.0,2022-07-31 16:45:00
22.31450970877689,21.872058963993787,21.414013961132383,7873200.0,2022-07-31 17:00:00
22.285635844730464,21.875770430907966,21.428744953476087,7874100.0,2022-07-31 17:15:00
22.243610097614923,21.875180590213795,21.441894162070906,7875000.0,2022-07-31 17:30:00
22.199396013574944,21.865312945289077,21.452186949729672,7875900.0,2022-07-31 17:45:00
22.1544682059106,21.85259924274294,21.460113933879065,7876800.0,2022-07-31 18:00:00
22.100276678512444,21.839476306687413,21.46641263496428,7877700.0,2022-07-31 18:15:00
22.034251651206407,21.820852614935298,21.47076709186773,7878600.0,2022-07-31 18:30:00
21.958980738708775,21.791266968445555,21.471801962668717,7879500.0,2022-07-31 18:45:00
21.883004267241677,21.75963263352528,21.469791905573626,7880400.0,2022-07-31 19:00:00
21.8075692004658,21.72536679804985,21.464800525581584,7881300.0,2022-07-31 19:15:00
21.736435292761357,21.689389320208534,21.45715497697434,7882200.0,2022-07-31 19:30:00
21.66991897413634,21.652741645554887,21.446797284677288,7883100.0,2022-07-31 19:45:00
21.60857104657803,21.61428641601125,21.433801913934783,7884000.0,2022-07-31 20:00:00
21.55673818104377,21.57774589580113,21.41929867950017,7884900.0,2022-07-31 20:15:00
21.51360747643199,21.544005789888924,21.40415753463324,7885800.0,2022-07-31 20:30:00
21.48205932012493,21.511029426025615,21.388532789181927,7886700.0,2022-07-31 20:45:00
21.454666625860764,21.48705132714456,21.37396838828821,7887600.0,2022-07-31 21:00:00
21.423216527687167,21.454753526789283,21.358722047289344,7888500.0,2022-07-31 21:15:00
21.396190689664895,21.42853931154168,21.34369699668023,7889400.0,2022-07-31 21:30:00
21.374094853254803,21.4067429245022,21.329364270689855,7890300.0,2022-07-31 21:45:00
21.3407976672971,21.38565690849545,21.31570419953064,7891200.0,2022-07-31 22:00:00
21.30486418984481,21.363105527416806,21.3023521885708,7892100.0,2022-07-31 22:15:00
21.256612534544654,21.339571208178207,21.289300539002568,7893000.0,2022-07-31 22:30:00
21.196587965132736,21.303582376973463,21.274410705873315,7893900.0,2022-07-31 22:45:00
21.129262218086737,21.271238602429158,21.258469492294186,7894800.0,2022-07-31 23:00:00
21.066201330381514,21.233557276084756,21.2409399462217,7895700.0,2022-07-31 23:15:00
21.009729553735124,21.195324742624507,21.221986318168124,7896600.0,2022-07-31 23:30:00
20.946367897518734,21.159161404082703,21.202217366569005,7897500.0,2022-07-31 23:45:00
20.88524742679481,21.11938132246009,21.18130890927556,7898400.0,2022-08-01 00:00:00
20.82253153674824,21.0781944589475,21.15936890925062,7899300.0,2022-08-01 00:15:00
20.76052005817088,21.039890598767883,21.13690345570056,7900200.0,2022-08-01 00:30:00
20.69662320448732,20.99359666945212,21.113008310745144,7901100.0,2022-08-01 00:45:00
20.641055087748978,20.95516197830337,21.088717357739885,7902000.0,2022-08-01 01:00:00
20.58234771498298,20.91123500838873,21.063618543204207,7902900.0,2022-08-01 01:15:00
20.53123717583036,20.86895672602168,21.037957652811983,7903800.0,2022-08-01 01:30:00
20.47046673675996,20.828732783954496,21.012180788214824,7904700.0,2022-08-01 01:45:00
20.41800383881993,20.78983954093069,20.986429221101055,7905600.0,2022-08-01 02:00:00
20.368687343809256,20.748402274536744,20.96035697316272,7906500.0,2022-08-01 02:15:00
20.320185547562016,20.704968417589743,20.933573316333163,7907400.0,2022-08-01 02:30:00
20.273305739737935,20.66800765119156,20.907013321294084,7908300.0,2022-08-01 02:45:00
20.234292604160444,20.62969528047017,20.88044943065371,7909200.0,2022-08-01 03:00:00
20.202898039448915,20.59662400313653,20.85438668850591,7910100.0,2022-08-01 03:15:00
20.180214871764825,20.56442253280032,20.828883207992927,7911000.0,2022-08-01 03:30:00
20.151212394725228,20.533366607290123,20.80398311790169,7911900.0,2022-08-01 03:45:00
20.114759546857883,20.505490514132106,20.779845731721135,7912800.0,2022-08-01 04:00:00
20.074929621690067,20.472923028499345,20.755615508833166,7913700.0,2022-08-01 04:15:00
20.037827302025043,20.444110939792974,20.731515073662777,7914600.0,2022-08-01 04:30:00
20.021916872399206,20.414703592770024,20.70737022878611,7915500.0,2022-08-01 04:45:00
20.01594470679837,20.39069645509024,20.68336924599086,7916400.0,2022-08-01 05:00:00
20.010120313200307,20.37107659691874,20.659758344995986,7917300.0,2022-08-01 05:15:00
20.00974653939204,20.350417652109968,20.636369761730847,7918200.0,2022-08-01 05:30:00
20.031534991005305,20.335312528189373,20.61365505107124,7919100.0,2022-08-01 05:45:00
20.04584608284524,20.32695406624465,20.592680546525653,7920000.0,2022-08-01 06:00:00
20.051801467357564,20.323987952789885,20.574201496890065,7920900.0,2022-08-01 06:15:00
20.04817075140648,20.312981495261287,20.55734161580494,7921800.0,2022-08-01 06:30:00
20.041519534772544,20.307345042379065,20.542508387729537,7922700.0,2022-08-01 06:45:00
20.032277944091742,20.296887217992648,20.52892957308499,7923600.0,2022-08-01 07:00:00
20.03507398187768,20.2853619606308,20.51606908648076,7924500.0,2022-08-01 07:15:00
20.038199682937,20.27651890211221,20.50372251599937,7925400.0,2022-08-01 07:30:00
20.050903292194455,20.273021778297487,20.492182544687083,7926300.0,2022-08-01 07:45:00
20.066874166192704,20.272853924306744,20.481838913041468,7927200.0,2022-08-01 08:00:00
20.12188885178324,20.27100078770017,20.47248757784356,7928100.0,2022-08-01 08:15:00
20.17437512157176,20.284441551816336,20.465774123572967,7929000.0,2022-08-01 08:30:00
20.222280585207177,20.299082068624447,20.46143353622556,7929900.0,2022-08-01 08:45:00
20.25886964416659,20.315070769765796,20.459299058394052,7930800.0,2022-08-01 09:00:00
20.2883052849618,20.329330665343942,20.458631276121263,7931700.0,2022-08-01 09:15:00
20.310961312767333,20.34534455125521,20.45908763922788,7932600.0,2022-08-01 09:30:00
20.400425520367172,20.366323599466988,20.46066654960808,7933500.0,2022-08-01 09:45:00
20.541175110999728,20.4055289782975,20.465399870694167,7934400.0,2022-08-01 10:00:00
20.68604842370876,20.45590207755305,20.47466207093621,7935300.0,2022-08-01 10:15:00
20.826837727580976,20.51489750167413,20.488715252607943,7936200.0,2022-08-01 10:30:00
20.934593074941706,20.57742061272396,20.50702870003308,7937100.0,2022-08-01 10:45:00
21.01115384076181,20.64025953847031,20.52880988152217,7938000.0,2022-08-01 11:00:00
21.083473609605143,20.69551610495726,20.552239363738263,7938900.0,2022-08-01 11:15:00
21.167159861796147,20.75814601362076,20.57790282736095,7939800.0,2022-08-01 11:30:00
21.281141236689415,20.81096134538652,20.603910903755736,7940700.0,2022-08-01 11:45:00
21.39983589017201,20.878845011870087,20.632323367098063,7941600.0,2022-08-01 12:00:00
21.482961334947007,20.942562324657725,20.66246217468834,7942500.0,2022-08-01 12:15:00
21.538102038199344,21.00235661916257,20.693758855245903,7943400.0,2022-08-01 12:30:00
21.579973386419383,21.053683757074808,20.725005313457192,7944300.0,2022-08-01 12:45:00
21.6307288555072,21.102189286065357,20.75591467717057,7945200.0,2022-08-01 13:00:00
21.65713604836086,21.14269688490627,20.78540805352881,7946100.0,2022-08-01 13:15:00
21.673112106865485,21.180325784299768,20.813728893764136,7947000.0,2022-08-01 13:30:00
21.68082025760451,21.21269000060466,20.84047497737166,7947900.0,2022-08-01 13:45:00
21.686972331290743,21.24141424879753,20.86563183985601,7948800.0,2022-08-01 14:00:00
21.697618873176523,21.25775962242579,20.887437148986105,7949700.0,2022-08-01 14:15:00
21.714769785066697,21.27773789843306,20.906998411129784,7950600.0,2022-08-01 14:30:00
21.723840181742535,21.299696421783477,20.925732388289436,7951500.0,2022-08-01 14:45:00
21.722484034726385,21.31546492505885,20.94303577944428,7952400.0,2022-08-01 15:00:00
21.709820114104648,21.33031217381548,20.959418606166206,7953300.0,2022-08-01 15:15:00
21.701259545520728,21.33830261170853,20.974145354839745,7954200.0,2022-08-01 15:30:00
21.70367550743336,21.34554927687729,20.987556212339275,7955100.0,2022-08-01 15:45:00
21.7100356615018,21.356163623146024,21.00054471074287,7956000.0,2022-08-01 16:00:00
21.707960631285808,21.363803968304563,21.012860722798145,7956900.0,2022-08-01 16:15:00
21.684846268366982,21.366070160627576,21.02383333542399,7957800.0,2022-08-01 16:30:00
21.645317802993656,21.36634243800552,21.03384653618711,7958700.0,2022-08-01 16:45:00
21.605843594777884,21.35763403001359,21.041688883956606,7959600.0,2022-08-01 17:00:00
21.573625063307748,21.346924906832346,21.04740397763888,7960500.0,2022-08-01 17:15:00
21.52778410363013,21.33417241876077,21.05116016562144,7961400.0,2022-08-01 17:30:00
21.4624880382666,21.316646483936097,21.05290765088152,7962300.0,2022-08-01 17:45:00
21.387513853228413,21.292196833706107,21.052064646658994,7963200.0,2022-08-01 18:00:00
21.30200823915169,21.25789847818039,21.047834472308928,7964100.0,2022-08-01 18:15:00
21.204776797025705,21.219013832312527,21.040299317805527,7965000.0,2022-08-01 18:30:00
21.113607284423047,21.176501358813493,21.02961040838529,7965900.0,2022-08-01 18:45:00
21.01407969462664,21.127946479063752,21.01577714395165,7966800.0,2022-08-01 19:00:00
20.904676550982355,21.076283346445045,20.999105727602565,7967700.0,2022-08-01 19:15:00
20.775257690267537,21.011886555911595,20.97874112289349,7968600.0,2022-08-01 19:30:00
20.660484791854707,20.950451535512205,20.95549816502885,7969500.0,2022-08-01 19:45:00
20.541544929281528,20.883246229458152,20.929267203241483,7970400.0,2022-08-01 20:00:00
20.42514476827168,20.813797958011953,20.900452418629072,7971300.0,2022-08-01 20:15:00
20.3145994638514,20.745739990340127,20.869841046064117,7972200.0,2022-08-01 20:30:00
20.22145291967056,20.677369841557454,20.83765659279601,7973100.0,2022-08-01 20:45:00
20.143792885952397,20.612764015086192,20.804397197896773,7974000.0,2022-08-01 21:00:00
20.05433627488314,20.546970909907365,20.77002640800294,7974900.0,2022-08-01 21:15:00
19.97582125387576,20.485762210287977,20.735221778908855,7975800.0,2022-08-01 21:30:00
19.908934787901,20.426026189954595,20.700049522102933,7976700.0,2022-08-01 21:45:00
19.83440143442442,20.36870661675211,20.66484884556385,7977600.0,2022-08-01 22:00:00
19.767097414267106,20.311402822208496,20.62960482005868,7978500.0,2022-08-01 22:15:00
19.69305109009088,20.25735489146704,20.594502298613914,7979400.0,2022-08-01 22:30:00
19.60926785318156,20.200672043990068,20.559227745859214,7980300.0,2022-08-01 22:45:00
19.52820455364108,20.141785877030628,20.5234380660992,7981200.0,2022-08-01 23:00:00
19.458097261789575,20.084471736900756,20.48706195548047,7982100.0,2022-08-01 23:15:00
19.3828432703986,20.029355968323184,20.450201409456003,7983000.0,2022-08-01 23:30:00
19.28247405913404,19.967161181781375,20.412377003211716,7983900.0,2022-08-01 23:45:00
19.18968542860429,19.90688092876213,20.37394066759964,7984800.0,2022-08-02 00:00:00
19.098509362325107,19.845323567728567,20.33474218138287,7985700.0,2022-08-02 00:15:00
19.004532254820926,19.77763807351664,20.294255582703787,7986600.0,2022-08-02 00:30:00
18.922343505592607,19.714875642269952,20.25295628345468,7987500.0,2022-08-02 00:45:00
18.850664450096733,19.652088887903304,20.211242390762465,7988400.0,2022-08-02 01:00:00
18.77080817976653,19.588805534817368,20.169061979716968,7989300.0,2022-08-02 01:15:00
18.711164320582164,19.532871424463693,20.12694199272045,7990200.0,2022-08-02 01:30:00
18.654444317480728,19.47699796185344,20.085045371971063,7991100.0,2022-08-02 01:45:00
18.59477734888824,19.42268296008145,20.043253649273968,7992000.0,2022-08-02 02:00:00
18.548988084969285,19.37012881867831,20.001818487967483,7992900.0,2022-08-02 02:15:00
18.500230072306813,19.321605382675244,19.960909156462083,7993800.0,2022-08-02 02:30:00
18.45811235138815,19.27404936322207,19.92050660359824,7994700.0,2022-08-02 02:45:00
18.41678518592588,19.229298027067653,19.8807460530488,7995600.0,2022-08-02 03:00:00
18.38276899034275,19.18750558862552,19.841888424090968,7996500.0,2022-08-02 03:15:00
18.334111290345216,19.145339148289807,19.80344557622132,7997400.0,2022-08-02 03:30:00
18.30472465111884,19.103819363317847,19.765303225869093,7998300.0,2022-08-02 03:45:00
18.296927595694328,19.071030470788493,19.727938657331748,7999200.0,2022-08-02 04:00:00
18.26367116239363,19.03453393002037,19.691492166201552,8000100.0,2022-08-02 04:15:00
18.24734975109681,19.004797260724903,19.656809836050815,8001000.0,2022-08-02 04:30:00
18.2380106069319,18.975001870629814,19.623502601018423,8001900.0,2022-08-02 04:45:00
18.24658381773396,18.95112167044628,19.591931850709518,8002800.0,2022-08-02 05:00:00
18.257261930237423,18.93165788494863,19.56216714804413,8003700.0,2022-08-02 05:15:00
18.286902208032316,18.917767840271537,19.53488331465844,8004600.0,2022-08-02 05:30:00
18.31739458364075,18.91034045366388,19.51050072759218,8005500.0,2022-08-02 05:45:00
18.351911082854848,18.908196209042185,19.489024181490688,8006400.0,2022-08-02 06:00:00
18.399456782615403,18.908408934804086,19.47015236827647,8007300.0,2022-08-02 06:15:00
18.46875642515817,18.920215915575444,19.45395597129164,8008200.0,2022-08-02 06:30:00
18.615959850987423,18.9425281256437,19.441557357512977,8009100.0,2022-08-02 06:45:00
18.737578509039786,18.974019024093664,19.433673357631704,8010000.0,2022-08-02 07:00:00
18.834317280385296,19.014659691252294,19.431167088575037,8010900.0,2022-08-02 07:15:00
18.977229554636025,19.060404861652493,19.43406155395644,8011800.0,2022-08-02 07:30:00
19.14156089167024,19.12289763703317,19.442898858965624,8012700.0,2022-08-02 07:45:00
19.31212669920112,19.200485655088336,19.45800211015672,8013600.0,2022-08-02 08:00:00
19.509512927578957,19.291928797866117,19.47929783764337,8014500.0,2022-08-02 08:15:00
19.739727050342275,19.39302219531544,19.506493108167312,8015400.0,2022-08-02 08:30:00
19.966130117823727,19.509593661726104,19.539842160993995,8016300.0,2022-08-02 08:45:00
20.183501234424394,19.62837962419428,19.57905818586876,8017200.0,2022-08-02 09:00:00
20.43843133112548,19.753920060766937,19.62403970300732,8018100.0,2022-08-02 09:15:00
20.708627305410253,19.894114332026263,19.675832972190378,8019000.0,2022-08-02 09:30:00
20.960948657336328,20.03502697671937,19.733297999482364,8019900.0,2022-08-02 09:45:00
21.204473990209102,20.18369716489316,19.796405761378914,8020800.0,2022-08-02 10:00:00
21.42503122192083,20.33587706385344,19.86502727599032,8021700.0,2022-08-02 10:15:00
21.64734758769684,20.48011700227313,19.936855454078756,8022600.0,2022-08-02 10:30:00
21.859427099300685,20.62588667205585,20.011456686343067,8023500.0,2022-08-02 10:45:00
22.069150308033983,20.775921405001945,20.089634015427947,8024400.0,2022-08-02 11:00:00
22.280888112224694,20.922529166358775,20.17030857215052,8025300.0,2022-08-02 11:15:00
22.473993613880527,21.072965875681408,20.25399950890099,8026200.0,2022-08-02 11:30:00
22.6745933374512,21.216681776049047,20.33951029389112,8027100.0,2022-08-02 11:45:00
22.860029389359955,21.361919375362017,20.42729152798186,8028000.0,2022-08-02 12:00:00
23.044862321271346,21.504669164175112,20.516851269992262,8028900.0,2022-08-02 12:15:00
23.2157070026002,21.64998624735884,20.60910597021332,8029800.0,2022-08-02 12:30:00
23.365404978377978,21.781792539034218,20.70096915311612,8030700.0,2022-08-02 12:45:00
23.511869376678444,21.90953703448212,20.79144361149253,8031600.0,2022-08-02 13:00:00
23.644737362956548,22.041093472131205,20.88213698796666,8032500.0,2022-08-02 13:15:00
23.786516155376567,22.16296312795515,20.971221811813567,8033400.0,2022-08-02 13:30:00
23.904241065111737,22.278986141864827,21.05799260628772,8034300.0,2022-08-02 13:45:00
24.00918997905636,22.38590492039977,21.141240926799863,8035200.0,2022-08-02 14:00:00
24.147324345320524,22.497636544693247,21.22326954941808,8036100.0,2022-08-02 14:15:00
24.253097136516487,22.601990780776777,21.303550961835864,8037000.0,2022-08-02 14:30:00
24.363366982070588,22.70239022297746,21.382274172248184,8037900.0,2022-08-02 14:45:00
24.447528993119455,22.802892901210356,21.4611150481376,8038800.0,2022-08-02 15:00:00
24.53629227218615,22.89466218524249,21.53861432654749,8039700.0,2022-08-02 15:15:00
24.633576691575723,22.985467580633657,21.614808618875987,8040600.0,2022-08-02 15:30:00
24.696997855866808,23.07247420477184,21.68963465567157,8041500.0,2022-08-02 15:45:00
24.744720719940357,23.14792185521688,21.761465417893533,8042400.0,2022-08-02 16:00:00
24.781687715514725,23.21995820699627,21.831438858711305,8043300.0,2022-08-02 16:15:00
24.790464730519652,23.282055946112383,21.899633176134916,8044200.0,2022-08-02 16:30:00
24.766228950833547,23.32857488950603,21.964845891376186,8045100.0,2022-08-02 16:45:00
24.716177458374887,23.363623166461057,22.025719699955165,8046000.0,2022-08-02 17:00:00
24.624617567746142,23.382391892628664,22.08043716227223,8046900.0,2022-08-02 17:15:00
24.519437294140516,23.37941273798804,22.12667238341468,8047800.0,2022-08-02 17:30:00
24.386050494657887,23.366593503905797,22.165653995522344,8048700.0,2022-08-02 17:45:00
24.24197552005376,23.337174054215176,22.196930853896912,8049600.0,2022-08-02 18:00:00
24.09982462836753,23.295252097934487,22.220743417671624,8050500.0,2022-08-02 18:15:00
23.962119515698564,23.25150736857784,22.23896902275589,8051400.0,2022-08-02 18:30:00
23.834873490002945,23.201615329599164,22.251616147534023,8052300.0,2022-08-02 18:45:00
23.71579756975354,23.143706626259608,22.25813812689993,8053200.0,2022-08-02 19:00:00
23.611331392783296,23.09569070181004,22.261584447413664,8054100.0,2022-08-02 19:15:00
23.50876835961116,23.03629512623205,22.259901773557186,8055000.0,2022-08-02 19:30:00
23.416506540031747,22.986853340481737,22.255574388457102,8055900.0,2022-08-02 19:45:00
23.33027442152051,22.9304642462473,22.24736199743973,8056800.0,2022-08-02 20:00:00
23.254410050524847,22.885568365709304,22.238147374369333,8057700.0,2022-08-02 20:15:00
23.176189771658773,22.83159498359917,22.22619217402177,8058600.0,2022-08-02 20:30:00
23.10608457123848,22.791860875078015,22.21474594259997,8059500.0,2022-08-02 20:45:00
23.030608697645743,22.73892514780051,22.2008622127587,8060400.0,2022-08-02 21:00:00
22.95866296611093,22.697918336630146,22.186312057129935,8061300.0,2022-08-02 21:15:00
22.87636713866024,22.644588349249048,22.16908322741014,8062200.0,2022-08-02 21:30:00
22.78470508947748,22.600764303852213,22.151605938904577,8063100.0,2022-08-02 21:45:00
22.681621527427808,22.5456272072729,22.132365853138133,8064000.0,2022-08-02 22:00:00
22.57774567309268,22.488668622165623,22.111412820865965,8064900.0,2022-08-02 22:15:00
22.45583193819924,22.42719022439975,22.088741256261244,8065800.0,2022-08-02 22:30:00
22.33743019628257,22.36797574807088,22.06511078649447,8066700.0,2022-08-02 22:45:00
22.212980419113705,22.29661206925907,22.038622774962636,8067600.0,2022-08-02 23:00:00
22.081515499437764,22.216530250127324,22.00831719778757,8068500.0,2022-08-02 23:15:00
21.953807046737253,22.143586062129884,21.9764097887343,8069400.0,2022-08-02 23:30:00
21.82945627148231,22.06787668701497,21.94290691233184,8070300.0,2022-08-02 23:45:00
21.719748700845138,21.990028766329512,21.907324925115773,8071200.0,2022-08-03 00:00:00
21.60291369280501,21.910628385498796,21.869584369159625,8072100.0,2022-08-03 00:15:00
21.48475808144749,21.833463061681194,21.830276501702933,8073000.0,2022-08-03 00:30:00
21.35672667338991,21.755325831739487,21.789741838397713,8073900.0,2022-08-03 00:45:00
21.23736177838881,21.67091697659041,21.74720040523762,8074800.0,2022-08-03 01:00:00
21.141151432390785,21.59381969043593,21.70393956433355,8075700.0,2022-08-03 01:15:00
21.050046394048096,21.522043847880337,21.66071178974429,8076600.0,2022-08-03 01:30:00
20.95628406744712,21.4464427229918,21.61681882492122,8077500.0,2022-08-03 01:45:00
20.872454487323687,21.38009465143255,21.573362441624568,8078400.0,2022-08-03 02:00:00
20.805290593484656,21.31265252045595,21.53005172553817,8079300.0,2022-08-03 02:15:00
20.71749549471514,21.24527516230827,21.48684657739289,8080200.0,2022-08-03 02:30:00
20.627690134014248,21.17681599700506,21.443458038543323,8081100.0,2022-08-03 02:45:00
20.55414025711527,21.116246560368864,21.400753226084245,8082000.0,2022-08-03 03:00:00
20.47978649579756,21.05559312163816,21.35847963492954,8082900.0,2022-08-03 03:15:00
20.41622929959298,20.993179382635304,21.31613623262914,8083800.0,2022-08-03 03:30:00
20.372185775781503,20.938583408762245,21.274498668040486,8084700.0,2022-08-03 03:45:00
20.332414100753773,20.88661291085416,21.233771942662585,8085600.0,2022-08-03 04:00:00
20.30674951812701,20.84423802942139,21.19453028595313,8086500.0,2022-08-03 04:15:00
20.2924741439877,20.803683624080413,21.15678860510608,8087400.0,2022-08-03 04:30:00
20.300647192000856,20.766032149926023,21.12061115921604,8088300.0,2022-08-03 04:45:00
20.31635026905328,20.743803436195734,21.087359889851648,8089200.0,2022-08-03 05:00:00
20.325399230676656,20.7271268699125,21.057168011267628,8090100.0,2022-08-03 05:15:00
20.356279994493207,20.70821615740839,21.029250737226135,8091000.0,2022-08-03 05:30:00
20.402051093918615,20.705443214331105,21.004698055601455,8091900.0,2022-08-03 05:45:00
20.467448616353135,20.7054720542281,20.983499585175576,8092800.0,2022-08-03 06:00:00
20.55086545967918,20.71851104487494,20.96645316650952,8093700.0,2022-08-03 06:15:00
20.657924861737527,20.735476603422136,20.953274422089542,8094600.0,2022-08-03 06:30:00
20.788422536687445,20.773936535475656,20.94551716648987,8095500.0,2022-08-03 06:45:00
20.92737552627981,20.81991755993292,20.943224601080935,8096400.0,2022-08-03 07:00:00
21.096642080081583,20.88055907106699,20.947015025852583,8097300.0,2022-08-03 07:15:00
21.2710373959956,20.95706679378702,20.957659292684767,8098200.0,2022-08-03 07:30:00
21.465572723209135,21.030148999640613,20.973270084882493,8099100.0,2022-08-03 07:45:00
21.674178845827296,21.12693921923942,20.99556397433905,8100000.0,2022-08-03 08:00:00
21.91691318681281,21.230334191021026,21.024412096074773,8100900.0,2022-08-03 08:15:00
22.1318839482505,21.352186657846406,21.06108390960092,8101800.0,2022-08-03 08:30:00
22.309310593343334,21.47042818054016,21.10383445043467,8102700.0,2022-08-03 08:45:00
22.5067965998352,21.5900982639021,21.151546598709047,8103600.0,2022-08-03 09:00:00
22.69037521129378,21.70716734224543,21.20280347185485,8104500.0,2022-08-03 09:15:00
22.88731512998037,21.836401536921947,21.25920519441441,8105400.0,2022-08-03 09:30:00
23.0762964822916,21.952413291286764,21.317509464676448,8106300.0,2022-08-03 09:45:00
23.27585206061032,22.077670624453923,21.378773258935215,8107200.0,2022-08-03 10:00:00
23.475544200251704,22.209660156551955,21.443953701759096,8108100.0,2022-08-03 10:15:00
23.642932579581508,22.33492318356312,21.511283118900053,8109000.0,2022-08-03 10:30:00
23.881136610022395,22.46191669166134,21.58001969875763,8109900.0,2022-08-03 10:45:00
24.083286674305935,22.603066031537683,21.653133387331888,8110800.0,2022-08-03 11:00:00
24.242217836416167,22.737074007167102,21.729369095614295,8111700.0,2022-08-03 11:15:00
24.41435434146248,22.86772060933335,21.80764364986236,8112600.0,2022-08-03 11:30:00
24.53657321419759,22.991186902198,21.886178975755193,8113500.0,2022-08-03 11:45:00
24.69313341739895,23.11005243666865,21.96383626588547,8114400.0,2022-08-03 12:00:00
24.851586657289022,23.2290007134208,22.041336519843508,8115300.0,2022-08-03 12:15:00
24.930598404613615,23.34600867961258,22.12042618803822,8116200.0,2022-08-03 12:30:00
25.05683476917218,23.451179666712456,22.199073226750023,8117100.0,2022-08-03 12:45:00
25.13376847629043,23.553204435742774,22.2777719232046,8118000.0,2022-08-03 13:00:00
25.198759535657267,23.640564670235275,22.354239535407565,8118900.0,2022-08-03 13:15:00
25.300147045172913,23.72561967780969,22.427882561637738,8119800.0,2022-08-03 13:30:00
25.346435923684847,23.813728164194785,22.501076908398804,8120700.0,2022-08-03 13:45:00
25.398865302371323,23.882801940121528,22.56932081032471,8121600.0,2022-08-03 14:00:00
25.435371444015367,23.94854452121489,22.633448246754085,8122500.0,2022-08-03 14:15:00
25.451166566846798,24.007478424820874,22.693833806850954,8123400.0,2022-08-03 14:30:00
25.509034477298457,24.063190629123287,22.75069576230227,8124300.0,2022-08-03 14:45:00
25.584082043723622,24.12408376473045,22.806175337412903,8125200.0,2022-08-03 15:00:00
25.61217873453252,24.18050947759365,22.860812592134973,8126100.0,2022-08-03 15:15:00
25.609587567119867,24.23022964491741,22.915144745918592,8127000.0,2022-08-03 15:30:00
25.607942628715183,24.26459806100605,22.966652048687543,8127900.0,2022-08-03 15:45:00
25.594095247616707,24.29571146443387,23.015420600014,8128800.0,2022-08-03 16:00:00
25.548047537420835,24.322135186711424,23.061570514188407,8129700.0,2022-08-03 16:15:00
25.493124436122457,24.33193333539604,23.102203623562435,8130600.0,2022-08-03 16:30:00
25.416170736119675,24.33810194956152,23.137864845929997,8131500.0,2022-08-03 16:45:00
25.30619039437327,24.32117291789009,23.164978808219548,8132400.0,2022-08-03 17:00:00
25.19328224989567,24.303468310362668,23.18652149160336,8133300.0,2022-08-03 17:15:00
25.07618194748489,24.265927801276288,23.200418062984667,8134200.0,2022-08-03 17:30:00
24.95616409143799,24.2266514152057,23.209932247226234,8135100.0,2022-08-03 17:45:00
24.81978614611468,24.17437639244697,23.214911727462717,8136000.0,2022-08-03 18:00:00
24.667926299333946,24.119685054041973,23.216360947636797,8136900.0,2022-08-03 18:15:00
24.52587740407535,24.0522476978222,23.212387117971744,8137800.0,2022-08-03 18:30:00
24.408818207202128,23.989101687524208,23.2041568395898,8138700.0,2022-08-03 18:45:00
24.302224506899822,23.921876809191865,23.191136105809957,8139600.0,2022-08-03 19:00:00
24.200877322642405,23.85800607489264,23.17502644791749,8140500.0,2022-08-03 19:15:00
24.09408256033027,23.796319389110227,23.157069337667576,8141400.0,2022-08-03 19:30:00
23.99048594300864,23.73099278162574,23.136764768109856,8142300.0,2022-08-03 19:45:00
23.891781189158262,23.670046462920794,23.115280993929417,8143200.0,2022-08-03 20:00:00
23.805102582684984,23.605303173030595,23.091828390991594,8144100.0,2022-08-03 20:15:00
23.71839550541232,23.54806449028563,23.068002488277425,8145000.0,2022-08-03 20:30:00
23.625922118851605,23.486674575432133,23.04320909000156,8145900.0,2022-08-03 20:45:00
23.522478378416537,23.42577359337559,23.017959303912768,8146800.0,2022-08-03 21:00:00
23.427760924347155,23.3639977079826,22.992398255762104,8147700.0,2022-08-03 21:15:00
23.339193328069594,23.304681511461325,22.96642950000544,8148600.0,2022-08-03 21:30:00
23.25432594756554,23.24605174569148,22.93993025683012,8149500.0,2022-08-03 21:45:00
23.175020366969196,23.18447831510448,22.912035360712107,8150400.0,2022-08-03 22:00:00
23.098606701558605,23.129780656152104,22.88369510738495,8151300.0,2022-08-03 22:15:00
22.998287563692895,23.069829475207765,22.854371658121774,8152200.0,2022-08-03 22:30:00
22.893604774864627,23.00851939172254,22.824187890453334,8153100.0,2022-08-03 22:45:00
22.79256479716277,22.944714358348275,22.79302449913076,8154000.0,2022-08-03 23:00:00
22.688967664850196,22.879164147738884,22.76060880914576,8154900.0,2022-08-03 23:15:00
22.573502466366847,22.810001973966944,22.726414407732072,8155800.0,2022-08-03 23:30:00
22.494022226492987,22.740914762231892,22.69028447691412,8156700.0,2022-08-03 23:45:00
22.40707163268563,22.68135885314306,22.654055486163816,8157600.0,2022-08-04 00:00:00
22.312224502909025,22.613749167311376,22.616604592596914,8158500.0,2022-08-04 00:15:00
22.215264018225323,22.546814229342942,22.5782594774962,8159400.0,2022-08-04 00:30:00
22.133546051350383,22.48343767743648,22.53968150219772,8160300.0,2022-08-04 00:45:00
22.057335028103083,22.4196998499342,22.50078738251729,8161200.0,2022-08-04 01:00:00
21.992555997918917,22.359569052366368,22.46195008426564,8162100.0,2022-08-04 01:15:00
21.929566782718656,22.302612676127968,22.4234008200801,8163000.0,2022-08-04 01:30:00
21.860791452090115,22.247529343501903,22.38541119532973,8163900.0,2022-08-04 01:45:00
21.792099509454413,22.190854091525235,22.347510054486587,8164800.0,2022-08-04 02:00:00
21.72167859092951,22.137688395092358,22.31012449215697,8165700.0,2022-08-04 02:15:00
21.65205002601058,22.08198239984384,22.272604986264255,8166600.0,2022-08-04 02:30:00
21.593771744521447,22.029954425042572,22.23524158339415,8167500.0,2022-08-04 02:45:00
21.529132454118393,21.97937430322896,22.19821713825712,8168400.0,2022-08-04 03:00:00
21.45807814886864,21.92075793602189,22.160515173438892,8169300.0,2022-08-04 03:15:00
21.402629811448502,21.869023867936654,22.122871694754835,8170200.0,2022-08-04 03:30:00
21.3271389613769,21.815446435009655,22.085125679111187,8171100.0,2022-08-04 03:45:00
21.272013913329594,21.76796778831544,22.047915904267914,8172000.0,2022-08-04 04:00:00
21.216723440058733,21.71798654282012,22.010811666872545,8172900.0,2022-08-04 04:15:00
21.17462332775908,21.668255791353737,21.97371203590487,8173800.0,2022-08-04 04:30:00
21.14908512039751,21.628782967943305,21.9375608691062,8174700.0,2022-08-04 04:45:00
21.11853409567112,21.5903599073662,21.902490316186235,8175600.0,2022-08-04 05:00:00
21.12196110184788,21.55541766947167,21.86874702557716,8176500.0,2022-08-04 05:15:00
21.13958401492065,21.5288838920554,21.83697352996769,8177400.0,2022-08-04 05:30:00
21.164554205432317,21.516543511264096,21.808228281724073,8178300.0,2022-08-04 05:45:00
21.18743295620704,21.49888319005832,21.781540737042427,8179200.0,2022-08-04 06:00:00
21.223854794779093,21.49097235415117,21.757580080153566,8180100.0,2022-08-04 06:15:00
21.274449388965117,21.490357242320812,21.73664291911841,8181000.0,2022-08-04 06:30:00
21.354474678476336,21.49878887389228,21.71916578559636,8181900.0,2022-08-04 06:45:00
21.47566047379245,21.52028430238537,21.705893758609218,8182800.0,2022-08-04 07:00:00
21.54970401621419,21.55114013780067,21.697382975475296,8183700.0,2022-08-04 07:15:00
21.68292855842972,21.59512888283496,21.69422864555787,8184600.0,2022-08-04 07:30:00
21.71546713783417,21.625538043173353,21.694078165133966,8185500.0,2022-08-04 07:45:00
21.782966552866135,21.662470562132455,21.696757262312023,8186400.0,2022-08-04 08:00:00
21.916642319002065,21.704026021545083,21.70193811504173,8187300.0,2022-08-04 08:15:00
22.061482054163793,21.76105004469184,21.71120531285432,8188200.0,2022-08-04 08:30:00
22.236104490227827,21.83580826596381,21.726268551718213,8189100.0,2022-08-04 08:45:00
22.373189357182245,21.909849267881025,21.74613204488523,8190000.0,2022-08-04 09:00:00
22.57515331662004,21.99759548611425,21.771462382270567,8190900.0,2022-08-04 09:15:00
22.787259160500728,22.093734047849967,21.80226403147533,8191800.0,2022-08-04 09:30:00
22.977939016301168,22.195738532344645,21.83825727510706,8192700.0,2022-08-04 09:45:00
23.160242458836606,22.30247783430301,21.879361221816907,8193600.0,2022-08-04 10:00:00
23.36224425992148,22.413665355020424,21.924929562793697,8194500.0,2022-08-04 10:15:00
23.51849373139225,22.52674370001846,21.97448426984061,8195400.0,2022-08-04 10:30:00
23.59402525296732,22.619983778887526,22.02449031382265,8196300.0,2022-08-04 10:45:00
23.68738680689985,22.7099158756518,22.074423257239424,8197200.0,2022-08-04 11:00:00
23.78095197784348,22.796874988256285,22.12430550464173,8198100.0,2022-08-04 11:15:00
23.89820156301633,22.88064990632683,22.173927393842945,8199000.0,2022-08-04 11:30:00
23.997652766198044,22.96324002706812,22.22353929569472,8199900.0,2022-08-04 11:45:00
24.08737217948392,23.04360682664519,22.273348725082247,8200800.0,2022-08-04 12:00:00
24.16613141152907,23.11845341399991,22.32281513609384,8201700.0,2022-08-04 12:15:00
24.236793039103027,23.187864221678684,22.371414290959265,8202600.0,2022-08-04 12:30:00
24.28869212919004,23.25363379777023,22.41937505035813,8203500.0,2022-08-04 12:45:00
24.344635345570225,23.312777909259385,22.46624936990851,8204400.0,2022-08-04 13:00:00
24.390743140651814,23.37068392467368,22.51211866265464,8205300.0,2022-08-04 13:15:00
24.428081985051826,23.42124480205004,22.556066512069513,8206200.0,2022-08-04 13:30:00
24.44335738871864,23.46390170098617,22.597272397889217,8207100.0,2022-08-04 13:45:00
24.44212652445163,23.503096942026488,22.63646566937856,8208000.0,2022-08-04 14:00:00
24.438038228381117,23.53108263588256,22.672419878674788,8208900.0,2022-08-04 14:15:00
24.431256356493865,23.558346307118526,22.705871904328163,8209800.0,2022-08-04 14:30:00
24.42418753622884,23.57614347617609,22.73573377936828,8210700.0,2022-08-04 14:45:00
24.40620821690277,23.59085144771801,22.76260749418421,8211600.0,2022-08-04 15:00:00
24.3826339894924,23.600103541731578,22.786571236145196,8212500.0,2022-08-04 15:15:00
24.336258870462803,23.60603371665993,22.808503259645313,8213400.0,2022-08-04 15:30:00
24.271428176262845,23.601499191880464,22.82759135842354,8214300.0,2022-08-04 15:45:00
24.204331952229094,23.589976215245827,22.84329741685283,8215200.0,2022-08-04 16:00:00
24.13090475604241,23.570383778049827,22.855378216557558,8216100.0,2022-08-04 16:15:00
24.048239198527607,23.545367397213152,22.8642283799644,8217000.0,2022-08-04 16:30:00
23.96591405416129,23.517212043911368,22.870120899662663,8217900.0,2022-08-04 16:45:00
23.8777261376275,23.484031378775757,22.87278765468618,8218800.0,2022-08-04 17:00:00
23.78372707594924,23.44242441831814,22.87142232635589,8219700.0,2022-08-04 17:15:00
23.676146563563368,23.398989885617556,22.86688323338641,8220600.0,2022-08-04 17:30:00
23.561795001852225,23.349735510918396,22.858944799891827,8221500.0,2022-08-04 17:45:00
23.434588943369295,23.291361759762,22.84679487869523,8222400.0,2022-08-04 18:00:00
23.292633832710248,23.22284716566375,22.8299253937937,8223300.0,2022-08-04 18:15:00
23.146482834276913,23.153417711616697,22.809544288424668,8224200.0,2022-08-04 18:30:00
23.002739019280604,23.079245771227875,22.78602887037708,8225100.0,2022-08-04 18:45:00
22.86813969603085,23.000648498642267,22.75958054552166,8226000.0,2022-08-04 19:00:00
22.732046130527504,22.918775333318923,22.730304982042487,8226900.0,2022-08-04 19:15:00
22.62335418771441,22.842717050736013,22.69936158985769,8227800.0,2022-08-04 19:30:00
22.50969714251837,22.76347447789441,22.666434265570015,8228700.0,2022-08-04 19:45:00
22.408247794561643,22.68810323824318,22.6317198147432,8229600.0,2022-08-04 20:00:00
22.29739238240166,22.61565926644116,22.595973861978955,8230500.0,2022-08-04 20:15:00
22.192649487156725,22.542409896822463,22.558928424622444,8231400.0,2022-08-04 20:30:00
22.08578014982666,22.46553303477584,22.52038222052369,8232300.0,2022-08-04 20:45:00
21.97466784966841,22.395840664763547,22.48144285630152,8233200.0,2022-08-04 21:00:00
21.854835037813483,22.317002590241263,22.44057501493891,8234100.0,2022-08-04 21:15:00
21.72412878524529,22.237838947719247,22.398028155434076,8235000.0,2022-08-04 21:30:00
21.597209276310224,22.154238011813003,22.35359586501876,8235900.0,2022-08-04 21:45:00
21.468605809070144,22.07215045573488,22.3075318454704,8236800.0,2022-08-04 22:00:00
21.344341635768288,21.986742032477206,22.259553653424895,8237700.0,2022-08-04 22:15:00
21.214862638860293,21.9026653107706,22.21036120018959,8238600.0,2022-08-04 22:30:00
21.066974017367244,21.8101769592006,22.15925454584062,8239500.0,2022-08-04 22:45:00
20.925914318461988,21.71389625697156,22.10612198648932,8240400.0,2022-08-04 23:00:00
20.778576886541707,21.6215127025672,22.05165834569005,8241300.0,2022-08-04 23:15:00
20.64541575320656,21.525335971219626,21.99569880192866,8242200.0,2022-08-04 23:30:00
20.507681256250628,21.427213594421268,21.93816607494487,8243100.0,2022-08-04 23:45:00
20.367573275095584,21.32989148290871,21.87936917938016,8244000.0,2022-08-05 00:00:00
20.23143610194743,21.23158959975133,21.81954636467796,8244900.0,2022-08-05 00:15:00
20.09916838613216,21.133904148025067,21.75875970951001,8245800.0,2022-08-05 00:30:00
19.983476333636126,21.04051899493549,21.697535514456536,8246700.0,2022-08-05 00:45:00
19.8502239508658,20.943293644606083,21.63573287057107,8247600.0,2022-08-05 01:00:00
19.709111429712763,20.847665859036205,21.57329458522548,8248500.0,2022-08-05 01:15:00
19.590337048158418,20.750119247056222,21.50975723544125,8249400.0,2022-08-05 01:30:00
19.481925046468987,20.65529315653229,21.445600417333598,8250300.0,2022-08-05 01:45:00
19.35742780961888,20.564163051417705,21.381312053420434,8251200.0,2022-08-05 02:00:00
19.21443971088762,20.467526555647066,21.31616539901539,8252100.0,2022-08-05 02:15:00
19.08741501823254,20.371163565190454,21.249748688809586,8253000.0,2022-08-05 02:30:00
18.974118552168765,20.275336688656257,21.182318031129444,8253900.0,2022-08-05 02:45:00
18.868117306355707,20.182393582470223,21.114524722173016,8254800.0,2022-08-05 03:00:00
18.759451457742777,20.092263180464883,21.046234154486616,8255700.0,2022-08-05 03:15:00
18.666441034883896,20.004325612503127,20.977652605055454,8256600.0,2022-08-05 03:30:00
18.598937737636515,19.920538880470176,20.909893575162737,8257500.0,2022-08-05 03:45:00
18.53188940683263,19.843003382820243,20.843679692726575,8258400.0,2022-08-05 04:00:00
18.475191546283146,19.771746937717065,20.779062706518808,8259300.0,2022-08-05 04:15:00
18.42630544668059,19.7052079346492,20.716281673847902,8260200.0,2022-08-05 04:30:00
18.390468506243135,19.639777741272805,20.65564596653527,8261100.0,2022-08-05 04:45:00
18.37018531477816,19.58480276157968,20.59750891700508,8262000.0,2022-08-05 05:00:00
18.346088143611126,19.53292963468611,20.541417076967534,8262900.0,2022-08-05 05:15:00
18.344619871437597,19.488603457445233,20.48716126401573,8263800.0,2022-08-05 05:30:00
18.36838196018344,19.45218643645596,20.435626947070148,8264700.0,2022-08-05 05:45:00
18.407267389062483,19.428005174529392,20.387960417184157,8265600.0,2022-08-05 06:00:00
18.474957579692973,19.41554147533551,20.345356626598512,8266500.0,2022-08-05 06:15:00
18.559559520707417,19.412796024617624,20.308168450961432,8267400.0,2022-08-05 06:30:00
18.63611586200691,19.421270640043147,20.276356948481308,8268300.0,2022-08-05 06:45:00
18.72254800888648,19.438308138145235,20.24931355730501,8269200.0,2022-08-05 07:00:00
18.820354835758582,19.45857835781013,20.22622543816513,8270100.0,2022-08-05 07:15:00
18.99019864145147,19.493445824204468,20.207705068366487,8271000.0,2022-08-05 07:30:00
19.15909950458556,19.54285195418687,20.19516599269222,8271900.0,2022-08-05 07:45:00
19.310645872305614,19.601562973186056,20.18897649434568,8272800.0,2022-08-05 08:00:00
19.470324770986217,19.66665486960452,20.18902767369631,8273700.0,2022-08-05 08:15:00
19.691772225106327,19.748844976405923,20.195805849878056,8274600.0,2022-08-05 08:30:00
19.871057688715226,19.84150357055117,20.20941160028949,8275500.0,2022-08-05 08:45:00
20.032814444489247,19.930810391965466,20.22851353890255,8276400.0,2022-08-05 09:00:00
20.14552965693414,20.012506425461385,20.25130272343475,8277300.0,2022-08-05 09:15:00
20.287674840000715,20.095468883566376,20.276770842848272,8278200.0,2022-08-05 09:30:00
20.472126627607626,20.18638985040244,20.30553801273776,8279100.0,2022-08-05 09:45:00
20.65507410659208,20.27706548514197,20.337433913863688,8280000.0,2022-08-05 10:00:00
20.823877505678382,20.37788028978364,20.373020974746524,8280900.0,2022-08-05 10:15:00
20.98028342720299,20.476931821634455,20.41188588578387,8281800.0,2022-08-05 10:30:00
21.14225882234597,20.57276936576048,20.45301929036213,8282700.0,2022-08-05 10:45:00
21.25685108190068,20.670329727749245,20.49652655058629,8283600.0,2022-08-05 11:00:00
21.40714674677831,20.76515259093211,20.54185575086041,8284500.0,2022-08-05 11:15:00
21.58592976204836,20.868381693272543,20.58940433569913,8285400.0,2022-08-05 11:30:00
21.744619957591272,20.97166131058528,20.63928143278393,8286300.0,2022-08-05 11:45:00
21.915569762078576,21.080115860622836,20.69199528479009,8287200.0,2022-08-05 12:00:00
22.035480782248342,21.1836535933756,20.74686619101378,8288100.0,2022-08-05 12:15:00
22.15573801838981,21.282062609254982,20.80307287367529,8289000.0,2022-08-05 12:30:00
22.24502204033915,21.375273251755168,20.85969319782945,8289900.0,2022-08-05 12:45:00
22.339885899785713,21.46317816841179,20.91606474277653,8290800.0,2022-08-05 13:00:00
22.42775782789249,21.54367090861064,20.97126644076973,8291700.0,2022-08-05 13:15:00
22.49416483461124,21.618663751420055,21.025319028668772,8292600.0,2022-08-05 13:30:00
22.557646518569847,21.69027134805132,21.07842628634826,8293500.0,2022-08-05 13:45:00
22.616465938927504,21.755586079250495,21.130065238092527,8294400.0,2022-08-05 14:00:00
22.66615019954792,21.816677740353235,21.1799668163062,8295300.0,2022-08-05 14:15:00
22.715364711385615,21.87161063970319,21.227711999452517,8296200.0,2022-08-05 14:30:00
22.763633760133168,21.927422273074733,21.274285118143144,8297100.0,2022-08-05 14:45:00
22.79403217103197,21.980633156039755,21.320199168786463,8298000.0,2022-08-05 15:00:00
22.793783881822225,22.022059830615238,21.363347555904483,8298900.0,2022-08-05 15:15:00
22.784723671688702,22.056110869905368,21.40273687190087,8299800.0,2022-08-05 15:30:00
22.76555535406013,22.081935613866023,21.43805400290113,8300700.0,2022-08-05 15:45:00
22.730606344168987,22.096715544495808,21.46884610413076,8301600.0,2022-08-05 16:00:00
22.681071800721806,22.106039778093127,21.49589383962696,8302500.0,2022-08-05 16:15:00
22.624980043731107,22.105336164145175,21.519000610562447,8303400.0,2022-08-05 16:30:00
22.562889509719103,22.09760204079753,21.538173214960054,8304300.0,2022-08-05 16:45:00
22.49395112728628,22.08386161893624,21.553360924314894,8305200.0,2022-08-05 17:00:00
22.393065498845615,22.060070965285124,21.564561407650796,8306100.0,2022-08-05 17:15:00
22.26523068257795,22.025230557186543,21.57146520492152,8307000.0,2022-08-05 17:30:00
22.10994562119089,21.97574508194274,21.5728267399114,8307900.0,2022-08-05 17:45:00
21.943427687840643,21.913457837999264,21.56782634614388,8308800.0,2022-08-05 18:00:00
21.744542969198104,21.83731443307814,21.556497704861613,8309700.0,2022-08-05 18:15:00
21.54834229096661,21.750073219156707,21.538894463220863,8310600.0,2022-08-05 18:30:00
21.35608512383203,21.655412984041728,21.515133777731524,8311500.0,2022-08-05 18:45:00
21.1657486802811,21.552620741754087,21.48538108762256,8312400.0,2022-08-05 19:00:00
20.98785788667609,21.45100341394284,21.45054950597847,8313300.0,2022-08-05 19:15:00
20.807160024575687,21.344971630647397,21.411000469457647,8314200.0,2022-08-05 19:30:00
20.62796984179753,21.235782452870044,21.367372592113416,8315100.0,2022-08-05 19:45:00
20.465102967157783,21.128256781198207,21.320661239296683,8316000.0,2022-08-05 20:00:00
20.309168772536765,21.021447071409167,21.271485947483708,8316900.0,2022-08-05 20:15:00
20.15017927227999,20.914532800665945,21.22020011102971,8317800.0,2022-08-05 20:30:00
20.00535698543379,20.809642180612396,21.1674392525844,8318700.0,2022-08-05 20:45:00
19.86952149328321,20.708021000252653,21.11336298911064,8319600.0,2022-08-05 21:00:00
19.73946292578849,20.60815884740148,21.058195468400346,8320500.0,2022-08-05 21:15:00
19.625946766385336,20.512378737585745,21.002370050095543,8321400.0,2022-08-05 21:30:00
19.516814966927228,20.422869533899195,20.946346498385328,8322300.0,2022-08-05 21:45:00
19.39877838658863,20.33311889184959,20.89011067065008,8323200.0,2022-08-05 22:00:00
19.28110756452915,20.242858806845287,20.83360369061135,8324100.0,2022-08-05 22:15:00
19.163952486962756,20.154888453788136,20.77680029558871,8325000.0,2022-08-05 22:30:00
19.04840836748935,20.067106074820835,20.719555264214957,8325900.0,2022-08-05 22:45:00
18.92909922149571,19.977457107913885,20.661530932371416,8326800.0,2022-08-05 23:00:00
18.79496397178332,19.886902683415453,20.602603861866655,8327700.0,2022-08-05 23:15:00
18.67648895119481,19.795908546697937,20.543012054559064,8328600.0,2022-08-05 23:30:00
18.538139117752294,19.70506189673555,20.482593875793576,8329500.0,2022-08-05 23:45:00
18.39710291527176,19.609605484644984,20.42088599420889,8330400.0,2022-08-06 00:00:00
18.25761755571549,19.512254762136394,20.357745891173654,8331300.0,2022-08-06 00:15:00
18.126043580978763,19.414458231741808,20.293414815535293,8332200.0,2022-08-06 00:30:00
17.9872238225832,19.316846020926764,20.227951339021473,8333100.0,2022-08-06 00:45:00
17.85017762468374,19.21668658823504,20.16118893329453,8334000.0,2022-08-06 01:00:00
17.722282444274374,19.117704820444533,20.093679714749943,8334900.0,2022-08-06 01:15:00
17.592510957328454,19.020279401031047,20.025411686424825,8335800.0,2022-08-06 01:30:00
17.47629856970012,18.922596919922015,19.956937710048376,8336700.0,2022-08-06 01:45:00
17.358645117509568,18.827284514276048,19.888756190525648,8337600.0,2022-08-06 02:00:00
17.236957730662297,18.734224162073566,19.82037703798845,8338500.0,2022-08-06 02:15:00
17.128531086286408,18.64043319501036,19.751829657113888,8339400.0,2022-08-06 02:30:00
17.017922430611883,18.549535954624737,19.683145068197387,8340300.0,2022-08-06 02:45:00
16.91932702974637,18.459860658777103,19.61481162905204,8341200.0,2022-08-06 03:00:00
16.82273182700556,18.373505923998597,19.5470751032774,8342100.0,2022-08-06 03:15:00
16.738530849215284,18.289558039501383,19.480321663629677,8343000.0,2022-08-06 03:30:00
16.655304185329232,18.2085970986824,19.414965816658857,8343900.0,2022-08-06 03:45:00
16.59542980085261,18.133299248001933,19.35105393951916,8344800.0,2022-08-06 04:00:00
16.544478545042033,18.064803331959,19.28840851493337,8345700.0,2022-08-06 04:15:00
16.50798272795583,18.0001353353463,19.227441720013783,8346600.0,2022-08-06 04:30:00
16.481205028141478,17.943311185244102,19.16822743288844,8347500.0,2022-08-06 04:45:00
16.478903647128764,17.89336074904649,19.11117549320808,8348400.0,2022-08-06 05:00:00
16.48816597486384,17.850947443197743,19.056746236886497,8349300.0,2022-08-06 05:15:00
16.510385060405174,17.81742912627972,19.004959927982824,8350200.0,2022-08-06 05:30:00
16.54874225642807,17.792046930766713,18.956661367585557,8351100.0,2022-08-06 05:45:00
16.603008018573934,17.776868967609786,18.912644019918915,8352000.0,2022-08-06 06:00:00
16.681608705809836,17.77192130974988,18.87283485403739,8352900.0,2022-08-06 06:15:00
16.790950855256153,17.781060778475215,18.836851164676627,8353800.0,2022-08-06 06:30:00
16.919102503607682,17.80088671889303,18.8047427535286,8354700.0,2022-08-06 06:45:00
17.08769240484107,17.837191736661484,18.777974774120192,8355600.0,2022-08-06 07:00:00
17.2713154949237,17.886016379576414,18.759058873141697,8356500.0,2022-08-06 07:15:00
17.47050432182084,17.949642936503516,18.748628262905505,8357400.0,2022-08-06 07:30:00
17.674275718826767,18.0261594282834,18.74703398367736,8358300.0,2022-08-06 07:45:00
17.871786951842797,18.111039737289502,18.75382504916849,8359200.0,2022-08-06 08:00:00
18.08868516205658,18.204336690304192,18.76823565371568,8360100.0,2022-08-06 08:15:00
18.319124530444743,18.309111779399693,18.789621917325924,8361000.0,2022-08-06 08:30:00
18.564630576629124,18.430028804100008,18.81796544549031,8361900.0,2022-08-06 08:45:00
18.789745234353123,18.55284406447321,18.852434986912986,8362800.0,2022-08-06 09:00:00
19.007802192051702,18.677281235720734,18.892288723124054,8363700.0,2022-08-06 09:15:00
19.22883328893091,18.806970044278486,18.937039930698745,8364600.0,2022-08-06 09:30:00
19.438788529843052,18.936092485568583,18.98634716373788,8365500.0,2022-08-06 09:45:00
19.65369390312713,19.06357377719782,19.03940324837319,8366400.0,2022-08-06 10:00:00
19.859317897775913,19.19495550154767,19.096242164332924,8367300.0,2022-08-06 10:15:00
20.05351269769019,19.325508327918914,19.156370359349232,8368200.0,2022-08-06 10:30:00
20.25250756817705,19.453348131481302,19.219080491716305,8369100.0,2022-08-06 10:45:00
20.444623898885787,19.583587782704605,19.28427110181646,8370000.0,2022-08-06 11:00:00
20.654272199644865,19.718056070607044,19.35209938993082,8370900.0,2022-08-06 11:15:00
20.84672984316312,19.851248226097145,19.422352073191593,8371800.0,2022-08-06 11:30:00
21.004175881983542,19.985025300709953,19.49575061315236,8372700.0,2022-08-06 11:45:00
21.143994454795514,20.109543600703695,19.57047953088929,8373600.0,2022-08-06 12:00:00
21.27334274836398,20.22617271378379,19.644861429711707,8374500.0,2022-08-06 12:15:00
21.38352212981142,20.336994094492425,19.718191407062083,8375400.0,2022-08-06 12:30:00
21.504759566006456,20.44495850016761,19.79052279627967,8376300.0,2022-08-06 12:45:00
21.6081525500606,20.542644678609133,19.86069023023764,8377200.0,2022-08-06 13:00:00
21.710027686339615,20.64030577381669,19.929506333946374,8378100.0,2022-08-06 13:15:00
21.79983532004693,20.730240400031335,19.996536349871576,8379000.0,2022-08-06 13:30:00
21.894695544609824,20.81877840050304,20.062367528673256,8379900.0,2022-08-06 13:45:00
21.98457053233992,20.902531236260415,20.12755915232756,8380800.0,2022-08-06 14:00:00
22.051207707442718,20.981207661969027,20.19236979320908,8381700.0,2022-08-06 14:15:00
22.11883465454629,21.05533752616032,20.256549673454654,8382600.0,2022-08-06 14:30:00
22.166234709937104,21.125517130540803,20.319326102277497,8383500.0,2022-08-06 14:45:00
22.20349144719517,21.191113335776123,20.380098334868993,8384400.0,2022-08-06 15:00:00
22.24033683084613,21.25111986944856,20.43833937872216,8385300.0,2022-08-06 15:15:00
22.273956183649627,21.3057187064854,20.49360263919643,8386200.0,2022-08-06 15:30:00
22.28874334890843,21.354817333075328,20.545716321190643,8387100.0,2022-08-06 15:45:00
22.299994517377183,21.396801151231788,20.594612672157496,8388000.0,2022-08-06 16:00:00
22.286333434553896,21.42849759066645,20.639457539184583,8388900.0,2022-08-06 16:15:00
22.26658983281204,21.456469360488,20.680627963217677,8389800.0,2022-08-06 16:30:00
22.22947107866167,21.475235219275714,20.71817995723828,8390700.0,2022-08-06 16:45:00
22.169173890885,21.48178108460118,20.752009665659592,8391600.0,2022-08-06 17:00:00
22.093190783108504,21.479014254513128,20.781944854580026,8392500.0,2022-08-06 17:15:00
21.99792339909252,21.465847796021404,20.807620967605978,8393400.0,2022-08-06 17:30:00
21.877393176309194,21.442667684685148,20.828252648344176,8394300.0,2022-08-06 17:45:00
21.735043334002118,21.40271161713154,20.84171634051082,8395200.0,2022-08-06 18:00:00
21.57558876211533,21.352368311874358,20.847913529355417,8396100.0,2022-08-06 18:15:00
21.39127768517508,21.28490365764986,20.84601993667573,8397000.0,2022-08-06 18:30:00
21.21802156985156,21.21023669434088,20.83721018972533,8397900.0,2022-08-06 18:45:00
21.049479827237327,21.131403110435294,20.823057040105056,8398800.0,2022-08-06 19:00:00
20.8848398950192,21.04677943536752,20.803472292329424,8399700.0,2022-08-06 19:15:00
20.725000888513595,20.956162028100746,20.778901037074867,8400600.0,2022-08-06 19:30:00
20.588899970222474,20.867515262807093,20.750215596448506,8401500.0,2022-08-06 19:45:00
20.459617782334654,20.781364402085742,20.718425173225672,8402400.0,2022-08-06 20:00:00
20.342644760798883,20.699076739932647,20.68466667131216,8403300.0,2022-08-06 20:15:00
20.238548096206262,20.618992441731432,20.6495496731966,8404200.0,2022-08-06 20:30:00
20.14305312393945,20.540564217790664,20.613410540513502,8405100.0,2022-08-06 20:45:00
20.053987702481496,20.4705768710994,20.57738484724973,8406000.0,2022-08-06 21:00:00
19.96501782920232,20.40279977191049,20.54181464131696,8406900.0,2022-08-06 21:15:00
19.88682063382153,20.337981789566328,20.506696689095985,8407800.0,2022-08-06 21:30:00
19.80488111283868,20.274711504423735,20.471777741595982,8408700.0,2022-08-06 21:45:00
19.725559974701245,20.212956319432084,20.436813869594147,8409600.0,2022-08-06 22:00:00
19.634796711879066,20.150096863237117,20.401619119932644,8410500.0,2022-08-06 22:15:00
19.547386306115936,20.088843758072557,20.36613785860697,8411400.0,2022-08-06 22:30:00
19.454412113459433,20.025719952556255,20.330164847842752,8412300.0,2022-08-06 22:45:00
19.353245987932905,19.96090634705776,20.29351504483042,8413200.0,2022-08-06 23:00:00
19.242858364594067,19.89428683179428,20.256007757618935,8414100.0,2022-08-06 23:15:00
19.132456087977637,19.824825927200365,20.217364097015167,8415000.0,2022-08-06 23:30:00
19.014385757317775,19.75051970223076,20.177186644223674,8415900.0,2022-08-06 23:45:00
18.894656775223677,19.676082897262607,20.135689914375316,8416800.0,2022-08-07 00:00:00
18.7717461615325,19.598908211292667,20.092535894153297,8417700.0,2022-08-07 00:15:00
18.650045287398505,19.518710096176008,20.047743960539353,8418600.0,2022-08-07 00:30:00
18.547955508088386,19.440060746166992,20.001649120535536,8419500.0,2022-08-07 00:45:00
18.427429650136716,19.359746766702344,19.954474941724648,8420400.0,2022-08-07 01:00:00
18.317448345295094,19.279358973488304,19.90643553096269,8421300.0,2022-08-07 01:15:00
18.20394067288776,19.20032248379083,19.85765727233351,8422200.0,2022-08-07 01:30:00
18.096473406962765,19.122376344258907,19.808240970284448,8423100.0,2022-08-07 01:45:00
17.989727770802922,19.042770563558747,19.758058826096622,8424000.0,2022-08-07 02:00:00
17.873841076192658,18.963719394287608,19.707098021913115,8424900.0,2022-08-07 02:15:00
17.76668484513855,18.88324386065709,19.65534110255184,8425800.0,2022-08-07 02:30:00
17.66714157551707,18.80378420421635,19.603062157733262,8426700.0,2022-08-07 02:45:00
17.57100751372384,18.726724892880576,19.550342394301364,8427600.0,2022-08-07 03:00:00
17.48450283242762,18.650444062279657,19.497754596376364,8428500.0,2022-08-07 03:15:00
17.404652367317944,18.579340750877705,19.44539657170808,8429400.0,2022-08-07 03:30:00
17.3388094520656,18.509787468845666,19.393557839445904,8430300.0,2022-08-07 03:45:00
17.26240567861922,18.44473900428259,19.342143847472997,8431200.0,2022-08-07 04:00:00
17.201910932629456,18.381513208240968,19.291068284005465,8432100.0,2022-08-07 04:15:00
17.15941744786923,18.32350446095643,19.240254937123847,8433000.0,2022-08-07 04:30:00
17.131968890463988,18.269508783720887,19.190269849463775,8433900.0,2022-08-07 04:45:00
17.111577308302167,18.222579544104548,19.1413940676022,8434800.0,2022-08-07 05:00:00
17.10637218728129,18.179585458932177,19.094790071402464,8435700.0,2022-08-07 05:15:00
17.128292735929612,18.14552008931516,19.051509599072784,8436600.0,2022-08-07 05:30:00
17.15263095357767,18.120689872392106,19.01204047540353,8437500.0,2022-08-07 05:45:00
17.195874001667978,18.10705387263892,18.976822505636942,8438400.0,2022-08-07 06:00:00
17.26217020654859,18.101612938934984,18.94596611713338,8439300.0,2022-08-07 06:15:00
17.358355061781182,18.109897150306992,18.919683562363105,8440200.0,2022-08-07 06:30:00
17.473226030886586,18.12851785400528,18.89817355312359,8441100.0,2022-08-07 06:45:00
17.61061130058563,18.160276344720213,18.881531172874418,8442000.0,2022-08-07 07:00:00
17.774862396397303,18.20583245335875,18.87019826506037,8442900.0,2022-08-07 07:15:00
17.958419850775865,18.265355011415423,18.86456748002489,8443800.0,2022-08-07 07:30:00
18.15881682173942,18.33726164711188,18.865525702204145,8444700.0,2022-08-07 07:45:00
18.37597358544847,18.421302598342205,18.873116564464368,8445600.0,2022-08-07 08:00:00
18.605523375104696,18.51715373195369,18.88739065265896,8446500.0,2022-08-07 08:15:00
18.83718117693166,18.629210723951005,18.908783482059743,8447400.0,2022-08-07 08:30:00
19.069463461897588,18.747530838520536,18.93705774193288,8448300.0,2022-08-07 08:45:00
19.29827037702431,18.873318408982104,18.972021118763426,8449200.0,2022-08-07 09:00:00
19.519970301516224,18.99954132346772,19.01288487425049,8450100.0,2022-08-07 09:15:00
19.732229449796463,19.12881979930472,19.059136971930364,8451000.0,2022-08-07 09:30:00
19.95750015087944,19.259265117668377,19.11042019002691,8451900.0,2022-08-07 09:45:00
20.19281959790344,19.395243002400544,19.16668790191633,8452800.0,2022-08-07 10:00:00
20.397092577454615,19.531874285122143,19.227620662086185,8453700.0,2022-08-07 10:15:00
20.5853953077438,19.665965258902137,19.29224976238263,8454600.0,2022-08-07 10:30:00
20.75493599538474,19.796359435692825,19.35951694825439,8455500.0,2022-08-07 10:45:00
20.941693337606026,19.926042825514678,19.428933880928437,8456400.0,2022-08-07 11:00:00
21.126671361767265,20.056142620687083,19.50023398364436,8457300.0,2022-08-07 11:15:00
21.307232920356785,20.18640108895223,19.573292548174575,8458200.0,2022-08-07 11:30:00
21.49063006594185,20.315164180292893,19.647680040685827,8459100.0,2022-08-07 11:45:00
21.649674864482375,20.44178111167009,19.72297425313037,8460000.0,2022-08-07 12:00:00
21.77845499338278,20.56423356559912,19.798917729107128,8460900.0,2022-08-07 12:15:00
21.900046128853123,20.678562868026447,19.87425156347259,8461800.0,2022-08-07 12:30:00
22.00293963873616,20.784623818050207,19.948200462588414,8462700.0,2022-08-07 12:45:00
22.093219576375454,20.884618511518116,20.020456152608475,8463600.0,2022-08-07 13:00:00
22.189010296018957,20.97844958296482,20.09084276127876,8464500.0,2022-08-07 13:15:00
22.282810099917,21.067182195563568,20.15935582861141,8465400.0,2022-08-07 13:30:00
22.35688339790447,21.150146912151484,20.225881899566616,8466300.0,2022-08-07 13:45:00
22.43290778466346,21.23170726780092,20.291306188305064,8467200.0,2022-08-07 14:00:00
22.505394803316065,21.307911574350577,20.355231764411425,8468100.0,2022-08-07 14:15:00
22.56110884222488,21.376449480060916,20.417023854743547,8469000.0,2022-08-07 14:30:00
22.625863135401623,21.44710856078831,20.47763365966696,8469900.0,2022-08-07 14:45:00
22.66539080008057,21.511579341940205,20.536917914894943,8470800.0,2022-08-07 15:00:00
22.708591100898964,21.57172089267588,20.594814106275606,8471700.0,2022-08-07 15:15:00
22.715376848395977,21.62420693424375,20.650652347377225,8472600.0,2022-08-07 15:30:00
22.723523391865854,21.667274963003397,20.702884876539954,8473500.0,2022-08-07 15:45:00
22.72636594393667,21.7054331952292,20.751450151563606,8474400.0,2022-08-07 16:00:00
22.7218946331132,21.736150821190726,20.79639808887994,8475300.0,2022-08-07 16:15:00
22.694482929507725,21.762280729425314,20.838422124354416,8476200.0,2022-08-07 16:30:00
22.666561099093844,21.780686896023703,20.8772976505367,8477100.0,2022-08-07 16:45:00
22.618191701025687,21.78872275893652,20.912126386420304,8478000.0,2022-08-07 17:00:00
22.55495523569522,21.791254489278955,20.94349603315191,8478900.0,2022-08-07 17:15:00
22.459759182716265,21.781828285532825,20.97035632802136,8479800.0,2022-08-07 17:30:00
22.340669388723366,21.758763386844233,20.991321353219433,8480700.0,2022-08-07 17:45:00
22.198989099214828,21.721780965428763,21.005811411637204,8481600.0,2022-08-07 18:00:00
22.037343439402733,21.670462797333535,21.013645104372237,8482500.0,2022-08-07 18:15:00
21.86195515724167,21.608971196991288,21.014906160950133,8483400.0,2022-08-07 18:30:00
21.682791875298953,21.53586843746668,21.009504391723375,8484300.0,2022-08-07 18:45:00
21.502635655580917,21.453237239496936,20.997282000844432,8485200.0,2022-08-07 19:00:00
21.325031801423165,21.365762521046737,20.979260892400685,8486100.0,2022-08-07 19:15:00
21.162975092265494,21.274966858481687,20.95631401527972,8487000.0,2022-08-07 19:30:00
21.003467574325555,21.18238677131951,20.929397416622383,8487900.0,2022-08-07 19:45:00
20.856230948066173,21.088527557068566,20.898788819242583,8488800.0,2022-08-07 20:00:00
20.73162978307952,21.000077382366765,20.865690811249337,8489700.0,2022-08-07 20:15:00
20.60388273351232,20.91361045247524,20.83093057328816,8490600.0,2022-08-07 20:30:00
20.49121553149816,20.830081593752688,20.794978123046768,8491500.0,2022-08-07 20:45:00
20.390190552122785,20.750387499431387,20.75818494328318,8492400.0,2022-08-07 21:00:00
20.29113376510661,20.674535664684623,20.72093083652821,8493300.0,2022-08-07 21:15:00
20.19408463182636,20.6008636444711,20.683394393959716,8494200.0,2022-08-07 21:30:00
20.0970346767832,20.527550741400283,20.64565612278677,8495100.0,2022-08-07 21:45:00
19.995537163080847,20.45770763880448,20.607731551999084,8496000.0,2022-08-07 22:00:00
19.909121550879654,20.388254216311328,20.569617447752737,8496900.0,2022-08-07 22:15:00
19.820438080197007,20.321250730324834,20.531308761599966,8497800.0,2022-08-07 22:30:00
19.70333091096463,20.251321005426256,20.49240676049049,8498700.0,2022-08-07 22:45:00
19.596691089210385,20.178969387393938,20.452666108236127,8499600.0,2022-08-07 23:00:00
19.47911975441377,20.104857643594755,20.4118811025651,8500500.0,2022-08-07 23:15:00
19.350443584091497,20.02851488392305,20.369889848114205,8501400.0,2022-08-07 23:30:00
19.22029406559289,19.946679472139333,20.326124733016137,8502300.0,2022-08-07 23:45:00
19.105350245089987,19.865649791129808,20.280724822678323,8503200.0,2022-08-08 00:00:00
18.983949802250034,19.783327685525368,20.233930297893053,8504100.0,2022-08-08 00:15:00
18.858687735576723,19.69947371640588,20.185874344288028,8505000.0,2022-08-08 00:30:00
18.734437431044054,19.616410874755825,20.13670807980996,8505900.0,2022-08-08 00:45:00
18.60506141629884,19.529367510917208,20.086313672561943,8506800.0,2022-08-08 01:00:00
18.489388390262476,19.44550123670093,20.03497951406803,8507700.0,2022-08-08 01:15:00
18.369855926199655,19.357691278396487,19.982498178732303,8508600.0,2022-08-08 01:30:00
18.238579401395004,19.270341419601248,19.929084232444424,8509500.0,2022-08-08 01:45:00
18.115607524535687,19.18415699500506,19.874922340522847,8510400.0,2022-08-08 02:00:00
17.988141601634478,19.095646640468665,19.81971933096864,8511300.0,2022-08-08 02:15:00
17.863003736971994,19.00581758112357,19.76349835417799,8512200.0,2022-08-08 02:30:00
17.750698854619486,18.918585246411816,19.70655702847568,8513100.0,2022-08-08 02:45:00
17.64602079291155,18.832813093384097,19.649081819963957,8514000.0,2022-08-08 03:00:00
17.55422342877094,18.749608897968148,19.59141124884425,8514900.0,2022-08-08 03:15:00
17.454633803045894,18.668242260505725,19.53387646970548,8515800.0,2022-08-08 03:30:00
17.38227387141791,18.59177497016882,19.47668853429452,8516700.0,2022-08-08 03:45:00
17.32238549111593,18.52146495511478,19.420323422384627,8517600.0,2022-08-08 04:00:00
17.259555443866862,18.45294077856532,19.36496290176123,8518500.0,2022-08-08 04:15:00
17.221422525151848,18.392721591544404,19.31092687526063,8519400.0,2022-08-08 04:30:00
17.19090804881431,18.33798894825076,19.258415366265325,8520300.0,2022-08-08 04:45:00
17.180611779045293,18.289800761231756,19.207743779320435,8521200.0,2022-08-08 05:00:00
17.174562356883566,18.247796120636643,19.15909291331029,8522100.0,2022-08-08 05:15:00
17.184141134202065,18.212155708269872,19.112717702468007,8523000.0,2022-08-08 05:30:00
17.21115089722505,18.185131825773443,19.069319778299004,8523900.0,2022-08-08 05:45:00
17.259162879370848,18.167733504545065,19.029435777559243,8524800.0,2022-08-08 06:00:00
17.32954166215555,18.161917127176103,18.993577339213413,8525700.0,2022-08-08 06:15:00
17.43270598711636,18.16870330595209,18.962727925940367,8526600.0,2022-08-08 06:30:00
17.571942792785283,18.189715807419233,18.937607071278887,8527500.0,2022-08-08 06:45:00
17.72593536646128,18.22564662875748,18.91893204562443,8528400.0,2022-08-08 07:00:00
17.899640443010046,18.27644723254872,18.90727728305683,8529300.0,2022-08-08 07:15:00
18.08838262519966,18.33977934677307,18.90257794052677,8530200.0,2022-08-08 07:30:00
18.30181360665203,18.416666780965016,18.905126563934022,8531100.0,2022-08-08 07:45:00
18.52733396004732,18.5068689890027,18.915019431184447,8532000.0,2022-08-08 08:00:00
18.76491401710877,18.608871229418256,18.932418371019473,8532900.0,2022-08-08 08:15:00
18.99881759165357,18.724632248641605,18.957221115596592,8533800.0,2022-08-08 08:30:00
19.23381899820512,18.848993321143055,18.98932578278716,8534700.0,2022-08-08 08:45:00
19.45740111847244,18.97711660142516,19.02799883287128,8535600.0,2022-08-08 09:00:00
19.648830386471275,19.10147300762426,19.07186421231517,8536500.0,2022-08-08 09:15:00
19.88100088910784,19.229853981106434,19.120363714922224,8537400.0,2022-08-08 09:30:00
20.11853886129948,19.36542115784757,19.17364803406632,8538300.0,2022-08-08 09:45:00
20.345053593880145,19.504098472907717,19.23177363949348,8539200.0,2022-08-08 10:00:00
20.551375362218774,19.63756984490465,19.29332857795623,8540100.0,2022-08-08 10:15:00
20.75370010381204,19.775222905293376,19.358498160074134,8541000.0,2022-08-08 10:30:00
20.95564821394448,19.91074106247944,19.426576251812296,8541900.0,2022-08-08 10:45:00
21.15173000999456,20.046746164958847,19.497123662618804,8542800.0,2022-08-08 11:00:00
21.34572575215914,20.182964374715667,19.569933177038887,8543700.0,2022-08-08 11:15:00
21.523871178306788,20.31851822996048,19.644823643265497,8544600.0,2022-08-08 11:30:00
21.68929135543531,20.450509397800243,19.721009253179933,8545500.0,2022-08-08 11:45:00
21.85332444422564,20.57784180834137,19.797802571287484,8546400.0,2022-08-08 12:00:00
22.010539459353136,20.7041379728658,19.87516846595553,8547300.0,2022-08-08 12:15:00
22.139850967958168,20.826003527319205,19.952974805625917,8548200.0,2022-08-08 12:30:00
22.23966875138288,20.93922619522357,20.030209320326687,8549100.0,2022-08-08 12:45:00
22.33379133282669,21.041154949116237,20.10569065774093,8550000.0,2022-08-08 13:00:00
22.421179462404307,21.136495314713805,20.17900360638072,8550900.0,2022-08-08 13:15:00
22.525393290732406,21.224467522636928,20.249342094329737,8551800.0,2022-08-08 13:30:00
22.594375703866856,21.313566392360244,20.318338102776504,8552700.0,2022-08-08 13:45:00
22.66912932994451,21.39716672529647,20.38597001116293,8553600.0,2022-08-08 14:00:00
22.733769701742915,21.470446937028296,20.450736474521538,8554500.0,2022-08-08 14:15:00
22.79883573993176,21.54311177579349,20.51351519819813,8555400.0,2022-08-08 14:30:00
22.8672743702682,21.614924231925773,20.574987015084385,8556300.0,2022-08-08 14:45:00
22.934013695685596,21.685601801597265,20.63571238699128,8557200.0,2022-08-08 15:00:00
22.995945252415016,21.753694046649844,20.695567737488943,8558100.0,2022-08-08 15:15:00
23.047229151588045,21.816125586966837,20.75385951210121,8559000.0,2022-08-08 15:30:00
23.08312005055304,21.87475791936325,20.81031514245115,8559900.0,2022-08-08 15:45:00
23.112990656693096,21.926972545052276,20.864207672568607,8560800.0,2022-08-08 16:00:00
23.123297511612495,21.974809132308508,20.9161285329014,8561700.0,2022-08-08 16:15:00
23.11743538531486,22.013677169969476,20.96510988467889,8562600.0,2022-08-08 16:30:00
23.12242508991829,22.04654671105015,21.010996097531272,8563500.0,2022-08-08 16:45:00
23.09418720136428,22.07191614914874,21.053440540158117,8564400.0,2022-08-08 17:00:00
23.051311678989894,22.08862979882901,21.092304762994974,8565300.0,2022-08-08 17:15:00
22.974996180798385,22.093350208094243,21.126887773992948,8566200.0,2022-08-08 17:30:00
22.870569111088855,22.085269867653,21.156459797699807,8567100.0,2022-08-08 17:45:00
22.74863044638548,22.06014751156502,21.17952699362015,8568000.0,2022-08-08 18:00:00
22.61955488138552,22.026105065423828,21.19673545298076,8568900.0,2022-08-08 18:15:00
22.474905278924897,21.980800048428087,21.20781992813656,8569800.0,2022-08-08 18:30:00
22.320924569959686,21.925967561888775,21.213024076285706,8570700.0,2022-08-08 18:45:00
22.16351673016124,21.860422950024073,21.211874002805768,8571600.0,2022-08-08 19:00:00
22.002709540380856,21.79063054642388,21.205613993011887,8572500.0,2022-08-08 19:15:00
21.85220430325599,21.714766975565514,21.194363007856307,8573400.0,2022-08-08 19:30:00
21.70360319441921,21.634162559362363,21.17833996306645,8574300.0,2022-08-08 19:45:00
21.561701179517463,21.553390718475487,21.1582390343966,8575200.0,2022-08-08 20:00:00
21.439129795841364,21.47624421671301,21.1355137245342,8576100.0,2022-08-08 20:15:00
21.32764857505401,21.399257580372513,21.110519441445348,8577000.0,2022-08-08 20:30:00
21.22948303219124,21.32516423009869,21.0838164229683,8577900.0,2022-08-08 20:45:00
21.134095496069445,21.25788468603228,21.056898601691735,8578800.0,2022-08-08 21:00:00
21.053977099768527,21.19130694422728,21.029353970804376,8579700.0,2022-08-08 21:15:00
20.982875814830606,21.13156655341444,21.00181958287776,8580600.0,2022-08-08 21:30:00
20.91276124346893,21.072933599926348,20.97406260319853,8581500.0,2022-08-08 21:45:00
20.844352557056087,21.01833780623235,20.94632529156672,8582400.0,2022-08-08 22:00:00
20.77494540594316,20.96837012425397,20.919072446715592,8583300.0,2022-08-08 22:15:00
20.69472413778019,20.91423044334675,20.891680863876537,8584200.0,2022-08-08 22:30:00
20.617866119940167,20.86048865755325,20.864001624643244,8585100.0,2022-08-08 22:45:00
20.54210329155044,20.80737777304351,20.835950742322616,8586000.0,2022-08-08 23:00:00
20.45793665207212,20.755140398842435,20.807637408004343,8586900.0,2022-08-08 23:15:00
20.369732591184004,20.698181193701,20.77839137506071,8587800.0,2022-08-08 23:30:00
20.272910158813552,20.64018756622164,20.748237837884112,8588700.0,2022-08-08 23:45:00
20.169821321170097,20.5783553481242,20.716573554852832,8589600.0,2022-08-09 00:00:00
20.053906207450954,20.51258719716056,20.683048266572044,8590500.0,2022-08-09 00:15:00
19.93556035837052,20.44452569282188,20.647670724471634,8591400.0,2022-08-09 00:30:00
19.81432116415,20.3704081130686,20.610027158089174,8592300.0,2022-08-09 00:45:00
19.693561546190008,20.29649598953569,20.570408260410566,8593200.0,2022-08-09 01:00:00
19.568531874242385,20.218297823574385,20.528871651806444,8594100.0,2022-08-09 01:15:00
19.44406898603409,20.13761819439365,20.48533504096592,8595000.0,2022-08-09 01:30:00
19.31877229492804,20.055666386450252,20.440054702800193,8595900.0,2022-08-09 01:45:00
19.20386868247145,19.973376652892192,20.393336838011777,8596800.0,2022-08-09 02:00:00
19.078308984797403,19.890915315171785,20.345538182406067,8597700.0,2022-08-09 02:15:00
18.9517879685782,19.805794787731266,20.296336835351088,8598600.0,2022-08-09 02:30:00
18.837751023889336,19.721834875432748,20.24600975306088,8599500.0,2022-08-09 02:45:00
18.72766360778148,19.63779148110168,20.194799327222867,8600400.0,2022-08-09 03:00:00
18.627195130700184,19.557315175947824,20.143088556355927,8601300.0,2022-08-09 03:15:00
18.53343690301165,19.479145644381315,20.091273341460813,8602200.0,2022-08-09 03:30:00
18.458801686947865,19.405217308554104,20.039789618215533,8603100.0,2022-08-09 03:45:00
18.388919326676756,19.33485412259492,19.988779832320485,8604000.0,2022-08-09 04:00:00
18.330507159393147,19.270060932308425,19.9386713941192,8604900.0,2022-08-09 04:15:00
18.289580884794688,19.210366138758907,19.890029596979208,8605800.0,2022-08-09 04:30:00
18.25754746788144,19.158349683531263,19.84310353085805,8606700.0,2022-08-09 04:45:00
18.239052802801385,19.110443834611736,19.79818679870252,8607600.0,2022-08-09 05:00:00
18.240221025574005,19.069053301728403,19.75572586607589,8608500.0,2022-08-09 05:15:00
18.243265852093916,19.035029279144535,19.71612903221784,8609400.0,2022-08-09 05:30:00
18.255316776834285,19.009560746073767,19.679584909746264,8610300.0,2022-08-09 05:45:00
18.292689251612217,18.9917961733606,19.64637993485797,8611200.0,2022-08-09 06:00:00
18.35710253053416,18.985831591362647,19.616982190357568,8612100.0,2022-08-09 06:15:00
18.444012353414887,18.99156737952695,19.591849433800917,8613000.0,2022-08-09 06:30:00
18.55575314421361,19.00892285293456,19.571485908727965,8613900.0,2022-08-09 06:45:00
18.69118765270312,19.04014248401834,19.55638473365036,8614800.0,2022-08-09 07:00:00
18.84200019143252,19.083789634675984,19.54702647399271,8615700.0,2022-08-09 07:15:00
19.020777319838924,19.1398444699051,19.543663616986382,8616600.0,2022-08-09 07:30:00
19.22385685242345,19.212450313716747,19.546837910518715,8617500.0,2022-08-09 07:45:00
19.44983255053316,19.297766517184986,19.556806214005967,8618400.0,2022-08-09 08:00:00
19.679426428714823,19.39679372282032,19.57404783557788,8619300.0,2022-08-09 08:15:00
19.942193143239468,19.515260613796077,19.599349591658864,8620200.0,2022-08-09 08:30:00
20.182667517916897,19.6441027737314,19.632838430498072,8621100.0,2022-08-09 08:45:00
20.43501056176112,19.778536467812568,19.673867319497983,8622000.0,2022-08-09 09:00:00
20.68299153685961,19.918277075019112,19.721655750756387,8622900.0,2022-08-09 09:15:00
20.922301899432977,20.062197113399083,19.77572210681809,8623800.0,2022-08-09 09:30:00
21.140062714563868,20.203112653560215,19.834558053863088,8624700.0,2022-08-09 09:45:00
21.34482586872267,20.344064643283826,19.897460351351928,8625600.0,2022-08-09 10:00:00
21.57808316472209,20.489297306696976,19.964505240732063,8626500.0,2022-08-09 10:15:00
21.787288965343368,20.635438825057715,20.035260016480937,8627400.0,2022-08-09 10:30:00
21.99388989562376,20.77940680687149,20.10893824000873,8628300.0,2022-08-09 10:45:00
22.175126034855648,20.9219743541298,20.185050164405247,8629200.0,2022-08-09 11:00:00
22.339364201537062,21.055013534745072,20.261757134667008,8630100.0,2022-08-09 11:15:00
22.52614796411397,21.188890653229674,20.339237192738754,8631000.0,2022-08-09 11:30:00
22.698961153344413,21.317789413513232,20.41671915773919,8631900.0,2022-08-09 11:45:00
22.875478274981397,21.448438355994,20.494938128883703,8632800.0,2022-08-09 12:00:00
23.011165084334102,21.57358479094629,20.573569615095234,8633700.0,2022-08-09 12:15:00
23.15658598353985,21.69446045695431,20.652134696727895,8634600.0,2022-08-09 12:30:00
23.26136948007232,21.807273536418535,20.73018885468463,8635500.0,2022-08-09 12:45:00
23.369901966544376,21.914770589527706,20.807464559674788,8636400.0,2022-08-09 13:00:00
23.463897947005503,22.012103567019807,20.882433209283136,8637300.0,2022-08-09 13:15:00
23.55172316733224,22.10325121356488,20.954799587640604,8638200.0,2022-08-09 13:30:00
23.64418891314949,22.194493392860448,21.02566304171164,8639100.0,2022-08-09 13:45:00
23.742391987421016,22.28333169371978,21.09524895969305,8640000.0,2022-08-09 14:00:00
23.82175279808356,22.366124165324106,21.163278899171257,8640900.0,2022-08-09 14:15:00
23.894465879718187,22.44725076351528,21.230525937340445,8641800.0,2022-08-09 14:30:00
23.96650999327431,22.526197065819392,21.297413918229758,8642700.0,2022-08-09 14:45:00
24.01201945849356,22.59712113880224,21.362491270910606,8643600.0,2022-08-09 15:00:00
24.05886915447495,22.66444075194514,21.425657464829573,8644500.0,2022-08-09 15:15:00
24.116399342586625,22.727696455618734,21.486850440413455,8645400.0,2022-08-09 15:30:00
24.15245485680809,22.786878875481264,21.546087327124315,8646300.0,2022-08-09 15:45:00
24.179040862811583,22.840479599236627,21.602927277065728,8647200.0,2022-08-09 16:00:00
24.191475289279847,22.88793438378146,21.657276698718963,8648100.0,2022-08-09 16:15:00
24.186630343626508,22.9273252561583,21.708426192719596,8649000.0,2022-08-09 16:30:00
24.177642341295712,22.959536510673757,21.756201428903687,8649900.0,2022-08-09 16:45:00
24.144763715508976,22.982313773552296,21.8000484010896,8650800.0,2022-08-09 17:00:00
24.093865412039623,22.99812311862712,21.840492464321848,8651700.0,2022-08-09 17:15:00
23.992017071362547,22.997891307399648,21.87614998862493,8652600.0,2022-08-09 17:30:00
23.884665020985935,22.983918685946232,21.90590438081469,8653500.0,2022-08-09 17:45:00
23.76134408935301,22.95911281450148,21.92969573941359,8654400.0,2022-08-09 18:00:00
23.62908783125511,22.918770020105832,21.946383912683057,8655300.0,2022-08-09 18:15:00
23.48403375667339,22.86955108200064,21.956462126842208,8656200.0,2022-08-09 18:30:00
23.331924359591824,22.813723766841026,21.96095519159354,8657100.0,2022-08-09 18:45:00
23.17567020342764,22.748588059897813,21.959740335157417,8658000.0,2022-08-09 19:00:00
23.01966554487927,22.67681457674248,21.952900757687175,8658900.0,2022-08-09 19:15:00
22.866688328498263,22.599384712384712,21.94062494075431,8659800.0,2022-08-09 19:30:00
22.7257462844304,22.522050617945265,21.92404121466145,8660700.0,2022-08-09 19:45:00
22.586929452878223,22.443202518320845,21.903948535214713,8661600.0,2022-08-09 20:00:00
22.46474508569496,22.36374372642813,21.88077505951928,8662500.0,2022-08-09 20:15:00
22.351462550396764,22.289332151570868,21.85596205289171,8663400.0,2022-08-09 20:30:00
22.243826812095133,22.212574302827605,21.829213529677894,8664300.0,2022-08-09 20:45:00
22.152954583219483,22.14320323116125,21.801731304812492,8665200.0,2022-08-09 21:00:00
22.05251074900532,22.07644694130846,21.774175462156208,8666100.0,2022-08-09 21:15:00
21.976380402083457,22.01357124348254,21.746630878401906,8667000.0,2022-08-09 21:30:00
21.899412470217765,21.951193528159468,21.71869655595775,8667900.0,2022-08-09 21:45:00
21.82060625692492,21.892332665070185,21.690709090570927,8668800.0,2022-08-09 22:00:00
21.74792252157023,21.835688904268327,21.662773216467368,8669700.0,2022-08-09 22:15:00
21.66783110322124,21.78022389730128,21.63485482996801,8670600.0,2022-08-09 22:30:00
21.58368555405872,21.72392220518326,21.606608631043308,8671500.0,2022-08-09 22:45:00
21.498700392368207,21.6683512646256,21.578076383078063,8672400.0,2022-08-09 23:00:00
21.42025309914741,21.6116562554507,21.548819658431768,8673300.0,2022-08-09 23:15:00
21.330125016330864,21.554753924559527,21.51909990060189,8674200.0,2022-08-09 23:30:00
21.23385067376207,21.495529423959535,21.48865913771369,8675100.0,2022-08-09 23:45:00
21.13367246740377,21.43458356609008,21.457231613698426,8676000.0,2022-08-10 00:00:00
21.035645924298287,21.37174480391064,21.424719190130848,8676900.0,2022-08-10 00:15:00
20.9395188534436,21.30839671390852,21.391025230239023,8677800.0,2022-08-10 00:30:00
20.84238174565265,21.243490605191784,21.35605626633816,8678700.0,2022-08-10 00:45:00
20.73275121075121,21.17583130143524,21.319681974289157,8679600.0,2022-08-10 01:00:00
20.624906987250306,21.105847136442694,21.281831085271463,8680500.0,2022-08-10 01:15:00
20.52004905522478,21.036374484426528,21.24280293150527,8681400.0,2022-08-10 01:30:00
20.400130470204957,20.964167921913244,21.202514311936227,8682300.0,2022-08-10 01:45:00
20.267253106004343,20.885581640768795,21.16050594687301,8683200.0,2022-08-10 02:00:00
20.147228573155687,20.807024466364833,21.11690633581551,8684100.0,2022-08-10 02:15:00
20.037140441525807,20.727756402631467,21.07176660081058,8685000.0,2022-08-10 02:30:00
19.938309277144736,20.649982709985288,21.025373649589795,8685900.0,2022-08-10 02:45:00
19.840380607519688,20.574172722721155,20.978256005834847,8686800.0,2022-08-10 03:00:00
19.747009179990215,20.499795238208733,20.930658836488647,8687700.0,2022-08-10 03:15:00
19.659605353852985,20.42863116501592,20.882843069888363,8688600.0,2022-08-10 03:30:00
19.582139220292863,20.35954477791812,20.835175702307808,8689500.0,2022-08-10 03:45:00
19.513747048493833,20.291288162033343,20.78768024763784,8690400.0,2022-08-10 04:00:00
19.4630785900508,20.231792500268085,20.741156304592103,8691300.0,2022-08-10 04:15:00
19.42176617314917,20.175351660008545,20.69583694341077,8692200.0,2022-08-10 04:30:00
19.40130004368763,20.1270545137077,20.652125525584072,8693100.0,2022-08-10 04:45:00
19.381177947085007,20.083186855187694,20.610350495812437,8694000.0,2022-08-10 05:00:00
19.373193870076182,20.0455411270718,20.57074886418285,8694900.0,2022-08-10 05:15:00
19.371862682433047,20.011109312945575,20.533344305793033,8695800.0,2022-08-10 05:30:00
19.384249561185246,19.98461475009774,20.49849527619769,8696700.0,2022-08-10 05:45:00
19.4220517235012,19.968769564100352,20.466764135821407,8697600.0,2022-08-10 06:00:00
19.47673184678769,19.962430280327396,20.43864553369222,8698500.0,2022-08-10 06:15:00
19.558496582526228,19.966458386712844,20.414444722738168,8699400.0,2022-08-10 06:30:00
19.667366864845448,19.983197216020173,20.39466208133904,8700300.0,2022-08-10 06:45:00
19.79518233573541,20.01161703999424,20.379697247443097,8701200.0,2022-08-10 07:00:00
19.943644206345663,20.05303121303545,20.370246972005177,8702100.0,2022-08-10 07:15:00
20.12749988181454,20.10848523883508,20.36699508382808,8703000.0,2022-08-10 07:30:00
20.33310237329321,20.179716152444836,20.370559827434157,8703900.0,2022-08-10 07:45:00
20.555237409263317,20.269731271266924,20.38192447813016,8704800.0,2022-08-10 08:00:00
20.805814942375555,20.36943451481539,20.40080614657935,8705700.0,2022-08-10 08:15:00
21.04605421006839,20.48731459836903,20.427964713241575,8706600.0,2022-08-10 08:30:00
21.28768777511429,20.614451562978573,20.463340949641125,8707500.0,2022-08-10 08:45:00
21.52803915477544,20.748790128981977,20.50625488229933,8708400.0,2022-08-10 09:00:00
21.756448913369333,20.884609526661976,20.555555372012616,8709300.0,2022-08-10 09:15:00
21.97240969577102,21.023047205939505,20.61054630911888,8710200.0,2022-08-10 09:30:00
22.20793647908,21.161719191040135,20.67017631879153,8711100.0,2022-08-10 09:45:00
22.44798199591561,21.30636266719407,20.734402796347247,8712000.0,2022-08-10 10:00:00
22.65588921738017,21.45175862936553,20.802832168144963,8712900.0,2022-08-10 10:15:00
22.867417302484675,21.597878594643895,20.875052558081027,8713800.0,2022-08-10 10:30:00
23.065503216064837,21.742250359371617,20.950354880431608,8714700.0,2022-08-10 10:45:00
23.232872733142564,21.882673395081127,21.027767140760087,8715600.0,2022-08-10 11:00:00
23.413692188290543,22.01918222976496,21.106483314846624,8716500.0,2022-08-10 11:15:00
23.592801611140203,22.155933632168328,21.186617854221293,8717400.0,2022-08-10 11:30:00
23.755661686793932,22.28982960692427,21.26786821178636,8718300.0,2022-08-10 11:45:00
23.93402034860572,22.422202896319547,21.349830774983744,8719200.0,2022-08-10 12:00:00
24.103231657197885,22.556515070558856,21.433413260217687,8720100.0,2022-08-10 12:15:00
24.22267299560467,22.682551607578617,21.517713467052964,8721000.0,2022-08-10 12:30:00
24.334338016381448,22.799914944031404,21.601618037152612,8721900.0,2022-08-10 12:45:00
24.432184304721975,22.907743671171847,21.683627393118687,8722800.0,2022-08-10 13:00:00
24.51506533190453,23.00896373042724,21.763396964535254,8723700.0,2022-08-10 13:15:00
24.59707234825471,23.098255022689678,21.839180588077856,8724600.0,2022-08-10 13:30:00
24.683045732683905,23.188837037184456,21.91273905212961,8725500.0,2022-08-10 13:45:00
24.745176766946077,23.27201692217832,21.98398745003021,8726400.0,2022-08-10 14:00:00
24.83240061837609,23.35331813507384,22.053190942434107,8727300.0,2022-08-10 14:15:00
24.905457065386496,23.43062816516347,22.120633084041085,8728200.0,2022-08-10 14:30:00
24.97902914536024,23.507149995194688,22.1873694526572,8729100.0,2022-08-10 14:45:00
25.013599198530684,23.578113235059607,22.25312910198033,8730000.0,2022-08-10 15:00:00
25.051539563220267,23.64261388396892,22.31691346441801,8730900.0,2022-08-10 15:15:00
25.079476496160048,23.697308813784584,22.376833968035367,8731800.0,2022-08-10 15:30:00
25.102256783708523,23.749643100768335,22.433776429192505,8732700.0,2022-08-10 15:45:00
25.120323249089022,23.795803979191373,22.487722497914607,8733600.0,2022-08-10 16:00:00
25.134628228088346,23.838602360990787,22.53967967242149,8734500.0,2022-08-10 16:15:00
25.126883978961004,23.87406445701849,22.589119286437167,8735400.0,2022-08-10 16:30:00
25.116728317972008,23.903591506100067,22.635512660454168,8736300.0,2022-08-10 16:45:00
25.10398557153055,23.92688402980685,22.678371226276408,8737200.0,2022-08-10 17:00:00
25.058313185353395,23.942693020751573,22.71749449665616,8738100.0,2022-08-10 17:15:00
24.97439399659212,23.94414133796678,22.752044091859503,8739000.0,2022-08-10 17:30:00
24.86474709913712,23.932033207331376,22.781328942766,8739900.0,2022-08-10 17:45:00
24.72853223776532,23.904067380924648,22.804297019223117,8740800.0,2022-08-10 18:00:00
24.580124623474436,23.86196095603717,22.820455533291256,8741700.0,2022-08-10 18:15:00
24.42677684820076,23.80896247415124,22.82978897296421,8742600.0,2022-08-10 18:30:00
24.276547745954645,23.7459604480346,22.832208707642135,8743500.0,2022-08-10 18:45:00
24.117260481368834,23.67920540901328,22.829082195205388,8744400.0,2022-08-10 19:00:00
23.945185549900085,23.600135839387143,22.819645083253064,8745300.0,2022-08-10 19:15:00
23.771752229063477,23.515604516533408,22.804601712515137,8746200.0,2022-08-10 19:30:00
23.60540915971104,23.425164632513216,22.784099155584038,8747100.0,2022-08-10 19:45:00
23.44950722594097,23.33449799809366,22.759362977949856,8748000.0,2022-08-10 20:00:00
23.30788477118046,23.242898232451346,22.73091944175661,8748900.0,2022-08-10 20:15:00
23.17999698010464,23.15493096656617,22.699874781442546,8749800.0,2022-08-10 20:30:00
23.06107514842044,23.070471623276514,22.667142010821117,8750700.0,2022-08-10 20:45:00
22.953424682316047,22.989342411287318,22.633137434414824,8751600.0,2022-08-10 21:00:00
22.851701240423843,22.910301971727513,22.598191814354102,8752500.0,2022-08-10 21:15:00
22.75295817628373,22.83645697389604,22.563107084492433,8753400.0,2022-08-10 21:30:00
22.654970008310958,22.763402568897465,22.527905814034423,8754300.0,2022-08-10 21:45:00
22.561708343001943,22.692437133308754,22.492506345361008,8755200.0,2022-08-10 22:00:00
22.477013915594355,22.625115073462958,22.45717110674295,8756100.0,2022-08-10 22:15:00
22.393542245725826,22.55901768025901,22.421613705365537,8757000.0,2022-08-10 22:30:00
22.305428056498783,22.49551786085572,22.38626288400997,8757900.0,2022-08-10 22:45:00
22.22358338807592,22.431152307127896,22.350761631187137,8758800.0,2022-08-10 23:00:00
22.1353149450414,22.367316822807865,22.314881693893728,8759700.0,2022-08-10 23:15:00
22.044240674826145,22.303934211807707,22.278719885153656,8760600.0,2022-08-10 23:30:00
21.9359249752054,22.237210535915672,22.24179097369596,8761500.0,2022-08-10 23:45:00
21.831242051752238,22.169725441450264,22.204023058655533,8762400.0,2022-08-11 00:00:00
21.71117298918381,22.09772966474957,22.165210311846646,8763300.0,2022-08-11 00:15:00
21.5809257634862,22.019698588308735,22.124602366349286,8764200.0,2022-08-11 00:30:00
21.454048043102887,21.941083140776936,22.082254414153223,8765100.0,2022-08-11 00:45:00
21.338920645587656,21.85986077975722,22.037970925059643,8766000.0,2022-08-11 01:00:00
21.21063851350628,21.7776310165238,21.992149039093366,8766900.0,2022-08-11 01:15:00
21.066244522445235,21.69041002459915,21.944323844827508,8767800.0,2022-08-11 01:30:00
20.923390475867055,21.5996704315562,21.89459163503688,8768700.0,2022-08-11 01:45:00
20.799475731553628,21.511195907801696,21.84331395539572,8769600.0,2022-08-11 02:00:00
20.667959744590124,21.419804329460614,21.790499016091086,8770500.0,2022-08-11 02:15:00
20.554048051850128,21.33027421016724,21.73651475866776,8771400.0,2022-08-11 02:30:00
20.437675869236376,21.242093034790223,21.681834420317934,8772300.0,2022-08-11 02:45:00
20.32917651643684,21.155189957938894,21.62658972429364,8773200.0,2022-08-11 03:00:00
20.21197091715204,21.0705768121178,21.571126431043183,8774100.0,2022-08-11 03:15:00
20.120157911209688,20.986580404237554,21.515543110798177,8775000.0,2022-08-11 03:30:00
20.03564192880817,20.907465048349575,21.460213119295123,8775900.0,2022-08-11 03:45:00
19.959007242502068,20.83303376491756,21.405439281828833,8776800.0,2022-08-11 04:00:00
19.894501363236756,20.763093758909804,21.351606461971247,8777700.0,2022-08-11 04:15:00
19.85041370711188,20.69932095434429,21.299148212058785,8778600.0,2022-08-11 04:30:00
19.805973881284974,20.64003860096191,21.248380396190058,8779500.0,2022-08-11 04:45:00
19.78248079878661,20.588056159820564,21.199670592633392,8780400.0,2022-08-11 05:00:00
19.772402769509945,20.541187238755573,21.153205994295824,8781300.0,2022-08-11 05:15:00
19.765827149255205,20.50194949907385,21.109350374269994,8782200.0,2022-08-11 05:30:00
19.779306757442907,20.470488822880966,21.068364202251384,8783100.0,2022-08-11 05:45:00
19.819343904711634,20.44973107880947,21.030837987511934,8784000.0,2022-08-11 06:00:00
19.880193154525248,20.44056210670705,20.99743055805271,8784900.0,2022-08-11 06:15:00
19.96262768183053,20.4403028352382,20.968444799309616,8785800.0,2022-08-11 06:30:00
20.075330258661197,20.456051977029503,20.94446924781565,8786700.0,2022-08-11 06:45:00
20.209656828762927,20.484725639821235,20.926290871802674,8787600.0,2022-08-11 07:00:00
20.361374935722843,20.527268469930824,20.914335087647803,8788500.0,2022-08-11 07:15:00
20.536943084327422,20.583232721836048,20.908780330726326,8789400.0,2022-08-11 07:30:00
20.74202214921656,20.653538853483536,20.910009325885916,8790300.0,2022-08-11 07:45:00
20.966826120294357,20.739705503488988,20.918576074902873,8791200.0,2022-08-11 08:00:00
21.19286009748022,20.838520893752108,20.93466061569836,8792100.0,2022-08-11 08:15:00
21.43903320142848,20.952611170324914,20.9587157875452,8793000.0,2022-08-11 08:30:00
21.68955521367037,21.081876763730733,20.991195667151462,8793900.0,2022-08-11 08:45:00
21.917322181022893,21.21236014511906,21.03100765240461,8794800.0,2022-08-11 09:00:00
22.148874952006476,21.34728706458208,21.077327706588637,8795700.0,2022-08-11 09:15:00
22.38588172612224,21.486365844523394,21.129425635604623,8796600.0,2022-08-11 09:30:00
22.59999199977816,21.624830292777126,21.186347266593245,8797500.0,2022-08-11 09:45:00
22.80859387917724,21.76325215114529,21.247447482843334,8798400.0,2022-08-11 10:00:00
23.033781415767994,21.904950295905728,21.312387895179665,8799300.0,2022-08-11 10:15:00
23.238639389876884,22.04684928367397,21.38079756323397,8800200.0,2022-08-11 10:30:00
23.41769305055113,22.185762156245016,21.452098038364653,8801100.0,2022-08-11 10:45:00
23.58268774202657,22.32045320167133,21.525468875291757,8802000.0,2022-08-11 11:00:00
23.720974971018656,22.449171779619142,21.60005472672836,8802900.0,2022-08-11 11:15:00
23.87675719023041,22.57088732382507,21.6744442623284,8803800.0,2022-08-11 11:30:00
24.01102345530672,22.69040605214649,21.74884234553345,8804700.0,2022-08-11 11:45:00
24.14731682890477,22.802798148832025,21.822265333620404,8805600.0,2022-08-11 12:00:00
24.276913436619793,22.91273245662936,21.894884698981222,8806500.0,2022-08-11 12:15:00
24.39217646939092,23.016311241117293,21.966324256477407,8807400.0,2022-08-11 12:30:00
24.509982432879543,23.115914781325237,22.03629638320148,8808300.0,2022-08-11 12:45:00
24.595707845877826,23.208186994203597,22.1043959440467,8809200.0,2022-08-11 13:00:00
24.66455916643857,23.29354884145144,22.170530151670913,8810100.0,2022-08-11 13:15:00
24.74512033320521,23.374173256731805,22.23475435676595,8811000.0,2022-08-11 13:30:00
24.802143594335806,23.448957577378174,22.29701641155445,8811900.0,2022-08-11 13:45:00
24.84070838661277,23.516171670155227,22.356922905888855,8812800.0,2022-08-11 14:00:00
24.888429965402786,23.578698819557555,22.414531256949537,8813700.0,2022-08-11 14:15:00
24.936923036596024,23.636829011981742,22.46992108303164,8814600.0,2022-08-11 14:30:00
24.979868572332695,23.694810186479568,22.52408096022905,8815500.0,2022-08-11 14:45:00
25.017469298859936,23.74885692796945,22.576814361197112,8816400.0,2022-08-11 15:00:00
25.04028480650867,23.797570097114967,22.627718187933088,8817300.0,2022-08-11 15:15:00
25.054713701583157,23.840047752985928,22.676196187834307,8818200.0,2022-08-11 15:30:00
25.0752932417283,23.87809802369748,22.72202507333252,8819100.0,2022-08-11 15:45:00
25.089506655490307,23.915137687233475,22.765620416407824,8820000.0,2022-08-11 16:00:00
25.10203300881488,23.948856881877024,22.80719668320639,8820900.0,2022-08-11 16:15:00
25.13361481329571,23.981841984273554,22.84733555383054,8821800.0,2022-08-11 16:30:00
25.147584869976843,24.012333803868746,22.88598532556144,8822700.0,2022-08-11 16:45:00
25.14556397399212,24.038714066823857,22.92288996387497,8823600.0,2022-08-11 17:00:00
25.136409946195737,24.061642534039503,22.95839314573641,8824500.0,2022-08-11 17:15:00
25.094690328794883,24.073281729186164,22.991167779511745,8825400.0,2022-08-11 17:30:00
25.016082686884495,24.075630403649985,23.021020205465305,8826300.0,2022-08-11 17:45:00
24.901026441860367,24.064758213269148,23.046888906951324,8827200.0,2022-08-11 18:00:00
24.763855825519133,24.0332096267588,23.065814658560008,8828100.0,2022-08-11 18:15:00
24.59178857511935,23.987340130055557,23.077485510549064,8829000.0,2022-08-11 18:30:00
24.42002404183032,23.92766454570568,23.081900046018404,8829900.0,2022-08-11 18:45:00
24.250931176083583,23.857946447964867,23.079189674547084,8830800.0,2022-08-11 19:00:00
24.079005773983077,23.781235790359908,23.069877510535623,8831700.0,2022-08-11 19:15:00
23.898343148341425,23.696409975614344,23.05420773768969,8832600.0,2022-08-11 19:30:00
23.737143057008407,23.607526200879462,23.0331068936512,8833500.0,2022-08-11 19:45:00
23.591761932483568,23.51743929505793,23.007585653187448,8834400.0,2022-08-11 20:00:00
23.46113716061132,23.431030830244005,22.9790664405934,8835300.0,2022-08-11 20:15:00
23.342910576568833,23.347700611080622,22.94848604516896,8836200.0,2022-08-11 20:30:00
23.23755572139066,23.26608948298336,22.916345473046952,8837100.0,2022-08-11 20:45:00
23.141250251746214,23.19209079609068,22.883902978529548,8838000.0,2022-08-11 21:00:00
23.052214303176065,23.120653319549657,22.851351535517203,8838900.0,2022-08-11 21:15:00
22.951545582901957,23.050473408471788,22.818702988661983,8839800.0,2022-08-11 21:30:00
22.8541125450848,22.982262016000675,22.785978313507425,8840700.0,2022-08-11 21:45:00
22.770769524044375,22.915772314496955,22.75308422763071,8841600.0,2022-08-11 22:00:00
22.677891692974743,22.85060971543395,22.720020445381863,8842500.0,2022-08-11 22:15:00
22.58706069618946,22.78532168874045,22.68655813746024,8843400.0,2022-08-11 22:30:00
22.507344322443743,22.723296148781255,22.652968148299927,8844300.0,2022-08-11 22:45:00
22.41200613179128,22.65949342531943,22.61885776588513,8845200.0,2022-08-11 23:00:00
22.31153498458701,22.5942788323906,22.58392538182595,8846100.0,2022-08-11 23:15:00
22.20795915761339,22.527233821588975,22.547882557234264,8847000.0,2022-08-11 23:30:00
22.091950976859557,22.458273054693105,22.510645987546997,8847900.0,2022-08-11 23:45:00
21.981863220331753,22.38658650979809,22.472006848743234,8848800.0,2022-08-12 00:00:00
21.850702853097975,22.310512310277417,22.431662923647863,8849700.0,2022-08-12 00:15:00
21.714301940596293,22.228485073620647,22.389142338177084,8850600.0,2022-08-12 00:30:00
21.591993486575387,22.146702962977063,22.344808502938815,8851500.0,2022-08-12 00:45:00
21.461138201555244,22.061948979390326,22.29877848093513,8852400.0,2022-08-12 01:00:00
21.331275999930696,21.978026689829168,22.251227462378672,8853300.0,2022-08-12 01:15:00
21.18901968000998,21.8882966632714,22.201879926525155,8854200.0,2022-08-12 01:30:00
21.038345525958768,21.795560648606664,22.150631694472786,8855100.0,2022-08-12 01:45:00
20.889766948792158,21.701039101259887,22.097662088390997,8856000.0,2022-08-12 02:00:00
20.761109907192942,21.605740965179127,22.04280706638794,8856900.0,2022-08-12 02:15:00
20.62855780772753,21.51142248110181,21.98657750983324,8857800.0,2022-08-12 02:30:00
20.501690032647627,21.416175096067168,21.92914723864558,8858700.0,2022-08-12 02:45:00
20.383550667750136,21.323789216742806,21.87100805916752,8859600.0,2022-08-12 03:00:00
20.271452003174847,21.234497557985044,21.812524946568505,8860500.0,2022-08-12 03:15:00
20.148106768808148,21.144580635793087,21.75378416225142,8861400.0,2022-08-12 03:30:00
20.066913712636502,21.060807821982163,21.69513417553511,8862300.0,2022-08-12 03:45:00
19.98612857912967,20.980338813083897,21.63698429850181,8863200.0,2022-08-12 04:00:00
19.92811992413827,20.906609481184095,21.579924448623434,8864100.0,2022-08-12 04:15:00
19.887963224520437,20.84171671382093,21.52451539463037,8865000.0,2022-08-12 04:30:00
19.858053179801196,20.784028258155526,21.471238412428026,8865900.0,2022-08-12 04:45:00
19.83299775453652,20.729711175340615,21.42026769459119,8866800.0,2022-08-12 05:00:00
19.8180278279246,20.682956520544256,21.371843070806683,8867700.0,2022-08-12 05:15:00
19.820510931959873,20.642594761688304,21.32622312999887,8868600.0,2022-08-12 05:30:00
19.84035342592129,20.61403371773864,21.283734956956003,8869500.0,2022-08-12 05:45:00
19.879660551472263,20.59319286770932,21.244794269917016,8870400.0,2022-08-12 06:00:00
19.93295020934371,20.58069205190851,21.209583923911524,8871300.0,2022-08-12 06:15:00
20.002526416364216,20.5767157173373,21.178392819549728,8872200.0,2022-08-12 06:30:00
20.09406533822754,20.587090250408128,21.151851402283743,8873100.0,2022-08-12 06:45:00
20.220515514833163,20.609324499098015,21.130363447415988,8874000.0,2022-08-12 07:00:00
20.359052188360113,20.645401389989296,21.114496426152694,8874900.0,2022-08-12 07:15:00
20.524202896944814,20.692729420217987,21.104529352904372,8875800.0,2022-08-12 07:30:00
20.71521638821371,20.755780693695147,21.101069975585684,8876700.0,2022-08-12 07:45:00
20.9164796714606,20.831875765164593,21.104206812641873,8877600.0,2022-08-12 08:00:00
21.140040836356807,20.919601311816145,21.11437171670812,8878500.0,2022-08-12 08:15:00
21.36713740874855,21.024229198414243,21.132086741041032,8879400.0,2022-08-12 08:30:00
21.617620365478768,21.14444424497692,21.158005216238774,8880300.0,2022-08-12 08:45:00
21.88965571102091,21.27571350139375,21.191991886278448,8881200.0,2022-08-12 09:00:00
22.10730414145083,21.407615478576048,21.23302671630976,8882100.0,2022-08-12 09:15:00
22.32958118729004,21.538330132224512,21.27956018096538,8883000.0,2022-08-12 09:30:00
22.588253779476563,21.67846115204578,21.33179441442213,8883900.0,2022-08-12 09:45:00
22.80985377116628,21.81959664749344,21.389070551075164,8884800.0,2022-08-12 10:00:00
23.032457732821182,21.96222133987913,21.45071334099841,8885700.0,2022-08-12 10:15:00
23.25388019830932,22.105060521006788,21.51619323609347,8886600.0,2022-08-12 10:30:00
23.44090281808209,22.24515342766317,21.584596553073663,8887500.0,2022-08-12 10:45:00
23.609769604652985,22.379714532267897,21.65484070298974,8888400.0,2022-08-12 11:00:00
23.81529517195711,22.515017346730676,21.726751326935556,8889300.0,2022-08-12 11:15:00
23.981791167398963,22.646048082053568,21.799755936333632,8890200.0,2022-08-12 11:30:00
24.136170683001815,22.775063742855348,21.873788694112825,8891100.0,2022-08-12 11:45:00
24.25876101132258,22.89483849188061,21.947687137338992,8892000.0,2022-08-12 12:00:00
24.382874768796263,23.00895087081692,22.02108836001487,8892900.0,2022-08-12 12:15:00
24.499372510049277,23.11743675216916,22.093601855900488,8893800.0,2022-08-12 12:30:00
24.62385730698095,23.22222905854688,22.165050649398655,8894700.0,2022-08-12 12:45:00
24.7050404271076,23.31849653615956,22.234885468852887,8895600.0,2022-08-12 13:00:00
24.775049878831695,23.4041825621852,22.302114452330887,8896500.0,2022-08-12 13:15:00
24.838617704062145,23.482037067027136,22.366318997917904,8897400.0,2022-08-12 13:30:00
24.904890272664705,23.558389250883945,22.428851891303324,8898300.0,2022-08-12 13:45:00
24.984845159548417,23.628892009172716,22.489170398029977,8899200.0,2022-08-12 14:00:00
25.049933461846877,23.70056849832656,22.548688557352865,8900100.0,2022-08-12 14:15:00
25.128330870304183,23.7734892657181,22.608168126990215,8901000.0,2022-08-12 14:30:00
25.234987214768807,23.847542679870323,22.667699486920284,8901900.0,2022-08-12 14:45:00
25.311052097687757,23.921685717586776,22.72741266288253,8902800.0,2022-08-12 15:00:00
25.382029468170856,23.994438320734066,22.787304903253215,8903700.0,2022-08-12 15:15:00
25.46517678522557,24.06461624326734,22.84670974908494,8904600.0,2022-08-12 15:30:00
25.495144767894608,24.12802449793415,22.90464348570234,8905500.0,2022-08-12 15:45:00
25.512877209429288,24.18280060653304,22.959986987717624,8906400.0,2022-08-12 16:00:00
25.512216458405256,24.227472710354533,23.011951828102696,8907300.0,2022-08-12 16:15:00
25.49981555423403,24.265179162331787,23.06075320646192,8908200.0,2022-08-12 16:30:00
25.505546583545364,24.298587044127064,23.106565932385312,8909100.0,2022-08-12 16:45:00
25.51801065052593,24.32929424465697,23.149660210093195,8910000.0,2022-08-12 17:00:00
25.52016164320912,24.356792979173267,23.19028879985199,8910900.0,2022-08-12 17:15:00
25.480049281706343,24.376214788950385,23.228171194389176,8911800.0,2022-08-12 17:30:00
25.403090902149746,24.38175813927544,23.261825673909392,8912700.0,2022-08-12 17:45:00
25.28332565071964,24.370486842894007,23.28998390505437,8913600.0,2022-08-12 18:00:00
25.161316593116787,24.34685853020754,23.312425800026407,8914500.0,2022-08-12 18:15:00
25.0232198964764,24.31165167285903,23.32907220579993,8915400.0,2022-08-12 18:30:00
24.862093394069326,24.259071263569044,23.33834469370389,8916300.0,2022-08-12 18:45:00
24.693010949411885,24.198477791800496,23.341096378086995,8917200.0,2022-08-12 19:00:00
24.503344718137377,24.123735655668053,23.336894428353578,8918100.0,2022-08-12 19:15:00
24.316458569580835,24.03948594425096,23.32578701584687,8919000.0,2022-08-12 19:30:00
24.13209329511325,23.949609550122975,23.30859744326112,8919900.0,2022-08-12 19:45:00
23.948884753366208,23.853107857739477,23.285713176617445,8920800.0,2022-08-12 20:00:00
23.758959629474713,23.75348423442812,23.258258681899196,8921700.0,2022-08-12 20:15:00
23.573146912761928,23.64818319079696,23.226252648237143,8922600.0,2022-08-12 20:30:00
23.42777729796356,23.54708374164023,23.19095362289784,8923500.0,2022-08-12 20:45:00
23.291338217545277,23.45186140724983,23.153729007689194,8924400.0,2022-08-12 21:00:00
23.143655087877868,23.35162732352303,23.113961793028786,8925300.0,2022-08-12 21:15:00
23.03443178569546,23.262215053988047,23.07331855216911,8926200.0,2022-08-12 21:30:00
22.939250881308663,23.177957030759064,23.032371229704022,8927100.0,2022-08-12 21:45:00
22.842147487345176,23.099291742904065,22.99176974898833,8928000.0,2022-08-12 22:00:00
22.74498266463362,23.022788139531805,22.951536390935345,8928900.0,2022-08-12 22:15:00
22.63943640446415,22.944222016405558,22.91083769561847,8929800.0,2022-08-12 22:30:00
22.54342765580685,22.871066862217063,22.87028423353916,8930700.0,2022-08-12 22:45:00
22.45187556287166,22.802883562093623,22.830315780267295,8931600.0,2022-08-12 23:00:00
22.35672825206571,22.730916106303667,22.79009628635823,8932500.0,2022-08-12 23:15:00
22.252627250930043,22.66063245514655,22.749647612291845,8933400.0,2022-08-12 23:30:00
22.161613505508573,22.5897500673894,22.70866944384469,8934300.0,2022-08-12 23:45:00
22.055735162952455,22.518777574625577,22.6671436076839,8935200.0,2022-08-13 00:00:00
21.937648885931917,22.445973505579893,22.624915894307463,8936100.0,2022-08-13 00:15:00
21.844484446263483,22.370962975408634,22.581564114650224,8937000.0,2022-08-13 00:30:00
21.733930570846848,22.296936327702586,22.537420735340834,8937900.0,2022-08-13 00:45:00
21.63928054081067,22.224494524436505,22.492615708655315,8938800.0,2022-08-13 01:00:00
21.52654685993351,22.149206900911476,22.44705025508677,8939700.0,2022-08-13 01:15:00
21.44378435455088,22.075782479121543,22.400889080830257,8940600.0,2022-08-13 01:30:00
21.33544957010663,22.001827051764433,22.35426690919701,8941500.0,2022-08-13 01:45:00
21.233484471874554,21.93035719548593,22.307394543111208,8942400.0,2022-08-13 02:00:00
21.115789901149306,21.853507655038687,22.259745533251223,8943300.0,2022-08-13 02:15:00
21.004433754225985,21.775324012833767,22.211058095999448,8944200.0,2022-08-13 02:30:00
20.896159180306583,21.69760954750227,22.16142118286824,8945100.0,2022-08-13 02:45:00
20.775111364639155,21.615725187542758,22.110646977504302,8946000.0,2022-08-13 03:00:00
20.675144823717257,21.536830275123783,22.059129099333376,8946900.0,2022-08-13 03:15:00
20.577968229838977,21.45947063697911,22.007051019527225,8947800.0,2022-08-13 03:30:00
20.507777885736655,21.38323427150902,21.954727294452567,8948700.0,2022-08-13 03:45:00
20.441506420933255,21.31581193915354,21.903043297439908,8949600.0,2022-08-13 04:00:00
20.38129220294996,21.250767127608945,21.852240460444094,8950500.0,2022-08-13 04:15:00
20.337115086633467,21.19205040438965,21.802773743873598,8951400.0,2022-08-13 04:30:00
20.2966942607794,21.13793370252379,21.754653280592933,8952300.0,2022-08-13 04:45:00
20.270502234955284,21.087075768969125,21.708155740882766,8953200.0,2022-08-13 05:00:00
20.253458911801783,21.04130254575131,21.663542711258277,8954100.0,2022-08-13 05:15:00
20.247388199742872,21.00275835485613,21.62121818039003,8955000.0,2022-08-13 05:30:00
20.25074253575603,20.972704403497456,21.581482352680435,8955900.0,2022-08-13 05:45:00
20.284710857113524,20.950624072539945,21.54473413463586,8956800.0,2022-08-13 06:00:00
20.32772274331294,20.93559917364447,21.51114129519272,8957700.0,2022-08-13 06:15:00
20.396871640209834,20.93117238359459,21.48142647476154,8958600.0,2022-08-13 06:30:00
20.49483247628004,20.939719172859967,21.45600302018665,8959500.0,2022-08-13 06:45:00
20.602104916786114,20.958879306893696,21.435329203843125,8960400.0,2022-08-13 07:00:00
20.72751973608252,20.989065722254317,21.419869811104903,8961300.0,2022-08-13 07:15:00
20.87794847174832,21.03272761950192,21.41011251993241,8962200.0,2022-08-13 07:30:00
21.05072509524268,21.089013806349605,21.40629468488931,8963100.0,2022-08-13 07:45:00
21.239847263859453,21.158194631134155,21.408758473593224,8964000.0,2022-08-13 08:00:00
21.44014545203301,21.237851696196227,21.417698939646,8964900.0,2022-08-13 08:15:00
21.65619521455654,21.33312463241846,21.433602738021484,8965800.0,2022-08-13 08:30:00
21.880903340515022,21.44422734904041,21.457000713692164,8966700.0,2022-08-13 08:45:00
22.117639655962208,21.56128958654424,21.487576890034415,8967600.0,2022-08-13 09:00:00
22.336455163040213,21.684184217900896,21.524791520110657,8968500.0,2022-08-13 09:15:00
22.533230307948703,21.80811641172136,21.56768602187629,8969400.0,2022-08-13 09:30:00
22.68433347518597,21.922634785220943,21.61400263302325,8970300.0,2022-08-13 09:45:00
22.920208893263094,22.04218514549193,21.663489589411807,8971200.0,2022-08-13 10:00:00
23.083396871413957,22.16493183309532,21.716493020099936,8972100.0,2022-08-13 10:15:00
23.267512342720583,22.285495223253474,21.772245908397963,8973000.0,2022-08-13 10:30:00
23.465081205274835,22.408526939616237,21.830759915994875,8973900.0,2022-08-13 10:45:00
23.67121303419995,22.53381694085044,21.891816993083033,8974800.0,2022-08-13 11:00:00
23.8519453427984,22.660329292396693,21.955279076725137,8975700.0,2022-08-13 11:15:00
23.997915844115415,22.779574219173885,22.02003702251278,8976600.0,2022-08-13 11:30:00
24.141627987279342,22.897291534988486,22.08596351398824,8977500.0,2022-08-13 11:45:00
24.3059360476176,23.015341105797628,22.153043246240284,8978400.0,2022-08-13 12:00:00
24.45394855892789,23.12975543821537,22.220784187394553,8979300.0,2022-08-13 12:15:00
24.555251879560807,23.236988129278707,22.28865731277897,8980200.0,2022-08-13 12:30:00
24.655197267281174,23.33718690059704,22.355796766037457,8981100.0,2022-08-13 12:45:00
24.73173584040715,23.43062348052246,22.421872780392164,8982000.0,2022-08-13 13:00:00
24.810521357194176,23.512684069115064,22.485368795685066,8982900.0,2022-08-13 13:15:00
24.875131185119937,23.587523735848887,22.54593229688566,8983800.0,2022-08-13 13:30:00
24.931159235447296,23.662078653419623,22.604975159256277,8984700.0,2022-08-13 13:45:00
24.99737594424681,23.72963668477149,22.661971421162903,8985600.0,2022-08-13 14:00:00
25.06379211536016,23.796848879293677,22.717574307700147,8986500.0,2022-08-13 14:15:00
25.136364734943474,23.864173876153306,22.772602313010573,8987400.0,2022-08-13 14:30:00
25.204441930397937,23.929169507604527,22.826788825640428,8988300.0,2022-08-13 14:45:00
25.250032312040336,23.98943560449513,22.8798237441514,8989200.0,2022-08-13 15:00:00
25.326839980049552,24.053558674213967,22.932822171481902,8990100.0,2022-08-13 15:15:00
25.39059812160905,24.116240550997706,22.985492591901355,8991000.0,2022-08-13 15:30:00
25.435547062485373,24.169194744707845,23.036239909498548,8991900.0,2022-08-13 15:45:00
25.470267060437298,24.222460371586255,23.08603650213949,8992800.0,2022-08-13 16:00:00
25.49547346882119,24.269940732707727,23.134407614641564,8993700.0,2022-08-13 16:15:00
25.523503198820887,24.3141559532767,23.181331602745704,8994600.0,2022-08-13 16:30:00
25.52239805437796,24.35299653787295,23.2266709355308,8995500.0,2022-08-13 16:45:00
25.477348571671815,24.37938933382855,23.26902613064841,8996400.0,2022-08-13 17:00:00
25.435750765075618,24.394000405710607,23.307030975189736,8997300.0,2022-08-13 17:15:00
25.36677904756204,24.399833319607524,23.340761465315893,8998200.0,2022-08-13 17:30:00
25.280293601174414,24.393860045455742,23.369645239935927,8999100.0,2022-08-13 17:45:00
25.18308723115953,24.376499520896257,23.39313166459153,9000000.0,2022-08-13 18:00:00
25.06974222023196,24.34915284682051,23.411145066755846,9000900.0,2022-08-13 18:15:00
24.93704568953499,24.31046593630771,23.423268396010354,9001800.0,2022-08-13 18:30:00
24.78930206815512,24.260583420307867,23.42930992317037,9002700.0,2022-08-13 18:45:00
24.63843151296884,24.20210995172796,23.42968431968788,9003600.0,2022-08-13 19:00:00
24.475183755210452,24.134495092940487,23.42430911868788,9004500.0,2022-08-13 19:15:00
24.31999189062472,24.058228634632727,23.412954959816773,9005400.0,2022-08-13 19:30:00
24.15391241070437,23.97726063597436,23.39637845707562,9006300.0,2022-08-13 19:45:00
24.017554352099157,23.89794319874448,23.376131142353,9007200.0,2022-08-13 20:00:00
23.88532292209092,23.815387007217232,23.352378500949904,9008100.0,2022-08-13 20:15:00
23.766406595386083,23.735550455555327,23.326003738196775,9009000.0,2022-08-13 20:30:00
23.65058815932441,23.659775926392097,23.298086529303028,9009900.0,2022-08-13 20:45:00
23.55060767001496,23.586065866853403,23.26905377302528,9010800.0,2022-08-13 21:00:00
23.45318137151383,23.51335458871417,23.23892422521132,9011700.0,2022-08-13 21:15:00
23.358445972794826,23.444646121083395,23.208326655545257,9012600.0,2022-08-13 21:30:00
23.267270279776493,23.37731540544756,23.17718685133901,9013500.0,2022-08-13 21:45:00
23.170566213796448,23.311986360298935,23.145779230545184,9014400.0,2022-08-13 22:00:00
23.075067125732215,23.246156648633512,23.11389952390091,9015300.0,2022-08-13 22:15:00
22.995466120955637,23.185855646218048,23.082101660109974,9016200.0,2022-08-13 22:30:00
22.92275075454336,23.124291049880046,23.050017490670445,9017100.0,2022-08-13 22:45:00
22.859062149425768,23.06649833195432,23.017842966177525,9018000.0,2022-08-13 23:00:00
22.796712955430127,23.01435694255921,22.98617298772933,9018900.0,2022-08-13 23:15:00
22.727763230466113,22.961395412346345,22.95469169517061,9019800.0,2022-08-13 23:30:00
22.65852766453056,22.90825860843328,22.923159335647828,9020700.0,2022-08-13 23:45:00
22.5852266915356,22.85632902434388,22.89154743879084,9021600.0,2022-08-14 00:00:00
22.515961482491008,22.804544995319965,22.86001511313627,9022500.0,2022-08-14 00:15:00
22.448638216187327,22.75303996296412,22.82826300931057,9023400.0,2022-08-14 00:30:00
22.38251169693181,22.70273772622843,22.7964593494428,9024300.0,2022-08-14 00:45:00
22.316393810066582,22.65264008784135,22.764492710299173,9025200.0,2022-08-14 01:00:00
22.251825257100037,22.601786627374143,22.732231267283503,9026100.0,2022-08-14 01:15:00
22.197217265208376,22.55257045367288,22.699715882895436,9027000.0,2022-08-14 01:30:00
22.144313926808174,22.505707059762265,22.667168511637904,9027900.0,2022-08-14 01:45:00
22.085834776874325,22.461334808845752,22.63494118618684,9028800.0,2022-08-14 02:00:00
22.031908231325225,22.41632577913025,22.60291300637692,9029700.0,2022-08-14 02:15:00
21.96776500074552,22.3707358637498,22.570968789026065,9030600.0,2022-08-14 02:30:00
21.9129076140952,22.326266842384815,22.53909306679867,9031500.0,2022-08-14 02:45:00
21.852729020327025,22.279639859622776,22.50707660272604,9032400.0,2022-08-14 03:00:00
21.787198742136088,22.23231384578688,22.474691954610783,9033300.0,2022-08-14 03:15:00
21.710089545836855,22.18000153187944,22.441312766798458,9034200.0,2022-08-14 03:30:00
21.648329800614615,22.131560113904065,22.40765883133797,9035100.0,2022-08-14 03:45:00
21.610911633084907,22.086538154104343,22.374101120079317,9036000.0,2022-08-14 04:00:00
21.566293438473945,22.0439558404328,22.34092540148292,9036900.0,2022-08-14 04:15:00
21.518532762187807,22.001000903331015,22.308071862632225,9037800.0,2022-08-14 04:30:00
21.476302565873567,21.960422315465586,22.275632566469277,9038700.0,2022-08-14 04:45:00
21.447615107939136,21.922668556385343,22.243714147900505,9039600.0,2022-08-14 05:00:00
21.425176045627342,21.888206881216927,22.212650414043026,9040500.0,2022-08-14 05:15:00
21.413201297686705,21.85830694187317,22.182733122024917,9041400.0,2022-08-14 05:30:00
21.400222803436318,21.831384757249264,22.154174440680336,9042300.0,2022-08-14 05:45:00
21.39123357030946,21.80453558819332,22.12658297761972,9043200.0,2022-08-14 06:00:00
21.3737108371122,21.781400191366757,22.10025435324332,9044100.0,2022-08-14 06:15:00
21.36454955489808,21.76058354202992,22.0751496982124,9045000.0,2022-08-14 06:30:00
21.351536616313474,21.74131365372104,22.051224280631867,9045900.0,2022-08-14 06:45:00
21.33885999508496,21.721202498433072,22.028042758789606,9046800.0,2022-08-14 07:00:00
21.328889978324455,21.701508240378143,22.005485814309424,9047700.0,2022-08-14 07:15:00
21.319574001418093,21.684532653497097,21.983616465982934,9048600.0,2022-08-14 07:30:00
21.309111720122367,21.667259999958542,21.962525757246617,9049500.0,2022-08-14 07:45:00
21.290059054853053,21.650307350229312,21.942061758183325,9050400.0,2022-08-14 08:00:00
21.27894015262415,21.63235631517493,21.921922444621675,9051300.0,2022-08-14 08:15:00
21.269197292794097,21.614906779389344,21.902035814868615,9052200.0,2022-08-14 08:30:00
21.257922740360726,21.598201109529292,21.882520687965908,9053100.0,2022-08-14 08:45:00
21.26086475063292,21.584237055434947,21.863713648920967,9054000.0,2022-08-14 09:00:00
21.269201413338248,21.57348437852884,21.845796376589767,9054900.0,2022-08-14 09:15:00
21.279037360581885,21.5657848584374,21.829200040075317,9055800.0,2022-08-14 09:30:00
21.28276531634532,21.55869435217274,21.81357263982001,9056700.0,2022-08-14 09:45:00
21.284335558268385,21.55132464308941,21.798741526919656,9057600.0,2022-08-14 10:00:00
21.294821022527927,21.545996734685023,21.784745553354146,9058500.0,2022-08-14 10:15:00
21.31190737230069,21.54243935291309,21.77159886392433,9059400.0,2022-08-14 10:30:00
21.331336141184853,21.54111388208783,21.75955216454734,9060300.0,2022-08-14 10:45:00
21.359940354172927,21.542903282675976,21.748699067336364,9061200.0,2022-08-14 11:00:00
21.393776410299235,21.548452087876417,21.739472018597944,9062100.0,2022-08-14 11:15:00
21.421046177571192,21.555976789544403,21.731611943536898,9063000.0,2022-08-14 11:30:00
21.446918874895143,21.563436158519135,21.7250771635454,9063900.0,2022-08-14 11:45:00
21.466817257993277,21.571726684744103,21.71965749628734,9064800.0,2022-08-14 12:00:00
21.482689450254004,21.579169228284226,21.715052646773543,9065700.0,2022-08-14 12:15:00
21.50354593322562,21.58656942274464,21.711115090088168,9066600.0,2022-08-14 12:30:00
21.520557585650728,21.595177353332577,21.707840413667377,9067500.0,2022-08-14 12:45:00
21.536173964593527,21.602669728404067,21.70494477624727,9068400.0,2022-08-14 13:00:00
21.54542940246077,21.60859392804395,21.70220751895728,9069300.0,2022-08-14 13:15:00
21.55176361579512,21.61376271184076,21.699771339209324,9070200.0,2022-08-14 13:30:00
21.559297306507972,21.61695366738988,21.697135267228745,9071100.0,2022-08-14 13:45:00
21.562971529423592,21.621179138565648,21.694713772756465,9072000.0,2022-08-14 14:00:00
21.557975771073103,21.62234851305372,21.692066724438035,9072900.0,2022-08-14 14:15:00
21.547126194243123,21.620982208085135,21.688937472641623,9073800.0,2022-08-14 14:30:00
21.517168327747918,21.615098738846328,21.685004310800785,9074700.0,2022-08-14 14:45:00
21.52008540031007,21.60827538634178,21.68012765903289,9075600.0,2022-08-14 15:00:00
21.525148729673575,21.604077880168543,21.674966540327976,9076500.0,2022-08-14 15:15:00
21.520618812734572,21.603333316513368,21.670212247016124,9077400.0,2022-08-14 15:30:00
21.51725041424493,21.599378297800467,21.66538120333866,9078300.0,2022-08-14 15:45:00
21.50713098604364,21.59467667864564,21.660406613072716,9079200.0,2022-08-14 16:00:00
21.49191001244897,21.587407713035287,21.65502898486575,9080100.0,2022-08-14 16:15:00
21.474746550637928,21.579198473017964,21.649201744928472,9081000.0,2022-08-14 16:30:00
21.45362238452152,21.568612928547967,21.642737250996863,9081900.0,2022-08-14 16:45:00
21.43593282523903,21.557813034509373,21.635724395847724,9082800.0,2022-08-14 17:00:00
21.418520547281812,21.547413148997737,21.62835588153061,9083700.0,2022-08-14 17:15:00
21.39986001708437,21.535195338095694,21.62051286053027,9084600.0,2022-08-14 17:30:00
21.37766300203103,21.522002092076143,21.612176781119796,9085500.0,2022-08-14 17:45:00
21.35446047938887,21.508424633445912,21.603422735434748,9086400.0,2022-08-14 18:00:00
21.327709192651184,21.490388892310992,21.593807223965133,9087300.0,2022-08-14 18:15:00
21.303600196326062,21.475503979570853,21.58386669782993,9088200.0,2022-08-14 18:30:00
21.27985045184992,21.458906433015706,21.573545782245233,9089100.0,2022-08-14 18:45:00
21.251030472103075,21.441889552040095,21.562793128263145,9090000.0,2022-08-14 19:00:00
21.220927152834676,21.42375225768213,21.55163829583141,9090900.0,2022-08-14 19:15:00
21.193331703464832,21.405079235301216,21.53994211715208,9091800.0,2022-08-14 19:30:00
21.163791774943046,21.38455693004589,21.52763189485918,9092700.0,2022-08-14 19:45:00
21.13161300599985,21.363316946249665,21.51469112502876,9093600.0,2022-08-14 20:00:00
21.098545702162554,21.342114089104456,21.501168068437977,9094500.0,2022-08-14 20:15:00
21.060611335089117,21.318431758077185,21.487077278175235,9095400.0,2022-08-14 20:30:00
21.01865540222844,21.29205594780996,21.47228901813141,9096300.0,2022-08-14 20:45:00
20.985938684165408,21.268343519513714,21.45706869439489,9097200.0,2022-08-14 21:00:00
20.968603096575954,21.24712016392069,21.44176295291127,9098100.0,2022-08-14 21:15:00
20.936763910389267,21.22403096663172,21.426248443169257,9099000.0,2022-08-14 21:30:00
20.899152061211407,21.200248889644527,21.410315879936675,9099900.0,2022-08-14 21:45:00
20.859182998106345,21.17458395979742,21.393959580372705,9100800.0,2022-08-14 22:00:00
20.81320547174081,21.148773379355745,21.37720897627928,9101700.0,2022-08-14 22:15:00
20.757703564654285,21.11986641076406,21.35969703130932,9102600.0,2022-08-14 22:30:00
20.71175249027312,21.088149423252,21.341248770451735,9103500.0,2022-08-14 22:45:00
20.67253431324768,21.05654325735172,21.32187980556188,9104400.0,2022-08-14 23:00:00
20.635854913611208,21.027031663076283,21.30199579507065,9105300.0,2022-08-14 23:15:00
20.596895536809846,20.994972136628327,21.281524356067376,9106200.0,2022-08-14 23:30:00
20.54269809175336,20.9634424678908,21.26067472382567,9107100.0,2022-08-14 23:45:00
20.504256898677124,20.932549452514127,21.2395136400044,9108000.0,2022-08-15 00:00:00
20.45734216675786,20.899270956471497,21.217760561587088,9108900.0,2022-08-15 00:15:00
20.395170874080495,20.86371500453445,21.195344680661822,9109800.0,2022-08-15 00:30:00
20.332975751043957,20.826384620331787,21.17212183754388,9110700.0,2022-08-15 00:45:00
20.28476654072168,20.78942929522084,21.148219662601324,9111600.0,2022-08-15 01:00:00
20.239583671856945,20.751567072015416,21.123628512874085,9112500.0,2022-08-15 01:15:00
20.187899425971757,20.71418241963567,21.09854726464116,9113400.0,2022-08-15 01:30:00
20.147214415186536,20.67732603583507,21.07299976354622,9114300.0,2022-08-15 01:45:00
20.103096916952406,20.642353465047783,21.047338181960523,9115200.0,2022-08-15 02:00:00
20.06553927093177,20.607170238139805,21.02148132212013,9116100.0,2022-08-15 02:15:00
20.025892461429905,20.572824302371323,20.995706080283433,9117000.0,2022-08-15 02:30:00
19.98549061112045,20.53966840888796,20.970109979813568,9117900.0,2022-08-15 02:45:00
19.944671827491877,20.50525751976497,20.944649247148316,9118800.0,2022-08-15 03:00:00
19.900823730230016,20.47240442418384,20.91924732699285,9119700.0,2022-08-15 03:15:00
19.861716747375535,20.43884909113295,20.89377495251308,9120600.0,2022-08-15 03:30:00
19.8292299183617,20.40682209074273,20.86826715408368,9121500.0,2022-08-15 03:45:00
19.80273570900174,20.377739549930617,20.842896495567725,9122400.0,2022-08-15 04:00:00
19.78475868530476,20.34806635941828,20.817760292955885,9123300.0,2022-08-15 04:15:00
19.766447260485307,20.322773451635086,20.79327287374807,9124200.0,2022-08-15 04:30:00
19.744283028059098,20.29731512830431,20.769328500752067,9125100.0,2022-08-15 04:45:00
19.72851187544736,20.27446109400364,20.74610264270945,9126000.0,2022-08-15 05:00:00
19.72112838917097,20.254422718938304,20.723854433090494,9126900.0,2022-08-15 05:15:00
19.732455584501945,20.236793160971608,20.70265373798576,9127800.0,2022-08-15 05:30:00
19.745172763916575,20.22268145523987,20.682618522881928,9128700.0,2022-08-15 05:45:00
19.74430374495733,20.214379982017487,20.664219301547575,9129600.0,2022-08-15 06:00:00
19.73863796335231,20.20517342612941,20.64704773629853,9130500.0,2022-08-15 06:15:00
19.725704308693153,20.19138441266378,20.63033841249948,9131400.0,2022-08-15 06:30:00
19.727243721811742,20.180890241781523,20.614201373222848,9132300.0,2022-08-15 06:45:00
19.75301565596172,20.173420345925553,20.59889880227448,9133200.0,2022-08-15 07:00:00
19.797792373029505,20.174189784578747,20.584950909780712,9134100.0,2022-08-15 07:15:00
19.849063911528077,20.180217345337837,20.573024619770685,9135000.0,2022-08-15 07:30:00
19.90990410980312,20.195380985958305,20.563688089360955,9135900.0,2022-08-15 07:45:00
19.98741981952531,20.21403777043216,20.55702431896702,9136800.0,2022-08-15 08:00:00
20.051853396077338,20.238084275053705,20.5531812686302,9137700.0,2022-08-15 08:15:00
20.12893843347776,20.2661995593228,20.552150004567725,9138600.0,2022-08-15 08:30:00
20.20254731585818,20.29774130714516,20.553731163225727,9139500.0,2022-08-15 08:45:00
20.300835397933707,20.334495971759136,20.558064741156063,9140400.0,2022-08-15 09:00:00
20.389032211347008,20.37759045364469,20.565418814406016,9141300.0,2022-08-15 09:15:00
20.502376097051048,20.426470362622965,20.575834475015775,9142200.0,2022-08-15 09:30:00
20.615688022098013,20.480785702570856,20.58936845100532,9143100.0,2022-08-15 09:45:00
20.72119750636605,20.53736683942983,20.60584538801732,9144000.0,2022-08-15 10:00:00
20.8296346843191,20.598633616966485,20.625377143170734,9144900.0,2022-08-15 10:15:00
20.97009834603648,20.662763056817365,20.64787110549257,9145800.0,2022-08-15 10:30:00
21.057694258758364,20.728010296640328,20.672889391158986,9146700.0,2022-08-15 10:45:00
21.137904055833456,20.790774919248133,20.69971699734433,9147600.0,2022-08-15 11:00:00
21.1970412003282,20.849242501088444,20.727673315046623,9148500.0,2022-08-15 11:15:00
21.23538172871479,20.89836151147164,20.75548431016764,9149400.0,2022-08-15 11:30:00
21.26711481371713,20.93778400699197,20.78165921528629,9150300.0,2022-08-15 11:45:00
21.304651806532117,20.97767709174108,20.806817475366238,9151200.0,2022-08-15 12:00:00
21.326824478853467,21.012988039653184,20.830748514599478,9152100.0,2022-08-15 12:15:00
21.335393165826567,21.04224694194269,20.85323235026312,9153000.0,2022-08-15 12:30:00
21.334873502892997,21.065691476542764,20.874025559778044,9153900.0,2022-08-15 12:45:00
21.341644913073992,21.08248927665804,20.89247069896181,9154800.0,2022-08-15 13:00:00
21.36148597652588,21.103493449311344,20.90981879863181,9155700.0,2022-08-15 13:15:00
21.3798714041273,21.120284999058835,20.92607781448284,9156600.0,2022-08-15 13:30:00
21.427410785513324,21.142734610215708,20.94208127455272,9157500.0,2022-08-15 13:45:00
21.4719239430444,21.16704634313273,20.95816838929231,9158400.0,2022-08-15 14:00:00
21.519593185933264,21.1950267718068,20.974960343289094,9159300.0,2022-08-15 14:15:00
21.56506326588248,21.225691243575003,20.992802489423838,9160200.0,2022-08-15 14:30:00
21.608139504310447,21.254943883928167,21.011168541631207,9161100.0,2022-08-15 14:45:00
21.661804149363416,21.28550666233188,21.03012200423104,9162000.0,2022-08-15 15:00:00
21.722116673013584,21.321335819084076,21.050226609273157,9162900.0,2022-08-15 15:15:00
21.771785112827807,21.356457606290864,21.071066348935275,9163800.0,2022-08-15 15:30:00
21.79202680226197,21.38890646730096,21.092351311541236,9164700.0,2022-08-15 15:45:00
21.816357626254877,21.417834956121517,21.11360431380557,9165600.0,2022-08-15 16:00:00
21.811843965707137,21.4388432963289,21.13358017024774,9166500.0,2022-08-15 16:15:00
21.797113815905444,21.455181103094056,21.152057145781647,9167400.0,2022-08-15 16:30:00
21.775254863220265,21.466819835128295,21.168881688396443,9168300.0,2022-08-15 16:45:00
21.749012672454715,21.469583104845984,21.1831427922091,9169200.0,2022-08-15 17:00:00
21.71625675829239,21.4711443387107,21.19534579300134,9170100.0,2022-08-15 17:15:00
21.682482962634857,21.468547859691917,21.205529164755276,9171000.0,2022-08-15 17:30:00
21.649502419113407,21.459860642178324,21.21317792771152,9171900.0,2022-08-15 17:45:00
21.62084578031656,21.448212059534168,21.218354806350995,9172800.0,2022-08-15 18:00:00
21.597177396210693,21.441185065262548,21.2225357294408,9173700.0,2022-08-15 18:15:00
21.576733667298633,21.433594211809854,21.22591903022179,9174600.0,2022-08-15 18:30:00
21.552392307620625,21.422734988697343,21.22808425440016,9175500.0,2022-08-15 18:45:00
21.521959000214878,21.410858885650494,21.229144590606243,9176400.0,2022-08-15 19:00:00
21.487713700771245,21.398009729532173,21.229307192141103,9177300.0,2022-08-15 19:15:00
21.451018618316017,21.382101209145716,21.22830926808488,9178200.0,2022-08-15 19:30:00
21.403458009475315,21.36285773931722,21.225874636803905,9179100.0,2022-08-15 19:45:00
21.35377639943931,21.342549232553505,21.222128185826516,9180000.0,2022-08-15 20:00:00
21.297947216259825,21.31758465243196,21.216756055684883,9180900.0,2022-08-15 20:15:00
21.234679390803453,21.289270432958592,21.209523004306327,9181800.0,2022-08-15 20:30:00
21.16740009666592,21.258338329265104,21.20059176461529,9182700.0,2022-08-15 20:45:00
21.098340484626863,21.2227055316456,21.189690875094627,9183600.0,2022-08-15 21:00:00
21.02496366267375,21.18523543017639,21.17685907841566,9184500.0,2022-08-15 21:15:00
20.951064313106283,21.145177989035968,21.16210435868458,9185400.0,2022-08-15 21:30:00
20.88460492095101,21.10247757486812,21.1455697351238,9186300.0,2022-08-15 21:45:00
20.81518031473592,21.063084280535048,21.128029405173,9187200.0,2022-08-15 22:00:00
20.745094872592663,21.01814505108877,21.108873974058085,9188100.0,2022-08-15 22:15:00
20.685462538195477,20.975572800573534,21.08872694146576,9189000.0,2022-08-15 22:30:00
20.62169807572428,20.932265141087804,21.06767768214512,9189900.0,2022-08-15 22:45:00
20.56012237128576,20.891432750204277,21.046052723896643,9190800.0,2022-08-15 23:00:00
20.501624267325784,20.849301608785535,21.023722375483672,9191700.0,2022-08-15 23:15:00
20.43873838814485,20.805492578914805,21.000615058758488,9192600.0,2022-08-15 23:30:00
20.363762180692287,20.761620074341927,20.976851120967584,9193500.0,2022-08-15 23:45:00
20.30032210187672,20.71785282215628,20.952568637593508,9194400.0,2022-08-16 00:00:00
20.23696668136468,20.672087454515985,20.9274834497015,9195300.0,2022-08-16 00:15:00
20.179270499573686,20.627581760814024,20.901653272768293,9196200.0,2022-08-16 00:30:00
20.127570318116845,20.58607577368801,20.875636004362786,9197100.0,2022-08-16 00:45:00
20.07718688005137,20.542421270098504,20.849190103251097,9198000.0,2022-08-16 01:00:00
20.01367917669708,20.500541323388575,20.8225660985494,9198900.0,2022-08-16 01:15:00
19.953446904632415,20.45731360045927,20.795709562770096,9199800.0,2022-08-16 01:30:00
19.859698663668063,20.409185050454347,20.76808901810804,9200700.0,2022-08-16 01:45:00
19.805042157555377,20.36395259196768,20.739881792144736,9201600.0,2022-08-16 02:00:00
19.74658884949479,20.318067692306585,20.711068977176986,9202500.0,2022-08-16 02:15:00
19.702436534985647,20.274684466112536,20.681928407473038,9203400.0,2022-08-16 02:30:00
19.660346981438348,20.234714643009635,20.653016820230896,9204300.0,2022-08-16 02:45:00
19.64126780188156,20.1984320418935,20.62471000619496,9205200.0,2022-08-16 03:00:00
19.61825850920791,20.164464112775327,20.59715542598043,9206100.0,2022-08-16 03:15:00
19.583688657706865,20.13434029343273,20.57050361102492,9207000.0,2022-08-16 03:30:00
19.565581627921528,20.104912062286942,20.54466330031414,9207900.0,2022-08-16 03:45:00
19.539949543583973,20.077611376404345,20.519752931080312,9208800.0,2022-08-16 04:00:00
19.512014382109907,20.05003133052267,20.49534219239163,9209700.0,2022-08-16 04:15:00
19.5009131746129,20.02530882930736,20.471560477648325,9210600.0,2022-08-16 04:30:00
19.49655808960656,20.005593120111968,20.448885288659028,9211500.0,2022-08-16 04:45:00
19.504008957148844,19.98922344091549,20.427456963938393,9212400.0,2022-08-16 05:00:00
19.508904461004317,19.97587084854261,20.407254458840388,9213300.0,2022-08-16 05:15:00
19.517949837881822,19.963671850622728,20.388353659312,9214200.0,2022-08-16 05:30:00
19.520433903971444,19.952835089058027,20.37061659220012,9215100.0,2022-08-16 05:45:00
19.53947697740845,19.949024240341643,20.354472416109854,9216000.0,2022-08-16 06:00:00
19.55382877223149,19.943012208116087,20.339552544013635,9216900.0,2022-08-16 06:15:00
19.608435669933016,19.944380979418373,20.326267580712504,9217800.0,2022-08-16 06:30:00
19.64710010702215,19.950231330406883,20.314987361252907,9218700.0,2022-08-16 06:45:00
19.7155667443124,19.9674891113206,20.306475867453493,9219600.0,2022-08-16 07:00:00
19.764592384993936,19.98129314895508,20.300173279112865,9220500.0,2022-08-16 07:15:00
19.80803539657541,20.000034766561285,20.296100307077943,9221400.0,2022-08-16 07:30:00
19.88507836317972,20.02661885739297,20.294572175589423,9222300.0,2022-08-16 07:45:00
20.003551854802016,20.058370168947068,20.2956757802262,9223200.0,2022-08-16 08:00:00
20.125436822696702,20.099299536364978,20.30009677011313,9224100.0,2022-08-16 08:15:00
20.265758156390287,20.15652717644824,20.309168403899864,9225000.0,2022-08-16 08:30:00
20.38405103806375,20.218598504280465,20.322760117604226,9225900.0,2022-08-16 08:45:00
20.54925520837545,20.28998813120089,20.34112673851816,9226800.0,2022-08-16 09:00:00
20.71390013086556,20.36968588031669,20.364312091910364,9227700.0,2022-08-16 09:15:00
20.89498402819138,20.457622494293016,20.392516777703147,9228600.0,2022-08-16 09:30:00
21.15209424988537,20.559577322599893,20.42638194481019,9229500.0,2022-08-16 09:45:00
21.38661482600069,20.67856884698409,20.46709431804381,9230400.0,2022-08-16 10:00:00
21.5613606050376,20.795963933038543,20.51353438396184,9231300.0,2022-08-16 10:15:00
21.685346109326414,20.903004994782208,20.563123925313768,9232200.0,2022-08-16 10:30:00
21.77564286361979,20.997684899564305,20.613560186066067,9233100.0,2022-08-16 10:45:00
21.889335103986323,21.09216454291617,20.664656720727702,9234000.0,2022-08-16 11:00:00
21.976869782245423,21.176781709491124,20.715154481651336,9234900.0,2022-08-16 11:15:00
22.05784284797096,21.256128498547007,20.764624793541387,9235800.0,2022-08-16 11:30:00
22.16400313839764,21.335880698417174,20.813629151056222,9236700.0,2022-08-16 11:45:00
22.26858544471009,21.415082707117616,20.862505984299894,9237600.0,2022-08-16 12:00:00
22.348340633620097,21.490663338379772,20.91116641216681,9238500.0,2022-08-16 12:15:00
22.447052687428258,21.56610502835684,20.95987704405034,9239400.0,2022-08-16 12:30:00
22.540477970041415,21.63718564870658,21.007896112256947,9240300.0,2022-08-16 12:45:00
22.60425606445076,21.709474916355852,21.05610960038826,9241200.0,2022-08-16 13:00:00
22.65610950799676,21.769314436670136,21.10269604510269,9242100.0,2022-08-16 13:15:00
22.709745520153398,21.831045356033574,21.148712766900985,9243000.0,2022-08-16 13:30:00
22.779978485582745,21.890452708792484,21.194040216560605,9243900.0,2022-08-16 13:45:00
22.86684910046481,21.950527219031127,21.23884306992649,9244800.0,2022-08-16 14:00:00
22.92433820632341,22.01042332862148,21.283480153194265,9245700.0,2022-08-16 14:15:00
22.95880345489836,22.06124301644964,21.326746654090712,9246600.0,2022-08-16 14:30:00
22.96216523959148,22.1089483210357,21.369109017068087,9247500.0,2022-08-16 14:45:00
22.96956331462652,22.145039166715005,21.408902499223775,9248400.0,2022-08-16 15:00:00
22.96940764238793,22.176489929725207,21.44602909593507,9249300.0,2022-08-16 15:15:00
22.95861364372561,22.201795137871983,21.480432349153123,9250200.0,2022-08-16 15:30:00
22.93565439880044,22.22198483311385,21.51229441117209,9251100.0,2022-08-16 15:45:00
22.907117350385867,22.232423185182224,21.54070656378637,9252000.0,2022-08-16 16:00:00
22.882891444942214,22.239699247587826,21.565961113007024,9252900.0,2022-08-16 16:15:00
22.86367333779744,22.24760647164939,21.589160084408206,9253800.0,2022-08-16 16:30:00
22.83883792393921,22.252138745091,21.61037554085441,9254700.0,2022-08-16 16:45:00
22.806788577372288,22.250500259737752,21.62906582730596,9255600.0,2022-08-16 17:00:00
22.755338528274216,22.245387313625702,21.64535174973824,9256500.0,2022-08-16 17:15:00
22.673722945440872,22.234617996669726,21.65948940727036,9257400.0,2022-08-16 17:30:00
22.522568517522167,22.196474205775758,21.66763508070395,9258300.0,2022-08-16 17:45:00
22.458794271114986,22.159894716788248,21.671001636240124,9259200.0,2022-08-16 18:00:00
22.40030949083249,22.1299187291496,21.671870599223535,9260100.0,2022-08-16 18:15:00
22.317709326576853,22.09576990489648,21.67034479416173,9261000.0,2022-08-16 18:30:00
22.24987133644192,22.057017238126228,21.666130753244875,9261900.0,2022-08-16 18:45:00
22.17445373495468,22.017854611370748,21.659695451890972,9262800.0,2022-08-16 19:00:00
22.096192377337196,21.978367656532686,21.651490914301714,9263700.0,2022-08-16 19:15:00
22.022293898890343,21.935328496280917,21.641178845463457,9264600.0,2022-08-16 19:30:00
21.95528773581648,21.893684582078528,21.629314508063903,9265500.0,2022-08-16 19:45:00
21.897759878639167,21.85484892607468,21.61663941706836,9266400.0,2022-08-16 20:00:00
21.847513254704765,21.81664292202086,21.603147265738656,9267300.0,2022-08-16 20:15:00
21.779668230217872,21.779065447204,21.588979178947984,9268200.0,2022-08-16 20:30:00
21.70772542068478,21.738236994896784,21.573821947298047,9269100.0,2022-08-16 20:45:00
21.63278290805527,21.695124476886026,21.557488413072335,9270000.0,2022-08-16 21:00:00
21.55662983057563,21.65000382360339,21.539868169130457,9270900.0,2022-08-16 21:15:00
21.479585366387568,21.604015167443777,21.520969928758504,9271800.0,2022-08-16 21:30:00
21.39978752441708,21.55685969968281,21.500843673256288,9272700.0,2022-08-16 21:45:00
21.32156353018159,21.508947219895084,21.47959148797525,9273600.0,2022-08-16 22:00:00
21.23966262727812,21.4591333898889,21.45714522456493,9274500.0,2022-08-16 22:15:00
21.153071549858815,21.407319690015576,21.433344249311936,9275400.0,2022-08-16 22:30:00
21.062739151871227,21.35415111748324,21.40830932020608,9276300.0,2022-08-16 22:45:00
20.970200198473727,21.298813722239263,21.38181606667166,9277200.0,2022-08-16 23:00:00
20.884126875022236,21.244995782365944,21.354310538707363,9278100.0,2022-08-16 23:15:00
20.785093827810083,21.181877096159177,21.324899202724307,9279000.0,2022-08-16 23:30:00
20.69974902407566,21.12525714109957,21.29446992128813,9279900.0,2022-08-16 23:45:00
20.615569238828225,21.065480230254877,21.262920138756037,9280800.0,2022-08-17 00:00:00
20.521977316521912,21.004126163126628,21.23024432861076,9281700.0,2022-08-17 00:15:00
20.42961903301328,20.941676625476976,21.196402156667055,9282600.0,2022-08-17 00:30:00
20.348469664432645,20.882584176188647,21.161993450733338,9283500.0,2022-08-17 00:45:00
20.26385820856821,20.8221222032932,21.126908026855705,9284400.0,2022-08-17 01:00:00
20.18263378827,20.761384073617528,21.09113113828621,9285300.0,2022-08-17 01:15:00
20.098332697565382,20.70144234818635,21.05500242368233,9286200.0,2022-08-17 01:30:00
20.018104520036637,20.64528591045249,21.018776989100136,9287100.0,2022-08-17 01:45:00
19.94279486068028,20.584540363380757,20.98189734369032,9288000.0,2022-08-17 02:00:00
19.867086899463207,20.527058363460124,20.944640578910914,9288900.0,2022-08-17 02:15:00
19.804689996750493,20.472649596821643,20.907423738365864,9289800.0,2022-08-17 02:30:00
19.743283321511683,20.417151822131142,20.870164355582528,9290700.0,2022-08-17 02:45:00
19.685273673970062,20.36469722093905,20.832993538897785,9291600.0,2022-08-17 03:00:00
19.63296102525397,20.315166179517274,20.796290436775006,9292500.0,2022-08-17 03:15:00
19.574072344286975,20.266984935447447,20.760098002794127,9293400.0,2022-08-17 03:30:00
19.521336250458734,20.22136172055643,20.72431662833772,9294300.0,2022-08-17 03:45:00
19.48621541233191,20.17749534815282,20.68907052417173,9295200.0,2022-08-17 04:00:00
19.461833638110647,20.13655006435252,20.65463416021192,9296100.0,2022-08-17 04:15:00
19.443405216608213,20.10198915251778,20.621236284621528,9297000.0,2022-08-17 04:30:00
19.421744356806457,20.069595555670947,20.589095386449067,9297900.0,2022-08-17 04:45:00
19.39934963655416,20.03950434745837,20.55833460045352,9298800.0,2022-08-17 05:00:00
19.38432622152192,20.009084310285925,20.528484753293032,9299700.0,2022-08-17 05:15:00
19.382507447077213,19.98264356359157,20.49974004922501,9300600.0,2022-08-17 05:30:00
19.397197818557306,19.967654973153984,20.472992109516397,9301500.0,2022-08-17 05:45:00
19.440390661018657,19.95431936911564,20.448276670748623,9302400.0,2022-08-17 06:00:00
19.474427116943815,19.949120391240573,20.42606593694364,9303300.0,2022-08-17 06:15:00
19.52052257779932,19.94920609029436,20.406538612705223,9304200.0,2022-08-17 06:30:00
19.60033848134372,19.95815504163024,20.39007671607828,9305100.0,2022-08-17 06:45:00
19.676727305860496,19.97578043751918,20.377203850698127,9306000.0,2022-08-17 07:00:00
19.75376363950373,20.000682523381272,20.368035769304708,9306900.0,2022-08-17 07:15:00
19.82546088813836,20.028218437742723,20.36220206391988,9307800.0,2022-08-17 07:30:00
19.876242856352626,20.053485620090026,20.358758728949432,9308700.0,2022-08-17 07:45:00
19.921291223302635,20.080238960450902,20.357405096473073,9309600.0,2022-08-17 08:00:00
19.94874436349983,20.10372104287265,20.3573430179768,9310500.0,2022-08-17 08:15:00
19.98583783815686,20.123003818275794,20.357863851364883,9311400.0,2022-08-17 08:30:00
20.03273919828183,20.14450387574432,20.359048556225996,9312300.0,2022-08-17 08:45:00
20.063451003069208,20.16549467945349,20.360856337661552,9313200.0,2022-08-17 09:00:00
20.095489239332004,20.18394041698196,20.36316258654932,9314100.0,2022-08-17 09:15:00
20.12900012603964,20.200278392026146,20.36566370092773,9315000.0,2022-08-17 09:30:00
20.186506723718704,20.22296655866148,20.369129423026017,9315900.0,2022-08-17 09:45:00
20.27707277342712,20.252762567249565,20.37427883038604,9316800.0,2022-08-17 10:00:00
20.432690619260526,20.3004510867886,20.383001530088016,9317700.0,2022-08-17 10:15:00
20.63541978265502,20.36441936599416,20.39660176562156,9318600.0,2022-08-17 10:30:00
20.86017134462796,20.450856180978903,20.417062550706184,9319500.0,2022-08-17 10:45:00
21.01225817840488,20.540630087257288,20.44403286169244,9320400.0,2022-08-17 11:00:00
21.11738899263144,20.626079463278785,20.475601061989483,9321300.0,2022-08-17 11:15:00
21.181838911004892,20.70083126876481,20.509542408175488,9322200.0,2022-08-17 11:30:00
21.24096760646856,20.764627658251108,20.543710029539696,9323100.0,2022-08-17 11:45:00
21.379310415291847,20.833930307004568,20.578478444942927,9324000.0,2022-08-17 12:00:00
21.48950082209289,20.909814296377053,20.614913568368745,9324900.0,2022-08-17 12:15:00
21.52487322385718,20.970081734692798,20.65101412436741,9325800.0,2022-08-17 12:30:00
21.50789925587307,21.016993472822175,20.685368742057555,9326700.0,2022-08-17 12:45:00
21.476071666302254,21.045449883401144,20.7159678971434,9327600.0,2022-08-17 13:00:00
21.476602007644846,21.068186225477795,20.74274717721277,9328500.0,2022-08-17 13:15:00
21.533578495364804,21.099552444146557,20.767937820868525,9329400.0,2022-08-17 13:30:00
21.581565717594533,21.131716715764448,20.792282519046942,9330300.0,2022-08-17 13:45:00
21.618030701471824,21.16356739442373,20.81617856582832,9331200.0,2022-08-17 14:00:00
21.650442690132344,21.194817920373687,20.83970334240117,9332100.0,2022-08-17 14:15:00
21.68573132759953,21.224158544073152,20.862802851318033,9333000.0,2022-08-17 14:30:00
21.748905151777077,21.25767386336173,20.886010047019877,9333900.0,2022-08-17 14:45:00
21.810799621360093,21.300919965917007,20.910936536992967,9334800.0,2022-08-17 15:00:00
21.863975700333214,21.335801711599125,20.93596733789648,9335700.0,2022-08-17 15:15:00
21.907074121516853,21.370346107820165,20.960869831877854,9336600.0,2022-08-17 15:30:00
21.9602997869208,21.410042128517645,20.986530431471607,9337500.0,2022-08-17 15:45:00
21.9934711779084,21.448749158883103,21.012881780473688,9338400.0,2022-08-17 16:00:00
22.03545271185306,21.480319041085863,21.038458569977237,9339300.0,2022-08-17 16:15:00
22.027437388405065,21.506933287746648,21.06292289083889,9340200.0,2022-08-17 16:30:00
21.990828942076643,21.525132511993984,21.085754860400574,9341100.0,2022-08-17 16:45:00
21.93379661699115,21.531528844971483,21.105738014787928,9342000.0,2022-08-17 17:00:00
21.86765307346897,21.52315099613916,21.121213639620517,9342900.0,2022-08-17 17:15:00
21.807547883968684,21.51445328210963,21.13326123184128,9343800.0,2022-08-17 17:30:00
21.75771468007933,21.49954644217072,21.14203648052226,9344700.0,2022-08-17 17:45:00
21.71320160646128,21.48399403540389,21.148269458032026,9345600.0,2022-08-17 18:00:00
21.663618178854065,21.462777514878024,21.151671111907536,9346500.0,2022-08-17 18:15:00
21.61456209276439,21.44221967005556,21.15308152780394,9347400.0,2022-08-17 18:30:00
21.56760764769679,21.42325113611127,21.15326517747576,9348300.0,2022-08-17 18:45:00
21.523094879049463,21.3995265812214,21.15168811362299,9349200.0,2022-08-17 19:00:00
21.468306079815424,21.377350600243936,21.148971198148157,9350100.0,2022-08-17 19:15:00
21.404066248992805,21.345729676873088,21.143922698750274,9351000.0,2022-08-17 19:30:00
21.35418784109349,21.31487566815344,21.136949317145746,9351900.0,2022-08-17 19:45:00
21.293681909942773,21.28765144027547,21.129060779519538,9352800.0,2022-08-17 20:00:00
21.220128057461043,21.251067342500157,21.11930589194017,9353700.0,2022-08-17 20:15:00
21.147462336278856,21.21760729565369,21.108449674783653,9354600.0,2022-08-17 20:30:00
21.08540775353512,21.17838527572514,21.095722002328927,9355500.0,2022-08-17 20:45:00
21.02463899299228,21.140321840765345,21.081671953030114,9356400.0,2022-08-17 21:00:00
20.962171890737554,21.102129446391967,21.0665375915934,9357300.0,2022-08-17 21:15:00
20.891180689301358,21.06033581351122,21.04992374744373,9358200.0,2022-08-17 21:30:00
20.8131975730556,21.018241936907923,21.032032160143025,9359100.0,2022-08-17 21:45:00
20.735710533859667,20.9716724562646,21.01248352209772,9360000.0,2022-08-17 22:00:00
20.66158658143312,20.926729598928507,20.991745680392185,9360900.0,2022-08-17 22:15:00
20.580988323780005,20.879370669713193,20.969945427557832,9361800.0,2022-08-17 22:30:00
20.506180872877124,20.831108250248295,20.946885517015303,9362700.0,2022-08-17 22:45:00
20.407492728114573,20.778085304190416,20.922310549655144,9363600.0,2022-08-17 23:00:00
20.326752199983808,20.723415029190544,20.89614325701028,9364500.0,2022-08-17 23:15:00
20.243196551455327,20.667148407050217,20.868343778483528,9365400.0,2022-08-17 23:30:00
20.106250769310456,20.606177097934065,20.838937207477134,9366300.0,2022-08-17 23:45:00
20.046054741932263,20.54734784044004,20.808223535544677,9367200.0,2022-08-18 00:00:00
19.971632506351,20.491173155108154,20.776720583720024,9368100.0,2022-08-18 00:15:00
19.893169349382745,20.435207647027575,20.744541835214832,9369000.0,2022-08-18 00:30:00
19.769302397964303,20.373022166996176,20.71121975009217,9369900.0,2022-08-18 00:45:00
19.707230827960668,20.313396556625015,20.676922950939407,9370800.0,2022-08-18 01:00:00
19.64778186220237,20.254106474936123,20.642046006697832,9371700.0,2022-08-18 01:15:00
19.622580517876607,20.208821290514283,20.608068497336987,9372600.0,2022-08-18 01:30:00
19.56719716636348,20.165137714667036,20.575153078249414,9373500.0,2022-08-18 01:45:00
19.50240263590437,20.11659979987152,20.542543911472347,9374400.0,2022-08-18 02:00:00
19.44450160166024,20.068804423540808,20.51001491468948,9375300.0,2022-08-18 02:15:00
19.381019415154924,20.02207954184331,20.47770145333701,9376200.0,2022-08-18 02:30:00
19.318188790333664,19.97592929929064,20.445357744483594,9377100.0,2022-08-18 02:45:00
19.265552048079297,19.929344699187386,20.412953294865886,9378000.0,2022-08-18 03:00:00
19.198796987725704,19.882759642874063,20.380336415578157,9378900.0,2022-08-18 03:15:00
19.15428595939366,19.838495841115407,20.347881943798274,9379800.0,2022-08-18 03:30:00
19.116635754739008,19.798397726526087,20.315847827028225,9380700.0,2022-08-18 03:45:00
19.078810395294973,19.757416357094318,20.28399248786568,9381600.0,2022-08-18 04:00:00
19.0532549090826,19.721189183471516,20.252930132054228,9382500.0,2022-08-18 04:15:00
19.03339475304278,19.690689757584234,20.22289467780923,9383400.0,2022-08-18 04:30:00
19.022699515882085,19.65986580988655,20.193864535035463,9384300.0,2022-08-18 04:45:00
19.02302880532591,19.638314369454537,20.166411726217305,9385200.0,2022-08-18 05:00:00
19.037632082249115,19.616557677749768,20.140426562876215,9386100.0,2022-08-18 05:15:00
19.05937008567299,19.60493972514632,20.116364038371128,9387000.0,2022-08-18 05:30:00
19.089648419055457,19.59563494883088,20.094458087266087,9387900.0,2022-08-18 05:45:00
19.13195832075952,19.593657504734768,20.07505334830592,9388800.0,2022-08-18 06:00:00
19.177967886012343,19.597469883561644,20.058208652889945,9389700.0,2022-08-18 06:15:00
19.239639281935748,19.60788986726087,20.04431853188644,9390600.0,2022-08-18 06:30:00
19.31847110887807,19.621958319558704,20.03330318045256,9391500.0,2022-08-18 06:45:00
19.411202715298597,19.64667723984344,20.02559993972528,9392400.0,2022-08-18 07:00:00
19.50847382131881,19.678076044713062,20.02153684802196,9393300.0,2022-08-18 07:15:00
19.61687372751853,19.71920006690477,20.02132287333763,9394200.0,2022-08-18 07:30:00
19.714842588555094,19.765882932073453,20.02512468362708,9395100.0,2022-08-18 07:45:00
19.784154232053925,19.812424123956884,20.03219340057796,9396000.0,2022-08-18 08:00:00
19.85855225739986,19.849894529245777,20.04094998453376,9396900.0,2022-08-18 08:15:00
19.948789166544717,19.90067163981963,20.052219733273954,9397800.0,2022-08-18 08:30:00
20.041024906031087,19.94726985600922,20.06539594491027,9398700.0,2022-08-18 08:45:00
20.139990543239406,19.995306597348268,20.080322513933957,9399600.0,2022-08-18 09:00:00
20.257882183519847,20.05446499868172,20.097914130506133,9400500.0,2022-08-18 09:15:00
20.40870414734976,20.119503978462262,20.11874162347936,9401400.0,2022-08-18 09:30:00
20.557401236771756,20.19809872923179,20.143963171925314,9402300.0,2022-08-18 09:45:00
20.70670761060104,20.27407136909865,20.17260818304988,9403200.0,2022-08-18 10:00:00
20.844112138702453,20.35417575098437,20.204515173173444,9404100.0,2022-08-18 10:15:00
20.998451978492746,20.43780992299034,20.239435490829766,9405000.0,2022-08-18 10:30:00
21.13386703956037,20.523987700228464,20.27729687305869,9405900.0,2022-08-18 10:45:00
21.284382882058633,20.61373175355742,20.317987952145273,9406800.0,2022-08-18 11:00:00
21.429663787626044,20.70218009991607,20.360725762889462,9407700.0,2022-08-18 11:15:00
21.57254546382536,20.792229909718767,20.405209706437848,9408600.0,2022-08-18 11:30:00
21.66644245684912,20.880089738977027,20.45132668122817,9409500.0,2022-08-18 11:45:00
21.70417525990956,20.956930106609207,20.49771394296693,9410400.0,2022-08-18 12:00:00
21.774628581324624,21.030221842357314,20.543887842274724,9411300.0,2022-08-18 12:15:00
21.87946502791911,21.09581258153944,20.58842394308873,9412200.0,2022-08-18 12:30:00
22.0091153676308,21.177412507495443,20.634397057393628,9413100.0,2022-08-18 12:45:00
22.110870326688406,21.246435849286595,20.67959696640097,9414000.0,2022-08-18 13:00:00
22.15908338864372,21.30687039148956,20.722952585927665,9414900.0,2022-08-18 13:15:00
22.176370229919605,21.371193594271293,20.76652947872875,9415800.0,2022-08-18 13:30:00
22.204053545636512,21.421215180901847,20.808446100146067,9416700.0,2022-08-18 13:45:00
22.248371062464464,21.46878936284853,20.8486282511892,9417600.0,2022-08-18 14:00:00
22.280870871824803,21.512523028540308,20.886899421136484,9418500.0,2022-08-18 14:15:00
22.319005907630185,21.55085118688291,20.9229986792587,9419400.0,2022-08-18 14:30:00
22.34528276292466,21.58628771871255,20.957046522074567,9420300.0,2022-08-18 14:45:00
22.380852288260407,21.633691671626,20.992069210203375,9421200.0,2022-08-18 15:00:00
22.391005524286054,21.666411041993623,21.025775679975663,9422100.0,2022-08-18 15:15:00
22.38514119492358,21.691861089536346,21.057245558694746,9423000.0,2022-08-18 15:30:00
22.37503716815198,21.710027295991324,21.085749564343555,9423900.0,2022-08-18 15:45:00
22.35067229754897,21.727557022169368,21.11243478764104,9424800.0,2022-08-18 16:00:00
22.306752910239755,21.73276935410388,21.135798422301622,9425700.0,2022-08-18 16:15:00
22.261039627086102,21.73248450486746,21.155858289204776,9426600.0,2022-08-18 16:30:00
22.19084617615656,21.72024703353573,21.171680424571335,9427500.0,2022-08-18 16:45:00
22.11470270459136,21.70811367680219,21.184612651794744,9428400.0,2022-08-18 17:00:00
22.032981766849016,21.683160131364524,21.193532018902967,9429300.0,2022-08-18 17:15:00
21.948266627498526,21.659846146881968,21.199846681221704,9430200.0,2022-08-18 17:30:00
21.856590626050487,21.625004721500154,21.202297009548307,9431100.0,2022-08-18 17:45:00
21.769002354728435,21.585393544713902,21.200930823022603,9432000.0,2022-08-18 18:00:00
21.67938914296592,21.540922815321988,21.195869321384727,9432900.0,2022-08-18 18:15:00
21.59789659895878,21.499979214775745,21.188469507295483,9433800.0,2022-08-18 18:30:00
21.52064140898161,21.453881535878164,21.178494368257855,9434700.0,2022-08-18 18:45:00
21.45668942695284,21.414152123833837,21.16730571840619,9435600.0,2022-08-18 19:00:00
21.39874620631721,21.3736841739656,21.15507732004696,9436500.0,2022-08-18 19:15:00
21.351411032670423,21.336571073254817,21.142232810313985,9437400.0,2022-08-18 19:30:00
21.310474858745334,21.300015307722827,21.12867674831454,9438300.0,2022-08-18 19:45:00
21.265938054992407,21.26931390232441,21.11552422851945,9439200.0,2022-08-18 20:00:00
21.220606730416037,21.237944124002308,21.102358636031795,9440100.0,2022-08-18 20:15:00
21.16909135738175,21.20581872896684,21.08903284554011,9441000.0,2022-08-18 20:30:00
21.114564631887934,21.172725661663133,21.075100376832232,9441900.0,2022-08-18 20:45:00
21.04712947788421,21.135883335830535,21.060173649327155,9442800.0,2022-08-18 21:00:00
20.986547221872087,21.096090458066485,21.043934967479444,9443700.0,2022-08-18 21:15:00
20.928138811027296,21.06371813773031,21.02767271027332,9444600.0,2022-08-18 21:30:00
20.866234298485807,21.02541348796816,21.010603684925545,9445500.0,2022-08-18 21:45:00
20.80394603634604,20.983609393015765,20.99219676898957,9446400.0,2022-08-18 22:00:00
20.7467069943246,20.9478101272974,20.973438202233048,9447300.0,2022-08-18 22:15:00
20.689730384833624,20.906385985934445,20.95373413283442,9448200.0,2022-08-18 22:30:00
20.63001566987587,20.869767538969857,20.93381280282994,9449100.0,2022-08-18 22:45:00
20.580513796027297,20.831014454653108,20.913299359849248,9450000.0,2022-08-18 23:00:00
20.527168616184213,20.79131685026228,20.892104960186792,9450900.0,2022-08-18 23:15:00
20.48170609627972,20.75646952407724,20.870808972363314,9451800.0,2022-08-18 23:30:00
20.4279978900746,20.71947598738724,20.84931260315276,9452700.0,2022-08-18 23:45:00
20.382653635952625,20.682213467192113,20.82751977039573,9453600.0,2022-08-19 00:00:00
20.33763275189865,20.64858648283276,20.805826494261197,9454500.0,2022-08-19 00:15:00
20.290172821010746,20.612869748162613,20.78390070842745,9455400.0,2022-08-19 00:30:00
20.244726998414624,20.57820337891823,20.76184450747882,9456300.0,2022-08-19 00:45:00
20.202928478597148,20.544477438239525,20.73971472965015,9457200.0,2022-08-19 01:00:00
20.16724206968436,20.510741445842168,20.717593752989103,9458100.0,2022-08-19 01:15:00
20.12811746824057,20.47963044134276,20.695647995529185,9459000.0,2022-08-19 01:30:00
20.09042784151483,20.4488885688158,20.673865775731365,9459900.0,2022-08-19 01:45:00
20.057606999416038,20.41673244476609,20.652036942277014,9460800.0,2022-08-19 02:00:00
20.026067913907863,20.388909281961624,20.63054126120344,9461700.0,2022-08-19 02:15:00
19.994031496389937,20.36016095920897,20.609156684322247,9462600.0,2022-08-19 02:30:00
19.961838743827222,20.334438232096954,20.588217699359515,9463500.0,2022-08-19 02:45:00
19.93420757992409,20.307237881843648,20.567431028906007,9464400.0,2022-08-19 03:00:00
19.908943922822424,20.281543111813136,20.546761840450667,9465300.0,2022-08-19 03:15:00
19.88389922199644,20.252984045595245,20.526062819123673,9466200.0,2022-08-19 03:30:00
19.863566387744022,20.233037814582715,20.50609872042818,9467100.0,2022-08-19 03:45:00
19.852270685219292,20.213539615048255,20.487010708969475,9468000.0,2022-08-19 04:00:00
19.84224694251759,20.190397740987,20.468105470366392,9468900.0,2022-08-19 04:15:00
19.83787693693598,20.17573330649425,20.450104167673064,9469800.0,2022-08-19 04:30:00
19.836874053404003,20.16288289506176,20.43313033774609,9470700.0,2022-08-19 04:45:00
19.840671578563786,20.14856091693234,20.417015387411283,9471600.0,2022-08-19 05:00:00
19.84399317212996,20.13852807275745,20.401877395141785,9472500.0,2022-08-19 05:15:00
19.857335034492355,20.132916413654332,20.387957624408394,9473400.0,2022-08-19 05:30:00
19.873614411801547,20.12879440631903,20.375371732481614,9474300.0,2022-08-19 05:45:00
19.890656756989667,20.12437893437827,20.36378416978181,9475200.0,2022-08-19 06:00:00
19.91640114359244,20.128184006355568,20.353876638574437,9476100.0,2022-08-19 06:15:00
19.94335707475948,20.13129475696986,20.34525812501949,9477000.0,2022-08-19 06:30:00
19.971211585249627,20.13818783145904,20.33806148090064,9477900.0,2022-08-19 06:45:00
19.99608789795226,20.14482206238442,20.33209239108835,9478800.0,2022-08-19 07:00:00
20.033741834227847,20.15559379996796,20.327510046559834,9479700.0,2022-08-19 07:15:00
20.075457317205867,20.168453479935334,20.324451177569514,9480600.0,2022-08-19 07:30:00
20.10679827137854,20.181184307416647,20.322560303256147,9481500.0,2022-08-19 07:45:00
20.12403081042987,20.19463185020144,20.321713434789007,9482400.0,2022-08-19 08:00:00
20.136089375578937,20.203736805752417,20.321268081696957,9483300.0,2022-08-19 08:15:00
20.14550976616673,20.21227304718476,20.321073241428465,9484200.0,2022-08-19 08:30:00
20.158645778929767,20.22252005679701,20.321355694918804,9485100.0,2022-08-19 08:45:00
20.189357145677658,20.23052277359454,20.321733602619968,9486000.0,2022-08-19 09:00:00
20.233818515485886,20.245695341744543,20.323041277625723,9486900.0,2022-08-19 09:15:00
20.268059335098805,20.261157741359167,20.32528428402128,9487800.0,2022-08-19 09:30:00
20.297500775197552,20.276598208112123,20.328360481567945,9488700.0,2022-08-19 09:45:00
20.33768076636956,20.295210943076807,20.332367480844017,9489600.0,2022-08-19 10:00:00
20.387086872895075,20.3159431950462,20.337583809854927,9490500.0,2022-08-19 10:15:00
20.429200502293416,20.3377391732392,20.34388789016604,9491400.0,2022-08-19 10:30:00
20.453103722497847,20.360907876280454,20.351343140410773,9492300.0,2022-08-19 10:45:00
20.459714561546047,20.37653231904457,20.358801926068217,9493200.0,2022-08-19 11:00:00
20.447553372500767,20.38593966835058,20.36545214241871,9494100.0,2022-08-19 11:15:00
20.43156575720037,20.39124318901164,20.37099050387315,9495000.0,2022-08-19 11:30:00
20.425805972690423,20.395321413927057,20.375574299069356,9495900.0,2022-08-19 11:45:00
20.434466467163794,20.39961452167761,20.379441489858607,9496800.0,2022-08-19 12:00:00
20.45297506262676,20.406368809625256,20.383069085667703,9497700.0,2022-08-19 12:15:00
20.467859269522535,20.414846962916684,20.38681745709352,9498600.0,2022-08-19 12:30:00
20.481898719036614,20.420741836035234,20.390354598769655,9499500.0,2022-08-19 12:45:00
20.498773976684,20.430943531566676,20.394358778280456,9500400.0,2022-08-19 13:00:00
20.533793132083566,20.442651474668438,20.398873331451973,9501300.0,2022-08-19 13:15:00
20.58317290116436,20.45789565939541,20.40431136869189,9502200.0,2022-08-19 13:30:00
20.63081671073389,20.47926653824055,20.41119264401111,9503100.0,2022-08-19 13:45:00
20.650468311320093,20.497437631514927,20.41896228636477,9504000.0,2022-08-19 14:00:00
20.647495862883428,20.51138495560043,20.42681662370993,9504900.0,2022-08-19 14:15:00
20.632093307533783,20.519191456665126,20.434129105631087,9505800.0,2022-08-19 14:30:00
20.623112002747487,20.52531147240528,20.440711242801136,9506700.0,2022-08-19 14:45:00
20.61697752598308,20.530662887194424,20.446507951150952,9507600.0,2022-08-19 15:00:00
20.60115232157655,20.52987580100501,20.451020797894408,9508500.0,2022-08-19 15:15:00
20.572853850982373,20.52647554500572,20.45425892468001,9509400.0,2022-08-19 15:30:00
20.544193201756784,20.518870965288546,20.45590626594179,9510300.0,2022-08-19 15:45:00
20.520317692797576,20.51178899110316,20.45645785604001,9511200.0,2022-08-19 16:00:00
20.498397182309887,20.5007675663686,20.45570116859456,9512100.0,2022-08-19 16:15:00
20.473577144674405,20.48996968277188,20.453797078175462,9513000.0,2022-08-19 16:30:00
20.441729919976044,20.4789698221582,20.451212214771974,9513900.0,2022-08-19 16:45:00
20.400426227540795,20.461321093007403,20.447260448586853,9514800.0,2022-08-19 17:00:00
20.35454379108372,20.44165048978901,20.441749753412942,9515700.0,2022-08-19 17:15:00
20.30727288745829,20.419549414064008,20.434772959187256,9516600.0,2022-08-19 17:30:00
20.255053632199747,20.39356422352732,20.42613184274042,9517500.0,2022-08-19 17:45:00
20.19565837089913,20.36547768163976,20.415950938991333,9518400.0,2022-08-19 18:00:00
20.13026933048213,20.333994208053333,20.404125292675257,9519300.0,2022-08-19 18:15:00
20.05254641477372,20.296902285566368,20.39025099937792,9520200.0,2022-08-19 18:30:00
19.965683451607035,20.257515701269547,20.374590107524885,9521100.0,2022-08-19 18:45:00
19.87005188602194,20.21018636819776,20.356480663706975,9522000.0,2022-08-19 19:00:00
19.767807247429428,20.158601713836884,20.335867165800764,9522900.0,2022-08-19 19:15:00
19.66345005497313,20.10459447536348,20.312863074741117,9523800.0,2022-08-19 19:30:00
19.561921301796485,20.046833418576032,20.287443410723792,9524700.0,2022-08-19 19:45:00
19.467316147790793,19.986760362770028,20.25975704093538,9525600.0,2022-08-19 20:00:00
19.37698175563576,19.92770558760308,20.230342977640547,9526500.0,2022-08-19 20:15:00
19.283680540932764,19.865847564520127,20.19937978819535,9527400.0,2022-08-19 20:30:00
19.195718741114646,19.804014474084575,20.167002667356314,9528300.0,2022-08-19 20:45:00
19.109817040020747,19.746410983144862,20.133826192831297,9529200.0,2022-08-19 21:00:00
19.026291858628543,19.684735618204822,20.099722498650312,9530100.0,2022-08-19 21:15:00
18.935674563730164,19.62388509945324,20.06469838127383,9531000.0,2022-08-19 21:30:00
18.847704752185955,19.56097506819468,20.02884434295637,9531900.0,2022-08-19 21:45:00
18.752621859473518,19.499589521941044,19.992228380798817,9532800.0,2022-08-19 22:00:00
18.66212049184711,19.437410910731096,19.954783205324656,9533700.0,2022-08-19 22:15:00
18.57388118551691,19.372411146881113,19.916448214325644,9534600.0,2022-08-19 22:30:00
18.48477531613437,19.30967615855421,19.87750274304756,9535500.0,2022-08-19 22:45:00
18.400036428635385,19.24809931574154,19.838192723696228,9536400.0,2022-08-19 23:00:00
18.31834307211429,19.18407551497016,19.79815056995879,9537300.0,2022-08-19 23:15:00
18.24473900144714,19.1240143270653,19.75799309811472,9538200.0,2022-08-19 23:30:00
18.166019191540528,19.063785911007056,19.71759926565351,9539100.0,2022-08-19 23:45:00
18.09443091468489,19.00563830330048,19.677085565969964,9540000.0,2022-08-20 00:00:00
18.013120111301937,18.945573621491157,19.636426507527744,9540900.0,2022-08-20 00:15:00
17.94321292446398,18.88785726804299,19.595717695837862,9541800.0,2022-08-20 00:30:00
17.876886439682902,18.833283893616755,19.554963500826297,9542700.0,2022-08-20 00:45:00
17.80871961988759,18.774460074961667,19.51425608770417,9543600.0,2022-08-20 01:00:00
17.739943184698458,18.71963926774867,19.473581402138542,9544500.0,2022-08-20 01:15:00
17.6712062341367,18.666593583745406,19.43304674384973,9545400.0,2022-08-20 01:30:00
17.611446371119662,18.611998679711814,19.39258846333781,9546300.0,2022-08-20 01:45:00
17.54657192967777,18.5591866771212,19.352173752206053,9547200.0,2022-08-20 02:00:00
17.477243931420062,18.507290678317823,19.31175570196716,9548100.0,2022-08-20 02:15:00
17.417813955438795,18.454777906916043,19.27132822862721,9549000.0,2022-08-20 02:30:00
17.36514344968423,18.403462548022407,19.231045883756785,9549900.0,2022-08-20 02:45:00
17.303447650233164,18.353068227384806,19.19089201893884,9550800.0,2022-08-20 03:00:00
17.240238921784165,18.301842983673975,19.150719057561496,9551700.0,2022-08-20 03:15:00
17.169122747747945,18.24998558883424,19.110477060031343,9552600.0,2022-08-20 03:30:00
17.114911977958194,18.198274220436755,19.070189542687324,9553500.0,2022-08-20 03:45:00
17.083453009179376,18.1529124052302,19.03032769580584,9554400.0,2022-08-20 04:00:00
17.039792213294085,18.108087526392033,18.991057179766585,9555300.0,2022-08-20 04:15:00
17.00217174030629,18.06600781229352,18.952345138821865,9556200.0,2022-08-20 04:30:00
16.971488451951682,18.02422149472538,18.91432836467605,9557100.0,2022-08-20 04:45:00
16.944487197415743,17.98632994083217,18.87718357950942,9558000.0,2022-08-20 05:00:00
16.936633537420672,17.954219317374925,18.841284970813085,9558900.0,2022-08-20 05:15:00
16.93950822731159,17.92624430306293,18.80696870193408,9559800.0,2022-08-20 05:30:00
16.94633068545846,17.903931205422232,18.774408486228168,9560700.0,2022-08-20 05:45:00
16.972738622549766,17.88622801423853,18.74386456238408,9561600.0,2022-08-20 06:00:00
17.02175874132564,17.87566276728271,18.715695986165557,9562500.0,2022-08-20 06:15:00
17.08382114226269,17.875766119351702,18.69061697987244,9563400.0,2022-08-20 06:30:00
17.18225429801544,17.886535352632272,18.6692066784616,9564300.0,2022-08-20 06:45:00
17.278179526621354,17.90639625439655,18.651765059204408,9565200.0,2022-08-20 07:00:00
17.38435236089661,17.93429192025971,18.638572203648007,9566100.0,2022-08-20 07:15:00
17.486526954099933,17.96925733124756,18.629586301488004,9567000.0,2022-08-20 07:30:00
17.60077857669481,18.008819885751567,18.624728979231964,9567900.0,2022-08-20 07:45:00
17.729154976938748,18.057960785563825,18.624030683075063,9568800.0,2022-08-20 08:00:00
17.85097321438799,18.110087884873224,18.62733310530695,9569700.0,2022-08-20 08:15:00
17.983090326450938,18.169174763819555,18.63450948304617,9570600.0,2022-08-20 08:30:00
18.137875450855734,18.235025509312,18.64577413647588,9571500.0,2022-08-20 08:45:00
18.355376265791797,18.318594650780973,18.662246610378112,9572400.0,2022-08-20 09:00:00
18.53063310668825,18.40808010490961,18.68405702183629,9573300.0,2022-08-20 09:15:00
18.68694729211776,18.497365456318686,18.71055561849093,9574200.0,2022-08-20 09:30:00
18.8028744016276,18.580560947778498,18.74033389477109,9575100.0,2022-08-20 09:45:00
18.970626705759948,18.67161242356463,18.77355152111864,9576000.0,2022-08-20 10:00:00
19.13755997333852,18.76807794780275,18.81031202598227,9576900.0,2022-08-20 10:15:00
19.32871405242922,18.871535999788804,18.850902896403717,9577800.0,2022-08-20 10:30:00
19.478151088612364,18.97167274313654,18.894740676940664,9578700.0,2022-08-20 10:45:00
19.658835523380745,19.076818028684208,18.94177548905932,9579600.0,2022-08-20 11:00:00
19.864415349544554,19.190030479838455,18.99252690104385,9580500.0,2022-08-20 11:15:00
20.110553593738224,19.317819514751072,19.04817504607793,9581400.0,2022-08-20 11:30:00
20.26665014980676,19.44124690688999,19.10772549662796,9582300.0,2022-08-20 11:45:00
20.362963562689767,19.548684341069315,19.168576088539183,9583200.0,2022-08-20 12:00:00
20.431967538660224,19.644842358235596,19.22893445906743,9584100.0,2022-08-20 12:15:00
20.490186639186607,19.72907473681613,19.287424600779936,9585000.0,2022-08-20 12:30:00
20.582249021136317,19.80817418566927,19.343692461966157,9585900.0,2022-08-20 12:45:00
20.70222596513277,19.891390229320404,19.399049402771286,9586800.0,2022-08-20 13:00:00
20.844696949117296,19.98211528962051,19.454997305186712,9587700.0,2022-08-20 13:15:00
21.0119824598616,20.07800879177839,19.512334730118216,9588600.0,2022-08-20 13:30:00
21.16626868473653,20.178122561312318,19.57145726226229,9589500.0,2022-08-20 13:45:00
21.264051003886955,20.272136773901615,19.63135930486435,9590400.0,2022-08-20 14:00:00
21.331467852606867,20.354904042749467,19.69030930810805,9591300.0,2022-08-20 14:15:00
21.41541180521472,20.436996619533826,19.74869270107092,9592200.0,2022-08-20 14:30:00
21.477440403447368,20.513951398463863,19.806282134766477,9593100.0,2022-08-20 14:45:00
21.532816569472867,20.582339535542783,19.86206662861163,9594000.0,2022-08-20 15:00:00
21.5426497542086,20.641006726975167,19.91531305948714,9594900.0,2022-08-20 15:15:00
21.533214490206216,20.683576133196432,19.96425420565737,9595800.0,2022-08-20 15:30:00
21.5239361624518,20.720349999215177,20.00935574180069,9596700.0,2022-08-20 15:45:00
21.505684059519844,20.74869376292212,20.0504442116336,9597600.0,2022-08-20 16:00:00
21.472192357959614,20.76803318026725,20.0873725221368,9598500.0,2022-08-20 16:15:00
21.430400920205017,20.779804613842597,20.12024607685712,9599400.0,2022-08-20 16:30:00
21.369733375625533,20.782054530809397,20.14875598595475,9600300.0,2022-08-20 16:45:00
21.301196689325707,20.775251101460977,20.17253354384267,9601200.0,2022-08-20 17:00:00
21.23237056813458,20.764605855919985,20.19254914135649,9602100.0,2022-08-20 17:15:00
21.15724273300801,20.746608544310373,20.208590851498496,9603000.0,2022-08-20 17:30:00
21.0836224132019,20.725322214998886,20.221043274438703,9603900.0,2022-08-20 17:45:00
21.01058276300649,20.69645665007444,20.22950948923493,9604800.0,2022-08-20 18:00:00
20.945511153505837,20.66873979277195,20.235062484188475,9605700.0,2022-08-20 18:15:00
20.889026515603565,20.643126512874485,20.23864320163413,9606600.0,2022-08-20 18:30:00
20.838090795591967,20.613767610606875,20.240011914878483,9607500.0,2022-08-20 18:45:00
20.790228725606088,20.587494978802543,20.239932069789138,9608400.0,2022-08-20 19:00:00
20.73962671874124,20.560684840128832,20.238700119055,9609300.0,2022-08-20 19:15:00
20.68565410303426,20.53432316890393,20.236589752698993,9610200.0,2022-08-20 19:30:00
20.62765751795956,20.506024919882652,20.233272629807544,9611100.0,2022-08-20 19:45:00
20.559129967629875,20.472695888713,20.228100353604283,9612000.0,2022-08-20 20:00:00
20.483496221816228,20.43837420873503,20.221414807069536,9612900.0,2022-08-20 20:15:00
20.39956542728125,20.39844652553033,20.212688251554056,9613800.0,2022-08-20 20:30:00
20.311169001494736,20.357093572158742,20.20205258453672,9614700.0,2022-08-20 20:45:00
20.211311663985203,20.310620179005635,20.189212864957533,9615600.0,2022-08-20 21:00:00
20.115293127624312,20.258069760657733,20.173585030592633,9616500.0,2022-08-20 21:15:00
20.01309345402388,20.20526381037484,20.15570858530332,9617400.0,2022-08-20 21:30:00
19.911482952773635,20.147918155518504,20.135567072118068,9618300.0,2022-08-20 21:45:00
19.802284716504424,20.089045526691343,20.11331241372682,9619200.0,2022-08-20 22:00:00
19.712096219079413,20.03121311296744,20.089426290467564,9620100.0,2022-08-20 22:15:00
19.610945994636737,19.970483110544222,20.063880777164453,9621000.0,2022-08-20 22:30:00
19.50396138729728,19.907310260103703,20.036595112644054,9621900.0,2022-08-20 22:45:00
19.409871445030188,19.84419273178313,20.007737714634025,9622800.0,2022-08-20 23:00:00
19.28192763563864,19.77666381434708,19.977042345038228,9623700.0,2022-08-20 23:15:00
19.186061847989876,19.711444011708245,19.94498400477492,9624600.0,2022-08-20 23:30:00
19.08244580163083,19.64430883431393,19.91178587765859,9625500.0,2022-08-20 23:45:00
18.993890444921774,19.57553552165776,19.87720943957944,9626400.0,2022-08-21 00:00:00
18.895651509556807,19.50968937481512,19.841649079983235,9627300.0,2022-08-21 00:15:00
18.818054459964213,19.446668102177096,19.805737499932786,9628200.0,2022-08-21 00:30:00
18.733523065180087,19.38404365849442,19.769383655035806,9629100.0,2022-08-21 00:45:00
18.66053281413915,19.32446836992333,19.733006768184488,9630000.0,2022-08-21 01:00:00
18.560380109848943,19.26128216723235,19.696224822234083,9630900.0,2022-08-21 01:15:00
18.4736834573985,19.201002513063337,19.65916040244429,9631800.0,2022-08-21 01:30:00
18.390950508379422,19.137612625805417,19.621433661976067,9632700.0,2022-08-21 01:45:00
18.31045886500169,19.078434082915265,19.5834390810784,9633600.0,2022-08-21 02:00:00
18.23508907224769,19.02002155902436,19.545276313528944,9634500.0,2022-08-21 02:15:00
18.168037822868783,18.959445176650807,19.50680696196195,9635400.0,2022-08-21 02:30:00
18.107939525108232,18.904557100871862,19.468583345428176,9636300.0,2022-08-21 02:45:00
18.041070320558195,18.85069295590004,19.43053323857409,9637200.0,2022-08-21 03:00:00
17.98912022137105,18.800039408610548,19.392925237888115,9638100.0,2022-08-21 03:15:00
17.934307130001454,18.750267297815487,19.355876594248056,9639000.0,2022-08-21 03:30:00
17.885139549148036,18.703644590142947,19.31936601126121,9639900.0,2022-08-21 03:45:00
17.840351602666864,18.65751822396566,19.283377031809216,9640800.0,2022-08-21 04:00:00
17.804204232255962,18.614906293705708,19.248034620500043,9641700.0,2022-08-21 04:15:00
17.78572953180551,18.578013929516896,19.213623719654073,9642600.0,2022-08-21 04:30:00
17.768197020916794,18.543948498179248,19.18043701155668,9643500.0,2022-08-21 04:45:00
17.76270808795545,18.514806753671817,19.148764255555015,9644400.0,2022-08-21 05:00:00
17.75000979829889,18.487692273759677,19.118625043718335,9645300.0,2022-08-21 05:15:00
17.73813825702535,18.46291706278715,19.08983862969689,9646200.0,2022-08-21 05:30:00
17.74434663652833,18.44329180333357,19.062579080347007,9647100.0,2022-08-21 05:45:00
17.774413498502796,18.429040216085824,19.037246456373115,9648000.0,2022-08-21 06:00:00
17.81042375511897,18.41956023071176,19.014047303510427,9648900.0,2022-08-21 06:15:00
17.849079228159027,18.418894364181387,18.99338430029805,9649800.0,2022-08-21 06:30:00
17.886600934525976,18.420177797373736,18.97513718729024,9650700.0,2022-08-21 06:45:00
17.918078863715916,18.42288685005182,18.959154555949304,9651600.0,2022-08-21 07:00:00
17.968547564669393,18.43216285329052,18.94548632298432,9652500.0,2022-08-21 07:15:00
18.021008670757634,18.441813525912316,18.93387762941833,9653400.0,2022-08-21 07:30:00
18.08111087993691,18.458800269020674,18.92464691863304,9654300.0,2022-08-21 07:45:00
18.14406225764176,18.47863454398276,18.917649408179695,9655200.0,2022-08-21 08:00:00
18.194324596154335,18.500304579569345,18.912929145813862,9656100.0,2022-08-21 08:15:00
18.245451514463397,18.521896687810408,18.910016105360185,9657000.0,2022-08-21 08:30:00
18.296078180867145,18.54543895244517,18.90867567151721,9657900.0,2022-08-21 08:45:00
18.344875888711357,18.569679571573527,18.90889059969033,9658800.0,2022-08-21 09:00:00
18.389687836313453,18.592416520832813,18.910169024197856,9659700.0,2022-08-21 09:15:00
18.43984297499808,18.61651364143565,18.91257684082792,9660600.0,2022-08-21 09:30:00
18.50064179669579,18.64178490446797,18.916084904193387,9661500.0,2022-08-21 09:45:00
18.55856088241555,18.671845925359975,18.921022620760784,9662400.0,2022-08-21 10:00:00
18.60421024596496,18.699565960383655,18.927243206172903,9663300.0,2022-08-21 10:15:00
18.645638483968742,18.725689106731167,18.93433436206107,9664200.0,2022-08-21 10:30:00
18.680774394598604,18.75116113319913,18.942055223334936,9665100.0,2022-08-21 10:45:00
18.714461760064733,18.775198560275054,18.950174178612027,9666000.0,2022-08-21 11:00:00
18.752537794707514,18.79953593805323,18.958686798247303,9666900.0,2022-08-21 11:15:00
18.78789399576217,18.82253366772548,18.96747369926935,9667800.0,2022-08-21 11:30:00
18.82125213871392,18.84431772800041,18.97643735199792,9668700.0,2022-08-21 11:45:00
18.869911922379487,18.869186501734603,18.985866234856125,9669600.0,2022-08-21 12:00:00
18.924091595405457,18.89769401320748,18.99620581683085,9670500.0,2022-08-21 12:15:00
18.977395541116827,18.92639424255401,19.007468990313672,9671400.0,2022-08-21 12:30:00
19.03066817094857,18.955321216113905,19.01941467849243,9672300.0,2022-08-21 12:45:00
19.0927060231644,18.989149748671135,19.03258782298125,9673200.0,2022-08-21 13:00:00
19.16818892078165,19.025788593633408,19.047327209799025,9674100.0,2022-08-21 13:15:00
19.24297288890727,19.065567443266453,19.06366436231237,9675000.0,2022-08-21 13:30:00
19.292621597616783,19.105997415556896,19.081481292130754,9675900.0,2022-08-21 13:45:00
19.32471454323677,19.138892899441394,19.099639113686752,9676800.0,2022-08-21 14:00:00
19.343028727385047,19.16891309956432,19.117698544654736,9677700.0,2022-08-21 14:15:00
19.359188423889687,19.195010796152964,19.13525740807357,9678600.0,2022-08-21 14:30:00
19.372846322249455,19.21651512638705,19.151712547755626,9679500.0,2022-08-21 14:45:00
19.39000205939841,19.236831142440412,19.167235938592135,9680400.0,2022-08-21 15:00:00
19.406034907013368,19.25455642788437,19.181772699125567,9681300.0,2022-08-21 15:15:00
19.412018281058728,19.27250417845281,19.195834270050756,9682200.0,2022-08-21 15:30:00
19.412869432321788,19.284762369540125,19.208739831199967,9683100.0,2022-08-21 15:45:00
19.418207723915053,19.296628281601617,19.22066681566197,9684000.0,2022-08-21 16:00:00
19.424974521439985,19.309880095107985,19.232100381594584,9684900.0,2022-08-21 16:15:00
19.42790995649707,19.31746222449638,19.24253999310977,9685800.0,2022-08-21 16:30:00
19.431937930807727,19.328438352488387,19.25258018495656,9686700.0,2022-08-21 16:45:00
19.43498482599356,19.33594465801871,19.261999150839447,9687600.0,2022-08-21 17:00:00
19.433733614300102,19.34217844899226,19.27068889303044,9688500.0,2022-08-21 17:15:00
19.426093196396707,19.346998301774967,19.278552130752885,9689400.0,2022-08-21 17:30:00
19.40886785214636,19.347992783692955,19.28537060967508,9690300.0,2022-08-21 17:45:00
19.38572156157956,19.345903379171947,19.290926742093752,9691200.0,2022-08-21 18:00:00
19.35384759835537,19.339200621109295,19.294900574888107,9692100.0,2022-08-21 18:15:00
19.31729447008048,19.330606532593883,19.297608799009527,9693000.0,2022-08-21 18:30:00
19.276118967818714,19.31661856774888,19.298390736634307,9693900.0,2022-08-21 18:45:00
19.230561618335926,19.30086169485183,19.297514869830096,9694800.0,2022-08-21 19:00:00
19.196631630714663,19.283122518459628,19.295067272654816,9695700.0,2022-08-21 19:15:00
19.1544642790553,19.263584321389366,19.29129614490476,9696600.0,2022-08-21 19:30:00
19.121499197562542,19.243445239939717,19.28620893558363,9697500.0,2022-08-21 19:45:00
19.09363397551368,19.224626815658777,19.28020931819028,9698400.0,2022-08-21 20:00:00
19.06808479021949,19.207706082066093,19.273805012687905,9699300.0,2022-08-21 20:15:00
19.03741428456329,19.191048613226524,19.267036017950215,9700200.0,2022-08-21 20:30:00
19.00842766504952,19.171341853678182,19.259644669568345,9701100.0,2022-08-21 20:45:00
18.97714334120947,19.151366753079955,19.25155387006117,9702000.0,2022-08-21 21:00:00
18.941499223430792,19.13136358505571,19.242900515604926,9702900.0,2022-08-21 21:15:00
18.90495506323152,19.11201050344596,19.233923026895127,9703800.0,2022-08-21 21:30:00
18.860400620358963,19.08785869170945,19.22398260291688,9704700.0,2022-08-21 21:45:00
18.815997078346975,19.06413576315704,19.213306147097164,9705600.0,2022-08-21 22:00:00
18.768178146868717,19.03661821302821,19.201583833495327,9706500.0,2022-08-21 22:15:00
18.72848874212376,19.00996274209489,19.188984792239776,9707400.0,2022-08-21 22:30:00
18.68224719869695,18.983297771865548,19.17572735217771,9708300.0,2022-08-21 22:45:00
18.631920373666215,18.95479875570876,19.16169833540288,9709200.0,2022-08-21 23:00:00
18.587951800493208,18.923958987888994,19.146667049572947,9710100.0,2022-08-21 23:15:00
18.543907376614246,18.894394024952184,19.131042327164792,9711000.0,2022-08-21 23:30:00
18.50590146489227,18.865187469051335,19.114904891836023,9711900.0,2022-08-21 23:45:00
18.47304365679108,18.838639017695986,19.09862537776786,9712800.0,2022-08-22 00:00:00
18.440299883569622,18.81243449715454,19.08233456883664,9713700.0,2022-08-22 00:15:00
18.413869430172948,18.787610521119262,19.066016093166134,9714600.0,2022-08-22 00:30:00
18.38743176260417,18.76195259138712,19.0495747111588,9715500.0,2022-08-22 00:45:00
18.359731195187088,18.73802575861714,19.03322858702511,9716400.0,2022-08-22 01:00:00
18.332169728479975,18.715672609850124,19.017078667135333,9717300.0,2022-08-22 01:15:00
18.30457877869336,18.693812564586796,19.00112538618905,9718200.0,2022-08-22 01:30:00
18.28064541666477,18.67319536012086,18.985338608872688,9719100.0,2022-08-22 01:45:00
18.257946629526625,18.650105431452975,18.96952549583913,9720000.0,2022-08-22 02:00:00
18.232670669493107,18.629766014929167,18.953867214673437,9720900.0,2022-08-22 02:15:00
18.20814225459107,18.61047695203403,18.938350813761765,9721800.0,2022-08-22 02:30:00
18.186783566091712,18.59025145823771,18.922916580947096,9722700.0,2022-08-22 02:45:00
18.16448856915088,18.568694618038815,18.907360737337537,9723600.0,2022-08-22 03:00:00
18.149585333856,18.553086368700928,18.89229984054552,9724500.0,2022-08-22 03:15:00
18.133706468071317,18.53374502910054,18.87725552877902,9725400.0,2022-08-22 03:30:00
18.12327221955716,18.5184348408042,18.862666106035515,9726300.0,2022-08-22 03:45:00
18.116464205529848,18.50442607213081,18.84851493444265,9727200.0,2022-08-22 04:00:00
18.11352296413192,18.4921442512618,18.834940750540422,9728100.0,2022-08-22 04:15:00
18.114102669527604,18.4801663923887,18.82184307345965,9729000.0,2022-08-22 04:30:00
18.11203306043323,18.47127755964208,18.809583448549624,9729900.0,2022-08-22 04:45:00
18.11311602138049,18.46290287252491,18.797973389448487,9730800.0,2022-08-22 05:00:00
18.12184527370859,18.457758954153014,18.7872942217888,9731700.0,2022-08-22 05:15:00
18.139486625682643,18.45381978554196,18.77740390125197,9732600.0,2022-08-22 05:30:00
18.16090423726685,18.454041544165342,18.76859670295908,9733500.0,2022-08-22 05:45:00
18.188832798916135,18.457419695829373,18.761148266427885,9734400.0,2022-08-22 06:00:00
18.21747690040367,18.464133810382094,18.755188638846874,9735300.0,2022-08-22 06:15:00
18.249686500185167,18.47277393078646,18.75054510685037,9736200.0,2022-08-22 06:30:00
18.27959600421136,18.482984833948265,18.74724469966633,9737100.0,2022-08-22 06:45:00
18.3093113625462,18.493651727759687,18.745107372865963,9738000.0,2022-08-22 07:00:00
18.358212286053,18.509918394866528,18.7444129927804,9738900.0,2022-08-22 07:15:00
18.42014238369654,18.52914576651272,18.745328745312754,9739800.0,2022-08-22 07:30:00
18.49316648526772,18.554362086740777,18.748218247280963,9740700.0,2022-08-22 07:45:00
18.569934698710703,18.58512225391708,18.753539684151384,9741600.0,2022-08-22 08:00:00
18.667995330934232,18.62443792793849,18.761818222593483,9742500.0,2022-08-22 08:15:00
18.786942445412727,18.672109681889182,18.773431571491432,9743400.0,2022-08-22 08:30:00
18.886045150413914,18.722827217195295,18.78830250594972,9744300.0,2022-08-22 08:45:00
19.003387041206736,18.780065593983135,18.80657912865008,9745200.0,2022-08-22 09:00:00
19.12901907787237,18.843399691158375,18.828278320845644,9746100.0,2022-08-22 09:15:00
19.28871785063509,18.9142127223784,18.853720551955146,9747000.0,2022-08-22 09:30:00
19.529846288723625,19.00746845280231,18.884767042146727,9747900.0,2022-08-22 09:45:00
19.71476352339344,19.1116979251196,18.92211004846252,9748800.0,2022-08-22 10:00:00
19.886750187085244,19.216526856394474,18.96476132087512,9749700.0,2022-08-22 10:15:00
20.08391438726798,19.32699026399293,19.012318307556814,9750600.0,2022-08-22 10:30:00
20.27172007742126,19.440136305949416,19.063938761409936,9751500.0,2022-08-22 10:45:00
20.428962159194835,19.554838717678635,19.119375121127327,9752400.0,2022-08-22 11:00:00
20.58629903678678,19.665979212603624,19.17732763863087,9753300.0,2022-08-22 11:15:00
20.695594813858456,19.773339399604527,19.236930461063345,9754200.0,2022-08-22 11:30:00
20.756345722761186,19.86436651150308,19.295782612645308,9755100.0,2022-08-22 11:45:00
20.79038538587368,19.939540530891936,19.35203867745874,9756000.0,2022-08-22 12:00:00
20.822661256780208,20.0060601281592,19.405365217164636,9756900.0,2022-08-22 12:15:00
20.84481320361135,20.06229637940908,19.45508655315324,9757800.0,2022-08-22 12:30:00
20.8738979725059,20.11214006968892,19.50138231521141,9758700.0,2022-08-22 12:45:00
20.91722321231528,20.159549045677974,19.544904898142367,9759600.0,2022-08-22 13:00:00
20.937641280283724,20.19981879186369,19.58537541551565,9760500.0,2022-08-22 13:15:00
20.92831850907523,20.235164151441943,19.623483707880165,9761400.0,2022-08-22 13:30:00
20.922568247887718,20.263287560600197,19.658740907172195,9762300.0,2022-08-22 13:45:00
20.93613961757004,20.28944374072552,19.69151844447555,9763200.0,2022-08-22 14:00:00
20.98680333090292,20.31856586650219,19.72277512377517,9764100.0,2022-08-22 14:15:00
21.077657103473847,20.35910012153749,19.754475811141894,9765000.0,2022-08-22 14:30:00
21.169401571707944,20.407275448230653,19.78772073701664,9765900.0,2022-08-22 14:45:00
21.255424258199284,20.45938645419746,19.8225805264074,9766800.0,2022-08-22 15:00:00
21.31898535661485,20.510160565989313,19.858571502804605,9767700.0,2022-08-22 15:15:00
21.347868127998204,20.556348790029197,19.8947667515294,9768600.0,2022-08-22 15:30:00
21.361607504044,20.598182149080884,19.930819540134728,9769500.0,2022-08-22 15:45:00
21.363956501036245,20.629028674017736,19.964833913825963,9770400.0,2022-08-22 16:00:00
21.351724549945352,20.654078532246917,19.99658001943848,9771300.0,2022-08-22 16:15:00
21.340727937517286,20.673406894504208,20.025677804716494,9772200.0,2022-08-22 16:30:00
21.330267311124484,20.68837953524282,20.05225396375922,9773100.0,2022-08-22 16:45:00
21.325568285099713,20.70383377348048,20.077083374194565,9774000.0,2022-08-22 17:00:00
21.326436190170316,20.715747770397808,20.100137705845427,9774900.0,2022-08-22 17:15:00
21.324471974280076,20.72745992809727,20.12175979649171,9775800.0,2022-08-22 17:30:00
21.310868579705037,20.73727222569648,20.14223625210949,9776700.0,2022-08-22 17:45:00
21.300502242333906,20.74361330952537,20.16106354840531,9777600.0,2022-08-22 18:00:00
21.28421157235421,20.748213671264487,20.17842013798317,9778500.0,2022-08-22 18:15:00
21.264011810468055,20.75093500748479,20.19442649971865,9779400.0,2022-08-22 18:30:00
21.233521901778943,20.74973346525294,20.20879995416392,9780300.0,2022-08-22 18:45:00
21.19895171270972,20.74598884719824,20.221545019401443,9781200.0,2022-08-22 19:00:00
21.160742136208025,20.737008141183928,20.23221623641347,9782100.0,2022-08-22 19:15:00
21.12271976107455,20.727296746997396,20.24111917372345,9783000.0,2022-08-22 19:30:00
21.083419772404827,20.71504156083712,20.248327231924343,9783900.0,2022-08-22 19:45:00
21.043824734134255,20.700355611174302,20.253815015205525,9784800.0,2022-08-22 20:00:00
21.00347869686061,20.68496864614447,20.257769708609874,9785700.0,2022-08-22 20:15:00
20.95764157320419,20.667681575575973,20.260414634957048,9786600.0,2022-08-22 20:30:00
20.91131141882656,20.648282523231277,20.261660790731423,9787500.0,2022-08-22 20:45:00
20.86548020332961,20.626275133968797,20.261383551185087,9788400.0,2022-08-22 21:00:00
20.816737782819462,20.605348337874787,20.260058831184192,9789300.0,2022-08-22 21:15:00
20.77422073182878,20.58218189148065,20.257468244857687,9790200.0,2022-08-22 21:30:00
20.730609866436087,20.559523144308184,20.253800509487316,9791100.0,2022-08-22 21:45:00
20.68736750336957,20.5347348191104,20.249018679900015,9792000.0,2022-08-22 22:00:00
20.64597956163149,20.50942885430949,20.243227335910653,9792900.0,2022-08-22 22:15:00
20.60688294035442,20.485964971431336,20.236711956835357,9793800.0,2022-08-22 22:30:00
20.5686403318834,20.462556131438543,20.229704683428736,9794700.0,2022-08-22 22:45:00
20.529291029484877,20.437707715908623,20.221949722691495,9795600.0,2022-08-22 23:00:00
20.48985344246276,20.4119743893542,20.213406124935204,9796500.0,2022-08-22 23:15:00
20.45312672675309,20.390411306633208,20.204952871225213,9797400.0,2022-08-22 23:30:00
20.416408664505795,20.365923745055444,20.19592720336713,9798300.0,2022-08-22 23:45:00
20.383525711309616,20.34199814216663,20.18636294638395,9799200.0,2022-08-23 00:00:00
20.35029253347493,20.319761458254003,20.17665013398828,9800100.0,2022-08-23 00:15:00
20.31520142260144,20.297534061649586,20.166712564304373,9801000.0,2022-08-23 00:30:00
20.278919188372985,20.274151342075456,20.156468399102387,9801900.0,2022-08-23 00:45:00
20.24022941693592,20.25136521058305,20.146031831515767,9802800.0,2022-08-23 01:00:00
20.19930717553816,20.22692945562977,20.135131081327255,9803700.0,2022-08-23 01:15:00
20.158933861130215,20.20082352375965,20.1234792130703,9804600.0,2022-08-23 01:30:00
20.12067329504445,20.17568181603041,20.111428010827435,9805500.0,2022-08-23 01:45:00
20.083657718696045,20.148140370055334,20.09859377677112,9806400.0,2022-08-23 02:00:00
20.048628602687877,20.12445612144549,20.085545563418208,9807300.0,2022-08-23 02:15:00
20.017746832944574,20.1010826433186,20.072590270252636,9808200.0,2022-08-23 02:30:00
19.98645442326824,20.075014754982487,20.05919993769526,9809100.0,2022-08-23 02:45:00
19.95552980386326,20.053558847181566,20.045847491100837,9810000.0,2022-08-23 03:00:00
19.93015637091436,20.031642538372083,20.03262611629067,9810900.0,2022-08-23 03:15:00
19.90828496695489,20.00867153771316,20.01927601786392,9811800.0,2022-08-23 03:30:00
19.892251490891624,19.99156881725181,20.00637741891592,9812700.0,2022-08-23 03:45:00
19.88212566254036,19.974996571377098,19.99397398816797,9813600.0,2022-08-23 04:00:00
19.880610382795705,19.961416089263384,19.982223806906088,9814500.0,2022-08-23 04:15:00
19.883557888243235,19.951957550465377,19.971582554724215,9815400.0,2022-08-23 04:30:00
19.893576292933982,19.9441148925922,19.961944060785918,9816300.0,2022-08-23 04:45:00
19.909785025476054,19.940293159017425,19.95352425130852,9817200.0,2022-08-23 05:00:00
19.93462844544417,19.94098749274372,19.9466144207114,9818100.0,2022-08-23 05:15:00
19.965134338039785,19.944141158894254,19.941169877203578,9819000.0,2022-08-23 05:30:00
20.00401168482808,19.9540934906693,19.93770182573976,9819900.0,2022-08-23 05:45:00
20.05818669640034,19.968330250213977,19.93629864923049,9820800.0,2022-08-23 06:00:00
20.121836247699807,19.9892879683532,19.93740112656474,9821700.0,2022-08-23 06:15:00
20.18507240548547,20.01324471768385,19.94077170619435,9822600.0,2022-08-23 06:30:00
20.23632876946427,20.039120798777063,19.946283603008215,9823500.0,2022-08-23 06:45:00
20.285209054367357,20.06570921881172,19.95365182713256,9824400.0,2022-08-23 07:00:00
20.339638707971776,20.0953733339969,19.9628339826976,9825300.0,2022-08-23 07:15:00
20.39624433568276,20.127604820248436,19.973920295090128,9826200.0,2022-08-23 07:30:00
20.448152038668056,20.158877216167145,19.986272586089527,9827100.0,2022-08-23 07:45:00
20.514075819725324,20.192132188268584,19.999852388523575,9828000.0,2022-08-23 08:00:00
20.606912216212777,20.232487380581,20.01525502608684,9828900.0,2022-08-23 08:15:00
20.684534780503157,20.275384151548955,20.032648195859487,9829800.0,2022-08-23 08:30:00
20.7593715772596,20.321570808686793,20.052048376605164,9830700.0,2022-08-23 08:45:00
20.829010588220815,20.366089969948433,20.072865021847615,9831600.0,2022-08-23 09:00:00
20.886719791414976,20.41195780878159,20.09512110768566,9832500.0,2022-08-23 09:15:00
20.924293010069864,20.451748426890507,20.11786954625741,9833400.0,2022-08-23 09:30:00
20.945683357584528,20.486481055784775,20.140318685509193,9834300.0,2022-08-23 09:45:00
20.968522296360405,20.517632348627576,20.162171733048304,9835200.0,2022-08-23 10:00:00
20.98719505875686,20.54379049552028,20.18276051156928,9836100.0,2022-08-23 10:15:00
21.002443652172538,20.56870946783369,20.202387442845595,9837000.0,2022-08-23 10:30:00
21.021133807385556,20.58970859515904,20.220922840901295,9837900.0,2022-08-23 10:45:00
21.05637959342164,20.617167553894213,20.239653241212093,9838800.0,2022-08-23 11:00:00
21.109350340183084,20.64196955096587,20.25796434419906,9839700.0,2022-08-23 11:15:00
21.17877511553301,20.674047805652677,20.27693460728351,9840600.0,2022-08-23 11:30:00
21.258764030823688,20.71442140828607,20.297673208850743,9841500.0,2022-08-23 11:45:00
21.327511363054462,20.755705725540576,20.32010978025282,9842400.0,2022-08-23 12:00:00
21.381690898474925,20.796228425348144,20.343784293111245,9843300.0,2022-08-23 12:15:00
21.442892824417953,20.836551149863112,20.368251374865803,9844200.0,2022-08-23 12:30:00
21.504172781831507,20.88001351681641,20.39379596164288,9845100.0,2022-08-23 12:45:00
21.556435669143408,20.922987013594447,20.420254099994267,9846000.0,2022-08-23 13:00:00
21.585682000549276,20.960936736970424,20.44691820838355,9846900.0,2022-08-23 13:15:00
21.584009266746268,20.99026641506349,20.47241425208124,9847800.0,2022-08-23 13:30:00
21.5709418877554,21.00989715876086,20.495624121974103,9848700.0,2022-08-23 13:45:00
21.561227889935804,21.02773833150674,20.517175352216743,9849600.0,2022-08-23 14:00:00
21.55845684398641,21.040253430404256,20.53655314817744,9850500.0,2022-08-23 14:15:00
21.560261860102816,21.054007803825893,20.55458737028515,9851400.0,2022-08-23 14:30:00
21.561140893174205,21.06662456787292,20.57159957763037,9852300.0,2022-08-23 14:45:00
21.56078632365772,21.076956700507893,20.587441047827525,9853200.0,2022-08-23 15:00:00
21.560916398868265,21.084666152585037,20.602079147650457,9854100.0,2022-08-23 15:15:00
21.56446790413132,21.094906085947127,20.6160897555321,9855000.0,2022-08-23 15:30:00
21.568427210946417,21.103176940250297,20.62935192860456,9855900.0,2022-08-23 15:45:00
21.568360671113275,21.11169408008444,20.642155700156632,9856800.0,2022-08-23 16:00:00
21.563194111323416,21.117362064503794,20.654207914440597,9857700.0,2022-08-23 16:15:00
21.549894397555583,21.121083476005428,20.665269438405648,9858600.0,2022-08-23 16:30:00
21.533471419739406,21.12317800836024,20.67553298027492,9859500.0,2022-08-23 16:45:00
21.516392175059337,21.122177766072284,20.68452246377596,9860400.0,2022-08-23 17:00:00
21.496938911610872,21.120914776815383,20.69266879357487,9861300.0,2022-08-23 17:15:00
21.474685258175885,21.11891936458809,20.700178206986205,9862200.0,2022-08-23 17:30:00
21.446511500499216,21.10955714847956,20.70587778310048,9863100.0,2022-08-23 17:45:00
21.410947506065867,21.09991015487133,20.709984280423008,9864000.0,2022-08-23 18:00:00
21.369529802300416,21.088340428600425,20.712897527049478,9864900.0,2022-08-23 18:15:00
21.321498172094977,21.070369107967668,20.713944132624608,9865800.0,2022-08-23 18:30:00
21.273842436817205,21.052796888809848,20.713616791718326,9866700.0,2022-08-23 18:45:00
21.22188540028853,21.031129334790247,20.711611571103745,9867600.0,2022-08-23 19:00:00
21.16638313062047,21.003942089205015,20.707415044770105,9868500.0,2022-08-23 19:15:00
21.10701467069028,20.977021395423968,20.70150939542598,9869400.0,2022-08-23 19:30:00
21.04632745260267,20.948628122980935,20.69411030657654,9870300.0,2022-08-23 19:45:00
20.983933473446847,20.91577486675355,20.685087185601983,9871200.0,2022-08-23 20:00:00
20.91621532450102,20.880481841284627,20.67420789008232,9872100.0,2022-08-23 20:15:00
20.847953214514245,20.842507883145135,20.661535579180473,9873000.0,2022-08-23 20:30:00
20.78276455713194,20.80562419826716,20.647580907121355,9873900.0,2022-08-23 20:45:00
20.718079971211047,20.766606544275533,20.63236423815497,9874800.0,2022-08-23 21:00:00
20.650165875896743,20.72736642431736,20.61602988128381,9875700.0,2022-08-23 21:15:00
20.58287102726805,20.683344132629095,20.598002254412354,9876600.0,2022-08-23 21:30:00
20.51772232362056,20.643079407220725,20.57919376753722,9877500.0,2022-08-23 21:45:00
20.447594992445897,20.60047293235901,20.559338542198443,9878400.0,2022-08-23 22:00:00
20.379612178616046,20.55579000896764,20.538468487565257,9879300.0,2022-08-23 22:15:00
20.316709190082964,20.51333338009864,20.516829827112048,9880200.0,2022-08-23 22:30:00
20.256472691483697,20.47088189569196,20.4946301179031,9881100.0,2022-08-23 22:45:00
20.196346687778792,20.42819581127313,20.471824496841865,9882000.0,2022-08-23 23:00:00
20.134437482777223,20.38496326030612,20.448444136557946,9882900.0,2022-08-23 23:15:00
20.068637151722474,20.33968489537148,20.424194044377263,9883800.0,2022-08-23 23:30:00
20.00775196952569,20.29719778671565,20.399665205890308,9884700.0,2022-08-23 23:45:00
19.942311552668773,20.253529770044455,20.374709058775327,9885600.0,2022-08-24 00:00:00
19.877622190495902,20.209751876510104,20.349258622737295,9886500.0,2022-08-24 00:15:00
19.814072376380448,20.163029692523473,20.322924977822563,9887400.0,2022-08-24 00:30:00
19.75406077342151,20.11925159410385,20.29629440199005,9888300.0,2022-08-24 00:45:00
19.690623523834603,20.075812388576264,20.269417212955005,9889200.0,2022-08-24 01:00:00
19.627240818899207,20.029397517352525,20.24195874773361,9890100.0,2022-08-24 01:15:00
19.57592941699838,19.985916894266207,20.21423235807441,9891000.0,2022-08-24 01:30:00
19.5263681102634,19.945041391323688,20.18653608045875,9891900.0,2022-08-24 01:45:00
19.46738682444729,19.90083647045989,20.158443776821727,9892800.0,2022-08-24 02:00:00
19.407918953821543,19.859040370799903,20.130238055957623,9893700.0,2022-08-24 02:15:00
19.35311967871908,19.816081692040324,20.1019481330534,9894600.0,2022-08-24 02:30:00
19.30141996507784,19.774086149866733,20.073442790811352,9895500.0,2022-08-24 02:45:00
19.247140424332393,19.731719315954606,20.044758627839727,9896400.0,2022-08-24 03:00:00
19.197597227899543,19.69170425819096,20.01611053969372,9897300.0,2022-08-24 03:15:00
19.149685462884783,19.651201384451383,19.987555795016927,9898200.0,2022-08-24 03:30:00
19.105740257282967,19.612567313000845,19.959110079668168,9899100.0,2022-08-24 03:45:00
19.069877253797703,19.57537973879502,19.93087033330914,9900000.0,2022-08-24 04:00:00
19.046371727140105,19.542470119191275,19.903335016875392,9900900.0,2022-08-24 04:15:00
19.034056138698208,19.51258534174232,19.87651792982408,9901800.0,2022-08-24 04:30:00
19.02664910005135,19.488262076428708,19.85097731174553,9902700.0,2022-08-24 04:45:00
19.020083188007483,19.46504246830551,19.826644756061174,9903600.0,2022-08-24 05:00:00
19.022882464620874,19.445808113524308,19.80366134781013,9904500.0,2022-08-24 05:15:00
19.038125911879128,19.432193131579176,19.7822576081466,9905400.0,2022-08-24 05:30:00
19.065785478967783,19.424006542029808,19.76287917512456,9906300.0,2022-08-24 05:45:00
19.101555044628384,19.421181818265374,19.745697243195416,9907200.0,2022-08-24 06:00:00
19.14426276210596,19.423229577175064,19.73088661495929,9908100.0,2022-08-24 06:15:00
19.191789771682306,19.43236349767651,19.718728064004203,9909000.0,2022-08-24 06:30:00
19.245074510651765,19.44251665867645,19.708946817552835,9909900.0,2022-08-24 06:45:00
19.31996068781456,19.46064408432604,19.701837040714175,9910800.0,2022-08-24 07:00:00
19.408894408958524,19.48695384601666,19.697864360417864,9911700.0,2022-08-24 07:15:00
19.514258327124267,19.52210367182752,19.697512779425153,9912600.0,2022-08-24 07:30:00
19.616450528952992,19.562966084806707,19.70095042364334,9913500.0,2022-08-24 07:45:00
19.733797722589475,19.6097513831,19.70817006524868,9914400.0,2022-08-24 08:00:00
19.84879020848508,19.665269186005236,19.719385880224003,9915300.0,2022-08-24 08:15:00
20.003434743182197,19.72964485538184,19.734813100458364,9916200.0,2022-08-24 08:30:00
20.180392967970885,19.805544945085764,19.755258694044983,9917100.0,2022-08-24 08:45:00
20.39057506982832,19.896004494761527,19.781536404760505,9918000.0,2022-08-24 09:00:00
20.55601117059084,19.99014712097054,19.81322455853396,9918900.0,2022-08-24 09:15:00
20.71276872380108,20.0875941023951,19.849775609305222,9919800.0,2022-08-24 09:30:00
20.89146123324144,20.187726520886216,19.890556392078455,9920700.0,2022-08-24 09:45:00
21.077655518088296,20.29605840877828,19.93593821126252,9921600.0,2022-08-24 10:00:00
21.27155675019236,20.41053645777279,19.98597435427482,9922500.0,2022-08-24 10:15:00
21.42617151597535,20.52413937019685,20.039829160855223,9923400.0,2022-08-24 10:30:00
21.543245503886364,20.628074247878363,20.095426900686245,9924300.0,2022-08-24 10:45:00
21.67986193936648,20.731711516214343,20.15243240222776,9925200.0,2022-08-24 11:00:00
21.834428491202303,20.835298371723656,20.210629128660837,9926100.0,2022-08-24 11:15:00
22.00167852802235,20.945937038904592,20.271061376961008,9927000.0,2022-08-24 11:30:00
22.174802593271146,21.056174712640868,20.333269099109454,9927900.0,2022-08-24 11:45:00
22.341648704607653,21.171860345826364,20.39788032883635,9928800.0,2022-08-24 12:00:00
22.517308539739087,21.292398311657497,20.465404574248552,9929700.0,2022-08-24 12:15:00
22.6630954855585,21.406901460987,20.53441175716121,9930600.0,2022-08-24 12:30:00
22.75187221802513,21.512641536236806,20.603668115105524,9931500.0,2022-08-24 12:45:00
22.832031220064657,21.60732304370543,20.671451366436553,9932400.0,2022-08-24 13:00:00
22.918878635196258,21.69900891178592,20.738052910456403,9933300.0,2022-08-24 13:15:00
23.0378982373147,21.789520117974966,20.80365096690584,9934200.0,2022-08-24 13:30:00
23.156615849930425,21.878960535231744,20.868251537850853,9935100.0,2022-08-24 13:45:00
23.256904482908272,21.969796394752724,20.932863846317066,9936000.0,2022-08-24 14:00:00
23.346860839001224,22.0570725668838,20.997303127313646,9936900.0,2022-08-24 14:15:00
23.422997833742805,22.13704823434508,21.06048483714864,9937800.0,2022-08-24 14:30:00
23.504603040841136,22.21842274453745,21.12320216517022,9938700.0,2022-08-24 14:45:00
23.56833759657909,22.292299884421663,21.184433628864284,9939600.0,2022-08-24 15:00:00
23.626477802719062,22.360598503939407,21.243867567195387,9940500.0,2022-08-24 15:15:00
23.68114687093141,22.42765713636566,21.302072173445744,9941400.0,2022-08-24 15:30:00
23.731196332890693,22.48933615594052,21.358509769136685,9942300.0,2022-08-24 15:45:00
23.7866867534532,22.546746609527823,21.41288775045041,9943200.0,2022-08-24 16:00:00
23.83371062307552,22.605717287030163,21.46628717356903,9944100.0,2022-08-24 16:15:00
23.864777512842576,22.65668498805498,21.51776759073929,9945000.0,2022-08-24 16:30:00
23.864250002530294,22.69663579416873,21.565827719639724,9945900.0,2022-08-24 16:45:00
23.84126206584179,22.730236208627776,21.61085929222541,9946800.0,2022-08-24 17:00:00
23.787371352315123,22.746200908603974,21.650770263729136,9947700.0,2022-08-24 17:15:00
23.720588791334706,22.75323680923595,21.685716017028614,9948600.0,2022-08-24 17:30:00
23.65080904135128,22.748988965122503,21.71514736103432,9949500.0,2022-08-24 17:45:00
23.579888309136447,22.738804099348197,21.739664248356807,9950400.0,2022-08-24 18:00:00
23.508673206599234,22.72435742444132,21.760169186154368,9951300.0,2022-08-24 18:15:00
23.43434589317781,22.700914351156985,21.7760505694742,9952200.0,2022-08-24 18:30:00
23.36070275096789,22.67695760030158,21.788433245474124,9953100.0,2022-08-24 18:45:00
23.29240113625456,22.648794183336655,21.797406835951342,9954000.0,2022-08-24 19:00:00
23.232436823592472,22.624068446251805,21.80452344306256,9954900.0,2022-08-24 19:15:00
23.17812270294431,22.59668710463684,21.80947022742277,9955800.0,2022-08-24 19:30:00
23.126133086412647,22.569334861230967,21.812730504069833,9956700.0,2022-08-24 19:45:00
23.078887533149935,22.543133062290245,21.81462674967708,9957600.0,2022-08-24 20:00:00
23.029446269209934,22.517902112394648,21.81556765083501,9958500.0,2022-08-24 20:15:00
22.97825536368361,22.489058138962825,21.814852829062623,9959400.0,2022-08-24 20:30:00
22.92626946787325,22.463287052922848,21.8134020594036,9960300.0,2022-08-24 20:45:00
22.868761099390195,22.43304498093154,21.810366051901983,9961200.0,2022-08-24 21:00:00
22.80501156647444,22.40094711341152,21.80574809015683,9962100.0,2022-08-24 21:15:00
22.734882983070275,22.367628902420165,21.79973725857696,9963000.0,2022-08-24 21:30:00
22.659741803547107,22.331752662174512,21.79228766452024,9963900.0,2022-08-24 21:45:00
22.581237945978415,22.292144271670896,21.783093898383523,9964800.0,2022-08-24 22:00:00
22.502168768847778,22.252990332490537,21.772718974998767,9965700.0,2022-08-24 22:15:00
22.417467032425904,22.2077169960934,21.76029266170396,9966600.0,2022-08-24 22:30:00
22.33137257745414,22.158334538879327,21.745239392899983,9967500.0,2022-08-24 22:45:00
22.24658105993612,22.109320513278327,21.728332239147303,9968400.0,2022-08-24 23:00:00
22.162292255367458,22.062246418815008,21.710530760093214,9969300.0,2022-08-24 23:15:00
22.076431982926746,22.012296432302787,21.691355773441224,9970200.0,2022-08-24 23:30:00
22.00029750079154,21.962549313296154,21.671084670464552,9971100.0,2022-08-24 23:45:00
21.927148371519277,21.9124764160446,21.64974770914164,9972000.0,2022-08-25 00:00:00
21.856852239577425,21.862546504886645,21.62736195636458,9972900.0,2022-08-25 00:15:00
21.785004700481565,21.812588347067408,21.604028485536617,9973800.0,2022-08-25 00:30:00
21.7114818320596,21.762959915950074,21.580041155880643,9974700.0,2022-08-25 00:45:00
21.643159535609936,21.713874778484534,21.555394254043208,9975600.0,2022-08-25 01:00:00
21.579711573499015,21.66647663267953,21.530406461700895,9976500.0,2022-08-25 01:15:00
21.517315935088323,21.6194628703974,21.505130686335008,9977400.0,2022-08-25 01:30:00
21.456289577433367,21.57463737473836,21.479770038395085,9978300.0,2022-08-25 01:45:00
21.39664431379248,21.528752946193087,21.454127035510275,9979200.0,2022-08-25 02:00:00
21.337264830585415,21.483336258277788,21.428113567776673,9980100.0,2022-08-25 02:15:00
21.28185878603644,21.44046757440144,21.40221748512121,9981000.0,2022-08-25 02:30:00
21.22446410190505,21.396487433682584,21.37614156150968,9981900.0,2022-08-25 02:45:00
21.166140533661206,21.356145160968325,21.3503089940235,9982800.0,2022-08-25 03:00:00
21.11197979703635,21.312811983105263,21.324132346366785,9983700.0,2022-08-25 03:15:00
21.063089326093035,21.2719345417148,21.2979893848684,9984600.0,2022-08-25 03:30:00
21.01543335518225,21.232563426347006,21.27195938665548,9985500.0,2022-08-25 03:45:00
20.968671387402697,21.19361411465472,21.246025882987546,9986400.0,2022-08-25 04:00:00
20.925446125548447,21.155090994826967,21.22019154354068,9987300.0,2022-08-25 04:15:00
20.88748484346362,21.120463224104608,21.194847494501044,9988200.0,2022-08-25 04:30:00
20.860919953446714,21.08723066573357,21.169939665297733,9989100.0,2022-08-25 04:45:00
20.838030024244823,21.057222933475128,21.14580762133753,9990000.0,2022-08-25 05:00:00
20.82164836741078,21.029924233426136,21.122473060885397,9990900.0,2022-08-25 05:15:00
20.808435844559135,21.005117414458887,21.10000530157572,9991800.0,2022-08-25 05:30:00
20.80169870236917,20.986797396158806,21.07920723535995,9992700.0,2022-08-25 05:45:00
20.79787866190312,20.96744496602397,21.059495797954195,9993600.0,2022-08-25 06:00:00
20.791377106677544,20.95076050976504,21.040827191295353,9994500.0,2022-08-25 06:15:00
20.78412693265829,20.936373496551496,21.023248792086065,9995400.0,2022-08-25 06:30:00
20.77983338539679,20.921059508124127,21.00646106212685,9996300.0,2022-08-25 06:45:00
20.77967154026764,20.912101010989723,20.990973477112203,9997200.0,2022-08-25 07:00:00
20.78667572870725,20.902287706333993,20.976564746829222,9998100.0,2022-08-25 07:15:00
20.80825083066908,20.894527411983724,20.96317267883478,9999000.0,2022-08-25 07:30:00
20.84148088021257,20.894670577332004,20.951432423146187,9999900.0,2022-08-25 07:45:00
20.891272370170768,20.900484278818723,20.94177580560607,10000800.0,2022-08-25 08:00:00
20.92604202774328,20.911353613382595,20.934577532270108,10001700.0,2022-08-25 08:15:00
20.944474788409494,20.919795930471217,20.929083570933926,10002600.0,2022-08-25 08:30:00
20.958548813771525,20.927066605164317,20.92465419793196,10003500.0,2022-08-25 08:45:00
20.96791891032877,20.93342931152748,20.921027807325856,10004400.0,2022-08-25 09:00:00
20.97805372996583,20.94021884407716,20.917999229321648,10005300.0,2022-08-25 09:15:00
20.987612957436905,20.94455425093534,20.915218666703325,10006200.0,2022-08-25 09:30:00
21.00616802894864,20.949914405973598,20.912895561549725,10007100.0,2022-08-25 09:45:00
21.035412895523308,20.959458030332115,20.91134460290588,10008000.0,2022-08-25 10:00:00
21.067603061117445,20.970069728690525,20.910577742331913,10008900.0,2022-08-25 10:15:00
21.096013386574715,20.982916338526987,20.911008474024342,10009800.0,2022-08-25 10:30:00
21.129932529988913,20.995235642975413,20.912274887286387,10010700.0,2022-08-25 10:45:00
21.16923664318192,21.01136621544929,20.91460424271524,10011600.0,2022-08-25 11:00:00
21.220754636650103,21.032715989248764,20.91844311392396,10012500.0,2022-08-25 11:15:00
21.28175193004228,21.057789176755925,20.92402238326135,10013400.0,2022-08-25 11:30:00
21.331974656685908,21.084441966921364,20.931387742305592,10014300.0,2022-08-25 11:45:00
21.37794802406794,21.110496685445217,20.940084781736427,10015200.0,2022-08-25 12:00:00
21.419782617103586,21.13835999799917,20.95003963112689,10016100.0,2022-08-25 12:15:00
21.4633922316066,21.16441703906751,20.960824924021,10017000.0,2022-08-25 12:30:00
21.502494999139568,21.192641566406287,20.972501613671856,10017900.0,2022-08-25 12:45:00
21.549649352989228,21.220275442344665,20.984884913396023,10018800.0,2022-08-25 13:00:00
21.605200005481077,21.249164250455586,20.99809215355328,10019700.0,2022-08-25 13:15:00
21.642414084699773,21.279585999775108,21.012231473681894,10020600.0,2022-08-25 13:30:00
21.652824721902963,21.302044860592545,21.026100654068607,10021500.0,2022-08-25 13:45:00
21.650839628369177,21.32166131970326,21.039499397510973,10022400.0,2022-08-25 14:00:00
21.64266719210436,21.334343410306033,21.05168532562616,10023300.0,2022-08-25 14:15:00
21.62705769756252,21.343008250066283,21.062316846191248,10024200.0,2022-08-25 14:30:00
21.610289890230067,21.34609354923672,21.071177621030618,10025100.0,2022-08-25 14:45:00
21.594785309616576,21.34883890984465,21.078695568163123,10026000.0,2022-08-25 15:00:00
21.57441391799277,21.348293182016615,21.084720291592426,10026900.0,2022-08-25 15:15:00
21.54654946632684,21.344374670317595,21.089330870517063,10027800.0,2022-08-25 15:30:00
21.50423796012817,21.333331645912104,21.091767705190268,10028700.0,2022-08-25 15:45:00
21.457678882337508,21.31852618647565,21.092149997208047,10029600.0,2022-08-25 16:00:00
21.4160319170268,21.301754090320696,21.09071080313611,10030500.0,2022-08-25 16:15:00
21.37676368209111,21.281881532297128,21.087256949034195,10031400.0,2022-08-25 16:30:00
21.336354117321804,21.262558742166256,21.082434585234942,10032300.0,2022-08-25 16:45:00
21.295679975006163,21.24214645672205,21.07646779594529,10033200.0,2022-08-25 17:00:00
21.248570426825903,21.21924183780873,21.0693278387676,10034100.0,2022-08-25 17:15:00
21.19274499301989,21.191997564201554,21.060628552402775,10035000.0,2022-08-25 17:30:00
21.1310511098642,21.161423887780085,21.050175061177207,10035900.0,2022-08-25 17:45:00
21.06737898640059,21.129395050428165,21.038116666603695,10036800.0,2022-08-25 18:00:00
21.00345304738808,21.095827050521667,21.02466497525684,10037700.0,2022-08-25 18:15:00
20.938001342928608,21.05836439238632,21.00963842513372,10038600.0,2022-08-25 18:30:00
20.87952234905609,21.01981197547785,20.993132306840337,10039500.0,2022-08-25 18:45:00
20.82352403816895,20.982595876818717,20.97550844690328,10040400.0,2022-08-25 19:00:00
20.77353272364248,20.94495787366821,20.95694842988635,10041300.0,2022-08-25 19:15:00
20.726193009675704,20.909985314461753,20.937880793069542,10042200.0,2022-08-25 19:30:00
20.6812939705054,20.874648712474674,20.91846389579347,10043100.0,2022-08-25 19:45:00
20.63632369222965,20.842232105875425,20.899045618336235,10044000.0,2022-08-25 20:00:00
20.591344952020894,20.80685699713384,20.87904268509257,10044900.0,2022-08-25 20:15:00
20.545165960181297,20.772704787843512,20.85872173049012,10045800.0,2022-08-25 20:30:00
20.489885672672177,20.73692786289936,20.83804926681523,10046700.0,2022-08-25 20:45:00
20.43281521812972,20.70209990145583,20.81708030904229,10047600.0,2022-08-25 21:00:00
20.37290355906941,20.66286038685036,20.795289341187555,10048500.0,2022-08-25 21:15:00
20.316951334182704,20.624837780588454,20.772753323334,10049400.0,2022-08-25 21:30:00
20.25081541765802,20.582995167170168,20.74935157241105,10050300.0,2022-08-25 21:45:00
20.18636670667838,20.541483507660217,20.72508971140248,10051200.0,2022-08-25 22:00:00
20.104257750763303,20.49761227949777,20.700051618761883,10052100.0,2022-08-25 22:15:00
20.039719276177735,20.450090591315305,20.67380522022549,10053000.0,2022-08-25 22:30:00
19.96611286638504,20.403267595729137,20.646529301736827,10053900.0,2022-08-25 22:45:00
19.891040033434724,20.355427566332285,20.618443680320432,10054800.0,2022-08-25 23:00:00
19.801017003233515,20.301892732432687,20.588988520370176,10055700.0,2022-08-25 23:15:00
19.739417788176784,20.24931597134391,20.558327036659563,10056600.0,2022-08-25 23:30:00
19.669454387070846,20.2001027977417,20.52721549290212,10057500.0,2022-08-25 23:45:00
19.59222505722836,20.147686185114686,20.495310635499745,10058400.0,2022-08-26 00:00:00
19.515557814742717,20.09417468451067,20.462658688290983,10059300.0,2022-08-26 00:15:00
19.42772136411783,20.040167696574063,20.429310727482655,10060200.0,2022-08-26 00:30:00
19.33316159963531,19.980947729565397,20.39489263695281,10061100.0,2022-08-26 00:45:00
19.251176055699247,19.923627922103563,20.35962382837613,10062000.0,2022-08-26 01:00:00
19.17058408268831,19.866692152884625,20.32353554978163,10062900.0,2022-08-26 01:15:00
19.099098516160023,19.807613654559542,20.28651059060265,10063800.0,2022-08-26 01:30:00
19.008110532116,19.74693026544864,20.24872037619144,10064700.0,2022-08-26 01:45:00
18.92391307534402,19.689137650548552,20.210507947812033,10065600.0,2022-08-26 02:00:00
18.844230659669478,19.628056228947436,20.1715729447696,10066500.0,2022-08-26 02:15:00
18.76562877179959,19.56966906363497,20.132278247093865,10067400.0,2022-08-26 02:30:00
18.69105982543005,19.51064737821485,20.09259130886468,10068300.0,2022-08-26 02:45:00
18.610903256376183,19.452465458891588,20.052708876616663,10069200.0,2022-08-26 03:00:00
18.520487662700713,19.39196681220376,20.01225043626845,10070100.0,2022-08-26 03:15:00
18.41520221660489,19.327624157494945,19.97094657576116,10071000.0,2022-08-26 03:30:00
18.348170014215068,19.266953962950552,19.929158082692705,10071900.0,2022-08-26 03:45:00
18.30301323238385,19.209244419819136,19.887272254698573,10072800.0,2022-08-26 04:00:00
18.240185184276164,19.153306035879112,19.845558937222453,10073700.0,2022-08-26 04:15:00
18.180877618386127,19.101897934722295,19.80423990498067,10074600.0,2022-08-26 04:30:00
18.139717503803872,19.05211575908889,19.7635908421242,10075500.0,2022-08-26 04:45:00
18.117436860973275,19.007064674235306,19.724063327603965,10076400.0,2022-08-26 05:00:00
18.090060667035573,18.967995914942573,19.68583588402941,10077300.0,2022-08-26 05:15:00
18.069932788442287,18.930027970633088,19.648937455050188,10078200.0,2022-08-26 05:30:00
18.05864416939391,18.900310377748657,19.613613305076036,10079100.0,2022-08-26 05:45:00
18.061014675309558,18.871624002408527,19.580022413536017,10080000.0,2022-08-26 06:00:00
18.081964325849725,18.85106316648504,19.548445620227195,10080900.0,2022-08-26 06:15:00
18.12096990628693,18.837772487978203,19.519278280618135,10081800.0,2022-08-26 06:30:00
18.1795041512972,18.834357034468887,19.49301394898301,10082700.0,2022-08-26 06:45:00
18.243666685438992,18.83707484002468,19.4700916694159,10083600.0,2022-08-26 07:00:00
18.322093259936526,18.84770201661058,19.450765349830554,10084500.0,2022-08-26 07:15:00
18.437726842635715,18.871817152139908,19.435574386111785,10085400.0,2022-08-26 07:30:00
18.54422760650948,18.90330458040708,19.424817318005687,10086300.0,2022-08-26 07:45:00
18.650047486224736,18.940855320705225,19.418408423347337,10087200.0,2022-08-26 08:00:00
18.733983554047324,18.980137210473256,19.41576451971644,10088100.0,2022-08-26 08:15:00
18.839812706547168,19.023416387863,19.416569921856183,10089000.0,2022-08-26 08:30:00
18.92358432690825,19.06609690691665,19.420197026241286,10089900.0,2022-08-26 08:45:00
18.996448564619183,19.110789458349327,19.426272901338653,10090800.0,2022-08-26 09:00:00
19.0953863847064,19.156636748754327,19.43455013807071,10091700.0,2022-08-26 09:15:00
19.17881778783485,19.201961774078782,19.44482256149488,10092600.0,2022-08-26 09:30:00
19.31540251620359,19.257412071198956,19.45768658626172,10093500.0,2022-08-26 09:45:00
19.52526463931468,19.334330323863828,19.47531944139124,10094400.0,2022-08-26 10:00:00
19.749968542872,19.4252415337832,19.498744677029972,10095300.0,2022-08-26 10:15:00
19.98119237173677,19.52901190244675,19.528815372789648,10096200.0,2022-08-26 10:30:00
20.14793481884048,19.6340089587504,19.56475384586146,10097100.0,2022-08-26 10:45:00
20.3116511281036,19.736418920094938,19.605043594516346,10098000.0,2022-08-26 11:00:00
20.475914455461574,19.842601680142923,19.64935671395733,10098900.0,2022-08-26 11:15:00
20.622193782054737,19.95151432034317,19.697413599797656,10099800.0,2022-08-26 11:30:00
20.739108264677725,20.049895189018855,19.74716750804997,10100700.0,2022-08-26 11:45:00
20.84823610874692,20.142740537431568,19.79762549113574,10101600.0,2022-08-26 12:00:00
20.990453955492505,20.23727639434645,19.84890687171734,10102500.0,2022-08-26 12:15:00
21.119480014077403,20.33241128803414,19.901192867271728,10103400.0,2022-08-26 12:30:00
21.219606542034285,20.42413095657686,19.954384705639768,10104300.0,2022-08-26 12:45:00
21.28062037556942,20.503222525135254,20.006582066904816,10105200.0,2022-08-26 13:00:00
21.325357500594897,20.57014550312567,20.056426440761392,10106100.0,2022-08-26 13:15:00
21.382453643571555,20.63716985217331,20.10470167405583,10107000.0,2022-08-26 13:30:00
21.45294072097367,20.69980202019636,20.151408371398755,10107900.0,2022-08-26 13:45:00
21.51923374083727,20.761874310878994,20.19699632588236,10108800.0,2022-08-26 14:00:00
21.574712277103053,20.817939251270676,20.24111312884418,10109700.0,2022-08-26 14:15:00
21.612948128801666,20.869461973686153,20.283434156656003,10110600.0,2022-08-26 14:30:00
21.655092300207635,20.920835279935,20.324714560704532,10111500.0,2022-08-26 14:45:00
21.67590637316596,20.96426246153016,20.364282151303136,10112400.0,2022-08-26 15:00:00
21.673493587471803,21.000816069849925,20.40165458390052,10113300.0,2022-08-26 15:15:00
21.672467898816656,21.02986357278192,20.436307600146748,10114200.0,2022-08-26 15:30:00
21.65851459250424,21.051338542336477,20.46779568553172,10115100.0,2022-08-26 15:45:00
21.628562122984945,21.06562521753072,20.49603142663663,10116000.0,2022-08-26 16:00:00
21.584242296891517,21.07323866882499,20.520824503215664,10116900.0,2022-08-26 16:15:00
21.530837550421573,21.0705685071432,20.541675501136748,10117800.0,2022-08-26 16:30:00
21.467215352417487,21.061744169409693,20.558680567606135,10118700.0,2022-08-26 16:45:00
21.38278112074221,21.043308120247737,20.571321371302066,10119600.0,2022-08-26 17:00:00
21.290567963189755,21.01668101880004,20.5796942884221,10120500.0,2022-08-26 17:15:00
21.188625260854376,20.982720841260765,20.583744774650828,10121400.0,2022-08-26 17:30:00
21.078034914345945,20.9389678704521,20.58288995940898,10122300.0,2022-08-26 17:45:00
20.961032891886227,20.890680217657096,20.577776298374005,10123200.0,2022-08-26 18:00:00
20.8386489639594,20.836259961714138,20.568678180040465,10124100.0,2022-08-26 18:15:00
20.72351050106539,20.77755409987028,20.55574309998655,10125000.0,2022-08-26 18:30:00
20.616222585901436,20.719531505837345,20.540049998720075,10125900.0,2022-08-26 18:45:00
20.505273085921957,20.654261250240467,20.52081530271789,10126800.0,2022-08-26 19:00:00
20.407217538432736,20.594277170246507,20.499640294351337,10127700.0,2022-08-26 19:15:00
20.297372986686486,20.530339797643173,20.47631973563112,10128600.0,2022-08-26 19:30:00
20.2085310131874,20.46849128340141,20.451421206983127,10129500.0,2022-08-26 19:45:00
20.122903464827765,20.40569092952062,20.4250819158384,10130400.0,2022-08-26 20:00:00
20.044850509878767,20.348596281300633,20.398079719387905,10131300.0,2022-08-26 20:15:00
19.967287956840952,20.29010487961328,20.370278798390967,10132200.0,2022-08-26 20:30:00
19.887705378816207,20.233404994432448,20.34199465652528,10133100.0,2022-08-26 20:45:00
19.81272903769752,20.179174143364826,20.313515824040078,10134000.0,2022-08-26 21:00:00
19.74024366443016,20.124465350665517,20.284631052463588,10134900.0,2022-08-26 21:15:00
19.66559391154144,20.07090928477447,20.255428459720257,10135800.0,2022-08-26 21:30:00
19.582300053327327,20.01802241165064,20.22600007802765,10136700.0,2022-08-26 21:45:00
19.49494745455912,19.960318694440566,20.195647232111916,10137600.0,2022-08-26 22:00:00
19.404269183175735,19.902193702809328,20.16440831630763,10138500.0,2022-08-26 22:15:00
19.30890229664063,19.842710306146,20.13217620850693,10139400.0,2022-08-26 22:30:00
19.213105938823727,19.781573630515748,20.09893513405277,10140300.0,2022-08-26 22:45:00
19.11715973059655,19.719058678381057,20.0644801312163,10141200.0,2022-08-26 23:00:00
19.006837070402923,19.65299525413584,20.02872705247325,10142100.0,2022-08-26 23:15:00
18.904493497122047,19.585516589776734,19.991629173517573,10143000.0,2022-08-26 23:30:00
18.79523438331072,19.515528821329447,19.95302423953822,10143900.0,2022-08-26 23:45:00
18.69456785231936,19.445691148611026,19.913288066254,10144800.0,2022-08-27 00:00:00
18.57683590768191,19.374542723785734,19.87244137009563,10145700.0,2022-08-27 00:15:00
18.46289391773153,19.29983263068019,19.83027028653526,10146600.0,2022-08-27 00:30:00
18.362787382344234,19.227300016909474,19.786976365929505,10147500.0,2022-08-27 00:45:00
18.263296194826953,19.15520716479253,19.74285093295096,10148400.0,2022-08-27 01:00:00
18.164504441445555,19.08204646176392,19.69799837447788,10149300.0,2022-08-27 01:15:00
18.067202959963208,19.011129039956952,19.65255821022419,10150200.0,2022-08-27 01:30:00
17.96512905664348,18.9383817641802,19.606543434909177,10151100.0,2022-08-27 01:45:00
17.868884879632063,18.864996744820303,19.559906260935584,10152000.0,2022-08-27 02:00:00
17.777837719452364,18.79428851563204,19.512954772953503,10152900.0,2022-08-27 02:15:00
17.685420818576404,18.724926662746853,19.46572903012519,10153800.0,2022-08-27 02:30:00
17.589108843709727,18.654117564513953,19.418198988744887,10154700.0,2022-08-27 02:45:00
17.49287584220246,18.583980894969795,19.37041796750327,10155600.0,2022-08-27 03:00:00
17.415557257566036,18.514041610925545,19.322240423071893,10156500.0,2022-08-27 03:15:00
17.331887532006885,18.44658456835453,19.274158986305626,10157400.0,2022-08-27 03:30:00
17.246464836678427,18.381002054552496,19.226115691066383,10158300.0,2022-08-27 03:45:00
17.176325462797728,18.31565891622853,19.178216380852696,10159200.0,2022-08-27 04:00:00
17.10933317027948,18.253884964219846,19.13062508426055,10160100.0,2022-08-27 04:15:00
17.04014525892663,18.194398958457455,19.083455473875528,10161000.0,2022-08-27 04:30:00
16.985209978950778,18.13461701711813,19.03684312359737,10161900.0,2022-08-27 04:45:00
16.944841783787986,18.083625191965947,18.99119170044479,10162800.0,2022-08-27 05:00:00
16.89822913795715,18.03167332052704,18.946546378929767,10163700.0,2022-08-27 05:15:00
16.879450706081876,17.986343939244065,18.903203660888348,10164600.0,2022-08-27 05:30:00
16.870889406868727,17.949288303975433,18.861634555997394,10165500.0,2022-08-27 05:45:00
16.881721109792753,17.91927724164029,18.82220928873421,10166400.0,2022-08-27 06:00:00
16.9174790027468,17.896003351433215,18.785205950128997,10167300.0,2022-08-27 06:15:00
16.972264773619468,17.882718263695377,18.751313676314957,10168200.0,2022-08-27 06:30:00
17.048031113138922,17.879057626668008,18.721180214690172,10169100.0,2022-08-27 06:45:00
17.14666428439562,17.88926198871327,18.69541807263661,10170000.0,2022-08-27 07:00:00
17.276196960081776,17.91208622319471,18.67458593993366,10170900.0,2022-08-27 07:15:00
17.426993033975474,17.948610245070913,18.659242051372047,10171800.0,2022-08-27 07:30:00
17.57911357070478,17.996588002517413,18.649652996176847,10172700.0,2022-08-27 07:45:00
17.740949262895573,18.05468550464625,18.645916870977796,10173600.0,2022-08-27 08:00:00
17.91090459250645,18.121513828258724,18.64790224119191,10174500.0,2022-08-27 08:15:00
18.07108699036313,18.193674019127165,18.655343409712454,10175400.0,2022-08-27 08:30:00
18.17269537625307,18.26275741285909,18.667178297448164,10176300.0,2022-08-27 08:45:00
18.26505004385648,18.325442889451345,18.681834230405396,10177200.0,2022-08-27 09:00:00
18.38380608392847,18.391591517187408,18.69887804572288,10178100.0,2022-08-27 09:15:00
18.533063080299705,18.46384688242079,18.718568093357277,10179000.0,2022-08-27 09:30:00
18.698269906612257,18.542314907097325,18.74152235001361,10179900.0,2022-08-27 09:45:00
18.899917562158,18.63320453303996,18.768682941002545,10180800.0,2022-08-27 10:00:00
19.04090545326933,18.723927769349554,18.79972058354536,10181700.0,2022-08-27 10:15:00
19.140175210596887,18.806188921293955,18.833223214213575,10182600.0,2022-08-27 10:30:00
19.24830399119873,18.88448347725547,18.868251765672017,10183500.0,2022-08-27 10:45:00
19.388381399814495,18.968560334618623,18.90525568573484,10184400.0,2022-08-27 11:00:00
19.59344275788117,19.066302942134488,18.945651913441736,10185300.0,2022-08-27 11:15:00
19.81353671606378,19.177598594294977,18.99073747421152,10186200.0,2022-08-27 11:30:00
20.02304188336681,19.294053135963615,19.040622115217015,10187100.0,2022-08-27 11:45:00
20.15277399585709,19.404912050363105,19.0940903872854,10188000.0,2022-08-27 12:00:00
20.22845995598608,19.500343180705343,19.148439149177225,10188900.0,2022-08-27 12:15:00
20.319721605553116,19.59067823778537,19.20269939321224,10189800.0,2022-08-27 12:30:00
20.48146328129488,19.687919908186483,19.257847210540262,10190700.0,2022-08-27 12:45:00
20.66394462442204,19.793309567004822,19.31510829452641,10191600.0,2022-08-27 13:00:00
20.789431035332473,19.89625903500069,19.374106977921933,10192500.0,2022-08-27 13:15:00
20.855588904810208,19.98268095916509,19.432288551851222,10193400.0,2022-08-27 13:30:00
20.912008103311862,20.06231419331477,19.489180573776185,10194300.0,2022-08-27 13:45:00
20.966450284769905,20.136767251115156,19.544523229594606,10195200.0,2022-08-27 14:00:00
21.029951087875038,20.203616926947905,19.597757446006675,10196100.0,2022-08-27 14:15:00
21.113874450907566,20.271981163742225,19.649653008579246,10197000.0,2022-08-27 14:30:00
21.247944862153965,20.353192977926877,19.702704828035664,10197900.0,2022-08-27 14:45:00
21.36699568550476,20.435047961907426,19.75683477022908,10198800.0,2022-08-27 15:00:00
21.45638279109496,20.514058717694944,19.81156602316305,10199700.0,2022-08-27 15:15:00
21.52319475509173,20.58960614499731,19.866493139075075,10200600.0,2022-08-27 15:30:00
21.563051580529116,20.655793065537456,19.9202556765492,10201500.0,2022-08-27 15:45:00
21.57328587708273,20.710477110168934,19.97152717876246,10202400.0,2022-08-27 16:00:00
21.56101527102855,20.750135630773087,20.018703924012545,10203300.0,2022-08-27 16:15:00
21.52738375141896,20.78101640420924,20.061626833894184,10204200.0,2022-08-27 16:30:00
21.476516203746,20.80042405647053,20.09993642499172,10205100.0,2022-08-27 16:45:00
21.416209241555592,20.80640040577152,20.132746463598306,10206000.0,2022-08-27 17:00:00
21.33314136047959,20.80255514020624,20.160196869549527,10206900.0,2022-08-27 17:15:00
21.235689417320376,20.78377126124155,20.181380086683635,10207800.0,2022-08-27 17:30:00
21.134780928497293,20.757167304837775,20.196573498838006,10208700.0,2022-08-27 17:45:00
21.02678976568181,20.72234793408072,20.206155839726147,10209600.0,2022-08-27 18:00:00
20.90727488531504,20.679210928881204,20.210398333365827,10210500.0,2022-08-27 18:15:00
20.79042234119676,20.630698712097455,20.209738800339377,10211400.0,2022-08-27 18:30:00
20.685357168873576,20.57743143301204,20.204615194705713,10212300.0,2022-08-27 18:45:00
20.59198234352853,20.52529023017468,20.19624042920316,10213200.0,2022-08-27 19:00:00
20.505552547241766,20.474585036146507,20.185411125286105,10214100.0,2022-08-27 19:15:00
20.429641909312764,20.42313574450344,20.172398886541146,10215000.0,2022-08-27 19:30:00
20.362782298786044,20.374724592837595,20.15788367952185,10215900.0,2022-08-27 19:45:00
20.296811508491206,20.329309752994178,20.14252395888732,10216800.0,2022-08-27 20:00:00
20.2457240860369,20.285739030469983,20.126621381749928,10217700.0,2022-08-27 20:15:00
20.192050059077072,20.24359220886464,20.1103041132661,10218600.0,2022-08-27 20:30:00
20.142115478526307,20.20776341943304,20.094445793489445,10219500.0,2022-08-27 20:45:00
20.089791906585955,20.170572766794947,20.078583899160368,10220400.0,2022-08-27 21:00:00
20.034328215996208,20.13480407788665,20.06265751801312,10221300.0,2022-08-27 21:15:00
19.978902301634477,20.096472147319677,20.046315395411742,10222200.0,2022-08-27 21:30:00
19.91920428456584,20.05725481426024,20.02916655620896,10223100.0,2022-08-27 21:45:00
19.849938380389705,20.018046934881752,20.011437399739474,10224000.0,2022-08-27 22:00:00
19.778092683080327,19.976831814909094,19.992900789763024,10224900.0,2022-08-27 22:15:00
19.69758491402036,19.931091680486748,19.97292151050864,10225800.0,2022-08-27 22:30:00
19.61772374854446,19.88427375684668,19.95167965091517,10226700.0,2022-08-27 22:45:00
19.540268366660516,19.83592691754644,19.929147113233547,10227600.0,2022-08-27 23:00:00
19.45745697932964,19.78532801524243,19.90531951381152,10228500.0,2022-08-27 23:15:00
19.373388311596734,19.73286724783984,19.88010832412881,10229400.0,2022-08-27 23:30:00
19.28791114102244,19.681239308663383,19.853822998247598,10230300.0,2022-08-27 23:45:00
19.197132130787026,19.625348929345243,19.82613575183321,10231200.0,2022-08-28 00:00:00
19.10994505958689,19.569455433454607,19.79729870422902,10232100.0,2022-08-28 00:15:00
19.020666787620343,19.510871605061972,19.76713154134699,10233000.0,2022-08-28 00:30:00
18.92619637982984,19.45128374249598,19.73559904482824,10233900.0,2022-08-28 00:45:00
18.825174042329255,19.389736455848617,19.702854075608847,10234800.0,2022-08-28 01:00:00
18.730680897655446,19.327013317832954,19.668890643855203,10235700.0,2022-08-28 01:15:00
18.635379073074816,19.26252552249116,19.633675396954214,10236600.0,2022-08-28 01:30:00
18.54108945194149,19.19794810545913,19.597375972405967,10237500.0,2022-08-28 01:45:00
18.448761480431447,19.13402239251964,19.56012796930772,10238400.0,2022-08-28 02:00:00
18.358850995440925,19.068946822546025,19.521942029966315,10239300.0,2022-08-28 02:15:00
18.27369664684829,19.004879231011188,19.483219405615923,10240200.0,2022-08-28 02:30:00
18.183801927172755,18.941995571703163,19.444103163307705,10241100.0,2022-08-28 02:45:00
18.098685320193574,18.878629630887353,19.404543290847084,10242000.0,2022-08-28 03:00:00
18.01390956245729,18.8156292082672,19.364462601731173,10242900.0,2022-08-28 03:15:00
17.927214198204634,18.751636375092836,19.323880692536196,10243800.0,2022-08-28 03:30:00
17.845952519516754,18.68887796149874,19.28294253565617,10244700.0,2022-08-28 03:45:00
17.78298379295278,18.630432538781744,19.24191512839834,10245600.0,2022-08-28 04:00:00
17.72016797822415,18.574314654498345,19.20125512656044,10246500.0,2022-08-28 04:15:00
17.668733522846097,18.51980401847784,19.160972077509992,10247400.0,2022-08-28 04:30:00
17.628044256728614,18.46953097863337,19.121298879731263,10248300.0,2022-08-28 04:45:00
17.598996911040445,18.42470660185777,19.08277980067393,10249200.0,2022-08-28 05:00:00
17.571557609915494,18.38301860418373,19.045532153626823,10250100.0,2022-08-28 05:15:00
17.56270109185521,18.34871047964166,19.00991545498752,10251000.0,2022-08-28 05:30:00
17.562814350085567,18.319229846271007,18.976299842654623,10251900.0,2022-08-28 05:45:00
17.57655123047032,18.297168783149832,18.944928500954006,10252800.0,2022-08-28 06:00:00
17.60167026112186,18.280271450200427,18.91596775201522,10253700.0,2022-08-28 06:15:00
17.65482770457476,18.273560639026726,18.88987251181129,10254600.0,2022-08-28 06:30:00
17.716746792577325,18.27390871528426,18.867060902086926,10255500.0,2022-08-28 06:45:00
17.80207884832582,18.28424464660412,18.8479683991118,10256400.0,2022-08-28 07:00:00
17.90511655949762,18.3043465179554,18.833074565245173,10257300.0,2022-08-28 07:15:00
18.02880510316092,18.336882868774936,18.822861153081185,10258200.0,2022-08-28 07:30:00
18.165439414064576,18.382488118824032,18.817816505944688,10259100.0,2022-08-28 07:45:00
18.313997407654234,18.43475473174304,18.818117464138528,10260000.0,2022-08-28 08:00:00
18.477718252943028,18.498368644800856,18.823908792326733,10260900.0,2022-08-28 08:15:00
18.647782143856816,18.573437307853357,18.83546916054423,10261800.0,2022-08-28 08:30:00
18.81045030489921,18.65050978987018,18.852324615706127,10262700.0,2022-08-28 08:45:00
18.96106055258149,18.7346957176781,18.87417285241897,10263600.0,2022-08-28 09:00:00
19.100558947683208,18.817925813690906,18.900159627102237,10264500.0,2022-08-28 09:15:00
19.23318805591996,18.9003152459072,18.92939388333332,10265400.0,2022-08-28 09:30:00
19.37611524331469,18.988400082598176,18.962082068992043,10266300.0,2022-08-28 09:45:00
19.4929646940148,19.072288874873426,18.997234551031656,10267200.0,2022-08-28 10:00:00
19.608540159719908,19.154534428248912,19.034163378754343,10268100.0,2022-08-28 10:15:00
19.718355432347693,19.234359929363183,19.072561582359278,10269000.0,2022-08-28 10:30:00
19.80121234341089,19.309518627362447,19.111566400376976,10269900.0,2022-08-28 10:45:00
19.89707669509161,19.38121645560518,19.150853755111555,10270800.0,2022-08-28 11:00:00
19.996168133109457,19.456080711445,19.19091792483403,10271700.0,2022-08-28 11:15:00
20.092489338238483,19.52671839732557,19.231293876961917,10272600.0,2022-08-28 11:30:00
20.168638387266416,19.59451192455335,19.271694915927643,10273500.0,2022-08-28 11:45:00
20.24573947095686,19.661907139317893,19.312344088191363,10274400.0,2022-08-28 12:00:00
20.3380073467731,19.727696262763605,19.35311731496332,10275300.0,2022-08-28 12:15:00
20.441365336416297,19.79714768893561,19.39460686393693,10276200.0,2022-08-28 12:30:00
20.573110545608777,19.873474822165793,19.437717122632066,10277100.0,2022-08-28 12:45:00
20.70065651920444,19.951137716948352,19.482392611773623,10278000.0,2022-08-28 13:00:00
20.818391578424414,20.0325258702224,19.528915311370422,10278900.0,2022-08-28 13:15:00
20.92046742740989,20.11312085963939,19.57693749743681,10279800.0,2022-08-28 13:30:00
21.00139236184557,20.190937849418404,19.626030866523458,10280700.0,2022-08-28 13:45:00
21.08654414920693,20.264191102259904,19.67520459898292,10281600.0,2022-08-28 14:00:00
21.16941862781032,20.336470324215316,19.72441824269132,10282500.0,2022-08-28 14:15:00
21.251277617899607,20.4081348148728,19.77378189483592,10283400.0,2022-08-28 14:30:00
21.313653033027087,20.47736181348387,19.82315609897532,10284300.0,2022-08-28 14:45:00
21.352572167488905,20.536786974235707,19.871151174598907,10285200.0,2022-08-28 15:00:00
21.379091322524033,20.587611439652008,19.91689665611799,10286100.0,2022-08-28 15:15:00
21.383481524761983,20.63073948008233,19.959979544626528,10287000.0,2022-08-28 15:30:00
21.3700268215172,20.66425156761484,19.99967677847168,10287900.0,2022-08-28 15:45:00
21.357450469302353,20.68941556665215,20.035767830316296,10288800.0,2022-08-28 16:00:00
21.341781059300185,20.708220512533845,20.068196090684065,10289700.0,2022-08-28 16:15:00
21.301067034353096,20.720138169347475,20.09699247310904,10290600.0,2022-08-28 16:30:00
21.25083090551795,20.721645548129985,20.121582309797414,10291500.0,2022-08-28 16:45:00
21.196303929930167,20.71660856335952,20.14203763395104,10292400.0,2022-08-28 17:00:00
21.146967633642426,20.709446015127657,20.15927651609837,10293300.0,2022-08-28 17:15:00
21.0979269583026,20.697078962710947,20.173207387310462,10294200.0,2022-08-28 17:30:00
21.041909536177663,20.681502095155743,20.184136160079888,10295100.0,2022-08-28 17:45:00
20.978742171614616,20.660279313100418,20.191897080671296,10296000.0,2022-08-28 18:00:00
20.907253560103747,20.63518162128093,20.196620359907023,10296900.0,2022-08-28 18:15:00
20.834584651664205,20.604300498529284,20.198144574935053,10297800.0,2022-08-28 18:30:00
20.7638429600566,20.571884307811608,20.196937652484173,10298700.0,2022-08-28 18:45:00
20.69037181287124,20.537300237300993,20.193529730376447,10299600.0,2022-08-28 19:00:00
20.61461112345267,20.499303950497072,20.187713084959487,10300500.0,2022-08-28 19:15:00
20.539842935705448,20.460686518377567,20.17987344147172,10301400.0,2022-08-28 19:30:00
20.46633181542276,20.419054127533453,20.169870156026935,10302300.0,2022-08-28 19:45:00
20.39671124126933,20.37767049939562,20.158148860309435,10303200.0,2022-08-28 20:00:00
20.323972129148327,20.336765573055413,20.145220957289972,10304100.0,2022-08-28 20:15:00
20.25390339736468,20.292773085643606,20.13074363382349,10305000.0,2022-08-28 20:30:00
20.184522786852575,20.250001668073526,20.11504998355881,10305900.0,2022-08-28 20:45:00
20.11332125040307,20.206860264320497,20.09840878728516,10306800.0,2022-08-28 21:00:00
20.03089992831948,20.159600736863464,20.08035372723812,10307700.0,2022-08-28 21:15:00
19.950242817745124,20.11315119992785,20.061135615996367,10308600.0,2022-08-28 21:30:00
19.870514834442023,20.06282025599477,20.040274221663047,10309500.0,2022-08-28 21:45:00
19.78483097628128,20.010841612156067,20.017955533133524,10310400.0,2022-08-28 22:00:00
19.69550687414265,19.95830489765735,19.99439048831025,10311300.0,2022-08-28 22:15:00
19.6052257865703,19.90165193055673,19.96914992481887,10312200.0,2022-08-28 22:30:00
19.524775569482944,19.8491285692287,19.94299391843743,10313100.0,2022-08-28 22:45:00
19.442095778380267,19.793495094125326,19.91571549256425,10314000.0,2022-08-28 23:00:00
19.35423569685588,19.736753498520095,19.887235999699787,10314900.0,2022-08-28 23:15:00
19.25815118282059,19.678277510163856,19.85761731949441,10315800.0,2022-08-28 23:30:00
19.130619645026087,19.61458795134716,19.826512033878824,10316700.0,2022-08-28 23:45:00
19.021900254373225,19.546827986982084,19.79330394163403,10317600.0,2022-08-29 00:00:00
18.92730617639389,19.4791927716674,19.75844763603244,10318500.0,2022-08-29 00:15:00
18.82817525904907,19.41095191111089,19.722119090795516,10319400.0,2022-08-29 00:30:00
18.734295145711457,19.34337306225313,19.684728843009346,10320300.0,2022-08-29 00:45:00
18.63821173016684,19.276507553224928,19.646506765188587,10321200.0,2022-08-29 01:00:00
18.539170690514183,19.208407674874707,19.607447962319025,10322100.0,2022-08-29 01:15:00
18.438369372023605,19.14018029512404,19.56753105271297,10323000.0,2022-08-29 01:30:00
18.34164055131429,19.07111020950296,19.52692565888276,10323900.0,2022-08-29 01:45:00
18.248024819258127,19.003232754226744,19.48567657775787,10324800.0,2022-08-29 02:00:00
18.15162113915641,18.933986983046147,19.443700028486063,10325700.0,2022-08-29 02:15:00
18.06450450628604,18.8678765734772,19.401292404948112,10326600.0,2022-08-29 02:30:00
17.990079226622655,18.803904937340448,19.358883603925538,10327500.0,2022-08-29 02:45:00
17.887829073691048,18.736503469627145,19.316057936005013,10328400.0,2022-08-29 03:00:00
17.803773599066343,18.670202782613146,19.272864028858333,10329300.0,2022-08-29 03:15:00
17.741899497918084,18.607833339300004,19.229685554384144,10330200.0,2022-08-29 03:30:00
17.6542249810301,18.54601084677087,19.186474472285926,10331100.0,2022-08-29 03:45:00
17.591704905538887,18.486614904872024,19.143400687804576,10332000.0,2022-08-29 04:00:00
17.53045364892034,18.428974847856114,19.10059740055568,10332900.0,2022-08-29 04:15:00
17.48562879111133,18.37593152935798,19.058447863034157,10333800.0,2022-08-29 04:30:00
17.456657533898603,18.326918031980274,19.01731393813363,10334700.0,2022-08-29 04:45:00
17.44004327687931,18.285518723365897,18.977743701200136,10335600.0,2022-08-29 05:00:00
17.422516205234224,18.248184792760775,18.939918286386742,10336500.0,2022-08-29 05:15:00
17.40892021157357,18.215094018602777,18.904008398690568,10337400.0,2022-08-29 05:30:00
17.406284433462535,18.186148107004687,18.869922332357845,10338300.0,2022-08-29 05:45:00
17.410144089745334,18.162970233015542,18.83790750795905,10339200.0,2022-08-29 06:00:00
17.43842881579753,18.14643015222554,18.80825181308002,10340100.0,2022-08-29 06:15:00
17.48214048823399,18.135364096481982,18.7812347200642,10341000.0,2022-08-29 06:30:00
17.542182528391844,18.13517333591743,18.757329588129156,10341900.0,2022-08-29 06:45:00
17.62197811400362,18.143832605169724,18.736838845447135,10342800.0,2022-08-29 07:00:00
17.721275975650205,18.16279826747849,18.720511792593435,10343700.0,2022-08-29 07:15:00
17.840248239135676,18.193484857569,18.70867851907,10344600.0,2022-08-29 07:30:00
17.97290951887934,18.232837395183264,18.70174032656111,10345500.0,2022-08-29 07:45:00
18.122335124831118,18.283250229391363,18.700066502676055,10346400.0,2022-08-29 08:00:00
18.27548084376962,18.344421988170783,18.703962064222708,10347300.0,2022-08-29 08:15:00
18.441527028463454,18.41386304925204,18.71329376458755,10348200.0,2022-08-29 08:30:00
18.620517820084487,18.492951748800568,18.72821878562686,10349100.0,2022-08-29 08:45:00
18.804247656525405,18.580071840984782,18.748843731114604,10350000.0,2022-08-29 09:00:00
18.987992872523208,18.67437531502976,18.775063210834933,10350900.0,2022-08-29 09:15:00
19.188961481878973,18.77661743961776,18.80672494678572,10351800.0,2022-08-29 09:30:00
19.380470636730795,18.88355350998484,18.84369967055424,10352700.0,2022-08-29 09:45:00
19.55363534244533,18.993953590688665,18.88550035846797,10353600.0,2022-08-29 10:00:00
19.729890684405014,19.105148850365907,18.931399180250427,10354500.0,2022-08-29 10:15:00
19.919172626859115,19.221562565749853,18.98136787050541,10355400.0,2022-08-29 10:30:00
20.107657017460554,19.338489830252872,19.034834553366004,10356300.0,2022-08-29 10:45:00
20.29349708902172,19.459956508982422,19.091917098590223,10357200.0,2022-08-29 11:00:00
20.459659185460744,19.58113163456108,19.15220519099746,10358100.0,2022-08-29 11:15:00
20.603850550197112,19.697014315580216,19.21447517586208,10359000.0,2022-08-29 11:30:00
20.756474251050214,19.81123907404641,19.278268173344944,10359900.0,2022-08-29 11:45:00
20.90685581613244,19.925191075559933,19.343525066969956,10360800.0,2022-08-29 12:00:00
21.048431972968896,20.03881074601781,19.410144680909788,10361700.0,2022-08-29 12:15:00
21.162932033046577,20.144710681091087,19.4770654079028,10362600.0,2022-08-29 12:30:00
21.272316343586557,20.245605886180336,19.5436165071614,10363500.0,2022-08-29 12:45:00
21.37932892387132,20.342818985004183,19.609455142106594,10364400.0,2022-08-29 13:00:00
21.478443933702103,20.43430713770591,19.674098967372323,10365300.0,2022-08-29 13:15:00
21.562672077873355,20.519772297269785,19.737162981021125,10366200.0,2022-08-29 13:30:00
21.62711539493693,20.601914683725127,19.799048103787023,10367100.0,2022-08-29 13:45:00
21.701841666818005,20.678629741919227,19.85928541842518,10368000.0,2022-08-29 14:00:00
21.773019825071646,20.754544116105993,19.91852878557768,10368900.0,2022-08-29 14:15:00
21.848786712050345,20.827936488902314,19.976853630692183,10369800.0,2022-08-29 14:30:00
21.9235177331086,20.89832355854129,20.03398470758913,10370700.0,2022-08-29 14:45:00
21.990418342154136,20.96707661818291,20.090135761737603,10371600.0,2022-08-29 15:00:00
22.057831090523315,21.035049745889918,20.14561723889772,10372500.0,2022-08-29 15:15:00
22.123446905167103,21.098119828788576,20.199737161040424,10373400.0,2022-08-29 15:30:00
22.165282843554007,21.15689544076517,20.252271582521452,10374300.0,2022-08-29 15:45:00
22.187697313096216,21.20847009433468,20.302547511020016,10375200.0,2022-08-29 16:00:00
22.19426734836829,21.25152307603876,20.349924239187565,10376100.0,2022-08-29 16:15:00
22.193784539628883,21.289589364342344,20.394649397321043,10377000.0,2022-08-29 16:30:00
22.171109077968072,21.315702164940436,20.43559683767489,10377900.0,2022-08-29 16:45:00
22.134191884634287,21.335058625043278,20.472802265287257,10378800.0,2022-08-29 17:00:00
22.078633325138224,21.33949338105289,20.504650750946237,10379700.0,2022-08-29 17:15:00
22.014571260319126,21.33772543749252,20.53175636615653,10380600.0,2022-08-29 17:30:00
21.929290720865936,21.323989064685776,20.55362090309039,10381500.0,2022-08-29 17:45:00
21.831080826705392,21.30106541856905,20.57012760875514,10382400.0,2022-08-29 18:00:00
21.722822968374828,21.269885139405204,20.5815670458478,10383300.0,2022-08-29 18:15:00
21.61227633637271,21.230117379957107,20.58793132310872,10384200.0,2022-08-29 18:30:00
21.500060045209487,21.18277688475459,20.589074868539505,10385100.0,2022-08-29 18:45:00
21.392144439568114,21.131856618392487,20.585701483309464,10386000.0,2022-08-29 19:00:00
21.29606215746393,21.080799931559895,20.578910024845655,10386900.0,2022-08-29 19:15:00
21.208028604241335,21.02777658884742,20.5691274147976,10387800.0,2022-08-29 19:30:00
21.118984887672628,20.97486921318552,20.55692049073032,10388700.0,2022-08-29 19:45:00
21.0437367074123,20.925832738059917,20.543388454124145,10389600.0,2022-08-29 20:00:00
20.97747859017192,20.87681229502793,20.52850487424456,10390500.0,2022-08-29 20:15:00
20.919745460725593,20.833199692531554,20.513287422924673,10391400.0,2022-08-29 20:30:00
20.86290062867074,20.78977354498909,20.497557086268728,10392300.0,2022-08-29 20:45:00
20.816327988476534,20.74980476105779,20.48180421254096,10393200.0,2022-08-29 21:00:00
20.76442268824066,20.712246269073585,20.46620424214204,10394100.0,2022-08-29 21:15:00
20.714641924666235,20.674523900056865,20.450412000852364,10395000.0,2022-08-29 21:30:00
20.665561790628075,20.63965152756596,20.434748216848178,10395900.0,2022-08-29 21:45:00
20.61178383699937,20.603937380104316,20.41897855984352,10396800.0,2022-08-29 22:00:00
20.555130840580773,20.567537582611543,20.402903429596147,10397700.0,2022-08-29 22:15:00
20.49903451645228,20.530080443643065,20.386296782414274,10398600.0,2022-08-29 22:30:00
20.439741735517465,20.49322576609887,20.36928466173488,10399500.0,2022-08-29 22:45:00
20.36901068776797,20.452016670464765,20.351184276016344,10400400.0,2022-08-29 23:00:00
20.3024095284154,20.41062176027904,20.33213297729172,10401300.0,2022-08-29 23:15:00
20.228791661376167,20.367637267962262,20.31202769260531,10402200.0,2022-08-29 23:30:00
20.149318575144044,20.322102670786776,20.29085016153668,10403100.0,2022-08-29 23:45:00
20.066662902118143,20.273906593623384,20.268370046948377,10404000.0,2022-08-30 00:00:00
19.986188976460184,20.22332147648704,20.24450504989601,10404900.0,2022-08-30 00:15:00
19.902862131042568,20.169843277024714,20.219017981667708,10405800.0,2022-08-30 00:30:00
19.813316251675392,20.11868280166975,20.19252675866073,10406700.0,2022-08-30 00:45:00
19.730670744384053,20.061560372006724,20.164597747136067,10407600.0,2022-08-30 01:00:00
19.620057561348304,20.002539868073164,20.13513759152204,10408500.0,2022-08-30 01:15:00
19.53570548883638,19.942409340964034,20.10433508883368,10409400.0,2022-08-30 01:30:00
19.451160014966497,19.883413919994112,20.072326478904174,10410300.0,2022-08-30 01:45:00
19.37018403138984,19.824974955696337,20.03948559405294,10411200.0,2022-08-30 02:00:00
19.279359820458865,19.76399435044305,20.005717754884262,10412100.0,2022-08-30 02:15:00
19.19097400690356,19.703285536288593,19.971076930684628,10413000.0,2022-08-30 02:30:00
19.10365346398457,19.643079706029177,19.935790344592863,10413900.0,2022-08-30 02:45:00
19.01606398676136,19.5814188189064,19.899695161251376,10414800.0,2022-08-30 03:00:00
18.931172210200824,19.519660018208533,19.862901466725464,10415700.0,2022-08-30 03:15:00
18.85180420110896,19.458841392594888,19.825600966604977,10416600.0,2022-08-30 03:30:00
18.777284817755305,19.399601636723983,19.787915244960736,10417500.0,2022-08-30 03:45:00
18.71008364517958,19.341808584455965,19.750080700657367,10418400.0,2022-08-30 04:00:00
18.651448667282587,19.286743673732875,19.712296479137965,10419300.0,2022-08-30 04:15:00
18.605937387193887,19.235844621011104,19.675097287915857,10420200.0,2022-08-30 04:30:00
18.565017521254088,19.189073720361513,19.638744905885687,10421100.0,2022-08-30 04:45:00
18.535329565121003,19.14712279920925,19.60357459366256,10422000.0,2022-08-30 05:00:00
18.49995203074578,19.106345558829616,19.569494282020788,10422900.0,2022-08-30 05:15:00
18.47651802612194,19.07088321629203,19.536750772385208,10423800.0,2022-08-30 05:30:00
18.469520250429685,19.039614655915944,19.505373173276578,10424700.0,2022-08-30 05:45:00
18.465748017327616,19.013605603051424,19.475767403188808,10425600.0,2022-08-30 06:00:00
18.47376198353788,18.991849271217863,19.447961384034055,10426500.0,2022-08-30 06:15:00
18.503156422731355,18.97693361778975,19.4224521200702,10427400.0,2022-08-30 06:30:00
18.548361273071528,18.969880031057837,19.399645348733607,10428300.0,2022-08-30 06:45:00
18.612275920722823,18.97363924242237,19.3801343262408,10429200.0,2022-08-30 07:00:00
18.693505053884408,18.986455820187,19.364312282749097,10430100.0,2022-08-30 07:15:00
18.80451879703029,19.010031094144782,19.352818502156033,10431000.0,2022-08-30 07:30:00
18.92883464096928,19.04582877176782,19.34631504827824,10431900.0,2022-08-30 07:45:00
19.072951456362112,19.092184202724408,19.345081976567695,10432800.0,2022-08-30 08:00:00
19.223829879257323,19.15062213691356,19.349481247161503,10433700.0,2022-08-30 08:15:00
19.38609293102742,19.222024088942938,19.36012199994685,10434600.0,2022-08-30 08:30:00
19.55586844721004,19.296406383679713,19.376309863312407,10435500.0,2022-08-30 08:45:00
19.735769709107135,19.38228119866169,19.398166452457943,10436400.0,2022-08-30 09:00:00
19.91181846084976,19.473758688034714,19.42555855270052,10437300.0,2022-08-30 09:15:00
20.087824373432,19.57296799342216,19.45840369578873,10438200.0,2022-08-30 09:30:00
20.276832768823155,19.67686766322397,19.496324675061004,10439100.0,2022-08-30 09:45:00
20.423814424515008,19.7816890737512,19.53863173391395,10440000.0,2022-08-30 10:00:00
20.614010317977268,19.889314613043314,19.58485362880364,10440900.0,2022-08-30 10:15:00
20.795609103662112,20.00218757245101,19.634916381204405,10441800.0,2022-08-30 10:30:00
20.964567555425493,20.116579414680807,19.688569468858617,10442700.0,2022-08-30 10:45:00
21.141892871603424,20.233844884787047,19.745624693245297,10443600.0,2022-08-30 11:00:00
21.322171235716834,20.35304721425321,19.805799147294472,10444500.0,2022-08-30 11:15:00
21.486305390819247,20.473952894375728,19.86894690224519,10445400.0,2022-08-30 11:30:00
21.632719838157104,20.589229315637795,19.93396000577656,10446300.0,2022-08-30 11:45:00
21.7332265592965,20.697323009945396,19.99954045976767,10447200.0,2022-08-30 12:00:00
21.884459323657033,20.804138381268057,20.065433467212035,10448100.0,2022-08-30 12:15:00
22.006660086629516,20.909542080969064,20.13164921616969,10449000.0,2022-08-30 12:30:00
22.08684545595076,21.004875451916064,20.1969563573487,10449900.0,2022-08-30 12:45:00
22.160755608635547,21.09196860536481,20.26064643488732,10450800.0,2022-08-30 13:00:00
22.220756984338575,21.168648487151444,20.321577090651687,10451700.0,2022-08-30 13:15:00
22.268345530798317,21.23802263581372,20.379561093395694,10452600.0,2022-08-30 13:30:00
22.314653068396048,21.300711801642088,20.434487335693337,10453500.0,2022-08-30 13:45:00
22.359248174161515,21.360665896226884,20.48714109659915,10454400.0,2022-08-30 14:00:00
22.39200514688148,21.41655039854654,20.53777756295404,10455300.0,2022-08-30 14:15:00
22.44099078663464,21.472416261276702,20.587207100736386,10456200.0,2022-08-30 14:30:00
22.474759232979466,21.522040295798394,20.634856673963245,10457100.0,2022-08-30 14:45:00
22.511974371336457,21.567789616056636,20.68046636844484,10458000.0,2022-08-30 15:00:00
22.52646591237658,21.60952792447832,20.724215356053215,10458900.0,2022-08-30 15:15:00
22.533025300691797,21.64519538025881,20.76551770986896,10459800.0,2022-08-30 15:30:00
22.555285962844756,21.67677667237337,20.804306280565655,10460700.0,2022-08-30 15:45:00
22.577698034267605,21.70775730465876,20.841124136262856,10461600.0,2022-08-30 16:00:00
22.579944385504405,21.736286078597416,20.876286405908964,10462500.0,2022-08-30 16:15:00
22.58495775781851,21.760554896217418,20.90945522892113,10463400.0,2022-08-30 16:30:00
22.578408579917625,21.780716824643783,20.940514641621107,10464300.0,2022-08-30 16:45:00
22.551166330584397,21.793126401075256,20.968824166589204,10465200.0,2022-08-30 17:00:00
22.514170780182944,21.801226593379692,20.994510320514475,10466100.0,2022-08-30 17:15:00
22.46388770104224,21.799650750877586,21.01675874280768,10467000.0,2022-08-30 17:30:00
22.39765782177065,21.79048021144882,21.035311642422226,10467900.0,2022-08-30 17:45:00
22.319026057204702,21.77144438057192,21.049403363520256,10468800.0,2022-08-30 18:00:00
22.23021747284992,21.74735198792695,21.05971426018913,10469700.0,2022-08-30 18:15:00
22.134441919061025,21.714407881202856,21.065635915174685,10470600.0,2022-08-30 18:30:00
22.032181542594856,21.6725241734402,21.06670904101559,10471500.0,2022-08-30 18:45:00
21.92313080515017,21.628295718754966,21.064037490793176,10472400.0,2022-08-30 19:00:00
21.814537732342114,21.578011242414007,21.05761264483061,10473300.0,2022-08-30 19:15:00
21.716319991449176,21.524809099712822,21.04778624652198,10474200.0,2022-08-30 19:30:00
21.629370303905816,21.471975107020285,21.03521651487448,10475100.0,2022-08-30 19:45:00
21.55563609588573,21.421651247033417,21.020773956461785,10476000.0,2022-08-30 20:00:00
21.483432827782273,21.37208078802571,21.00493419947608,10476900.0,2022-08-30 20:15:00
21.415666944635888,21.32260671050317,20.98772906952268,10477800.0,2022-08-30 20:30:00
21.359771105504368,21.27921722239775,20.970412128767205,10478700.0,2022-08-30 20:45:00
21.30788951680698,21.238249903660886,20.953201795638535,10479600.0,2022-08-30 21:00:00
21.2606042872816,21.19859182833357,20.935861545210965,10480500.0,2022-08-30 21:15:00
21.21479045381218,21.16128433109151,20.918631167026,10481400.0,2022-08-30 21:30:00
21.1691394991789,21.1253213065089,20.901503608316848,10482300.0,2022-08-30 21:45:00
21.12392340251824,21.091928447696127,20.88472873524379,10483200.0,2022-08-30 22:00:00
21.07629589200427,21.056280225126084,20.867733708551327,10484100.0,2022-08-30 22:15:00
21.028372322544413,21.022920825766807,20.850770138588924,10485000.0,2022-08-30 22:30:00
20.973108266455085,20.988457284898285,20.83362741130304,10485900.0,2022-08-30 22:45:00
20.91626788901385,20.951778775756427,20.81597647837624,10486800.0,2022-08-30 23:00:00
20.85260202596716,20.914903827671527,20.797860185045614,10487700.0,2022-08-30 23:15:00
20.791219430585446,20.87389270394346,20.778563754332065,10488600.0,2022-08-30 23:30:00
20.728926213745535,20.834482854936518,20.75851376414278,10489500.0,2022-08-30 23:45:00
20.66616180762267,20.793513988019395,20.73764635127927,10490400.0,2022-08-31 00:00:00
20.59105393595677,20.750542797683327,20.71583426761228,10491300.0,2022-08-31 00:15:00
20.519248964243207,20.704603058500727,20.6929459883788,10492200.0,2022-08-31 00:30:00
20.43821101294276,20.65786898986724,20.669031129673627,10493100.0,2022-08-31 00:45:00
20.347953980377195,20.605680017795184,20.643428847042554,10494000.0,2022-08-31 01:00:00
20.2666454900844,20.55478674732214,20.616683604051328,10494900.0,2022-08-31 01:15:00
20.17747783502456,20.497775068704847,20.58826500076523,10495800.0,2022-08-31 01:30:00
20.091409536913016,20.442117307388553,20.558596294176265,10496700.0,2022-08-31 01:45:00
19.99829814963463,20.385409581372308,20.52783274222685,10497600.0,2022-08-31 02:00:00
19.92279072394622,20.32733393655584,20.496001373121004,10498500.0,2022-08-31 02:15:00
19.841583681725016,20.27039140155117,20.463334972118588,10499400.0,2022-08-31 02:30:00
19.75801633920136,20.211718281362817,20.429652451499454,10500300.0,2022-08-31 02:45:00
19.67126326509508,20.1539917038934,20.39534498710597,10501200.0,2022-08-31 03:00:00
19.59779190049531,20.094910161877696,20.36027322315052,10502100.0,2022-08-31 03:15:00
19.51769786865428,20.037646509018767,20.324786227307627,10503000.0,2022-08-31 03:30:00
19.453780266781298,19.981423472556127,20.289049183660627,10503900.0,2022-08-31 03:45:00
19.385978589424585,19.92812144543021,20.25328320235789,10504800.0,2022-08-31 04:00:00
19.329049098545514,19.87509887484202,20.21752756865494,10505700.0,2022-08-31 04:15:00
19.284691432965737,19.826377822877536,20.18216650007937,10506600.0,2022-08-31 04:30:00
19.24758617690153,19.7822807502392,20.147584457741324,10507500.0,2022-08-31 04:45:00
19.22072161280955,19.742008231769947,20.114176570484677,10508400.0,2022-08-31 05:00:00
19.196480394956968,19.70534816819199,20.08200842050823,10509300.0,2022-08-31 05:15:00
19.189798325737435,19.675266710808724,20.05147240823604,10510200.0,2022-08-31 05:30:00
19.183261272456043,19.648906906987644,20.02261235605724,10511100.0,2022-08-31 05:45:00
19.18019264836248,19.624253339941426,19.9953778704346,10512000.0,2022-08-31 06:00:00
19.18803974109643,19.60656780108968,19.9700557068294,10512900.0,2022-08-31 06:15:00
19.194525972394157,19.59124986967421,19.946644128829814,10513800.0,2022-08-31 06:30:00
19.211123105835114,19.580394434223557,19.925210089988276,10514700.0,2022-08-31 06:45:00
19.246194674057175,19.575368275251567,19.905949855121182,10515600.0,2022-08-31 07:00:00
19.299724054742505,19.57870650053773,19.8893078353624,10516500.0,2022-08-31 07:15:00
19.38213807657255,19.58795544346989,19.87566743087711,10517400.0,2022-08-31 07:30:00
19.490233405594815,19.612904311872708,19.866179020049724,10518300.0,2022-08-31 07:45:00
19.61690300813398,19.6491715066388,19.86135455351782,10519200.0,2022-08-31 08:00:00
19.76787855463541,19.699359663817635,19.86217353053016,10520100.0,2022-08-31 08:15:00
19.926118724629816,19.760450450609625,19.868937588019815,10521000.0,2022-08-31 08:30:00
20.077297742314915,19.82837896523783,19.881160776765192,10521900.0,2022-08-31 08:45:00
20.21834633081992,19.902438089212207,19.89867680896131,10522800.0,2022-08-31 09:00:00
20.373955148543036,19.981930228012317,19.921273083668176,10523700.0,2022-08-31 09:15:00
20.542337056807757,20.06893903066141,19.948666759588168,10524600.0,2022-08-31 09:30:00
20.685733084923644,20.157021834327587,19.980347454434806,10525500.0,2022-08-31 09:45:00
20.814011595394515,20.245286738779527,20.0154755089487,10526400.0,2022-08-31 10:00:00
20.965811939525057,20.335137103710963,20.053710476763825,10527300.0,2022-08-31 10:15:00
21.129215040627127,20.431305297461748,20.09530485420214,10528200.0,2022-08-31 10:30:00
21.289013210074707,20.531176863405456,20.140324973541837,10529100.0,2022-08-31 10:45:00
21.426215525874728,20.628832197577907,20.18784500461773,10530000.0,2022-08-31 11:00:00
21.53110049128473,20.720814631264645,20.236851823767665,10530900.0,2022-08-31 11:15:00
21.652820255768653,20.81213133921197,20.28698132216204,10531800.0,2022-08-31 11:30:00
21.776941798598184,20.90342190849344,20.338117224616152,10532700.0,2022-08-31 11:45:00
21.89659859158529,20.993492506032887,20.3902066740876,10533600.0,2022-08-31 12:00:00
22.003819232831624,21.082372299352773,20.44323175620657,10534500.0,2022-08-31 12:15:00
22.11437284434483,21.169082935826896,20.49676672251153,10535400.0,2022-08-31 12:30:00
22.18605771878599,21.24994587759293,20.550094165322907,10536300.0,2022-08-31 12:45:00
22.23999500174754,21.322213398292295,20.602251534557073,10537200.0,2022-08-31 13:00:00
22.270128224948767,21.38449152320677,20.652236698591675,10538100.0,2022-08-31 13:15:00
22.30632631246738,21.43984583133722,20.699701718262364,10539000.0,2022-08-31 13:30:00
22.37527846263777,21.4950770864612,20.745149719330787,10539900.0,2022-08-31 13:45:00
22.449738237181087,21.552445083328745,20.78952356038816,10540800.0,2022-08-31 14:00:00
22.51298559935123,21.608754990281994,20.83323571585532,10541700.0,2022-08-31 14:15:00
22.551892893626352,21.66170122007213,20.876168710647136,10542600.0,2022-08-31 14:30:00
22.5677627148722,21.707454887745463,20.91767906200696,10543500.0,2022-08-31 14:45:00
22.58520830523285,21.7465616195392,20.957078988910496,10544400.0,2022-08-31 15:00:00
22.58617260075935,21.78218062195152,20.994730364799945,10545300.0,2022-08-31 15:15:00
22.58360627688057,21.807002922598887,21.02913418787657,10546200.0,2022-08-31 15:30:00
22.581996907218112,21.828280088510045,21.0605308559591,10547100.0,2022-08-31 15:45:00
22.575623142310047,21.849411030544314,21.089956201245705,10548000.0,2022-08-31 16:00:00
22.564573621002065,21.861181121571008,21.116329158913626,10548900.0,2022-08-31 16:15:00
22.552955217539413,21.8752074684838,21.14100201724896,10549800.0,2022-08-31 16:30:00
22.538522712017738,21.884883968223168,21.163839125117153,10550700.0,2022-08-31 16:45:00
22.512145068950808,21.889552444717527,21.18437247721413,10551600.0,2022-08-31 17:00:00
22.47737671044141,21.887310892718485,21.20203360020848,10552500.0,2022-08-31 17:15:00
22.435531732854542,21.882909038767767,21.217342613194567,10553400.0,2022-08-31 17:30:00
22.38503128396448,21.874657003566472,21.230455864057557,10554300.0,2022-08-31 17:45:00
22.33310155364933,21.859670842870305,21.240807550500666,10555200.0,2022-08-31 18:00:00
22.263944497962814,21.841995736471823,21.2485993984554,10556100.0,2022-08-31 18:15:00
22.142894809297022,21.805117639392023,21.251479115607257,10557000.0,2022-08-31 18:30:00
22.03298700300018,21.76285566348484,21.249939621995107,10557900.0,2022-08-31 18:45:00
21.934305879168235,21.71606019512817,21.244251357761502,10558800.0,2022-08-31 19:00:00
21.84803696870099,21.66996876732141,21.235455773150072,10559700.0,2022-08-31 19:15:00
21.77821063684564,21.62101993290796,21.223780867545727,10560600.0,2022-08-31 19:30:00
21.721636728436923,21.580455870515333,21.21107508825926,10561500.0,2022-08-31 19:45:00
21.662692675743603,21.536760181274207,21.196944236354216,10562400.0,2022-08-31 20:00:00
21.598682652347076,21.49646059825685,21.1822274171654,10563300.0,2022-08-31 20:15:00
21.53002775130086,21.45282446445985,21.166335063261297,10564200.0,2022-08-31 20:30:00
21.461874900136493,21.411144423567247,21.149639379649987,10565100.0,2022-08-31 20:45:00
21.388956738153677,21.36793164404669,21.132141799356937,10566000.0,2022-08-31 21:00:00
21.329065439096173,21.325556376794715,21.11412565516588,10566900.0,2022-08-31 21:15:00
21.274222305623976,21.284142183985526,21.095574266185505,10567800.0,2022-08-31 21:30:00
21.21933965830507,21.245634031762425,21.0769155881882,10568700.0,2022-08-31 21:45:00
21.16367608385132,21.204486489116512,21.05765165230739,10569600.0,2022-08-31 22:00:00
21.106879666310913,21.165151145376225,21.03805178704875,10570500.0,2022-08-31 22:15:00
21.049784051719804,21.125319920868197,21.018049940017494,10571400.0,2022-08-31 22:30:00
20.99166345544772,21.084538285482992,20.997481278373197,10572300.0,2022-08-31 22:45:00
20.936750950016563,21.046464516335806,20.97676738996145,10573200.0,2022-08-31 23:00:00
20.87956442398136,21.006152325866395,20.955550834347264,10574100.0,2022-08-31 23:15:00
20.81657065228472,20.96637939558612,20.933919035971748,10575000.0,2022-08-31 23:30:00
20.75113450577407,20.924649899469276,20.91162118739183,10575900.0,2022-08-31 23:45:00
20.69065034372844,20.88166183239556,20.888654590789752,10576800.0,2022-09-01 00:00:00
20.633352365372975,20.839845608688496,20.86508920795652,10577700.0,2022-09-01 00:15:00
20.571611081288577,20.796973029518764,20.84097277699524,10578600.0,2022-09-01 00:30:00
20.508939878896523,20.754168844431398,20.81631215675522,10579500.0,2022-09-01 00:45:00
20.443537916839883,20.710858948518126,20.791152720684963,10580400.0,2022-09-01 01:00:00
20.37380284613925,20.663701155379503,20.765120613027868,10581300.0,2022-09-01 01:15:00
20.30292847048773,20.618607054061656,20.738497043429795,10582200.0,2022-09-01 01:30:00
20.224170426239315,20.569806635658853,20.710881100076843,10583100.0,2022-09-01 01:45:00
20.146587376046465,20.51857660627802,20.682206714860804,10584000.0,2022-09-01 02:00:00
20.07085149089765,20.466651421034246,20.652564405141877,10584900.0,2022-09-01 02:15:00
19.99621023395373,20.414940548698013,20.622030455656,10585800.0,2022-09-01 02:30:00
19.924488823993013,20.364467595390288,20.591013708229585,10586700.0,2022-09-01 02:45:00
19.84592752652881,20.309886503513624,20.559055400942594,10587600.0,2022-09-01 03:00:00
19.773814455208345,20.257008759701936,20.526460816925518,10588500.0,2022-09-01 03:15:00
19.703670017016385,20.204493187004164,20.493377178297543,10589400.0,2022-09-01 03:30:00
19.62735984184,20.150857441114574,20.459721974088165,10590300.0,2022-09-01 03:45:00
19.55702372273675,20.097759780106625,20.42555512416711,10591200.0,2022-09-01 04:00:00
19.498489392988304,20.04644853712175,20.3912560088996,10592100.0,2022-09-01 04:15:00
19.443451817636717,19.99744036554072,20.35691976328629,10593000.0,2022-09-01 04:30:00
19.393262235973847,19.950955186640016,20.322879579711778,10593900.0,2022-09-01 04:45:00
19.3555578175466,19.906450782714895,20.28937052171897,10594800.0,2022-09-01 05:00:00
19.32721966738192,19.867621537165927,20.25673490395771,10595700.0,2022-09-01 05:15:00
19.309766414237657,19.831575466151225,20.225139305976647,10596600.0,2022-09-01 05:30:00
19.309650744030403,19.80296830084356,20.195166864408726,10597500.0,2022-09-01 05:45:00
19.31610670846376,19.780210308594366,20.1671242830034,10598400.0,2022-09-01 06:00:00
19.339801240644576,19.762631627885888,20.14130938078191,10599300.0,2022-09-01 06:15:00
19.36876014377877,19.752173188390625,20.117910837304866,10600200.0,2022-09-01 06:30:00
19.40579603236112,19.749133951195777,20.09746899079937,10601100.0,2022-09-01 06:45:00
19.441311850977343,19.74868287138183,20.079546207106567,10602000.0,2022-09-01 07:00:00
19.499416135848687,19.755006402160287,20.064357217239667,10602900.0,2022-09-01 07:15:00
19.555055380359462,19.768192755326847,20.05231388615856,10603800.0,2022-09-01 07:30:00
19.59991921071141,19.782847597884206,20.0430483397922,10604700.0,2022-09-01 07:45:00
19.6331502443281,19.79497348917708,20.03574764362313,10605600.0,2022-09-01 08:00:00
19.661503199917185,19.810409918968688,20.030195352899113,10606500.0,2022-09-01 08:15:00
19.689526624386588,19.82321488517204,20.025859193006852,10607400.0,2022-09-01 08:30:00
19.73086213184757,19.837286101766505,20.022610399791187,10608300.0,2022-09-01 08:45:00
19.796853037853108,19.85971327931585,20.02110412614216,10609200.0,2022-09-01 09:00:00
19.903258986285415,19.888164702665545,20.0218828473024,10610100.0,2022-09-01 09:15:00
20.043032725585103,19.93334241118311,20.026560436558626,10611000.0,2022-09-01 09:30:00
20.187608857225065,19.988487660715265,20.03586844156465,10611900.0,2022-09-01 09:45:00
20.30370105645888,20.050558211153035,20.049956650054902,10612800.0,2022-09-01 10:00:00
20.40130440025329,20.10855990925553,20.067434123974124,10613700.0,2022-09-01 10:15:00
20.492414514610427,20.167783090879425,20.087785926219897,10614600.0,2022-09-01 10:30:00
20.590316713272607,20.229280354178183,20.11063894746784,10615500.0,2022-09-01 10:45:00
20.67106147533046,20.287189822239142,20.135180862863447,10616400.0,2022-09-01 11:00:00
20.749531443475536,20.34500327242835,20.160993555403294,10617300.0,2022-09-01 11:15:00
20.81304823144492,20.39828314813736,20.187421667369417,10618200.0,2022-09-01 11:30:00
20.865953873036556,20.44782929259006,20.21411546860409,10619100.0,2022-09-01 11:45:00
20.90929673479752,20.493946962308,20.240656642562367,10620000.0,2022-09-01 12:00:00
20.947203833140165,20.535600967215903,20.26654832814941,10620900.0,2022-09-01 12:15:00
20.97889686323108,20.571777263786345,20.29131702400167,10621800.0,2022-09-01 12:30:00
21.016441390008094,20.606134275286497,20.31513829500348,10622700.0,2022-09-01 12:45:00
21.064232057907198,20.64197230005296,20.33843877121436,10623600.0,2022-09-01 13:00:00
21.11265990444642,20.678990832125898,20.361747572343408,10624500.0,2022-09-01 13:15:00
21.168000708693366,20.71631175031121,20.385345126297967,10625400.0,2022-09-01 13:30:00
21.213952092984215,20.752650653227867,20.40893844211768,10626300.0,2022-09-01 13:45:00
21.25687742914091,20.788451123501535,20.432583354870587,10627200.0,2022-09-01 14:00:00
21.2905521422365,20.821812084956665,20.456000703551123,10628100.0,2022-09-01 14:15:00
21.32413365283844,20.855770977467408,20.479498879296937,10629000.0,2022-09-01 14:30:00
21.357606503541128,20.88559756346477,20.502435906102153,10629900.0,2022-09-01 14:45:00
21.404566981631493,20.920397087375942,20.525676753104985,10630800.0,2022-09-01 15:00:00
21.449955385714375,20.95505651718859,20.549205645383797,10631700.0,2022-09-01 15:15:00
21.478731562098066,20.98467610628615,20.572245713243458,10632600.0,2022-09-01 15:30:00
21.500058481116508,21.01313563112017,20.594793642959736,10633500.0,2022-09-01 15:45:00
21.503061390953615,21.037727798647435,20.616660736008345,10634400.0,2022-09-01 16:00:00
21.491052687185537,21.05490739398864,20.636924775243838,10635300.0,2022-09-01 16:15:00
21.469752186452407,21.065100132509446,20.654886096278307,10636200.0,2022-09-01 16:30:00
21.44165601115865,21.07074008865876,20.67066418399586,10637100.0,2022-09-01 16:45:00
21.408106619251885,21.07036281361656,20.68394018342377,10638000.0,2022-09-01 17:00:00
21.36850428913339,21.06421157949436,20.694377211272545,10638900.0,2022-09-01 17:15:00
21.33097331112255,21.05830141573752,20.702924625379524,10639800.0,2022-09-01 17:30:00
21.286721166700623,21.044416508704156,20.70884156767405,10640700.0,2022-09-01 17:45:00
21.240741069572724,21.0282751983948,20.71232002158589,10641600.0,2022-09-01 18:00:00
21.1971883903512,21.010501998182907,20.713766632790826,10642500.0,2022-09-01 18:15:00
21.156057789030815,20.990409857316468,20.71319456391051,10643400.0,2022-09-01 18:30:00
21.11369918485309,20.970813337486774,20.71129353644759,10644300.0,2022-09-01 18:45:00
21.06727111846157,20.948436972393548,20.70792912390169,10645200.0,2022-09-01 19:00:00
21.017291294192194,20.925085675522727,20.703242530480743,10646100.0,2022-09-01 19:15:00
20.964733494234764,20.897910100743243,20.696985634328275,10647000.0,2022-09-01 19:30:00
20.911537757735346,20.870596227760597,20.689377984487447,10647900.0,2022-09-01 19:45:00
20.860509436414223,20.8411990595126,20.680421931118495,10648800.0,2022-09-01 20:00:00
20.80786183043329,20.810747397015163,20.670131198159638,10649700.0,2022-09-01 20:15:00
20.75381029147928,20.78147561199007,20.659117391907696,10650600.0,2022-09-01 20:30:00
20.697951253703764,20.748372719842905,20.646737389193696,10651500.0,2022-09-01 20:45:00
20.637219364876398,20.711292544971545,20.632757432108367,10652400.0,2022-09-01 21:00:00
20.573538951747505,20.675751580690463,20.617613536237236,10653300.0,2022-09-01 21:15:00
20.511387212098345,20.640383549243417,20.60165343626265,10654200.0,2022-09-01 21:30:00
20.453972479216567,20.60264540789964,20.584750951339107,10655100.0,2022-09-01 21:45:00
20.39527655055878,20.56485160378114,20.567025816471848,10656000.0,2022-09-01 22:00:00
20.33510057144991,20.52416962158876,20.548094751510128,10656900.0,2022-09-01 22:15:00
20.267521102042085,20.484070958089873,20.52810684187667,10657800.0,2022-09-01 22:30:00
20.203382026582062,20.441577687088113,20.50705954450789,10658700.0,2022-09-01 22:45:00
20.12764342003019,20.39944884064766,20.485252130479147,10659600.0,2022-09-01 23:00:00
20.05214952964178,20.35285489984325,20.462227051831576,10660500.0,2022-09-01 23:15:00
19.980317924735363,20.305435867365453,20.4379832638119,10661400.0,2022-09-01 23:30:00
19.908485246556847,20.256678686776027,20.41253677598537,10662300.0,2022-09-01 23:45:00
19.847212869111587,20.212249185202573,20.38667672926712,10663200.0,2022-09-02 00:00:00
19.788281073585527,20.16596049228316,20.36028341227949,10664100.0,2022-09-02 00:15:00
19.73616948229512,20.121950781481484,20.33352606601416,10665000.0,2022-09-02 00:30:00
19.687317789845423,20.080405809585727,20.3066780459308,10665900.0,2022-09-02 00:45:00
19.632276519664902,20.038240761001376,20.27973308181951,10666800.0,2022-09-02 01:00:00
19.576455281055853,19.997510410563176,20.25288944213306,10667700.0,2022-09-02 01:15:00
19.521882925996398,19.955395037741425,20.225913206301684,10668600.0,2022-09-02 01:30:00
19.467551904550884,19.913631051024865,20.1988234677128,10669500.0,2022-09-02 01:45:00
19.413044440363795,19.871092835640994,20.17140279339084,10670400.0,2022-09-02 02:00:00
19.358472424858206,19.83194263194838,20.14401300057492,10671300.0,2022-09-02 02:15:00
19.29675043224347,19.78885561212172,20.11629961409626,10672200.0,2022-09-02 02:30:00
19.23047910903195,19.744622424149508,20.088067747227317,10673100.0,2022-09-02 02:45:00
19.147874542753254,19.696975258695367,20.058952752226737,10674000.0,2022-09-02 03:00:00
19.06175492090409,19.647091106428576,20.02889844069813,10674900.0,2022-09-02 03:15:00
18.996296000935565,19.601181579709632,19.99821975747994,10675800.0,2022-09-02 03:30:00
18.940574648113447,19.55349755379738,19.966856162852316,10676700.0,2022-09-02 03:45:00
18.90736756337509,19.511351793603136,19.9353600726482,10677600.0,2022-09-02 04:00:00
18.89029440369232,19.46931212128857,19.904078630462852,10678500.0,2022-09-02 04:15:00
18.874086504925977,19.435664827175575,19.87385472848428,10679400.0,2022-09-02 04:30:00
18.851439027754918,19.40304991595308,19.84473478519571,10680300.0,2022-09-02 04:45:00
18.789859011274967,19.367454195404488,19.816331635923067,10681200.0,2022-09-02 05:00:00
18.71571345904979,19.32099402863893,19.787532497093355,10682100.0,2022-09-02 05:15:00
18.658753534283456,19.281472180131917,19.758653075603004,10683000.0,2022-09-02 05:30:00
18.609613153116054,19.241400876090143,19.729903995920445,10683900.0,2022-09-02 05:45:00
18.569638863813047,19.205863632889702,19.701763415503464,10684800.0,2022-09-02 06:00:00
18.541381657060143,19.1724986565816,19.67413060105991,10685700.0,2022-09-02 06:15:00
18.532901350607247,19.141454431335838,19.64731507820631,10686600.0,2022-09-02 06:30:00
18.53130411612275,19.11901396740323,19.622110244828274,10687500.0,2022-09-02 06:45:00
18.533380165151225,19.099444871834063,19.598418609193818,10688400.0,2022-09-02 07:00:00
18.5462083447584,19.0863524899056,19.57660069666678,10689300.0,2022-09-02 07:15:00
18.571373206323724,19.071331188035927,19.556354683083143,10690200.0,2022-09-02 07:30:00
18.608794564282416,19.06994742041445,19.53844767331737,10691100.0,2022-09-02 07:45:00
18.644699746327568,19.072330528987763,19.52288037705095,10692000.0,2022-09-02 08:00:00
18.69480459121383,19.078881977207477,19.50984648718871,10692900.0,2022-09-02 08:15:00
18.75724321680961,19.097604507332623,19.49965371116532,10693800.0,2022-09-02 08:30:00
18.81132226789684,19.112128375254333,19.49168433157299,10694700.0,2022-09-02 08:45:00
18.89652082316957,19.13193322516215,19.486141159020825,10695600.0,2022-09-02 09:00:00
19.012585448679527,19.166950663471003,19.48411583420989,10696500.0,2022-09-02 09:15:00
19.130347878624985,19.205605246173963,19.485553097955375,10697400.0,2022-09-02 09:30:00
19.22631178716257,19.255962598826414,19.491258130528813,10698300.0,2022-09-02 09:45:00
19.285646250375898,19.29836457035231,19.49974202379944,10699200.0,2022-09-02 10:00:00
19.329187485715565,19.333145930890552,19.509572281340503,10700100.0,2022-09-02 10:15:00
19.36300723051434,19.363961053302862,19.519806216546296,10701000.0,2022-09-02 10:30:00
19.369837570720197,19.3862526188714,19.529454525053502,10701900.0,2022-09-02 10:45:00
19.379105443346926,19.402377678759017,19.53797533929647,10702800.0,2022-09-02 11:00:00
19.392200149749687,19.425191622989026,19.546186286114,10703700.0,2022-09-02 11:15:00
19.41377024407528,19.43734930028428,19.553384080818763,10704600.0,2022-09-02 11:30:00
19.454880331945834,19.457926940239037,19.56057359948144,10705500.0,2022-09-02 11:45:00
19.513357025170823,19.48217210004161,19.568401312540956,10706400.0,2022-09-02 12:00:00
19.57440452860409,19.507957855878715,19.577106466033623,10707300.0,2022-09-02 12:15:00
19.642896440461083,19.54021795767933,19.58732171923392,10708200.0,2022-09-02 12:30:00
19.710309749544127,19.576582984841487,19.599319632680594,10709100.0,2022-09-02 12:45:00
19.757906864699933,19.611008665482487,19.612730766858707,10710000.0,2022-09-02 13:00:00
19.798771715418884,19.641981034614314,19.626714320797344,10710900.0,2022-09-02 13:15:00
19.824966487270714,19.669257288761656,19.64065733877309,10711800.0,2022-09-02 13:30:00
19.833769484048617,19.693463061910997,19.65427697473797,10712700.0,2022-09-02 13:45:00
19.83149436870592,19.712833395937,19.66707735721548,10713600.0,2022-09-02 14:00:00
19.83124272689068,19.72622795149493,19.678489375063183,10714500.0,2022-09-02 14:15:00
19.833082773104262,19.73844810858368,19.68871962394592,10715400.0,2022-09-02 14:30:00
19.846100861834127,19.749452567649847,19.697812176337695,10716300.0,2022-09-02 14:45:00
19.87483178772297,19.76234608659557,19.70638020206365,10717200.0,2022-09-02 15:00:00
19.922640240059128,19.78096758028208,19.715357617573915,10718100.0,2022-09-02 15:15:00
19.959722220944062,19.799741641095128,19.7247136191633,10719000.0,2022-09-02 15:30:00
19.987909511049605,19.82324446505821,19.735143292585317,10719900.0,2022-09-02 15:45:00
20.00071572786548,19.83944794331589,19.745480391134212,10720800.0,2022-09-02 16:00:00
19.99789230265355,19.851575520864653,19.755176833101395,10721700.0,2022-09-02 16:15:00
19.982001920964976,19.86080036729389,19.76405308000564,10722600.0,2022-09-02 16:30:00
19.953495606154934,19.861157864826428,19.77132070817087,10723500.0,2022-09-02 16:45:00
19.91750117944363,19.85777851312961,19.776697300251595,10724400.0,2022-09-02 17:00:00
19.879708379664827,19.849992753916315,19.780096649315563,10725300.0,2022-09-02 17:15:00
19.847980637317104,19.840763546362034,19.781722812121785,10726200.0,2022-09-02 17:30:00
19.829508690711688,19.83098152640202,19.782062285518336,10727100.0,2022-09-02 17:45:00
19.822243331712613,19.8218689055087,19.781374244280833,10728000.0,2022-09-02 18:00:00
19.82052374766493,19.815983627987062,19.780396091223647,10728900.0,2022-09-02 18:15:00
19.819341605851672,19.812407591752837,19.77953727066297,10729800.0,2022-09-02 18:30:00
19.81071805277965,19.806967658072647,19.778479031202185,10730700.0,2022-09-02 18:45:00
19.792167876299928,19.800227054466653,19.777165137256784,10731600.0,2022-09-02 19:00:00
19.771342574961352,19.792569031833445,19.775402388221124,10732500.0,2022-09-02 19:15:00
19.74443722598197,19.780861354759267,19.77279819211441,10733400.0,2022-09-02 19:30:00
19.716966590366543,19.770121472241247,19.76958564725813,10734300.0,2022-09-02 19:45:00
19.691125001314905,19.755436099189836,19.76547883996672,10735200.0,2022-09-02 20:00:00
19.6554894139198,19.74115672238244,19.760685456044445,10736100.0,2022-09-02 20:15:00
19.619490478558166,19.723284726811013,19.75483266996344,10737000.0,2022-09-02 20:30:00
19.581136309856085,19.70905293672397,19.748604063058615,10737900.0,2022-09-02 20:45:00
19.546066470809286,19.687962849319167,19.74126060801214,10738800.0,2022-09-02 21:00:00
19.5152654380212,19.66718967710001,19.732974245073144,10739700.0,2022-09-02 21:15:00
19.48991155327732,19.6467020080398,19.72392752967627,10740600.0,2022-09-02 21:30:00
19.471401098575928,19.628721009894633,19.714516200401647,10741500.0,2022-09-02 21:45:00
19.461240662859648,19.61291557799341,19.70519961337036,10742400.0,2022-09-02 22:00:00
19.45028627131472,19.59641863706756,19.69586705260541,10743300.0,2022-09-02 22:15:00
19.44466107738172,19.588411382726377,19.68745643696398,10744200.0,2022-09-02 22:30:00
19.437965416023204,19.57779141282895,19.679540145284683,10745100.0,2022-09-02 22:45:00
19.431485109150255,19.56747292972776,19.67196175149609,10746000.0,2022-09-02 23:00:00
19.426871614057703,19.55800058797587,19.66463498093126,10746900.0,2022-09-02 23:15:00
19.42095426953496,19.550433884064912,19.657802915367625,10747800.0,2022-09-02 23:30:00
19.41839126067328,19.547486616190675,19.651784348569105,10748700.0,2022-09-02 23:45:00
19.413941610975964,19.537153036070347,19.645664615243064,10749600.0,2022-09-03 00:00:00
19.409798406463548,19.53365718360199,19.640112209567484,10750500.0,2022-09-03 00:15:00
19.40360480933665,19.52736227033506,19.63466232303561,10751400.0,2022-09-03 00:30:00
19.396525838117856,19.52035097258014,19.62919423272378,10752300.0,2022-09-03 00:45:00
19.38926401376719,19.51638490812529,19.62399808905999,10753200.0,2022-09-03 01:00:00
19.38191507335135,19.509362379246795,19.618935222097555,10754100.0,2022-09-03 01:15:00
19.373121120164576,19.502462650288614,19.613757401228607,10755000.0,2022-09-03 01:30:00
19.367211568966393,19.497290474435843,19.608692090656685,10755900.0,2022-09-03 01:45:00
19.35346687982054,19.491760581466476,19.603644511459077,10756800.0,2022-09-03 02:00:00
19.335756568310074,19.4813749878884,19.598087176576087,10757700.0,2022-09-03 02:15:00
19.320817907883537,19.474787475193374,19.592437397873923,10758600.0,2022-09-03 02:30:00
19.296958314628853,19.463676236544853,19.58632600966707,10759500.0,2022-09-03 02:45:00
19.270963952953448,19.450683834658314,19.579504696382266,10760400.0,2022-09-03 03:00:00
19.23942735704853,19.43563606650689,19.571941166382487,10761300.0,2022-09-03 03:15:00
19.20842599089457,19.41538679998925,19.563117781349494,10762200.0,2022-09-03 03:30:00
19.17915947092551,19.40083512463514,19.553994509083186,10763100.0,2022-09-03 03:45:00
19.14481462566799,19.384402793571144,19.544500140651436,10764000.0,2022-09-03 04:00:00
19.11129944011619,19.3641164436605,19.534120679066216,10764900.0,2022-09-03 04:15:00
19.077520635492043,19.340897003932074,19.522797887240586,10765800.0,2022-09-03 04:30:00
19.04706119125677,19.319801707169344,19.510850436188775,10766700.0,2022-09-03 04:45:00
19.01787859756081,19.30057232407649,19.49864550503945,10767600.0,2022-09-03 05:00:00
18.98978011476989,19.278751848708666,19.485996887289534,10768500.0,2022-09-03 05:15:00
18.959944081158238,19.255558503903003,19.472837643745443,10769400.0,2022-09-03 05:30:00
18.941568509741053,19.23733312418144,19.45972620279797,10770300.0,2022-09-03 05:45:00
18.92873364301707,19.22033838391471,19.446944905332348,10771200.0,2022-09-03 06:00:00
18.921081875034915,19.206620697887523,19.434647708263615,10772100.0,2022-09-03 06:15:00
18.922988833546288,19.193554161589,19.422874989941487,10773000.0,2022-09-03 06:30:00
18.937598557939037,19.18577318176536,19.412110904841313,10773900.0,2022-09-03 06:45:00
18.95606842469799,19.183263717656924,19.402622255095704,10774800.0,2022-09-03 07:00:00
18.97762399553247,19.184381490695387,19.39462496391388,10775700.0,2022-09-03 07:15:00
18.99480063700116,19.18225723596972,19.38761227181208,10776600.0,2022-09-03 07:30:00
19.025324366453116,19.185991343731345,19.381767958674818,10777500.0,2022-09-03 07:45:00
19.077054466071747,19.195982687926914,19.377604781415375,10778400.0,2022-09-03 08:00:00
19.13255150783392,19.21346337702352,19.375788151673547,10779300.0,2022-09-03 08:15:00
19.16044674657021,19.228987082888228,19.37577743471713,10780200.0,2022-09-03 08:30:00
19.184724811547508,19.245121423937736,19.37706716316082,10781100.0,2022-09-03 08:45:00
19.246881735726564,19.26306604281808,19.37956843547729,10782000.0,2022-09-03 09:00:00
19.326001579164004,19.29261005924366,19.384249375483343,10782900.0,2022-09-03 09:15:00
19.36865795660179,19.317666243234648,19.390503157562108,10783800.0,2022-09-03 09:30:00
19.400699264207383,19.343403360152923,19.397954046746555,10784700.0,2022-09-03 09:45:00
19.49110867539413,19.375672001688535,19.40708254649916,10785600.0,2022-09-03 10:00:00
19.591118682661108,19.419005671931583,19.419021137129416,10786500.0,2022-09-03 10:15:00
19.673533524364696,19.462770516614025,19.433425895865053,10787400.0,2022-09-03 10:30:00
19.75881450141175,19.50420913958483,19.449345030380957,10788300.0,2022-09-03 10:45:00
19.85980628690918,19.557395783537167,19.467881009202443,10789200.0,2022-09-03 11:00:00
19.952387864304104,19.60943365395724,19.488635531274447,10790100.0,2022-09-03 11:15:00
20.02596313398405,19.662679421572715,19.51132109279919,10791000.0,2022-09-03 11:30:00
20.090397642789743,19.714508841935853,19.53552071754132,10791900.0,2022-09-03 11:45:00
20.154031350188923,19.760642603093395,19.56012673453773,10792800.0,2022-09-03 12:00:00
20.220113230112375,19.80824816644793,19.585129312723783,10793700.0,2022-09-03 12:15:00
20.250318934676315,19.853292206883,19.61039293793629,10794600.0,2022-09-03 12:30:00
20.295061229000407,19.892604872324718,19.635196882158674,10795500.0,2022-09-03 12:45:00
20.35075399102911,19.9297909749766,19.659183371928894,10796400.0,2022-09-03 13:00:00
20.377915334482434,19.966885046299247,19.68286248585744,10797300.0,2022-09-03 13:15:00
20.408860958392143,19.999376451107494,19.705695181739827,10798200.0,2022-09-03 13:30:00
20.450831966883648,20.0326433570925,19.728082111188733,10799100.0,2022-09-03 13:45:00
20.478380301151063,20.060752346289814,19.7494548946793,10800000.0,2022-09-03 14:00:00
20.506580866502627,20.092550489791336,19.770709326349888,10800900.0,2022-09-03 14:15:00
20.535264484084134,20.120081724304715,19.791416273467483,10801800.0,2022-09-03 14:30:00
20.54845825147081,20.14575833831059,19.81161999983848,10802700.0,2022-09-03 14:45:00
20.532716276198197,20.15941913970313,19.82966307605334,10803600.0,2022-09-03 15:00:00
20.510469192358915,20.17207951070789,19.84616161502777,10804500.0,2022-09-03 15:15:00
20.480589446530335,20.174315232675287,19.85990325474092,10805400.0,2022-09-03 15:30:00
20.440957499836305,20.17640663172694,19.871813231062717,10806300.0,2022-09-03 15:45:00
20.401145344224556,20.167383034400963,19.88068607696624,10807200.0,2022-09-03 16:00:00
20.363386962541075,20.155098920678626,19.8867271822112,10808100.0,2022-09-03 16:15:00
20.326793353480415,20.145956006662153,19.891140282097417,10809000.0,2022-09-03 16:30:00
20.293570100890484,20.133087421414903,19.89386150411837,10809900.0,2022-09-03 16:45:00
20.26346959589376,20.120222005882027,19.89539655274903,10810800.0,2022-09-03 17:00:00
20.228832767762498,20.105316775844127,19.895665841519605,10811700.0,2022-09-03 17:15:00
20.18877289556928,20.08908453032588,19.894795722740195,10812600.0,2022-09-03 17:30:00
20.143434980584264,20.068770098611154,19.8923263515482,10813500.0,2022-09-03 17:45:00
20.08769004774051,20.043390947235295,19.888035460264884,10814400.0,2022-09-03 18:00:00
20.02399513586068,20.017020575664144,19.882114567543393,10815300.0,2022-09-03 18:15:00
19.95266757142044,19.988337719384983,19.87481288163372,10816200.0,2022-09-03 18:30:00
19.874951502914342,19.950484755871145,19.86503770199228,10817100.0,2022-09-03 18:45:00
19.798613952685244,19.912533051086825,19.85335547294536,10818000.0,2022-09-03 19:00:00
19.721227752879354,19.873070902355124,19.83998775838447,10818900.0,2022-09-03 19:15:00
19.64146873053011,19.82984149399389,19.824737040589994,10819800.0,2022-09-03 19:30:00
19.56105045850105,19.782228080946886,19.807409716575897,10820700.0,2022-09-03 19:45:00
19.484909524895485,19.736599832920447,19.78868921162229,10821600.0,2022-09-03 20:00:00
19.410970319291664,19.692779218548708,19.769058675608832,10822500.0,2022-09-03 20:15:00
19.333062728612767,19.64244569098954,19.747892920004087,10823400.0,2022-09-03 20:30:00
19.264118773765876,19.595864912895745,19.725762084261465,10824300.0,2022-09-03 20:45:00
19.187050206510968,19.546852297646375,19.702567834687613,10825200.0,2022-09-03 21:00:00
19.106250523287216,19.497007609530815,19.67844934351657,10826100.0,2022-09-03 21:15:00
19.035938720740152,19.448316616510393,19.65349196853443,10827000.0,2022-09-03 21:30:00
18.967772453545617,19.399712260234093,19.628022606285818,10827900.0,2022-09-03 21:45:00
18.897985665388106,19.35090316269144,19.601870103624613,10828800.0,2022-09-03 22:00:00
18.831161363487457,19.303993974020795,19.57538844056747,10829700.0,2022-09-03 22:15:00
18.770495197644554,19.25776155590603,19.54878311862328,10830600.0,2022-09-03 22:30:00
18.710072521621367,19.2115363876789,19.52193882295096,10831500.0,2022-09-03 22:45:00
18.652615849061853,19.166931860884528,19.49484114170041,10832400.0,2022-09-03 23:00:00
18.59774161768147,19.12225954819896,19.467418552581805,10833300.0,2022-09-03 23:15:00
18.541530684813416,19.078745606887026,19.44003163927965,10834200.0,2022-09-03 23:30:00
18.48954866164289,19.035581758787437,19.41255850540936,10835100.0,2022-09-03 23:45:00
18.435506177461885,18.994071256388263,19.385023900552174,10836000.0,2022-09-04 00:00:00
18.382477198501007,18.950319664046628,19.357347490619272,10836900.0,2022-09-04 00:15:00
18.335087351968976,18.911734565794276,19.329948542431936,10837800.0,2022-09-04 00:30:00
18.28556839245587,18.872022474847466,19.302743693328026,10838700.0,2022-09-04 00:45:00
18.228940926328768,18.83128193823679,19.275494385333687,10839600.0,2022-09-04 01:00:00
18.17552884076944,18.790650876169085,19.24797258659512,10840500.0,2022-09-04 01:15:00
18.115487537585015,18.746632363116284,19.220008184239216,10841400.0,2022-09-04 01:30:00
18.06958819475472,18.708408163656255,19.19214278979589,10842300.0,2022-09-04 01:45:00
18.018275939680244,18.6682210483956,19.164240548173392,10843200.0,2022-09-04 02:00:00
17.964056643706527,18.62680160336022,19.136095914105244,10844100.0,2022-09-04 02:15:00
17.923561676346463,18.589392867368097,19.10821241700788,10845000.0,2022-09-04 02:30:00
17.88369312283872,18.553503930353493,19.08062598952528,10845900.0,2022-09-04 02:45:00
17.830333259138182,18.515228068722816,19.05308112831536,10846800.0,2022-09-04 03:00:00
17.788829903058975,18.478104031077454,19.025516264826045,10847700.0,2022-09-04 03:15:00
17.7552558893989,18.443907894832,18.998245265991496,10848600.0,2022-09-04 03:30:00
17.72208939660843,18.410917134527,18.971325662957565,10849500.0,2022-09-04 03:45:00
17.69327647793815,18.37852719578261,18.94479343418148,10850400.0,2022-09-04 04:00:00
17.66778453345806,18.34893766590637,18.91873098536428,10851300.0,2022-09-04 04:15:00
17.639002586594593,18.320434937406695,18.89324857558028,10852200.0,2022-09-04 04:30:00
17.617923773543584,18.29295194457868,18.86819942485008,10853100.0,2022-09-04 04:45:00
17.602792632997946,18.268022096677715,18.84385772199868,10854000.0,2022-09-04 05:00:00
17.59244232973115,18.24507308923718,18.82030639444885,10854900.0,2022-09-04 05:15:00
17.58443023238407,18.224796594244552,18.797644949209445,10855800.0,2022-09-04 05:30:00
17.58552204215388,18.207485636473407,18.776007584477387,10856700.0,2022-09-04 05:45:00
17.59532907444364,18.194035708116758,18.755488780475815,10857600.0,2022-09-04 06:00:00
17.609434879500057,18.184291979034302,18.736409182998024,10858500.0,2022-09-04 06:15:00
17.63982336417403,18.178937273117107,18.7190231409604,10859400.0,2022-09-04 06:30:00
17.68481234060138,18.179912479219833,18.703655605896472,10860300.0,2022-09-04 06:45:00
17.74840503340476,18.186910299310814,18.690550925652225,10861200.0,2022-09-04 07:00:00
17.827458889438912,18.204276005411575,18.68042886303873,10862100.0,2022-09-04 07:15:00
17.92166574503079,18.2291163772618,18.67376928412843,10863000.0,2022-09-04 07:30:00
18.015663251092985,18.26105024138027,18.670618289613635,10863900.0,2022-09-04 07:45:00
18.112682798899247,18.29834279573872,18.670915793550662,10864800.0,2022-09-04 08:00:00
18.20938488960375,18.3402771465024,18.674530059331246,10865700.0,2022-09-04 08:15:00
18.329229652034027,18.388341708213268,18.68149323842253,10866600.0,2022-09-04 08:30:00
18.47156050025638,18.4469226196012,18.6923838454758,10867500.0,2022-09-04 08:45:00
18.631979726082584,18.513423611842473,18.70752213067324,10868400.0,2022-09-04 09:00:00
18.80362992297542,18.591692016427256,18.72737704332376,10869300.0,2022-09-04 09:15:00
18.983134513979472,18.67743737444371,18.752195842658185,10870200.0,2022-09-04 09:30:00
19.14355724847256,18.76855910874698,18.781878499088208,10871100.0,2022-09-04 09:45:00
19.30114628056469,18.86169533629995,18.81577038320966,10872000.0,2022-09-04 10:00:00
19.471147523448487,18.959033310944267,18.853456148011112,10872900.0,2022-09-04 10:15:00
19.634876530017312,19.0591360484262,18.894772906584528,10873800.0,2022-09-04 10:30:00
19.753152285690504,19.155111347662835,18.93867827034768,10874700.0,2022-09-04 10:45:00
19.872045744689373,19.246642086068757,18.98417664349657,10875600.0,2022-09-04 11:00:00
20.00242722648155,19.33852720461512,19.030955174323324,10876500.0,2022-09-04 11:15:00
20.12330178148068,19.428282654637208,19.07859894544564,10877400.0,2022-09-04 11:30:00
20.21998999303373,19.5148679396666,19.12687886965851,10878300.0,2022-09-04 11:45:00
20.298770415555776,19.5943892121334,19.17490175431758,10879200.0,2022-09-04 12:00:00
20.429326222896627,19.67569090687808,19.223057068855308,10880100.0,2022-09-04 12:15:00
20.565477448662985,19.76089686353197,19.271809990673614,10881000.0,2022-09-04 12:30:00
20.685908282278472,19.84889228634455,19.321932572748736,10881900.0,2022-09-04 12:45:00
20.825175853258404,19.940918881928337,19.373789138391768,10882800.0,2022-09-04 13:00:00
20.944769217553574,20.03171863950603,19.427083235317312,10883700.0,2022-09-04 13:15:00
21.04989882646554,20.119083101463985,19.48111316518043,10884600.0,2022-09-04 13:30:00
21.144502182870184,20.203595670689506,19.535341183565027,10885500.0,2022-09-04 13:45:00
21.2529960547852,20.290026354514985,19.590350363155387,10886400.0,2022-09-04 14:00:00
21.349951938799165,20.373008161343225,19.645534972045905,10887300.0,2022-09-04 14:15:00
21.42228057601053,20.450529015844836,19.700172458969927,10888200.0,2022-09-04 14:30:00
21.47660210660399,20.519439133652533,19.753337154271662,10889100.0,2022-09-04 14:45:00
21.52347764980841,20.582134101333935,19.80454508063376,10890000.0,2022-09-04 15:00:00
21.5593557251625,20.64077790512496,19.854005786677337,10890900.0,2022-09-04 15:15:00
21.596227039266303,20.692492555826583,19.901088602688247,10891800.0,2022-09-04 15:30:00
21.625746183829943,20.73871626971813,19.94549107295557,10892700.0,2022-09-04 15:45:00
21.615918970667504,20.777068608827864,19.987177276974837,10893600.0,2022-09-04 16:00:00
21.60610311983956,20.804136607391975,20.025144128913496,10894500.0,2022-09-04 16:15:00
21.589667927791034,20.827811689714423,20.0600076973784,10895400.0,2022-09-04 16:30:00
21.562926958975503,20.843093522258354,20.091338714015247,10896300.0,2022-09-04 16:45:00
21.52920742313457,20.852200936698416,20.119170861986834,10897200.0,2022-09-04 17:00:00
21.4897952085844,20.857426265815093,20.14397591316305,10898100.0,2022-09-04 17:15:00
21.44346795175497,20.853598990404414,20.165034309817333,10899000.0,2022-09-04 17:30:00
21.38575334575119,20.846189445442366,20.182964492376232,10899900.0,2022-09-04 17:45:00
21.32745555339571,20.83250827505256,20.19751184657027,10900800.0,2022-09-04 18:00:00
21.27077583016975,20.815497187908935,20.209020305260644,10901700.0,2022-09-04 18:15:00
21.21553032427684,20.79488330186849,20.21753789092768,10902600.0,2022-09-04 18:30:00
21.15496776383592,20.771229976323088,20.223356949256,10903500.0,2022-09-04 18:45:00
21.095926219561576,20.74603996571728,20.22685754246436,10904400.0,2022-09-04 19:00:00
21.036035532243773,20.71961600869137,20.228424431799667,10905300.0,2022-09-04 19:15:00
20.97478127957172,20.690139078224007,20.22798013638124,10906200.0,2022-09-04 19:30:00
20.9154228396414,20.660209247667137,20.22580772640631,10907100.0,2022-09-04 19:45:00
20.85418606743752,20.628655798717727,20.222003752181973,10908000.0,2022-09-04 20:00:00
20.79190024324121,20.59566821473594,20.21676587562184,10908900.0,2022-09-04 20:15:00
20.726170248861923,20.56210497424204,20.21021276477,10909800.0,2022-09-04 20:30:00
20.656212860829456,20.525151544349804,20.202103509063328,10910700.0,2022-09-04 20:45:00
20.579962976161543,20.486288528905888,20.192238767653127,10911600.0,2022-09-04 21:00:00
20.49874230468089,20.444678541733744,20.18068918214967,10912500.0,2022-09-04 21:15:00
20.413322599184127,20.39929603533352,20.167288056694773,10913400.0,2022-09-04 21:30:00
20.330102428612285,20.35125898467648,20.15189865275126,10914300.0,2022-09-04 21:45:00
20.247205599062926,20.30293333105965,20.13496410588776,10915200.0,2022-09-04 22:00:00
20.166138708418803,20.254608736842695,20.116696302928453,10916100.0,2022-09-04 22:15:00
20.09081777207309,20.204304367559462,20.0970404783244,10917000.0,2022-09-04 22:30:00
20.01923592420844,20.157152736677983,20.076632213635826,10917900.0,2022-09-04 22:45:00
19.946457173904456,20.108611340362472,20.05539135579449,10918800.0,2022-09-04 23:00:00
19.87826054719126,20.060886841953067,20.033409071843515,10919700.0,2022-09-04 23:15:00
19.81125521872593,20.013926834899223,20.01084406100505,10920600.0,2022-09-04 23:30:00
19.739893844674103,19.966607495995707,19.987715120489927,10921500.0,2022-09-04 23:45:00
19.671867241619573,19.919472324171288,19.964074326780917,10922400.0,2022-09-05 00:00:00
19.609347102985048,19.873270498270948,19.94013589291873,10923300.0,2022-09-05 00:15:00
19.549653333349557,19.827280622693216,19.915740126909764,10924200.0,2022-09-05 00:30:00
19.494992201148374,19.784046479343296,19.89134881174936,10925100.0,2022-09-05 00:45:00
19.446101716762545,19.74358102106316,19.867202585404478,10926000.0,2022-09-05 01:00:00
19.398145522451458,19.70326290628612,19.843059518815096,10926900.0,2022-09-05 01:15:00
19.348726325071286,19.663978733682303,19.81906242047221,10927800.0,2022-09-05 01:30:00
19.30027997004599,19.625949696306225,19.79519924856817,10928700.0,2022-09-05 01:45:00
19.24466921274724,19.58695203063016,19.771302332064803,10929600.0,2022-09-05 02:00:00
19.19491293704409,19.548337593820264,19.747298872616305,10930500.0,2022-09-05 02:15:00
19.14751973466096,19.5116848114394,19.723315378386435,10931400.0,2022-09-05 02:30:00
19.10332216693557,19.47408719924587,19.69931854928844,10932300.0,2022-09-05 02:45:00
19.05881414612046,19.437971484970287,19.67532490721611,10933200.0,2022-09-05 03:00:00
19.018864191947603,19.4036411541652,19.65150083032864,10934100.0,2022-09-05 03:15:00
18.98182919232616,19.37060905709651,19.627973507911992,10935000.0,2022-09-05 03:30:00
18.952933449085368,19.33929793683024,19.604788748031982,10935900.0,2022-09-05 03:45:00
18.920185812818424,19.309048725122484,19.582083755886327,10936800.0,2022-09-05 04:00:00
18.89177959376644,19.280198157198345,19.559771025515698,10937700.0,2022-09-05 04:15:00
18.868026343664944,19.25270877108687,19.537773773022955,10938600.0,2022-09-05 04:30:00
18.85724789152548,19.229110930238026,19.51658405931878,10939500.0,2022-09-05 04:45:00
18.851709826202967,19.208672582648465,19.496319462207953,10940400.0,2022-09-05 05:00:00
18.856476560796292,19.19226947522745,19.477387595436955,10941300.0,2022-09-05 05:15:00
18.863873161529256,19.179606771860264,19.459843857254153,10942200.0,2022-09-05 05:30:00
18.871763780841807,19.17025963434344,19.44372942422576,10943100.0,2022-09-05 05:45:00
18.882178753127167,19.16211669319372,19.42906577469144,10944000.0,2022-09-05 06:00:00
18.899399844219094,19.15780817764669,19.41580764290281,10944900.0,2022-09-05 06:15:00
18.92858959416148,19.157418971310356,19.404116259794804,10945800.0,2022-09-05 06:30:00
18.976837104315727,19.164746065794315,19.394508459988163,10946700.0,2022-09-05 06:45:00
19.033928398533167,19.176381197737804,19.387289899986293,10947600.0,2022-09-05 07:00:00
19.09104055128839,19.19211746305404,19.38233040615228,10948500.0,2022-09-05 07:15:00
19.156918153368903,19.214469150850555,19.3800034098214,10949400.0,2022-09-05 07:30:00
19.218843819755868,19.23968673763614,19.38026635314602,10950300.0,2022-09-05 07:45:00
19.286955379794176,19.268034901969955,19.382823639172887,10951200.0,2022-09-05 08:00:00
19.349279124951128,19.29791990399629,19.38737839882212,10952100.0,2022-09-05 08:15:00
19.41005588506896,19.330764241150327,19.393993848779647,10953000.0,2022-09-05 08:30:00
19.460603508806205,19.362090866530497,19.402278801093164,10953900.0,2022-09-05 08:45:00
19.51162569624801,19.393559583770426,19.411761623979505,10954800.0,2022-09-05 09:00:00
19.55987896046152,19.424505829194302,19.42219435608601,10955700.0,2022-09-05 09:15:00
19.63195330708468,19.4587211601168,19.433787961766157,10956600.0,2022-09-05 09:30:00
19.766052268234446,19.50553603545839,19.447728519662203,10957500.0,2022-09-05 09:45:00
19.933693562310633,19.5679946462346,19.465697726620675,10958400.0,2022-09-05 10:00:00
20.082453116704496,19.641638811111527,19.488770308388126,10959300.0,2022-09-05 10:15:00
20.18371405852596,19.71165603344259,19.51554574426608,10960200.0,2022-09-05 10:30:00
20.262013830402168,19.77667055181508,19.544556351418844,10961100.0,2022-09-05 10:45:00
20.365235616406025,19.84151361530377,19.575181530649967,10962000.0,2022-09-05 11:00:00
20.516729220078037,19.917860498629288,19.608534656713932,10962900.0,2022-09-05 11:15:00
20.669925309379707,20.000664236899052,19.645026878523293,10963800.0,2022-09-05 11:30:00
20.79998242896168,20.086144880474567,19.684710089628645,10964700.0,2022-09-05 11:45:00
20.89820235429044,20.166270950815637,19.726310664763194,10965600.0,2022-09-05 12:00:00
20.976283241210503,20.242131259944003,19.768902487347535,10966500.0,2022-09-05 12:15:00
21.030417100226096,20.310006946951106,19.81125342345529,10967400.0,2022-09-05 12:30:00
21.105469325458166,20.373248462989302,19.8528784790937,10968300.0,2022-09-05 12:45:00
21.16406879290921,20.43392935926652,19.893649772660083,10969200.0,2022-09-05 13:00:00
21.210762899454416,20.48938392082016,19.93334010991584,10970100.0,2022-09-05 13:15:00
21.245151907160174,20.53601403070124,19.970984525013773,10971000.0,2022-09-05 13:30:00
21.267697267403985,20.578457095770887,20.006491192347276,10971900.0,2022-09-05 13:45:00
21.301150841099822,20.620242301556267,20.040689781014013,10972800.0,2022-09-05 14:00:00
21.32904281196005,20.6575102150837,20.073468045913447,10973700.0,2022-09-05 14:15:00
21.36484086266173,20.69448551349948,20.105122627207425,10974600.0,2022-09-05 14:30:00
21.409880137106708,20.732428911227704,20.13609013277856,10975500.0,2022-09-05 14:45:00
21.45433039408995,20.769809880832412,20.1665336749604,10976400.0,2022-09-05 15:00:00
21.498652233616998,20.8062304184904,20.19649853859746,10977300.0,2022-09-05 15:15:00
21.54153048733032,20.8434676590338,20.226226962733115,10978200.0,2022-09-05 15:30:00
21.571158988951954,20.87976900673241,20.255875066233298,10979100.0,2022-09-05 15:45:00
21.58714155633444,20.91110257636572,20.284625452429776,10980000.0,2022-09-05 16:00:00
21.582750927572135,20.93675781584036,20.312055050684915,10980900.0,2022-09-05 16:15:00
21.55337720983133,20.95234145252087,20.33707987364697,10981800.0,2022-09-05 16:30:00
21.51258825247502,20.96002750285209,20.35919049194157,10982700.0,2022-09-05 16:45:00
21.46692936670528,20.96015543212477,20.378018526209665,10983600.0,2022-09-05 17:00:00
21.40992938372621,20.953172444328068,20.393402833003623,10984500.0,2022-09-05 17:15:00
21.334123520257315,20.93779915099574,20.404927283741195,10985400.0,2022-09-05 17:30:00
21.24960949001692,20.91403285388446,20.41233384570992,10986300.0,2022-09-05 17:45:00
21.162997511451252,20.882477413565788,20.41557309512561,10987200.0,2022-09-05 18:00:00
21.08053897981417,20.846904899024807,20.41491490851062,10988100.0,2022-09-05 18:15:00
21.006456794369534,20.811127595678897,20.41146459483869,10989000.0,2022-09-05 18:30:00
20.93762986813468,20.773255629626814,20.4056171269077,10989900.0,2022-09-05 18:45:00
20.873762253784182,20.735909581119117,20.39791656820224,10990800.0,2022-09-05 19:00:00
20.81450838205489,20.698692220730887,20.388652333743646,10991700.0,2022-09-05 19:15:00
20.76454247389531,20.66334085003388,20.378345116716364,10992600.0,2022-09-05 19:30:00
20.720521103904016,20.630103627083788,20.367377964836876,10993500.0,2022-09-05 19:45:00
20.683177765467104,20.599222539260335,20.356113918800336,10994400.0,2022-09-05 20:00:00
20.64958770600741,20.56913594428207,20.344665297941063,10995300.0,2022-09-05 20:15:00
20.61600783579686,20.542509581989783,20.33335664072134,10996200.0,2022-09-05 20:30:00
20.58083454178829,20.51784138345504,20.322441051721157,10997100.0,2022-09-05 20:45:00
20.541875513399,20.492775402071047,20.311619537750214,10998000.0,2022-09-05 21:00:00
20.50070121687004,20.466145362353284,20.300631889835103,10998900.0,2022-09-05 21:15:00
20.455304755541174,20.43980849420643,20.28942176718126,10999800.0,2022-09-05 21:30:00
20.405835372937727,20.41154148616217,20.277562024531186,11000700.0,2022-09-05 21:45:00
20.346872905936426,20.37921814385088,20.26463965622825,11001600.0,2022-09-05 22:00:00
20.283904790006545,20.34459285427668,20.250517601600464,11002500.0,2022-09-05 22:15:00
20.21664280589982,20.30988913357835,20.235445518786864,11003400.0,2022-09-05 22:30:00
20.14353401444656,20.26871941285168,20.2186701668982,11004300.0,2022-09-05 22:45:00
20.07165664471536,20.227800068802456,20.200653804912655,11005200.0,2022-09-05 23:00:00
20.002065671158984,20.185133755449552,20.181280677129536,11006100.0,2022-09-05 23:15:00
19.928896102464726,20.140395714535583,20.160621823422353,11007000.0,2022-09-05 23:30:00
19.860017664637994,20.095282185383585,20.13878906200296,11007900.0,2022-09-05 23:45:00
19.790528928067616,20.05009593794424,20.116134648274585,11008800.0,2022-09-06 00:00:00
19.72448834211209,20.00480561482195,20.092638133759912,11009700.0,2022-09-06 00:15:00
19.654887027985257,19.958025991782076,20.06825066051992,11010600.0,2022-09-06 00:30:00
19.584509696817967,19.911645401192608,20.043244549157045,11011500.0,2022-09-06 00:45:00
19.514690787539028,19.86408624029517,20.01757559358616,11012400.0,2022-09-06 01:00:00
19.44582853258184,19.816286807123607,19.991166307228557,11013300.0,2022-09-06 01:15:00
19.37642184288501,19.769537880476044,19.96426994007384,11014200.0,2022-09-06 01:30:00
19.30987854956169,19.72047950996514,19.93657002659364,11015100.0,2022-09-06 01:45:00
19.24485560564827,19.67289582284976,19.90843457828256,11016000.0,2022-09-06 02:00:00
19.184310989412783,19.626235353694423,19.879969071026053,11016900.0,2022-09-06 02:15:00
19.128361480099535,19.58024986585809,19.85130580846384,11017800.0,2022-09-06 02:30:00
19.073993483282074,19.536813111313,19.822709099109908,11018700.0,2022-09-06 02:45:00
19.017709466040447,19.493047808613166,19.794073432407888,11019600.0,2022-09-06 03:00:00
18.96141161208532,19.449510108885303,19.765493896286554,11020500.0,2022-09-06 03:15:00
18.907731805280417,19.406272926844004,19.73685387418647,11021400.0,2022-09-06 03:30:00
18.86156515775012,19.36552699223195,19.708368992032213,11022300.0,2022-09-06 03:45:00
18.82359042358016,19.326205725790583,19.68011009590387,11023200.0,2022-09-06 04:00:00
18.784840856708232,19.290034215700185,19.65235843172132,11024100.0,2022-09-06 04:15:00
18.755187279597852,19.25352716308207,19.624972047955108,11025000.0,2022-09-06 04:30:00
18.735113774735392,19.223568226480253,19.598400622976953,11025900.0,2022-09-06 04:45:00
18.718579681455015,19.194592570547435,19.572870754815504,11026800.0,2022-09-06 05:00:00
18.704104087666938,19.170863078028727,19.548576438618525,11027700.0,2022-09-06 05:15:00
18.6903097334798,19.14806669162792,19.525370868190446,11028600.0,2022-09-06 05:30:00
18.67682151558284,19.127124141757587,19.503177249346017,11029500.0,2022-09-06 05:45:00
18.662291970758147,19.10622767139796,19.48188750071664,11030400.0,2022-09-06 06:00:00
18.65248064472026,19.087685961309937,19.461447669487153,11031300.0,2022-09-06 06:15:00
18.650095074574413,19.07173381314943,19.4419075348825,11032200.0,2022-09-06 06:30:00
18.660622335807496,19.059338460009148,19.42344348355867,11033100.0,2022-09-06 06:45:00
18.68815725820815,19.05271104249267,19.40644751713096,11034000.0,2022-09-06 07:00:00
18.722965154689163,19.0505929588156,19.391184930416248,11034900.0,2022-09-06 07:15:00
18.76828983050448,19.05369113570623,19.378097923476545,11035800.0,2022-09-06 07:30:00
18.801550386421408,19.060755274044613,19.367291400899685,11036700.0,2022-09-06 07:45:00
18.824976145110604,19.0665833533302,19.358125431365163,11037600.0,2022-09-06 08:00:00
18.82716613000832,19.071793912304884,19.350130869371824,11038500.0,2022-09-06 08:15:00
18.8260372747754,19.074304017966384,19.342763620172324,11039400.0,2022-09-06 08:30:00
18.832974831270977,19.074439955581862,19.33552226133597,11040300.0,2022-09-06 08:45:00
18.871341445629877,19.0781656027815,19.32881602073443,11041200.0,2022-09-06 09:00:00
18.94070197573152,19.092512318483248,19.32384476948633,11042100.0,2022-09-06 09:15:00
19.027857202243823,19.11491235596576,19.321278876345573,11043000.0,2022-09-06 09:30:00
19.100199889211503,19.14375279356636,19.32164546548952,11043900.0,2022-09-06 09:45:00
19.144226988623316,19.17102326410991,19.324246071080143,11044800.0,2022-09-06 10:00:00
19.18123528818644,19.195817721417985,19.3283645149961,11045700.0,2022-09-06 10:15:00
19.21517350210565,19.219602553451168,19.33354541738773,11046600.0,2022-09-06 10:30:00
19.253114244387827,19.242614566448392,19.33938651884782,11047500.0,2022-09-06 10:45:00
19.2894855936334,19.265360907620114,19.34581592994106,11048400.0,2022-09-06 11:00:00
19.324891541454264,19.287908678769185,19.352797189877982,11049300.0,2022-09-06 11:15:00
19.366372179621436,19.31091956637036,19.360262948602852,11050200.0,2022-09-06 11:30:00
19.41889080626405,19.33620401748225,19.368428301011935,11051100.0,2022-09-06 11:45:00
19.481223652538294,19.365650095046593,19.377764267195015,11052000.0,2022-09-06 12:00:00
19.531847441772754,19.39627823931588,19.388371151872374,11052900.0,2022-09-06 12:15:00
19.564085738550656,19.4245523163856,19.3997660884319,11053800.0,2022-09-06 12:30:00
19.574654395403208,19.447460550060914,19.41118478833561,11054700.0,2022-09-06 12:45:00
19.57720866777617,19.46395617977627,19.421829288117568,11055600.0,2022-09-06 13:00:00
19.58029151455631,19.478246704774968,19.431610600563044,11056500.0,2022-09-06 13:15:00
19.58762909490145,19.491268702802365,19.44057682280184,11057400.0,2022-09-06 13:30:00
19.58399189478529,19.49972472580924,19.448442911461555,11058300.0,2022-09-06 13:45:00
19.594073892949133,19.508205580832247,19.455513191304856,11059200.0,2022-09-06 14:00:00
19.602802601772648,19.51541679339429,19.461774166293313,11060100.0,2022-09-06 14:15:00
19.617375321414343,19.525219931613375,19.46783085505467,11061000.0,2022-09-06 14:30:00
19.62412718847357,19.534376469430107,19.47369510671069,11061900.0,2022-09-06 14:45:00
19.622114310831144,19.54014060769435,19.479151932000768,11062800.0,2022-09-06 15:00:00
19.606530590743187,19.543387841940167,19.483964414198844,11063700.0,2022-09-06 15:15:00
19.589489641884697,19.541792949156346,19.487693775303946,11064600.0,2022-09-06 15:30:00
19.57971560558182,19.54034988172864,19.49057033826089,11065500.0,2022-09-06 15:45:00
19.573679012933585,19.538619294782244,19.49259803148848,11066400.0,2022-09-06 16:00:00
19.56349608915668,19.536452572851335,19.49407124899008,11067300.0,2022-09-06 16:15:00
19.546720438615967,19.532185242752067,19.494866628114647,11068200.0,2022-09-06 16:30:00
19.525168799713114,19.526230060297024,19.49501365871692,11069100.0,2022-09-06 16:45:00
19.499485509740953,19.51738313986334,19.4941512720942,11070000.0,2022-09-06 17:00:00
19.47086842095376,19.506540620403023,19.492273822193976,11070900.0,2022-09-06 17:15:00
19.441110049897677,19.494095169809235,19.48935577180235,11071800.0,2022-09-06 17:30:00
19.408158593746865,19.478271110759326,19.48527419980189,11072700.0,2022-09-06 17:45:00
19.374561969943965,19.46259390722353,19.480264358148577,11073600.0,2022-09-06 18:00:00
19.34047252927333,19.444658188548303,19.474181327886644,11074500.0,2022-09-06 18:15:00
19.31094413331225,19.42695341123418,19.467254617107304,11075400.0,2022-09-06 18:30:00
19.278093315498097,19.408761452519,19.45966512428167,11076300.0,2022-09-06 18:45:00
19.239436290087813,19.387914743888807,19.451276624290976,11077200.0,2022-09-06 19:00:00
19.19343817803337,19.365034959630897,19.441945841588137,11078100.0,2022-09-06 19:15:00
19.14069527495884,19.339473304151166,19.431457710845656,11079000.0,2022-09-06 19:30:00
19.081117946091133,19.310435172626285,19.41971212038911,11079900.0,2022-09-06 19:45:00
19.014576793502865,19.27697798683751,19.40630821648453,11080800.0,2022-09-06 20:00:00
18.961906718499353,19.243564453181463,19.39150969235695,11081700.0,2022-09-06 20:15:00
18.90643898273012,19.20998450608227,19.375478275821024,11082600.0,2022-09-06 20:30:00
18.856604411696,19.174727273244244,19.35845658157603,11083500.0,2022-09-06 20:45:00
18.81122720396063,19.142143111385717,19.34079059759563,11084400.0,2022-09-06 21:00:00
18.768611432826127,19.110275222446543,19.32288800487828,11085300.0,2022-09-06 21:15:00
18.721557384581136,19.077337721192027,19.30461456666768,11086200.0,2022-09-06 21:30:00
18.672700902965367,19.044450756737003,19.28583017713992,11087100.0,2022-09-06 21:45:00
18.61893953644745,19.009146598764115,19.266427148646443,11088000.0,2022-09-06 22:00:00
18.56261394402128,18.973975501617016,19.2465688650894,11088900.0,2022-09-06 22:15:00
18.508569668495305,18.937966539885497,19.226109303598445,11089800.0,2022-09-06 22:30:00
18.45455492626948,18.901215903950217,19.205036159175265,11090700.0,2022-09-06 22:45:00
18.400676267086777,18.864656252297387,19.18331359355517,11091600.0,2022-09-06 23:00:00
18.344159143235014,18.827749722466752,19.16108904151709,11092500.0,2022-09-06 23:15:00
18.292347895127453,18.789071088643453,19.13834095422634,11093400.0,2022-09-06 23:30:00
18.24214205864453,18.752096345146487,19.11516814615471,11094300.0,2022-09-06 23:45:00
18.19531889179021,18.715008738417776,19.091647643089875,11095200.0,2022-09-07 00:00:00
18.147959675381426,18.6785767071627,19.06794436455269,11096100.0,2022-09-07 00:15:00
18.099704638745266,18.642254704401847,19.04396911230331,11097000.0,2022-09-07 00:30:00
18.05394011224941,18.605727031732616,19.01982060933551,11097900.0,2022-09-07 00:45:00
18.01215269660771,18.571053653608768,18.99556423147924,11098800.0,2022-09-07 01:00:00
17.969754184830272,18.537349133399825,18.97147886196711,11099700.0,2022-09-07 01:15:00
17.929872391244306,18.503819791731807,18.947452810390597,11100600.0,2022-09-07 01:30:00
17.895562295068185,18.471754062282994,18.92355658402372,11101500.0,2022-09-07 01:45:00
17.866758193403136,18.440660761754465,18.89981089314795,11102400.0,2022-09-07 02:00:00
17.8340956063445,18.410792539292885,18.876408784669685,11103300.0,2022-09-07 02:15:00
17.79586530860565,18.38032726557981,18.853222139070457,11104200.0,2022-09-07 02:30:00
17.753369947328505,18.351057497664083,18.830127640126484,11105100.0,2022-09-07 02:45:00
17.70835613779672,18.319562542116653,18.80694761874219,11106000.0,2022-09-07 03:00:00
17.66831561177101,18.286968102342552,18.783402165544317,11106900.0,2022-09-07 03:15:00
17.635974958636293,18.256680406644165,18.759853760835053,11107800.0,2022-09-07 03:30:00
17.614401945417995,18.22760950971376,18.73639272699789,11108700.0,2022-09-07 03:45:00
17.59391000510726,18.20162259877346,18.71337591243793,11109600.0,2022-09-07 04:00:00
17.583430428052832,18.179055537514166,18.691120425029297,11110500.0,2022-09-07 04:15:00
17.572445290712615,18.157424956311665,18.66959840450824,11111400.0,2022-09-07 04:30:00
17.568222825467537,18.1397352538568,18.649071709164637,11112300.0,2022-09-07 04:45:00
17.56955266381817,18.124117852790327,18.629643470587567,11113200.0,2022-09-07 05:00:00
17.57958849812998,18.112698442517623,18.611394410930256,11114100.0,2022-09-07 05:15:00
17.593621821352944,18.103776285856053,18.59436602034753,11115000.0,2022-09-07 05:30:00
17.607141230247247,18.09672895008207,18.578545646602077,11115900.0,2022-09-07 05:45:00
17.62904329795776,18.093680537566815,18.56424016945584,11116800.0,2022-09-07 06:00:00
17.654191275940125,18.093725728752993,18.551354424425657,11117700.0,2022-09-07 06:15:00
17.68397101311149,18.09602275710632,18.539980321815616,11118600.0,2022-09-07 06:30:00
17.718714159125508,18.10153752083488,18.53027462952548,11119500.0,2022-09-07 06:45:00
17.77440083539067,18.112833810414912,18.52231421020099,11120400.0,2022-09-07 07:00:00
17.849241067719042,18.131195302133086,18.51671796133765,11121300.0,2022-09-07 07:15:00
17.933455911973546,18.1559513473665,18.5137759990782,11122200.0,2022-09-07 07:30:00
18.03500272039352,18.18992562875334,18.514003154727305,11123100.0,2022-09-07 07:45:00
18.12115278631267,18.22861711341237,18.51747767453667,11124000.0,2022-09-07 08:00:00
18.193170793279123,18.267247331805237,18.523683028058624,11124900.0,2022-09-07 08:15:00
18.24947373032152,18.304606247358524,18.53201609243551,11125800.0,2022-09-07 08:30:00
18.286618069235253,18.336513005842104,18.541300684981767,11126700.0,2022-09-07 08:45:00
18.343172872704127,18.369065222077577,18.55128838113827,11127600.0,2022-09-07 09:00:00
18.418555590509488,18.405598993861613,18.56239229503116,11128500.0,2022-09-07 09:15:00
18.488846105433872,18.44394889894149,18.574794847847286,11129400.0,2022-09-07 09:30:00
18.553804222556675,18.48326800355632,18.588487678718128,11130300.0,2022-09-07 09:45:00
18.613121546428463,18.522183250212244,18.603270890441568,11131200.0,2022-09-07 10:00:00
18.673722058769023,18.56043659308772,18.618905121232423,11132100.0,2022-09-07 10:15:00
18.725570601164925,18.597737978375125,18.635272249753474,11133000.0,2022-09-07 10:30:00
18.776200806691094,18.63497000732733,18.65214385635494,11133900.0,2022-09-07 10:45:00
18.819380205681096,18.670044308236207,18.669291549434096,11134800.0,2022-09-07 11:00:00
18.883948693508888,18.705410606612165,18.686810623653777,11135700.0,2022-09-07 11:15:00
19.01156244975463,18.753355427260995,18.70596807643137,11136600.0,2022-09-07 11:30:00
19.15682032582743,18.81466568093096,18.728355931978392,11137500.0,2022-09-07 11:45:00
19.255110663734474,18.87512449031849,18.753605764125965,11138400.0,2022-09-07 12:00:00
19.309288172642155,18.932484864642024,18.780935579698554,11139300.0,2022-09-07 12:15:00
19.34835107106062,18.980921870377152,18.808596212047245,11140200.0,2022-09-07 12:30:00
19.393476140705257,19.0259749586442,18.835971777424,11141100.0,2022-09-07 12:45:00
19.436033746336648,19.06871708228936,18.862980649065012,11142000.0,2022-09-07 13:00:00
19.45606200440113,19.10627631531952,18.889247208474675,11142900.0,2022-09-07 13:15:00
19.460642799101613,19.1346932055671,18.913732131017767,11143800.0,2022-09-07 13:30:00
19.46343930285549,19.158431632403147,18.93623391260289,11144700.0,2022-09-07 13:45:00
19.475700281760894,19.18050832302616,18.957012848856653,11145600.0,2022-09-07 14:00:00
19.490753604488095,19.200580997651063,18.976404989005417,11146500.0,2022-09-07 14:15:00
19.502393362579923,19.21898173281008,18.994623786084627,11147400.0,2022-09-07 14:30:00
19.506730218733605,19.235197735932367,19.011648377121933,11148300.0,2022-09-07 14:45:00
19.507968316755065,19.249507069210004,19.02753088556281,11149200.0,2022-09-07 15:00:00
19.5148030275413,19.261618560609183,19.04230552566407,11150100.0,2022-09-07 15:15:00
19.52671126388232,19.2750738418353,19.056469187809967,11151000.0,2022-09-07 15:30:00
19.536725201720675,19.2869722492306,19.069997615179833,11151900.0,2022-09-07 15:45:00
19.53263245900357,19.29689045325428,19.08274729696616,11152800.0,2022-09-07 16:00:00
19.508225000339213,19.30251357733973,19.094404250517943,11153700.0,2022-09-07 16:15:00
19.471408881544352,19.301103130751304,19.1042893472932,11154600.0,2022-09-07 16:30:00
19.43088371168429,19.294300678244053,19.112134348849157,11155500.0,2022-09-07 16:45:00
19.39555349837517,19.286103826680687,19.11810146452595,11156400.0,2022-09-07 17:00:00
19.356796360353496,19.27198020557152,19.121668091452335,11157300.0,2022-09-07 17:15:00
19.31786512594278,19.258948243894757,19.123644564285016,11158200.0,2022-09-07 17:30:00
19.281678929813495,19.24282989079977,19.124012416221294,11159100.0,2022-09-07 17:45:00
19.247419660981816,19.22555545609203,19.122971502676208,11160000.0,2022-09-07 18:00:00
19.21355071726035,19.20891802119719,19.120914285267865,11160900.0,2022-09-07 18:15:00
19.181927862238958,19.190634351380496,19.11778131644012,11161800.0,2022-09-07 18:30:00
19.14728778556213,19.17299292329163,19.11382951194112,11162700.0,2022-09-07 18:45:00
19.106892339981425,19.15331733142444,19.1090201893218,11163600.0,2022-09-07 19:00:00
19.0651893184428,19.13188329060752,19.103333155091253,11164500.0,2022-09-07 19:15:00
19.017978899800227,19.108346812586596,19.0965471610481,11165400.0,2022-09-07 19:30:00
18.97237401699551,19.08444883750811,19.088730629735288,11166300.0,2022-09-07 19:45:00
18.92548857148526,19.057987574092337,19.07977173635799,11167200.0,2022-09-07 20:00:00
18.87967472803259,19.031568395905506,19.06994173195305,11168100.0,2022-09-07 20:15:00
18.83294624977025,19.004517722897457,19.059327582150576,11169000.0,2022-09-07 20:30:00
18.785797923951183,18.97528819720272,19.047734992352687,11169900.0,2022-09-07 20:45:00
18.737932970179717,18.9458011888381,19.03523358079897,11170800.0,2022-09-07 21:00:00
18.687309842572947,18.915379850112263,19.021928513767623,11171700.0,2022-09-07 21:15:00
18.631537921262016,18.885106851387743,19.00798031862764,11172600.0,2022-09-07 21:30:00
18.577397569714496,18.85147996464619,18.99303400762581,11173500.0,2022-09-07 21:45:00
18.52644200932675,18.81891307673208,18.977276167187465,11174400.0,2022-09-07 22:00:00
18.475203321297855,18.784583055902072,18.960694992502233,11175300.0,2022-09-07 22:15:00
18.426083497553076,18.75128480786793,18.94351299003005,11176200.0,2022-09-07 22:30:00
18.375106342627696,18.717166779073647,18.925710152007685,11177100.0,2022-09-07 22:45:00
18.321451405878012,18.682555839612142,18.907452438093088,11178000.0,2022-09-07 23:00:00
18.270365887237435,18.64819889248035,18.888735344609486,11178900.0,2022-09-07 23:15:00
18.220123783246816,18.613262549455328,18.86955926360968,11179800.0,2022-09-07 23:30:00
18.172016348208867,18.579732158533865,18.85007810600573,11180700.0,2022-09-07 23:45:00
18.12107408499905,18.54502149538268,18.830150942841858,11181600.0,2022-09-08 00:00:00
18.06903999817416,18.509290310270767,18.80963705852117,11182500.0,2022-09-08 00:15:00
18.020383631014862,18.473051994182747,18.788581670622037,11183400.0,2022-09-08 00:30:00
17.977811467547014,18.440101319969084,18.76753099086295,11184300.0,2022-09-08 00:45:00
17.935751714353213,18.405412594648023,18.746174575055537,11185200.0,2022-09-08 01:00:00
17.893695139182014,18.373844976625936,18.7248623673664,11186100.0,2022-09-08 01:15:00
17.85373267969283,18.341194668900894,18.70348071955185,11187000.0,2022-09-08 01:30:00
17.814754383282907,18.308276217135333,18.68191525675447,11187900.0,2022-09-08 01:45:00
17.778160659514274,18.27808628745863,18.6605254547884,11188800.0,2022-09-08 02:00:00
17.741403797306308,18.24767150921612,18.639263839480822,11189700.0,2022-09-08 02:15:00
17.705734498764905,18.21825352191925,18.61798435375607,11190600.0,2022-09-08 02:30:00
17.670266849477393,18.189929154874175,18.59680955360017,11191500.0,2022-09-08 02:45:00
17.636119176431787,18.160164458353503,18.575743998715385,11192400.0,2022-09-08 03:00:00
17.5997137090632,18.13108280881432,18.554581064105477,11193300.0,2022-09-08 03:15:00
17.56328715478722,18.102622354198356,18.533491824380704,11194200.0,2022-09-08 03:30:00
17.532811153108053,18.074120878178487,18.512449653700653,11195100.0,2022-09-08 03:45:00
17.51113701445534,18.049253981173592,18.491736456762343,11196000.0,2022-09-08 04:00:00
17.498384914917473,18.025363837211657,18.471395077229243,11196900.0,2022-09-08 04:15:00
17.48905471690339,18.003835375820056,18.4516195195348,11197800.0,2022-09-08 04:30:00
17.483741665537952,17.985168950806894,18.43274944858293,11198700.0,2022-09-08 04:45:00
17.480306425579137,17.971519316131072,18.41511505809425,11199600.0,2022-09-08 05:00:00
17.480212469096617,17.959099441255788,18.398561982327255,11200500.0,2022-09-08 05:15:00
17.49014623834242,17.949286042660905,18.383065815530585,11201400.0,2022-09-08 05:30:00
17.500697083578604,17.941392616840147,18.368627862804285,11202300.0,2022-09-08 05:45:00
17.516947969138613,17.936688226230206,18.355349069162664,11203200.0,2022-09-08 06:00:00
17.54434179232981,17.9359933168839,18.343406174335183,11204100.0,2022-09-08 06:15:00
17.574125037486606,17.937794417432407,18.33303636927592,11205000.0,2022-09-08 06:30:00
17.613325856707718,17.943973161419294,18.324251103044837,11205900.0,2022-09-08 06:45:00
17.651558815447213,17.953583801113222,18.31723502321229,11206800.0,2022-09-08 07:00:00
17.710960966174312,17.967415654013166,18.31204356099725,11207700.0,2022-09-08 07:15:00
17.781107272524785,17.988605264370054,18.309212833648367,11208600.0,2022-09-08 07:30:00
17.848633499363725,18.014323873993693,18.308880584642612,11209500.0,2022-09-08 07:45:00
17.930544024830578,18.045548464473324,18.311203661353236,11210400.0,2022-09-08 08:00:00
18.025560215979286,18.0813623455158,18.316178486537737,11211300.0,2022-09-08 08:15:00
18.155907856373187,18.12865975299732,18.324616506492774,11212200.0,2022-09-08 08:30:00
18.278593388225143,18.18557805423129,18.337046394834285,11213100.0,2022-09-08 08:45:00
18.399342609977435,18.243445861576447,18.35306664854146,11214000.0,2022-09-08 09:00:00
18.485452321390305,18.30182865174244,18.371901409930647,11214900.0,2022-09-08 09:15:00
18.582495231471103,18.35938268674017,18.39304750280675,11215800.0,2022-09-08 09:30:00
18.696581402810857,18.422292342818228,18.416574257916317,11216700.0,2022-09-08 09:45:00
18.81763287042097,18.488462400494363,18.4425263234437,11217600.0,2022-09-08 10:00:00
18.93077886647679,18.5578893097996,18.47093250141036,11218500.0,2022-09-08 10:15:00
19.04478570691068,18.626780956029783,18.501376098011374,11219400.0,2022-09-08 10:30:00
19.167744521742303,18.70127325713594,18.534194429435,11220300.0,2022-09-08 10:45:00
19.30356140086156,18.780305526306936,18.569666630786465,11221200.0,2022-09-08 11:00:00
19.461463699568025,18.86541115978634,18.6079762385028,11222100.0,2022-09-08 11:15:00
19.625703817919575,18.958040420776033,18.64983873606571,11223000.0,2022-09-08 11:30:00
19.78694837441269,19.054793590198837,18.695074616236266,11223900.0,2022-09-08 11:45:00
19.91207064388276,19.15060219571773,18.7432307010138,11224800.0,2022-09-08 12:00:00
20.000316215086833,19.23906792541948,18.792896174064456,11225700.0,2022-09-08 12:15:00
20.04036121256346,19.313331786943834,18.84184131165365,11226600.0,2022-09-08 12:30:00
20.04690771349461,19.372974812156148,18.88832545468855,11227500.0,2022-09-08 12:45:00
20.069107056934968,19.42283503455849,18.931481615577777,11228400.0,2022-09-08 13:00:00
20.124850393943834,19.473161927514816,18.97226282556108,11229300.0,2022-09-08 13:15:00
20.161620893618007,19.51975329369817,19.010993196665996,11230200.0,2022-09-08 13:30:00
20.1502483279824,19.556344352214406,19.047138692355748,11231100.0,2022-09-08 13:45:00
20.126119220202646,19.57952887130184,19.079464777033397,11232000.0,2022-09-08 14:00:00
20.123829779929345,19.60150808703045,19.108874753953543,11232900.0,2022-09-08 14:15:00
20.138102806996866,19.62296425893489,19.136017462964126,11233800.0,2022-09-08 14:30:00
20.146654271204135,19.641336654534634,19.160879461707967,11234700.0,2022-09-08 14:45:00
20.143570297471413,19.656955845633416,19.183923554872234,11235600.0,2022-09-08 15:00:00
20.119671176863434,19.66894697307909,19.205260349832717,11236500.0,2022-09-08 15:15:00
20.08145205407368,19.673200459404345,19.224166782242285,11237400.0,2022-09-08 15:30:00
20.05415064302071,19.67196004978233,19.240340166702666,11238300.0,2022-09-08 15:45:00
20.022311979206115,19.668843738978893,19.254083778998197,11239200.0,2022-09-08 16:00:00
19.963447667758256,19.659812080235262,19.265405631659384,11240100.0,2022-09-08 16:15:00
19.892699590817333,19.642513417315158,19.273650184936425,11241000.0,2022-09-08 16:30:00
19.82271634816502,19.619820814891177,19.278841705141595,11241900.0,2022-09-08 16:45:00
19.761901571170142,19.592991749943906,19.280842757543535,11242800.0,2022-09-08 17:00:00
19.70561051621967,19.567050696672496,19.28065985820677,11243700.0,2022-09-08 17:15:00
19.64902423814176,19.538510144905874,19.278302713119757,11244600.0,2022-09-08 17:30:00
19.595231258011665,19.509516313092387,19.27427841006316,11245500.0,2022-09-08 17:45:00
19.542638831705577,19.48100534057813,19.2689222135976,11246400.0,2022-09-08 18:00:00
19.49603723732202,19.451963909331536,19.262418388404843,11247300.0,2022-09-08 18:15:00
19.448103522615487,19.4230208167262,19.254991715340605,11248200.0,2022-09-08 18:30:00
19.395016271400127,19.39422142216917,19.2468646177794,11249100.0,2022-09-08 18:45:00
19.335443067474817,19.360245636424928,19.237181614223807,11250000.0,2022-09-08 19:00:00
19.269135117996093,19.32618453732282,19.226316601197432,11250900.0,2022-09-08 19:15:00
19.194276702387143,19.289666159622055,19.21428291269084,11251800.0,2022-09-08 19:30:00
19.120308074624404,19.250005083202563,19.200754646606686,11252700.0,2022-09-08 19:45:00
19.045292400325007,19.207906254857672,19.185590916693336,11253600.0,2022-09-08 20:00:00
18.971916094349353,19.164386623065656,19.168864688124184,11254500.0,2022-09-08 20:15:00
18.893315929426187,19.119403884902724,19.150781780106968,11255400.0,2022-09-08 20:30:00
18.8086332517818,19.070379740670283,19.131103561924583,11256300.0,2022-09-08 20:45:00
18.724389468958815,19.01887730512721,19.109683061820068,11257200.0,2022-09-08 21:00:00
18.64078504312735,18.969097110072568,19.08713625125048,11258100.0,2022-09-08 21:15:00
18.56825787678201,18.919069416770764,19.06348685233728,11259000.0,2022-09-08 21:30:00
18.495353793948752,18.868619050051997,19.038877669387396,11259900.0,2022-09-08 21:45:00
18.4263713749427,18.82003475840509,19.013785152226887,11260800.0,2022-09-08 22:00:00
18.362927137904883,18.772944674450606,18.98829581119301,11261700.0,2022-09-08 22:15:00
18.307287701763197,18.761988042464356,18.966521928989245,11262600.0,2022-09-08 22:30:00
18.229594250949997,18.671895175869714,18.938934040783764,11263500.0,2022-09-08 22:45:00
18.16882237217008,18.62300196595221,18.910249903202768,11264400.0,2022-09-08 23:00:00
18.108510934438826,18.58000383494528,18.882153388173123,11265300.0,2022-09-08 23:15:00
18.051952672361217,18.536376707989056,18.85455201155316,11266200.0,2022-09-08 23:30:00
17.995987557307817,18.494698357278455,18.827373327157478,11267100.0,2022-09-08 23:45:00
17.931835739922974,18.451657051824327,18.800253886736392,11268000.0,2022-09-09 00:00:00
17.86822483735608,18.40840525569975,18.773047884486903,11268900.0,2022-09-09 00:15:00
17.80570366844701,18.362134761002185,18.745557688549773,11269800.0,2022-09-09 00:30:00
17.750166454248646,18.318914353375376,18.717845238127165,11270700.0,2022-09-09 00:45:00
17.696516386610135,18.27603811520823,18.689877415975225,11271600.0,2022-09-09 01:00:00
17.644951550360133,18.234478083251982,18.66199831077993,11272500.0,2022-09-09 01:15:00
17.588098776363484,18.192354843152447,18.63398416559146,11273400.0,2022-09-09 01:30:00
17.533645537998964,18.15028708147629,18.605878053238914,11274300.0,2022-09-09 01:45:00
17.48474588149783,18.109596214568565,18.577669445707485,11275200.0,2022-09-09 02:00:00
17.441427010196502,18.070162366918467,18.549577246963494,11276100.0,2022-09-09 02:15:00
17.397723312292673,18.03216444304528,18.52160230515396,11277000.0,2022-09-09 02:30:00
17.36103685448167,17.995405875846327,18.494023751466152,11277900.0,2022-09-09 02:45:00
17.307997926264463,17.957652554429558,18.466615990729785,11278800.0,2022-09-09 03:00:00
17.27069998233724,17.924153707502587,18.439451352520177,11279700.0,2022-09-09 03:15:00
17.225155092717884,17.88680783415771,18.412329632936615,11280600.0,2022-09-09 03:30:00
17.1870408571854,17.8522204037669,18.38542200483323,11281500.0,2022-09-09 03:45:00
17.155434031781244,17.819434098765882,18.358804530688847,11282400.0,2022-09-09 04:00:00
17.12761706811053,17.787534981456883,18.33245900313319,11283300.0,2022-09-09 04:15:00
17.106736953756077,17.759393196476267,18.30672010912441,11284200.0,2022-09-09 04:30:00
17.093051793441926,17.73272544842328,18.28176802172272,11285100.0,2022-09-09 04:45:00
17.082791394409803,17.70908207767755,18.2576984232036,11286000.0,2022-09-09 05:00:00
17.079473645055113,17.690189351529696,18.234824279641813,11286900.0,2022-09-09 05:15:00
17.082595411765055,17.67374080423714,18.21324898526433,11287800.0,2022-09-09 05:30:00
17.084436443786952,17.65907561676606,18.192752502763238,11288700.0,2022-09-09 05:45:00
17.092013752449912,17.648178123065968,18.17353616142572,11289600.0,2022-09-09 06:00:00
17.105809158544027,17.638694442343308,18.1555271870372,11290500.0,2022-09-09 06:15:00
17.12834252855205,17.633251811089423,18.13901976964748,11291400.0,2022-09-09 06:30:00
17.174874751376837,17.63521415465407,18.12437757495701,11292300.0,2022-09-09 06:45:00
17.234062644648418,17.64200477981073,18.11195899396292,11293200.0,2022-09-09 07:00:00
17.297433300406052,17.655503807157498,18.102086144143524,11294100.0,2022-09-09 07:15:00
17.362479579753522,17.674759992535655,18.09498056705392,11295000.0,2022-09-09 07:30:00
17.418208650053597,17.697023945831415,18.09043942694618,11295900.0,2022-09-09 07:45:00
17.47698740152121,17.721171289323852,18.088263306228075,11296800.0,2022-09-09 08:00:00
17.509106112540632,17.742152044577416,18.087786617573347,11297700.0,2022-09-09 08:15:00
17.540867669759457,17.762278889110117,18.08831799566144,11298600.0,2022-09-09 08:30:00
17.566950049437686,17.780330161020945,18.08954559909216,11299500.0,2022-09-09 08:45:00
17.638815014128305,17.803770203103262,18.091796622405568,11300400.0,2022-09-09 09:00:00
17.726771443516583,17.83450304146096,18.09587417876521,11301300.0,2022-09-09 09:15:00
17.850957572154698,17.876676441614567,18.10269728461685,11302200.0,2022-09-09 09:30:00
17.985612808957576,17.928449264938237,18.11311979212415,11303100.0,2022-09-09 09:45:00
18.112825798760568,17.987366591000676,18.127605762094408,11304000.0,2022-09-09 10:00:00
18.232914653314804,18.050213588816767,18.145813756539077,11304900.0,2022-09-09 10:15:00
18.351170773513,18.116475362164586,18.16745686687939,11305800.0,2022-09-09 10:30:00
18.455140659313553,18.18298517501804,18.192120363173267,11306700.0,2022-09-09 10:45:00
18.576798935286067,18.251512983703353,18.219336861654387,11307600.0,2022-09-09 11:00:00
18.69262595612641,18.322659382614543,18.248979977665893,11308500.0,2022-09-09 11:15:00
18.76674482246928,18.390593508148616,18.28035713435593,11309400.0,2022-09-09 11:30:00
18.804427576750072,18.445377250867026,18.311670670417687,11310300.0,2022-09-09 11:45:00
18.83910323464304,18.49325761916616,18.341873779033783,11311200.0,2022-09-09 12:00:00
18.889497250856227,18.540372176219925,18.37124467072298,11312100.0,2022-09-09 12:15:00
18.948900823123928,18.585593164086514,18.39977220638955,11313000.0,2022-09-09 12:30:00
19.004907972752296,18.631968479964577,18.428128971172388,11313900.0,2022-09-09 12:45:00
19.053918581681607,18.674823265097174,18.456049760608384,11314800.0,2022-09-09 13:00:00
19.099943404149723,18.71580725924294,18.483378489701977,11315700.0,2022-09-09 13:15:00
19.15027123850514,18.75665193989847,18.51040683445103,11316600.0,2022-09-09 13:30:00
19.196265044030497,18.79636040841275,18.537155969447504,11317500.0,2022-09-09 13:45:00
19.24027906755096,18.835233711415,18.563705503471265,11318400.0,2022-09-09 14:00:00
19.28778937777505,18.874443179372527,18.590208546455862,11319300.0,2022-09-09 14:15:00
19.333401338153838,18.912246342729055,18.61657612492485,11320200.0,2022-09-09 14:30:00
19.378213258675135,18.95010627424508,18.64288848142744,11321100.0,2022-09-09 14:45:00
19.421211202371488,18.98774642522421,18.669264898826203,11322000.0,2022-09-09 15:00:00
19.44775050807426,19.021234655426728,18.695090518913972,11322900.0,2022-09-09 15:15:00
19.457256789454668,19.04937909737751,18.719903455062088,11323800.0,2022-09-09 15:30:00
19.444264464620005,19.07050761856312,18.742909692374543,11324700.0,2022-09-09 15:45:00
19.41801183641208,19.083945861661405,18.763611070903377,11325600.0,2022-09-09 16:00:00
19.379709077668576,19.08903051220367,18.78144316079692,11326500.0,2022-09-09 16:15:00
19.325220362515843,19.085810107596487,18.79598282803014,11327400.0,2022-09-09 16:30:00
19.26756970042304,19.075577093854456,18.807066824381334,11328300.0,2022-09-09 16:45:00
19.204008755158394,19.059323546405047,18.814745539334353,11329200.0,2022-09-09 17:00:00
19.131828166793003,19.037295722107626,18.81913931424566,11330100.0,2022-09-09 17:15:00
19.05585738120052,19.008595661119447,18.819980576750808,11331000.0,2022-09-09 17:30:00
18.990145054304215,18.977170305101197,18.817672173837355,11331900.0,2022-09-09 17:45:00
18.924162125963058,18.94467770072883,18.812835191971743,11332800.0,2022-09-09 18:00:00
18.861777116960525,18.91191963536514,18.80605396067407,11333700.0,2022-09-09 18:15:00
18.809822420437204,18.878333226340615,18.797595290657316,11334600.0,2022-09-09 18:30:00
18.76299240560928,18.8456480497976,18.78788304535217,11335500.0,2022-09-09 18:45:00
18.720476224316094,18.815899515817332,18.7774874118967,11336400.0,2022-09-09 19:00:00
18.681735670156208,18.787705737708105,18.766712846457708,11337300.0,2022-09-09 19:15:00
18.643092170519477,18.759642502729797,18.75557808401648,11338200.0,2022-09-09 19:30:00
18.60565269916468,18.73311873977278,18.744268881570168,11339100.0,2022-09-09 19:45:00
18.5636136053936,18.705548197542026,18.732790984358434,11340000.0,2022-09-09 20:00:00
18.52052577681909,18.677625567060065,18.7208177000582,11340900.0,2022-09-09 20:15:00
18.475669697815075,18.64956816442098,18.70842172946884,11341800.0,2022-09-09 20:30:00
18.420173529792752,18.620344772653866,18.69553448472143,11342700.0,2022-09-09 20:45:00
18.362670907741368,18.587541527994947,18.681708978788343,11343600.0,2022-09-09 21:00:00
18.303383116511178,18.55345416201935,18.66683548961807,11344500.0,2022-09-09 21:15:00
18.24305434870313,18.51825047669812,18.65090238184187,11345400.0,2022-09-09 21:30:00
18.17901657214904,18.48142747114567,18.634035377052665,11346300.0,2022-09-09 21:45:00
18.123153421587844,18.442567041786543,18.61604772264923,11347200.0,2022-09-09 22:00:00
18.069050242660193,18.405194953663425,18.597132887837496,11348100.0,2022-09-09 22:15:00
18.01592791376364,18.368311490167205,18.57773697183256,11349000.0,2022-09-09 22:30:00
17.96113694367566,18.33150150196261,18.55782679436148,11349900.0,2022-09-09 22:45:00
17.899789186660882,18.29249311287481,18.537227117432863,11350800.0,2022-09-09 23:00:00
17.839060107738423,18.252837026611463,18.515995696082967,11351700.0,2022-09-09 23:15:00
17.782851102529875,18.213774577443985,18.494254030014925,11352600.0,2022-09-09 23:30:00
17.73397319570078,18.17594929823573,18.472237567916988,11353500.0,2022-09-09 23:45:00
17.674705479007446,18.136605744508763,18.449727195335413,11354400.0,2022-09-10 00:00:00
17.619517928174204,18.097701957490628,18.426796950150436,11355300.0,2022-09-10 00:15:00
17.568843790151828,18.05910101945864,18.403397200424216,11356200.0,2022-09-10 00:30:00
17.517452614047155,18.02022235235967,18.379756988345623,11357100.0,2022-09-10 00:45:00
17.46632789552176,17.98252148630138,18.355945097256782,11358000.0,2022-09-10 01:00:00
17.42823206532,17.94573859607754,18.331992578116477,11358900.0,2022-09-10 01:15:00
17.382510817916092,17.911057728319555,18.308126606875582,11359800.0,2022-09-10 01:30:00
17.33878869816087,17.875959272607194,18.28434576850936,11360700.0,2022-09-10 01:45:00
17.282776636000673,17.83924505992314,18.260305199473816,11361600.0,2022-09-10 02:00:00
17.247356574419797,17.804249652570174,18.2362024063232,11362500.0,2022-09-10 02:15:00
17.20505798191713,17.769668817456296,18.212180758592456,11363400.0,2022-09-10 02:30:00
17.16519282852347,17.73580134176794,18.18815841308158,11364300.0,2022-09-10 02:45:00
17.126522612409108,17.703310840080793,18.164305364847568,11365200.0,2022-09-10 03:00:00
17.086897774107683,17.670671741966757,18.14064438269704,11366100.0,2022-09-10 03:15:00
17.053622248842817,17.639725670849874,18.117196315083287,11367000.0,2022-09-10 03:30:00
17.026647850344574,17.609413050275656,18.0938334629205,11367900.0,2022-09-10 03:45:00
17.002311506267617,17.582222175005647,18.07085771867972,11368800.0,2022-09-10 04:00:00
16.98367008915233,17.55810608805673,18.04862634379756,11369700.0,2022-09-10 04:15:00
16.965183934647637,17.534758719743575,18.027080357905273,11370600.0,2022-09-10 04:30:00
16.951979253500788,17.512332719992802,18.00618124419788,11371500.0,2022-09-10 04:45:00
16.944727742085448,17.492936203974907,17.98599042680687,11372400.0,2022-09-10 05:00:00
16.94501126783407,17.476535748772143,17.966763768929557,11373300.0,2022-09-10 05:15:00
16.95300897784469,17.46363709491837,17.948637506447668,11374200.0,2022-09-10 05:30:00
16.976860631548167,17.45624423188015,17.93201566531766,11375100.0,2022-09-10 05:45:00
16.99912003265705,17.452353750067747,17.91707114018697,11376000.0,2022-09-10 06:00:00
17.01967932852786,17.45039779735504,17.90364018968611,11376900.0,2022-09-10 06:15:00
17.04843003713057,17.451958023294395,17.89179342513567,11377800.0,2022-09-10 06:30:00
17.087660586555234,17.458166424391663,17.88176979329333,11378700.0,2022-09-10 06:45:00
17.136248544050254,17.46771290723197,17.873645691261633,11379600.0,2022-09-10 07:00:00
17.199245435214088,17.483745572311886,17.867779852089978,11380500.0,2022-09-10 07:15:00
17.266018255570668,17.50504579709283,17.864358802710107,11381400.0,2022-09-10 07:30:00
17.33941918046834,17.530705057671714,17.86348831884851,11382300.0,2022-09-10 07:45:00
17.41666077537893,17.562848046189753,17.865221222750247,11383200.0,2022-09-10 08:00:00
17.465183888990847,17.591789126849864,17.868964116525003,11384100.0,2022-09-10 08:15:00
17.532129119336414,17.623614153427994,17.87464489186506,11385000.0,2022-09-10 08:30:00
17.60251221980964,17.657359824033282,17.882092667299347,11385900.0,2022-09-10 08:45:00
17.666441191535693,17.693252203408544,17.891225383093307,11386800.0,2022-09-10 09:00:00
17.761058802198658,17.734226799648894,17.902294763092492,11387700.0,2022-09-10 09:15:00
17.84803288593256,17.77953651631254,17.915631770622454,11388600.0,2022-09-10 09:30:00
17.964980593137597,17.831515849747323,17.931577712001225,11389500.0,2022-09-10 09:45:00
18.09540649416812,17.890909838245864,17.950659199621896,11390400.0,2022-09-10 10:00:00
18.226510995146143,17.95771823721565,17.97331408983948,11391300.0,2022-09-10 10:15:00
18.38547793153076,18.033236217640344,17.999871188236927,11392200.0,2022-09-10 10:30:00
18.506393614439077,18.11030887039844,18.030080176247424,11393100.0,2022-09-10 10:45:00
18.58628085119058,18.181943227072303,18.062601679136133,11394000.0,2022-09-10 11:00:00
18.65444208627738,18.24665308461252,18.09613600869648,11394900.0,2022-09-10 11:15:00
18.73028459187171,18.307584545895896,18.129788563638296,11395800.0,2022-09-10 11:30:00
18.83977480438676,18.373891113524984,18.164306939339124,11396700.0,2022-09-10 11:45:00
18.952049782860545,18.44415815441843,18.200175601336337,11397600.0,2022-09-10 12:00:00
19.05483596077956,18.515161752114707,18.23754723371024,11398500.0,2022-09-10 12:15:00
19.122223254330542,18.580255936274447,18.2754500425868,11399400.0,2022-09-10 12:30:00
19.18396448821844,18.64051229999441,18.31329084915255,11400300.0,2022-09-10 12:45:00
19.253035807757357,18.69850938716917,18.350660466142667,11401200.0,2022-09-10 13:00:00
19.325302595829328,18.756931894630902,18.387956889508484,11402100.0,2022-09-10 13:15:00
19.37618532572136,18.811401115881388,18.424754216689685,11403000.0,2022-09-10 13:30:00
19.406857895541663,18.858804852600453,18.460362787354512,11403900.0,2022-09-10 13:45:00
19.437058600133355,18.90152513282626,18.494513276470816,11404800.0,2022-09-10 14:00:00
19.464417307943556,18.94129468466336,18.52731157730624,11405700.0,2022-09-10 14:15:00
19.492366280558823,18.97902324240472,18.559001175133247,11406600.0,2022-09-10 14:30:00
19.51448368021624,19.01251175102311,18.58921412023483,11407500.0,2022-09-10 14:45:00
19.536826399405328,19.042275041408104,18.617755226879584,11408400.0,2022-09-10 15:00:00
19.557465357481597,19.07034231289904,18.64499392855871,11409300.0,2022-09-10 15:15:00
19.560071208397883,19.09404766176459,18.670717146863826,11410200.0,2022-09-10 15:30:00
19.565094508366805,19.114778943783328,18.694788949712606,11411100.0,2022-09-10 15:45:00
19.56678960942856,19.134315263415736,18.717606184954622,11412000.0,2022-09-10 16:00:00
19.554203510221175,19.147454760325807,18.738526148524567,11412900.0,2022-09-10 16:15:00
19.523645461250734,19.153257314160733,18.75699855314401,11413800.0,2022-09-10 16:30:00
19.48212803784839,19.152757892638128,18.7726974775132,11414700.0,2022-09-10 16:45:00
19.432638226800137,19.14677482321129,18.78558493571487,11415600.0,2022-09-10 17:00:00
19.37237682904436,19.13387984221756,18.795432126852553,11416500.0,2022-09-10 17:15:00
19.299540455113608,19.11363780758577,18.801997601478657,11417400.0,2022-09-10 17:30:00
19.218587389697536,19.086957507718942,18.805073019162645,11418300.0,2022-09-10 17:45:00
19.131247784043616,19.05325798804739,18.804494688882823,11419200.0,2022-09-10 18:00:00
19.03734794277277,19.015123411217075,18.800551669727565,11420100.0,2022-09-10 18:15:00
18.943219968501364,18.97095214085005,18.793064905708352,11421000.0,2022-09-10 18:30:00
18.853440526785757,18.9240849069534,18.78239493410156,11421900.0,2022-09-10 18:45:00
18.771024962632268,18.87687365019067,18.76931716169599,11422800.0,2022-09-10 19:00:00
18.69595379501991,18.82545517676692,18.75373734964767,11423700.0,2022-09-10 19:15:00
18.624689152629426,18.78005954624212,18.73700340159764,11424600.0,2022-09-10 19:30:00
18.56201203609795,18.735712906746265,18.719387123536865,11425500.0,2022-09-10 19:45:00
18.49906790243188,18.69250456502072,18.70112991018651,11426400.0,2022-09-10 20:00:00
18.44236076633525,18.65059760091035,18.682547006346624,11427300.0,2022-09-10 20:15:00
18.38713906230709,18.610723659436022,18.66385271399916,11428200.0,2022-09-10 20:30:00
18.33538347466561,18.571332322434337,18.64492804018416,11429100.0,2022-09-10 20:45:00
18.285033693564493,18.533890300615354,18.625923412872478,11430000.0,2022-09-10 21:00:00
18.23364340135522,18.496019292886054,18.60671134406774,11430900.0,2022-09-10 21:15:00
18.176356610020687,18.458779127977376,18.587317208277383,11431800.0,2022-09-10 21:30:00
18.106732181429035,18.417672889620956,18.567238430945487,11432700.0,2022-09-10 21:45:00
18.043071129942625,18.377432088366582,18.54664313646729,11433600.0,2022-09-10 22:00:00
17.984542382716132,18.336136387396238,18.52535013809891,11434500.0,2022-09-10 22:15:00
17.919931922897884,18.29289003101209,18.503240217307745,11435400.0,2022-09-10 22:30:00
17.853594774124502,18.249963923551643,18.48045301408052,11436300.0,2022-09-10 22:45:00
17.783632581962582,18.206606715306336,18.45701942902183,11437200.0,2022-09-10 23:00:00
17.71681249425636,18.162362548996125,18.432865603076912,11438100.0,2022-09-10 23:15:00
17.652582845653274,18.117077648966195,18.408093245075232,11439000.0,2022-09-10 23:30:00
17.58437562077741,18.07220321116511,18.382747475801818,11439900.0,2022-09-10 23:45:00
17.518206413251836,18.025634100120133,18.35666784751704,11440800.0,2022-09-11 00:00:00
17.450633662025343,17.979384449951386,18.329915862068216,11441700.0,2022-09-11 00:15:00
17.383696705760187,17.932357306255607,18.30247496007437,11442600.0,2022-09-11 00:30:00
17.320544867456515,17.88639752197467,18.2745761579286,11443500.0,2022-09-11 00:45:00
17.253760901542393,17.839050982184528,18.246252263983227,11444400.0,2022-09-11 01:00:00
17.187840883681673,17.791859133174867,18.21753734466376,11445300.0,2022-09-11 01:15:00
17.127287376514353,17.745445949464322,18.188405570105463,11446200.0,2022-09-11 01:30:00
17.067970475533865,17.699852445909798,18.158995790735137,11447100.0,2022-09-11 01:45:00
17.013150114194403,17.655115898626352,18.129588868798727,11448000.0,2022-09-11 02:00:00
16.960509565747074,17.611859085145017,18.10031904244656,11448900.0,2022-09-11 02:15:00
16.907434482418882,17.570614033118975,18.071046613258513,11449800.0,2022-09-11 02:30:00
16.852930768038362,17.527567731846826,18.041672787570302,11450700.0,2022-09-11 02:45:00
16.795056480024847,17.4845188120297,18.012224514097458,11451600.0,2022-09-11 03:00:00
16.738734019069266,17.441418896691545,17.982646467141574,11452500.0,2022-09-11 03:15:00
16.683621545572173,17.39961044368726,17.953016078603582,11453400.0,2022-09-11 03:30:00
16.628239827906395,17.356750755487962,17.923303665723026,11454300.0,2022-09-11 03:45:00
16.584527279960216,17.31580161729317,17.893596387782992,11455200.0,2022-09-11 04:00:00
16.546047581343966,17.2773926291907,17.864041456938487,11456100.0,2022-09-11 04:15:00
16.512348866180226,17.240947749922213,17.834932800804395,11457000.0,2022-09-11 04:30:00
16.4859023011391,17.20597987816866,17.806312228106535,11457900.0,2022-09-11 04:45:00
16.469506138202505,17.176802212061702,17.77870657321711,11458800.0,2022-09-11 05:00:00
16.461500835567932,17.150749977331984,17.752222390263093,11459700.0,2022-09-11 05:15:00
16.46046595200552,17.1286137589762,17.72701610838824,11460600.0,2022-09-11 05:30:00
16.469968257070615,17.111629710742616,17.703521173613012,11461500.0,2022-09-11 05:45:00
16.49175081660567,17.09967253084668,17.6818331004259,11462400.0,2022-09-11 06:00:00
16.526316323094193,17.094620121473355,17.662184357865126,11463300.0,2022-09-11 06:15:00
16.5748696457676,17.09479072686742,17.644988567969303,11464200.0,2022-09-11 06:30:00
16.644327019452316,17.103449969952496,17.630506212060336,11465100.0,2022-09-11 06:45:00
16.72774690924758,17.120171209030815,17.61925679910123,11466000.0,2022-09-11 07:00:00
16.82228541298061,17.14506500900056,17.611586658249735,11466900.0,2022-09-11 07:15:00
16.929649830866655,17.17884588368274,17.607834158560486,11467800.0,2022-09-11 07:30:00
17.049647344884203,17.220681556669536,17.608145006322594,11468700.0,2022-09-11 07:45:00
17.184465535964016,17.272413241589348,17.61289318821074,11469600.0,2022-09-11 08:00:00
17.3303956388115,17.333146352640323,17.62231621714536,11470500.0,2022-09-11 08:15:00
17.490784771458774,17.402925592858075,17.636574744346916,11471400.0,2022-09-11 08:30:00
17.647953437254106,17.479050066298303,17.655723875781973,11472300.0,2022-09-11 08:45:00
17.814386972137328,17.562170634784646,17.679586363574995,11473200.0,2022-09-11 09:00:00
17.98713957016716,17.65240145548802,17.708140410807626,11474100.0,2022-09-11 09:15:00
18.158656479318065,17.747278882783288,17.741273773451006,11475000.0,2022-09-11 09:30:00
18.31351810882864,17.84376186584163,17.778466854679213,11475900.0,2022-09-11 09:45:00
18.482873641973672,17.944576554871333,17.819408391640838,11476800.0,2022-09-11 10:00:00
18.63980301094189,18.047301568064977,17.86380517881333,11477700.0,2022-09-11 10:15:00
18.774269499014636,18.14572875700454,17.910660767152006,11478600.0,2022-09-11 10:30:00
18.871465032388684,18.238690209269656,17.95888124753851,11479500.0,2022-09-11 10:45:00
18.93252245123197,18.31818531024175,18.006677223292222,11480400.0,2022-09-11 11:00:00
19.001876442374567,18.390928379777115,18.05318701284093,11481300.0,2022-09-11 11:15:00
19.133760300174448,18.46991229066704,18.099603822502328,11482200.0,2022-09-11 11:30:00
19.329089531812272,18.56461515040996,18.148229765057824,11483100.0,2022-09-11 11:45:00
19.502670367113385,18.666706723227176,18.200051282461487,11484000.0,2022-09-11 12:00:00
19.64041379513653,18.76962953343636,18.254874659935375,11484900.0,2022-09-11 12:15:00
19.783894670130113,18.871890348103033,18.31188661659427,11485800.0,2022-09-11 12:30:00
19.906152763390605,18.971053915059457,18.37039615053452,11486700.0,2022-09-11 12:45:00
20.027407662430942,19.069100765685512,18.430061834940176,11487600.0,2022-09-11 13:00:00
20.130313114472944,19.16217210843711,18.489986364332776,11488500.0,2022-09-11 13:15:00
20.219547046657176,19.249713828637933,18.549453643074084,11489400.0,2022-09-11 13:30:00
20.290904413735134,19.331045730124533,18.607855797521665,11490300.0,2022-09-11 13:45:00
20.359362421655963,19.40823641888205,18.665164018739077,11491200.0,2022-09-11 14:00:00
20.427741534581173,19.48003071082069,18.72094819829972,11492100.0,2022-09-11 14:15:00
20.482117610935312,19.54844162468612,18.775286375213405,11493000.0,2022-09-11 14:30:00
20.52951884036172,19.609756950765963,18.82761083500604,11493900.0,2022-09-11 14:45:00
20.56941369000629,19.66662216727672,18.877955071516688,11494800.0,2022-09-11 15:00:00
20.61009362366072,19.71860526641276,18.925992570768692,11495700.0,2022-09-11 15:15:00
20.646105862455435,19.766416863563503,18.971861469684622,11496600.0,2022-09-11 15:30:00
20.663287659188597,19.809667176270548,19.015524276715517,11497500.0,2022-09-11 15:45:00
20.65412733025188,19.84436100941165,19.056389014143154,11498400.0,2022-09-11 16:00:00
20.630022603903207,19.867422177395653,19.093464531854863,11499300.0,2022-09-11 16:15:00
20.580225031615925,19.88134561458126,19.12643341757732,11500200.0,2022-09-11 16:30:00
20.50820199543548,19.881193305863636,19.154352316527596,11501100.0,2022-09-11 16:45:00
20.430265193720537,19.87208232416319,19.177174039512227,11502000.0,2022-09-11 17:00:00
20.345936415027317,19.854304579181555,19.19480586243999,11502900.0,2022-09-11 17:15:00
20.257153332963487,19.82886657467598,19.20753134685576,11503800.0,2022-09-11 17:30:00
20.16829222843512,19.796051831094456,19.2155060287374,11504700.0,2022-09-11 17:45:00
20.07504410410259,19.759116807793628,19.219236278353996,11505600.0,2022-09-11 18:00:00
19.987511282876714,19.719232817671816,19.219329019539337,11506500.0,2022-09-11 18:15:00
19.912538590550728,19.678696441143003,19.216639744654927,11507400.0,2022-09-11 18:30:00
19.847225736662423,19.63951551535359,19.21181711871424,11508300.0,2022-09-11 18:45:00
19.789496559738872,19.601462260596815,19.205388716470413,11509200.0,2022-09-11 19:00:00
19.737513952346664,19.56447263151612,19.19767845601584,11510100.0,2022-09-11 19:15:00
19.69088035172052,19.531247578795067,19.18950714916807,11511000.0,2022-09-11 19:30:00
19.649153252474505,19.501023161051247,19.181334388719016,11511900.0,2022-09-11 19:45:00
19.609212412653648,19.471142676292622,19.172952578070767,11512800.0,2022-09-11 20:00:00
19.568015556705355,19.443137630148986,19.16454230447601,11513700.0,2022-09-11 20:15:00
19.525809848859023,19.415438396335247,19.156054113722995,11514600.0,2022-09-11 20:30:00
19.478574605449168,19.3887578889213,19.14752490963148,11515500.0,2022-09-11 20:45:00
19.42572401434005,19.357414285522932,19.138076352550694,11516400.0,2022-09-11 21:00:00
19.36511892467809,19.32536445347248,19.127698211829443,11517300.0,2022-09-11 21:15:00
19.29859751240197,19.29111547160644,19.11626373247834,11518200.0,2022-09-11 21:30:00
19.227164115686943,19.25435906621949,19.103609663408296,11519100.0,2022-09-11 21:45:00
19.15238717590147,19.21398819005028,19.08949861061442,11520000.0,2022-09-11 22:00:00
19.075591279588256,19.171330868025127,19.073794153837397,11520900.0,2022-09-11 22:15:00
18.997800234229512,19.127340494325296,19.056591806472905,11521800.0,2022-09-11 22:30:00
18.921414782635622,19.081300205342306,19.03787211484175,11522700.0,2022-09-11 22:45:00
18.844344914114814,19.03472292684826,19.0178419728128,11523600.0,2022-09-11 23:00:00
18.766157292907035,18.986611502151288,18.996540832332517,11524500.0,2022-09-11 23:15:00
18.684919425968545,18.93571474080627,18.973894262603093,11525400.0,2022-09-11 23:30:00
18.601014540252805,18.88375924010191,18.950022437977395,11526300.0,2022-09-11 23:45:00
18.515160764040488,18.83069861783991,18.924929857054725,11527200.0,2022-09-12 00:00:00
18.43164470198634,18.776278709153004,18.89851600483049,11528100.0,2022-09-12 00:15:00
18.344844317793378,18.721388036686967,18.871091507368828,11529000.0,2022-09-12 00:30:00
18.265615804238816,18.66597786629216,18.842710203161644,11529900.0,2022-09-12 00:45:00
18.188043345408225,18.61232943236806,18.813696168470116,11530800.0,2022-09-12 01:00:00
18.1182183381473,18.55878349912885,18.784130622542015,11531700.0,2022-09-12 01:15:00
18.047232890810314,18.506111114835047,18.75415942705256,11532600.0,2022-09-12 01:30:00
17.977934906502302,18.4536995627178,18.72383990262876,11533500.0,2022-09-12 01:45:00
17.907221884064093,18.402411270445395,18.693299126156234,11534400.0,2022-09-12 02:00:00
17.84368642903553,18.353186372055145,18.662808547468195,11535300.0,2022-09-12 02:15:00
17.784769280970117,18.304692413629844,18.63220670119914,11536200.0,2022-09-12 02:30:00
17.726991640648055,18.256724002614824,18.601603900569643,11537100.0,2022-09-12 02:45:00
17.675019810903166,18.211668684208973,18.571261899227498,11538000.0,2022-09-12 03:00:00
17.624099921063653,18.16740530920947,18.541265835104447,11538900.0,2022-09-12 03:15:00
17.57720581746673,18.125933907397943,18.51156531074277,11539800.0,2022-09-12 03:30:00
17.53394675895706,18.085635980177415,18.482350803010885,11540700.0,2022-09-12 03:45:00
17.491840348005294,18.04642962758676,18.453538864022967,11541600.0,2022-09-12 04:00:00
17.455437406463258,18.009963852698302,18.425270667378644,11542500.0,2022-09-12 04:15:00
17.42545048000349,17.97524613517489,18.39756345091854,11543400.0,2022-09-12 04:30:00
17.40139912180076,17.943500055890695,18.370781979282626,11544300.0,2022-09-12 04:45:00
17.38407082399487,17.914961677929096,18.344990425842123,11545200.0,2022-09-12 05:00:00
17.368306768470788,17.889583155357407,18.320187121457888,11546100.0,2022-09-12 05:15:00
17.357948761539618,17.866350872227287,18.296473027544096,11547000.0,2022-09-12 05:30:00
17.35628596483348,17.84740519534901,18.274063627193524,11547900.0,2022-09-12 05:45:00
17.365616060977015,17.83155400811816,18.253071703923727,11548800.0,2022-09-12 06:00:00
17.386568231652717,17.820741006460384,18.23365329407064,11549700.0,2022-09-12 06:15:00
17.419216318497945,17.81591140062639,18.216204989802325,11550600.0,2022-09-12 06:30:00
17.47062639078935,17.81831552724349,18.20115266276424,11551500.0,2022-09-12 06:45:00
17.533249343884304,17.827922268772014,18.18893279924356,11552400.0,2022-09-12 07:00:00
17.620691534045157,17.845628959133418,18.17992777950979,11553300.0,2022-09-12 07:15:00
17.71741746137116,17.872755721920523,18.174637701604546,11554200.0,2022-09-12 07:30:00
17.841065483917504,17.91105068905665,18.173573176581503,11555100.0,2022-09-12 07:45:00
17.977640632542464,17.960628746280925,18.177247815580813,11556000.0,2022-09-12 08:00:00
18.12175124730297,18.019441699652425,18.185803930877903,11556900.0,2022-09-12 08:15:00
18.27307109256865,18.086561577608585,18.199442782632225,11557800.0,2022-09-12 08:30:00
18.437835223951705,18.16274895294684,18.21819807110389,11558700.0,2022-09-12 08:45:00
18.605387991179686,18.2455976692998,18.242040982730288,11559600.0,2022-09-12 09:00:00
18.772883174241645,18.335081180715733,18.270923838381247,11560500.0,2022-09-12 09:15:00
18.947769116190887,18.430518638822363,18.304600630101113,11561400.0,2022-09-12 09:30:00
19.11615397617445,18.52953694206789,18.34255182709113,11562300.0,2022-09-12 09:45:00
19.264138768605907,18.629407703472125,18.384312740906154,11563200.0,2022-09-12 10:00:00
19.41879231456747,18.729822099235893,18.429283402687783,11564100.0,2022-09-12 10:15:00
19.579939913838903,18.832115146705966,18.477082201920197,11565000.0,2022-09-12 10:30:00
19.740116300226727,18.937755603359086,18.52780963491352,11565900.0,2022-09-12 10:45:00
19.90721578912396,19.04558659774609,18.58130791239545,11566800.0,2022-09-12 11:00:00
20.0723674154474,19.15629476264663,18.637560896789125,11567700.0,2022-09-12 11:15:00
20.196485576859754,19.262463845998415,18.695637075859807,11568600.0,2022-09-12 11:30:00
20.29482714210043,19.360176146029243,18.754200287247706,11569500.0,2022-09-12 11:45:00
20.367858590140703,19.447009447319804,18.811807741272712,11570400.0,2022-09-12 12:00:00
20.454562758628008,19.530528619921064,18.86815538173236,11571300.0,2022-09-12 12:15:00
20.56275284738972,19.613748448963616,18.923734173140456,11572200.0,2022-09-12 12:30:00
20.666230167229536,19.698129657647733,18.979420771612464,11573100.0,2022-09-12 12:45:00
20.746772054119024,19.777130137248683,19.03459575685104,11574000.0,2022-09-12 13:00:00
20.80726276725388,19.849577277744302,19.08855494247597,11574900.0,2022-09-12 13:15:00
20.879708036751616,19.919215805391435,19.14117718335536,11575800.0,2022-09-12 13:30:00
20.96594996637656,19.989335923155615,19.193195673351607,11576700.0,2022-09-12 13:45:00
21.06734697402894,20.06286687110192,19.245365314882953,11577600.0,2022-09-12 14:00:00
21.15444949341145,20.13597753335372,19.29765858044569,11578500.0,2022-09-12 14:15:00
21.221407556201505,20.206215809654044,19.34992862137964,11579400.0,2022-09-12 14:30:00
21.273978849443807,20.26881234316841,19.400871477716315,11580300.0,2022-09-12 14:45:00
21.318007523592343,20.327764334976575,19.45040462887972,11581200.0,2022-09-12 15:00:00
21.362963928372636,20.383357065340117,19.498571729168564,11582100.0,2022-09-12 15:15:00
21.39937542333765,20.43355041813552,19.544971444440407,11583000.0,2022-09-12 15:30:00
21.41683848925189,20.47491420847184,19.588547815256437,11583900.0,2022-09-12 15:45:00
21.41876924263057,20.51224455682875,19.62969363609492,11584800.0,2022-09-12 16:00:00
21.401885370028,20.539597956319348,19.667593151136906,11585700.0,2022-09-12 16:15:00
21.377242363537153,20.558469610754287,19.7016784473392,11586600.0,2022-09-12 16:30:00
21.350137104779456,20.57175074489673,19.732315605999297,11587500.0,2022-09-12 16:45:00
21.317257095403207,20.579982026070475,19.759687308261874,11588400.0,2022-09-12 17:00:00
21.272855160314748,20.581302481201057,19.78370160583838,11589300.0,2022-09-12 17:15:00
21.226508235774038,20.576659109803902,19.80408481943589,11590200.0,2022-09-12 17:30:00
21.18007240367505,20.56916828277889,19.821479826990466,11591100.0,2022-09-12 17:45:00
21.142006336275415,20.558890268489648,19.836261239081107,11592000.0,2022-09-12 18:00:00
21.11156567307718,20.548636989709944,19.848806980221838,11592900.0,2022-09-12 18:15:00
21.09039431540397,20.53931051038167,19.859803171411833,11593800.0,2022-09-12 18:30:00
21.07270993449791,20.53221886661215,19.87011516649824,11594700.0,2022-09-12 18:45:00
21.062042260843302,20.525539258640897,19.879672346737124,11595600.0,2022-09-12 19:00:00
21.046030414193545,20.52055272434687,19.88891492438005,11596500.0,2022-09-12 19:15:00
21.026822675027763,20.51434658599075,19.89755551765873,11597400.0,2022-09-12 19:30:00
21.01028371750455,20.50870491669002,19.905689599946307,11598300.0,2022-09-12 19:45:00
20.992126559409403,20.50318055431828,19.913294362139418,11599200.0,2022-09-12 20:00:00
20.967435645044024,20.4955642379418,19.92010748951908,11600100.0,2022-09-12 20:15:00
20.939953999890506,20.487456344375843,19.926228857790136,11601000.0,2022-09-12 20:30:00
20.906612941877672,20.47647404637994,19.93138749535504,11601900.0,2022-09-12 20:45:00
20.870342607844368,20.463866801892923,19.935444992747197,11602800.0,2022-09-12 21:00:00
20.825588360252706,20.447696345164008,19.938192729563788,11603700.0,2022-09-12 21:15:00
20.781064855201535,20.428767137679177,19.939377554268887,11604600.0,2022-09-12 21:30:00
20.735591082249577,20.40809893785504,19.939003997071957,11605500.0,2022-09-12 21:45:00
20.68392315391264,20.385913235557133,19.937310357217605,11606400.0,2022-09-12 22:00:00
20.631545367736607,20.36088877419764,19.934148976861287,11607300.0,2022-09-12 22:15:00
20.581148563725367,20.335947532363384,19.9298662732795,11608200.0,2022-09-12 22:30:00
20.52903699238937,20.30635613813556,19.923749115769898,11609100.0,2022-09-12 22:45:00
20.47964943138657,20.27970015280098,19.916813183795213,11610000.0,2022-09-12 23:00:00
20.428742764713373,20.25035986801697,19.908775663744976,11610900.0,2022-09-12 23:15:00
20.38063051049152,20.221050256005437,19.89985023771835,11611800.0,2022-09-12 23:30:00
20.33385381797452,20.193247625855765,19.89039204117425,11612700.0,2022-09-12 23:45:00
20.28589887408986,20.164138511242463,19.88040326447189,11613600.0,2022-09-13 00:00:00
20.238057156569216,20.13518832985175,19.86990686277141,11614500.0,2022-09-13 00:15:00
20.188165445241594,20.104643563060723,19.858557334129767,11615400.0,2022-09-13 00:30:00
20.136075255005693,20.0715140560504,19.846046651368503,11616300.0,2022-09-13 00:45:00
20.086065773690034,20.03934714862504,19.83270952769628,11617200.0,2022-09-13 01:00:00
20.039722144818377,20.008022999253964,19.818814466401435,11618100.0,2022-09-13 01:15:00
19.99195974385937,19.97348883256642,19.804049528669875,11619000.0,2022-09-13 01:30:00
19.944137401798717,19.94154341695134,19.78878791643683,11619900.0,2022-09-13 01:45:00
19.90146802653627,19.910488679604967,19.773258645204724,11620800.0,2022-09-13 02:00:00
19.859216604864827,19.880601681132408,19.757724991304176,11621700.0,2022-09-13 02:15:00
19.819448876517484,19.850558047335145,19.74199553373849,11622600.0,2022-09-13 02:30:00
19.780872971605213,19.821445976663544,19.726260779094886,11623500.0,2022-09-13 02:45:00
19.74533834999041,19.794561247811824,19.710799943411264,11624400.0,2022-09-13 03:00:00
19.71065438377825,19.76787693499076,19.695484302171305,11625300.0,2022-09-13 03:15:00
19.678522657981294,19.74094270885313,19.68007248114405,11626200.0,2022-09-13 03:30:00
19.650310299282776,19.71557071461949,19.664722021460527,11627100.0,2022-09-13 03:45:00
19.62499531646229,19.69141087214918,19.649490709273728,11628000.0,2022-09-13 04:00:00
19.600964374594323,19.669060645722087,19.634666174911864,11628900.0,2022-09-13 04:15:00
19.58241939281729,19.648665484112257,19.62027531621697,11629800.0,2022-09-13 04:30:00
19.573931108423377,19.63067000886416,19.6064397379052,11630700.0,2022-09-13 04:45:00
19.570817413458293,19.616492046984497,19.593518049013028,11631600.0,2022-09-13 05:00:00
19.57395081557639,19.603738149413985,19.581471600835336,11632500.0,2022-09-13 05:15:00
19.582720583577203,19.596494722828783,19.570809872065546,11633400.0,2022-09-13 05:30:00
19.59853785115824,19.59113876690723,19.561467822397365,11634300.0,2022-09-13 05:45:00
19.621604218688447,19.590879249280096,19.553676509236247,11635200.0,2022-09-13 06:00:00
19.65051176663239,19.594434804639423,19.547635212692796,11636100.0,2022-09-13 06:15:00
19.681742668932827,19.601269844626163,19.54320560409121,11637000.0,2022-09-13 06:30:00
19.713274600358833,19.61056347531357,19.540430495282187,11637900.0,2022-09-13 06:45:00
19.74061807229906,19.62159775106933,19.539206282497585,11638800.0,2022-09-13 07:00:00
19.764202567458845,19.63306820211868,19.539403063410305,11639700.0,2022-09-13 07:15:00
19.79378275285385,19.64569186659813,19.540659072998153,11640600.0,2022-09-13 07:30:00
19.82665946230426,19.661075344003773,19.543083551714627,11641500.0,2022-09-13 07:45:00
19.869989336871708,19.677591620847327,19.54667733056492,11642400.0,2022-09-13 08:00:00
19.910992302066965,19.69766546469332,19.551613872492887,11643300.0,2022-09-13 08:15:00
19.967746617807677,19.72094422603496,19.55802937094982,11644200.0,2022-09-13 08:30:00
20.000751655605804,19.74408864180139,19.56573953850363,11645100.0,2022-09-13 08:45:00
20.039693247076144,19.76788822749532,19.574536881499714,11646000.0,2022-09-13 09:00:00
20.07682523067829,19.790780826070627,19.584157308506303,11646900.0,2022-09-13 09:15:00
20.09738441967676,19.812804989573223,19.594207880415933,11647800.0,2022-09-13 09:30:00
20.122030818125832,19.83312698493381,19.604434147005225,11648700.0,2022-09-13 09:45:00
20.14321286359712,19.852071351820108,19.614794151256746,11649600.0,2022-09-13 10:00:00
20.17041515066676,19.871160884927914,19.62522245747553,11650500.0,2022-09-13 10:15:00
20.2120487051422,19.89210008328132,19.63585596324923,11651400.0,2022-09-13 10:30:00
20.253857544335645,19.915474256027345,19.647160879600904,11652300.0,2022-09-13 10:45:00
20.304592449923103,19.941160115700296,19.659349162602616,11653200.0,2022-09-13 11:00:00
20.381609924696114,19.97208403516395,19.672812779157834,11654100.0,2022-09-13 11:15:00
20.448068440861924,20.010546188100044,19.688479383767906,11655000.0,2022-09-13 11:30:00
20.52922516750001,20.050633336493288,19.70619528846532,11655900.0,2022-09-13 11:45:00
20.626150537254365,20.09796757192279,19.72636597838538,11656800.0,2022-09-13 12:00:00
20.71985086362268,20.150178909596608,19.749289977971006,11657700.0,2022-09-13 12:15:00
20.79912575045551,20.20231985338172,19.77436208007336,11658600.0,2022-09-13 12:30:00
20.859887723699693,20.25195043725981,19.8008569292728,11659500.0,2022-09-13 12:45:00
20.93112222981696,20.301617954835528,19.828284623588623,11660400.0,2022-09-13 13:00:00
20.971028730004434,20.348010319056197,19.856196750352527,11661300.0,2022-09-13 13:15:00
21.011691487527237,20.391287968480476,19.88418832467452,11662200.0,2022-09-13 13:30:00
21.04290934349758,20.429684145379174,19.91161113250234,11663100.0,2022-09-13 13:45:00
21.07069714812068,20.46412485150837,19.938077642732186,11664000.0,2022-09-13 14:00:00
21.082063314796905,20.493337895937344,19.96311342343784,11664900.0,2022-09-13 14:15:00
21.079229890788767,20.51778849346,19.986596525669583,11665800.0,2022-09-13 14:30:00
21.08111947772428,20.5371904429775,20.008177550819877,11666700.0,2022-09-13 14:45:00
21.07602030467835,20.552964310654463,20.02800208432785,11667600.0,2022-09-13 15:00:00
21.07372605903993,20.565395238575757,20.045984124881155,11668500.0,2022-09-13 15:15:00
21.07522328713824,20.577233374116457,20.062515747645065,11669400.0,2022-09-13 15:30:00
21.07478773610386,20.58671410914709,20.07770527598024,11670300.0,2022-09-13 15:45:00
21.070712501462623,20.59441955531394,20.091595715967035,11671200.0,2022-09-13 16:00:00
21.07006431330557,20.60189349012472,20.104589505016616,11672100.0,2022-09-13 16:15:00
21.065052027370168,20.608127173266052,20.116653058919443,11673000.0,2022-09-13 16:30:00
21.05544320515463,20.61324911900355,20.127884267112808,11673900.0,2022-09-13 16:45:00
21.0441027766152,20.614730566568237,20.137976146445656,11674800.0,2022-09-13 17:00:00
21.026679450577713,20.614731314092435,20.14697089997711,11675700.0,2022-09-13 17:15:00
21.000768298062127,20.611832679174253,20.154863118756086,11676600.0,2022-09-13 17:30:00
20.970789477677755,20.606554430580633,20.16143172325801,11677500.0,2022-09-13 17:45:00
20.93752512160036,20.59780711665599,20.166508483708785,11678400.0,2022-09-13 18:00:00
20.90111601131673,20.585547000334092,20.169943605069843,11679300.0,2022-09-13 18:15:00
20.862064597060257,20.57205396501733,20.17205223949633,11680200.0,2022-09-13 18:30:00
20.820551174865493,20.554931300229967,20.1724772634704,11681100.0,2022-09-13 18:45:00
20.77787013308546,20.53518316009128,20.17124526751673,11682000.0,2022-09-13 19:00:00
20.740761072723977,20.51627450797144,20.168803233977314,11682900.0,2022-09-13 19:15:00
20.70641460218624,20.497124996754707,20.165422017385033,11683800.0,2022-09-13 19:30:00
20.669316535799112,20.476225507879946,20.160897420240403,11684700.0,2022-09-13 19:45:00
20.63139860038028,20.455184831932726,20.155542641011515,11685600.0,2022-09-13 20:00:00
20.592563487570853,20.433879953645544,20.149533267869863,11686500.0,2022-09-13 20:15:00
20.55096579650011,20.411722560220756,20.142856921183416,11687400.0,2022-09-13 20:30:00
20.509967227528172,20.388484697829355,20.135321544229395,11688300.0,2022-09-13 20:45:00
20.473207220372988,20.364271783928828,20.126965840628053,11689200.0,2022-09-13 21:00:00
20.435019290366245,20.339980584885947,20.117919872968358,11690100.0,2022-09-13 21:15:00
20.394177304365986,20.315440368158846,20.108257162350192,11691000.0,2022-09-13 21:30:00
20.351227306542004,20.289462414322184,20.097913676672565,11691900.0,2022-09-13 21:45:00
20.30217078456672,20.262920958296423,20.08694688211806,11692800.0,2022-09-13 22:00:00
20.252292398081508,20.233536217790448,20.0749936775157,11693700.0,2022-09-13 22:15:00
20.201916109986353,20.20482881032517,20.06229035640696,11694600.0,2022-09-13 22:30:00
20.149845244808997,20.172466952064827,20.04847529422832,11695500.0,2022-09-13 22:45:00
20.09648254622304,20.140869547700863,20.033935133677165,11696400.0,2022-09-13 23:00:00
20.040889095693352,20.10734073482209,20.018555886727587,11697300.0,2022-09-13 23:15:00
19.986036143964615,20.072829742348656,20.002287399295305,11698200.0,2022-09-13 23:30:00
19.930255806834754,20.037324013909192,19.98509556740712,11699100.0,2022-09-13 23:45:00
19.87887341050787,20.001892690077515,19.967178482200666,11700000.0,2022-09-14 00:00:00
19.824235015364177,19.966289328121626,19.9486445717678,11700900.0,2022-09-14 00:15:00
19.77015713561539,19.92973864906111,19.929419448028007,11701800.0,2022-09-14 00:30:00
19.71424794505185,19.892107376771463,19.909586878569375,11702700.0,2022-09-14 00:45:00
19.65762272024901,19.855005036364787,19.889244701444287,11703600.0,2022-09-14 01:00:00
19.60232134204343,19.816324472713816,19.868269094163093,11704500.0,2022-09-14 01:15:00
19.54388760261577,19.778100403856367,19.84678466810905,11705400.0,2022-09-14 01:30:00
19.486726624266655,19.738511987099912,19.82463971809193,11706300.0,2022-09-14 01:45:00
19.434418673219113,19.700610999572348,19.80206578693084,11707200.0,2022-09-14 02:00:00
19.380957090047524,19.660856208641324,19.778928352027545,11708100.0,2022-09-14 02:15:00
19.32848778172336,19.62109610960232,19.755343760180278,11709000.0,2022-09-14 02:30:00
19.272776437113475,19.581974240005486,19.731452923010917,11709900.0,2022-09-14 02:45:00
19.216027538313188,19.54289789054255,19.707347975965156,11710800.0,2022-09-14 03:00:00
19.160914468652777,19.50366528359407,19.682976419967147,11711700.0,2022-09-14 03:15:00
19.102064662222528,19.46262021927805,19.65806782684964,11712600.0,2022-09-14 03:30:00
19.05034181159634,19.422711910421985,19.632805095505425,11713500.0,2022-09-14 03:45:00
18.99791055031405,19.382385743452385,19.60716280039084,11714400.0,2022-09-14 04:00:00
18.946534509508034,19.34281849504388,19.58139027431192,11715300.0,2022-09-14 04:15:00
18.907887626353308,19.306442931774757,19.555645396253887,11716200.0,2022-09-14 04:30:00
18.8695327545436,19.269932142352413,19.5300594292902,11717100.0,2022-09-14 04:45:00
18.84141037979544,19.236760479573057,19.504843547013927,11718000.0,2022-09-14 05:00:00
18.830030224061883,19.208560505774862,19.480453925710968,11718900.0,2022-09-14 05:15:00
18.82789801068018,19.185703463671775,19.45736987594069,11719800.0,2022-09-14 05:30:00
18.833418905205345,19.166550603785023,19.435807373205648,11720700.0,2022-09-14 05:45:00
18.835406883780948,19.15093849073825,19.41579663335589,11721600.0,2022-09-14 06:00:00
18.84186226459272,19.138436209955668,19.39733544022102,11722500.0,2022-09-14 06:15:00
18.8594059896234,19.130091924950246,19.380620000214485,11723400.0,2022-09-14 06:30:00
18.884740232155835,19.12550466535165,19.36564405149681,11724300.0,2022-09-14 06:45:00
18.91382954387757,19.126346975392263,19.35269745299592,11725200.0,2022-09-14 07:00:00
18.940426097326416,19.129203078711623,19.341640547785136,11726100.0,2022-09-14 07:15:00
18.96530453351424,19.133727527767935,19.332225904989947,11727000.0,2022-09-14 07:30:00
18.99267046039599,19.139220501295128,19.324156895244904,11727900.0,2022-09-14 07:45:00
19.03739521844886,19.149541441751413,19.31778316641113,11728800.0,2022-09-14 08:00:00
19.103575223593595,19.16602481986881,19.31340717388563,11729700.0,2022-09-14 08:15:00
19.177551760906727,19.188721144023777,19.311513526359175,11730600.0,2022-09-14 08:30:00
19.273313739482663,19.221526674176967,19.31282677786257,11731500.0,2022-09-14 08:45:00
19.372718769225347,19.259120432905245,19.31749951469108,11732400.0,2022-09-14 09:00:00
19.45990506023117,19.301389366236656,19.3254479191684,11733300.0,2022-09-14 09:15:00
19.562482870868084,19.348236436103935,19.336548655034324,11734200.0,2022-09-14 09:30:00
19.65485467182368,19.39894524332981,19.350687501994607,11735100.0,2022-09-14 09:45:00
19.774952056784112,19.45464881933067,19.36781408292263,11736000.0,2022-09-14 10:00:00
19.890912460842184,19.51587618243103,19.388143565990266,11736900.0,2022-09-14 10:15:00
20.025828955440463,19.584515794462085,19.412039614304472,11737800.0,2022-09-14 10:30:00
20.141329516870293,19.654597382587824,19.439068032138728,11738700.0,2022-09-14 10:45:00
20.230071784136324,19.721515340812648,19.46838628144772,11739600.0,2022-09-14 11:00:00
20.305749206545904,19.784855359100785,19.499004663331448,11740500.0,2022-09-14 11:15:00
20.360735294725988,19.84208741607489,19.530001927121347,11741400.0,2022-09-14 11:30:00
20.407146826400496,19.89374927510062,19.560619488427616,11742300.0,2022-09-14 11:45:00
20.45818556871337,19.942730318372593,19.590721524466453,11743200.0,2022-09-14 12:00:00
20.53226942444984,19.992744141269338,19.620709838176825,11744100.0,2022-09-14 12:15:00
20.596988414137574,20.04264045427156,19.650622170474207,11745000.0,2022-09-14 12:30:00
20.660316249924943,20.091699634427165,19.680706759605417,11745900.0,2022-09-14 12:45:00
20.72179525579196,20.14019878562061,19.71081280227468,11746800.0,2022-09-14 13:00:00
20.78227602562848,20.188264157389327,19.741017099775124,11747700.0,2022-09-14 13:15:00
20.845320580656857,20.236322814737267,19.771435556699117,11748600.0,2022-09-14 13:30:00
20.90963878995241,20.285824249218404,19.802502391969863,11749500.0,2022-09-14 13:45:00
20.97543530658557,20.334560641198745,19.833909399057788,11750400.0,2022-09-14 14:00:00
21.029844050772795,20.38182291283886,19.86550576793069,11751300.0,2022-09-14 14:15:00
21.078318946022577,20.42736054617228,19.897079659663497,11752200.0,2022-09-14 14:30:00
21.1149679937181,20.47068898875336,19.928429119965816,11753100.0,2022-09-14 14:45:00
21.14305903916456,20.507918420378388,19.958732787814508,11754000.0,2022-09-14 15:00:00
21.169905053623182,20.54271028895477,19.987884874521136,11754900.0,2022-09-14 15:15:00
21.18850451924628,20.57440328695932,20.015876985194936,11755800.0,2022-09-14 15:30:00
21.19560734085777,20.600995313321548,20.04240904487457,11756700.0,2022-09-14 15:45:00
21.19127492702117,20.622692477682936,20.067144833028905,11757600.0,2022-09-14 16:00:00
21.17684075387008,20.63772991533896,20.089611095944328,11758500.0,2022-09-14 16:15:00
21.15813745619,20.648157485987102,20.109749371592223,11759400.0,2022-09-14 16:30:00
21.140927121221168,20.65632191552407,20.127925125371952,11760300.0,2022-09-14 16:45:00
21.122174575217446,20.65973712931784,20.143908010466006,11761200.0,2022-09-14 17:00:00
21.105956032944658,20.660894443713712,20.15769805171854,11762100.0,2022-09-14 17:15:00
21.09002277068256,20.66156890087424,20.169962483804166,11763000.0,2022-09-14 17:30:00
21.073009341972448,20.660613312786296,20.1807999990258,11763900.0,2022-09-14 17:45:00
21.05494088427385,20.658054360824394,20.19039223965723,11764800.0,2022-09-14 18:00:00
21.02978030265544,20.653913860684735,20.198758059168135,11765700.0,2022-09-14 18:15:00
21.002935068657155,20.64657298828653,20.20557743856327,11766600.0,2022-09-14 18:30:00
20.96899125073705,20.637168939326173,20.21094062195292,11767500.0,2022-09-14 18:45:00
20.933622960523238,20.62560103841188,20.214865928686148,11768400.0,2022-09-14 19:00:00
20.89553662388144,20.61271335345384,20.21767251658236,11769300.0,2022-09-14 19:15:00
20.853329992528337,20.596523600114192,20.219048102100025,11770200.0,2022-09-14 19:30:00
20.80864019525773,20.57607931791928,20.21849677387056,11771100.0,2022-09-14 19:45:00
20.76261513543965,20.556039142034063,20.21659575413255,11772000.0,2022-09-14 20:00:00
20.71425121906112,20.53332068291812,20.213280710644504,11772900.0,2022-09-14 20:15:00
20.664573466481247,20.507659777568307,20.20833312773152,11773800.0,2022-09-14 20:30:00
20.618640977501915,20.48228122932713,20.20218931682412,11774700.0,2022-09-14 20:45:00
20.571700871062458,20.455294258799647,20.1948617658044,11775600.0,2022-09-14 21:00:00
20.524887920470945,20.428211698627653,20.186463507444625,11776500.0,2022-09-14 21:15:00
20.476146410902256,20.399902243969706,20.176967612871664,11777400.0,2022-09-14 21:30:00
20.42820579785602,20.371061949534305,20.16663913295581,11778300.0,2022-09-14 21:45:00
20.381106059541725,20.341614695078647,20.155566136857928,11779200.0,2022-09-14 22:00:00
20.336880217376265,20.312958481491293,20.14387568111669,11780100.0,2022-09-14 22:15:00
20.291726618515145,20.2835580216954,20.13157030181984,11781000.0,2022-09-14 22:30:00
20.247615841462697,20.254768496807056,20.11872164984869,11781900.0,2022-09-14 22:45:00
20.205055673738784,20.225095182423964,20.105184987945474,11782800.0,2022-09-14 23:00:00
20.16444625638629,20.195704591400485,20.091285972832694,11783700.0,2022-09-14 23:15:00
20.120767447046678,20.167653403175407,20.07708077874227,11784600.0,2022-09-14 23:30:00
20.07539940409439,20.13683576111096,20.06233233301521,11785500.0,2022-09-14 23:45:00
20.025058380765373,20.106143507436336,20.046975838430217,11786400.0,2022-09-15 00:00:00
19.963406796395955,20.071924671934728,20.030830593868487,11787300.0,2022-09-15 00:15:00
19.895311471768164,20.032689465438487,20.013267439353935,11788200.0,2022-09-15 00:30:00
19.82652648804481,19.993576820815175,19.994407547457406,11789100.0,2022-09-15 00:45:00
19.753138981803406,19.94906480941088,19.97389763525228,11790000.0,2022-09-15 01:00:00
19.68213133965485,19.90625353771151,19.95229562488903,11790900.0,2022-09-15 01:15:00
19.613510455875335,19.862512353462854,19.929812798291312,11791800.0,2022-09-15 01:30:00
19.551543057936527,19.82064620106489,19.906837038094626,11792700.0,2022-09-15 01:45:00
19.482210112238143,19.77973085201428,19.8834887453586,11793600.0,2022-09-15 02:00:00
19.425544279192835,19.73543517626963,19.85941149409118,11794500.0,2022-09-15 02:15:00
19.368102206288327,19.691490802041955,19.83459542355449,11795400.0,2022-09-15 02:30:00
19.320422367958983,19.652966010021714,19.809839581232243,11796300.0,2022-09-15 02:45:00
19.26802454158963,19.6124384022621,19.784812351963303,11797200.0,2022-09-15 03:00:00
19.213534011824528,19.570287397693544,19.75938074914123,11798100.0,2022-09-15 03:15:00
19.162920440651263,19.52999261810539,19.73386931165034,11799000.0,2022-09-15 03:30:00
19.119386506653047,19.490471174320195,19.708256677348903,11799900.0,2022-09-15 03:45:00
19.072528589897157,19.454234081854484,19.682734011109385,11800800.0,2022-09-15 04:00:00
19.042471546634015,19.417984692414127,19.65741368062828,11801700.0,2022-09-15 04:15:00
19.025417346322524,19.386687747641886,19.632769165139095,11802600.0,2022-09-15 04:30:00
19.00236780959049,19.35858312563368,19.609109038950244,11803500.0,2022-09-15 04:45:00
18.984337220898183,19.332321385956767,19.5863918141129,11804400.0,2022-09-15 05:00:00
18.98359258321224,19.310304779386996,19.564750286135837,11805300.0,2022-09-15 05:15:00
18.987816994832528,19.293520361269923,19.54471896659223,11806200.0,2022-09-15 05:30:00
19.00098331068625,19.27935758818872,19.526199486458054,11807100.0,2022-09-15 05:45:00
19.017601754287988,19.27254988349675,19.50962857055397,11808000.0,2022-09-15 06:00:00
19.02608747862336,19.26635239225307,19.49492440082672,11808900.0,2022-09-15 06:15:00
19.034465710095063,19.261960072552814,19.481716252987233,11809800.0,2022-09-15 06:30:00
19.046796985985136,19.25710753225698,19.469519566056128,11810700.0,2022-09-15 06:45:00
19.071710500532856,19.25793497547613,19.4588197037734,11811600.0,2022-09-15 07:00:00
19.115453237784447,19.262022231323257,19.449667991640197,11812500.0,2022-09-15 07:15:00
19.15771662252027,19.27259238695496,19.44255439495892,11813400.0,2022-09-15 07:30:00
19.189878052320644,19.283244531245067,19.43726679920272,11814300.0,2022-09-15 07:45:00
19.220056748212787,19.295237878235028,19.43354911637616,11815200.0,2022-09-15 08:00:00
19.254204166669336,19.307101616004807,19.43098565725348,11816100.0,2022-09-15 08:15:00
19.305501144104905,19.325973319475963,19.430038814857788,11817000.0,2022-09-15 08:30:00
19.345779085795428,19.34502342230857,19.43064163583868,11817900.0,2022-09-15 08:45:00
19.40329313433806,19.36669075234924,19.432837050359066,11818800.0,2022-09-15 09:00:00
19.489007446252,19.3971162286987,19.437296997130904,11819700.0,2022-09-15 09:15:00
19.586136524530183,19.434240493469336,19.444582232802315,11820600.0,2022-09-15 09:30:00
19.68846032088131,19.479821432682648,19.4551529783662,11821500.0,2022-09-15 09:45:00
19.75691100732347,19.522801385161166,19.468149766527,11822400.0,2022-09-15 10:00:00
19.811550395293192,19.564244147841336,19.48295276336424,11823300.0,2022-09-15 10:15:00
19.912517451620865,19.612019080593644,19.499895077102924,11824200.0,2022-09-15 10:30:00
20.0383128538288,19.66839481549577,19.519649386434192,11825100.0,2022-09-15 10:45:00
20.158804620503258,19.730238628620175,19.542381319748863,11826000.0,2022-09-15 11:00:00
20.23406729692928,19.789520882273514,19.56748539532011,11826900.0,2022-09-15 11:15:00
20.312277321789303,19.847582599316866,19.594279080522597,11827800.0,2022-09-15 11:30:00
20.39020623473465,19.90416219895051,19.622239807090857,11828700.0,2022-09-15 11:45:00
20.438793248148144,19.95619134079261,19.6505480841944,11829600.0,2022-09-15 12:00:00
20.45499738025636,19.998311804379764,19.67803070868966,11830500.0,2022-09-15 12:15:00
20.451284425258734,20.031061344372677,19.70373392703797,11831400.0,2022-09-15 12:30:00
20.44741277411887,20.055671643585278,19.72697794133308,11832300.0,2022-09-15 12:45:00
20.455487619337543,20.07637769235384,19.747803009052408,11833200.0,2022-09-15 13:00:00
20.476458938865854,20.096426158406157,19.766766609606005,11834100.0,2022-09-15 13:15:00
20.49461300746435,20.115813755563604,19.784327902778767,11835000.0,2022-09-15 13:30:00
20.49945756819433,20.133220875450675,19.800705549876792,11835900.0,2022-09-15 13:45:00
20.473279429211765,20.14434696012956,19.815609485774264,11836800.0,2022-09-15 14:00:00
20.44112003516096,20.14766951268071,19.828343396121625,11837700.0,2022-09-15 14:15:00
20.42529327300425,20.14906152993027,19.83899209765381,11838600.0,2022-09-15 14:30:00
20.410088538313516,20.148832001037736,19.847988778096678,11839500.0,2022-09-15 14:45:00
20.383328379621137,20.145597915343448,19.855380339915943,11840400.0,2022-09-15 15:00:00
20.348452152652275,20.137535883547127,19.860804023989967,11841300.0,2022-09-15 15:15:00
20.323800779988467,20.128567914974028,19.864550616095546,11842200.0,2022-09-15 15:30:00
20.29512540338004,20.11816220307162,19.866883812963376,11843100.0,2022-09-15 15:45:00
20.24764444575281,20.10429329187207,19.867814511445868,11844000.0,2022-09-15 16:00:00
20.17809824805453,20.082265460881185,19.866458947304135,11844900.0,2022-09-15 16:15:00
20.1025456760106,20.053637383026263,19.862454486182557,11845800.0,2022-09-15 16:30:00
20.02287550221332,20.02037245287354,19.85576677569682,11846700.0,2022-09-15 16:45:00
19.934444921948334,19.98101319137577,19.846145874050546,11847600.0,2022-09-15 17:00:00
19.839288306156444,19.937376020297908,19.83357637879765,11848500.0,2022-09-15 17:15:00
19.74571449347724,19.888371603515633,19.818082072720728,11849400.0,2022-09-15 17:30:00
19.66745948226609,19.83966596815683,19.800249541807936,11850300.0,2022-09-15 17:45:00
19.60627860636903,19.794695797010974,19.78115355257125,11851200.0,2022-09-15 18:00:00
19.542060524472344,19.748911817536523,19.76092392405379,11852100.0,2022-09-15 18:15:00
19.485288991271908,19.70563551006756,19.740046051178123,11853000.0,2022-09-15 18:30:00
19.43325682195221,19.66365450947142,19.71877881287358,11853900.0,2022-09-15 18:45:00
19.38360087735772,19.62406725185534,19.69745108561632,11854800.0,2022-09-15 19:00:00
19.326664136805235,19.582981923954154,19.675836472924598,11855700.0,2022-09-15 19:15:00
19.268214196772096,19.54380531970499,19.654137228963386,11856600.0,2022-09-15 19:30:00
19.20223483197748,19.502760387164553,19.631991594022388,11857500.0,2022-09-15 19:45:00
19.14159321033412,19.459370067994502,19.60909467744471,11858400.0,2022-09-15 20:00:00
19.068411216194917,19.415660862354834,19.58558277613953,11859300.0,2022-09-15 20:15:00
18.990707490489022,19.36929574600837,19.561237514771754,11860200.0,2022-09-15 20:30:00
18.899318158168214,19.319241527443133,19.535612793786527,11861100.0,2022-09-15 20:45:00
18.808517191131997,19.265257969728857,19.508431774350495,11862000.0,2022-09-15 21:00:00
18.72025835681133,19.209348150366647,19.47978487005909,11862900.0,2022-09-15 21:15:00
18.62897118672097,19.15381198259201,19.44997827633592,11863800.0,2022-09-15 21:30:00
18.537922298955284,19.095848816650093,19.418847078828023,11864700.0,2022-09-15 21:45:00
18.44395959446128,19.035138419236585,19.386332337118496,11865600.0,2022-09-15 22:00:00
18.342101126921,18.973043161767396,19.35241520875298,11866500.0,2022-09-15 22:15:00
18.251134446644592,18.910510869768647,19.31739396282892,11867400.0,2022-09-15 22:30:00
18.1746035530318,18.84845732615074,19.28146293157331,11868300.0,2022-09-15 22:45:00
18.099429093724392,18.78951980506497,19.24506277786578,11869200.0,2022-09-15 23:00:00
18.039389140557375,18.7335329308772,19.208583723470937,11870100.0,2022-09-15 23:15:00
17.971445807555174,18.678641866192866,19.172262671294007,11871000.0,2022-09-15 23:30:00
17.89344668039554,18.622976173893125,19.13599548362334,11871900.0,2022-09-15 23:45:00
17.825781743979793,18.56934316282307,19.099714716151414,11872800.0,2022-09-16 00:00:00
17.749267837859037,18.51326626630029,19.063225437886008,11873700.0,2022-09-16 00:15:00
17.68155261136743,18.458999665784003,19.026700115637272,11874600.0,2022-09-16 00:30:00
17.623382340449712,18.407985548845843,18.99027733901485,11875500.0,2022-09-16 00:45:00
17.559465870088808,18.3573372874328,18.953991826078106,11876400.0,2022-09-16 01:00:00
17.488966914570415,18.305374013104952,18.917651655967543,11877300.0,2022-09-16 01:15:00
17.425258903282085,18.25401662777272,18.881368535377256,11878200.0,2022-09-16 01:30:00
17.361317657186355,18.204429080858887,18.845093374588487,11879100.0,2022-09-16 01:45:00
17.297095473485935,18.154165697678295,18.80875222499458,11880000.0,2022-09-16 02:00:00
17.232137522338963,18.104284722737766,18.77225489947569,11880900.0,2022-09-16 02:15:00
17.17051879972222,18.05422926610577,18.73570415719974,11881800.0,2022-09-16 02:30:00
17.115312178147953,18.005225628017453,18.69917250190894,11882700.0,2022-09-16 02:45:00
17.06512974774034,17.95855206396489,18.662662584625377,11883600.0,2022-09-16 03:00:00
17.016188848348772,17.91337658140418,18.626471739884327,11884500.0,2022-09-16 03:15:00
16.97246076210916,17.868749961263582,18.590589509375768,11885400.0,2022-09-16 03:30:00
16.934752972095502,17.827299862273968,18.555371006610965,11886300.0,2022-09-16 03:45:00
16.90977009242746,17.844811887855997,18.521323504063155,11887200.0,2022-09-16 04:00:00
16.872595768110074,17.786919620202408,18.485193414848684,11888100.0,2022-09-16 04:15:00
16.833921055865428,17.725684545680366,18.44622878244728,11889000.0,2022-09-16 04:30:00
16.819637679475214,17.65584011028669,18.207409896079813,11889900.0,2022-09-16 04:45:00
16.90711498611771,17.581667129811663,17.94759010332423,11890800.0,2022-09-16 05:00:00
16.983054109380006,17.469647870140033,17.859681797333366,11891700.0,2022-09-16 05:15:00
17.102940088775984,17.462441012976193,17.84361145477788,11892600.0,2022-09-16 05:30:00
17.096714823275583,17.462928421704998,17.837432734496712,11893500.0,2022-09-16 05:45:00
17.144667471473884,17.472458412500643,17.827612041997718,11894400.0,2022-09-16 06:00:00
17.209642446741068,17.48433095198035,17.815028679041227,11895300.0,2022-09-16 06:15:00
17.42445110612301,17.522053793029443,17.80513724723783,11896200.0,2022-09-16 06:30:00
17.547708242110044,17.572657233221335,17.802236163740233,11897100.0,2022-09-16 06:45:00
17.613831543718643,17.61426065438967,17.80639820446962,11898000.0,2022-09-16 07:00:00
17.684768648922155,17.65715017537874,17.816616832916903,11898900.0,2022-09-16 07:15:00
17.848319905822915,17.71570062716995,17.833077965380046,11899800.0,2022-09-16 07:30:00
18.023411223532893,17.787483438830566,17.856874524967875,11900700.0,2022-09-16 07:45:00
18.117155746135623,17.856510401065602,17.88746944525156,11901600.0,2022-09-16 08:00:00
18.31469387265328,17.940851618558224,17.925357479031334,11902500.0,2022-09-16 08:15:00
18.476568358593603,18.033884886031945,17.970892863804913,11903400.0,2022-09-16 08:30:00
18.595566794533063,18.12715151395812,18.023286027714217,11904300.0,2022-09-16 08:45:00
18.638703726179344,18.202993211551657,18.078890798692164,11905200.0,2022-09-16 09:00:00
18.642289095935286,18.269419401060375,18.134929814752617,11906100.0,2022-09-16 09:15:00
18.672196529554245,18.323839253009645,18.18840187381694,11907000.0,2022-09-16 09:30:00
18.69669760299005,18.374928563611665,18.238547657314008,11907900.0,2022-09-16 09:45:00
18.694165325214577,18.415392407126284,18.284446882021484,11908800.0,2022-09-16 10:00:00
18.65913401082318,18.445632974482425,18.325199849582688,11909700.0,2022-09-16 10:15:00
18.669748456839898,18.466006858542578,18.360080486402538,11910600.0,2022-09-16 10:30:00
18.699302817531127,18.496173773824523,18.39151886438132,11911500.0,2022-09-16 10:45:00
18.72798935104012,18.524898555068454,18.42019665588796,11912400.0,2022-09-16 11:00:00
18.700705465637643,18.544514806902374,18.446132941679053,11913300.0,2022-09-16 11:15:00
18.664943838392976,18.55650933913488,18.468911137163968,11914200.0,2022-09-16 11:30:00
18.58739612833909,18.553218341554135,18.486742054328666,11915100.0,2022-09-16 11:45:00
18.472355619410468,18.537968074621784,18.498514455728113,11916000.0,2022-09-16 12:00:00
18.362169980636203,18.50357021902635,18.501884269812752,11916900.0,2022-09-16 12:15:00
18.253596275831335,18.46318575417418,18.496886260312248,11917800.0,2022-09-16 12:30:00
18.13823515642834,18.4149563270093,18.48416683237372,11918700.0,2022-09-16 12:45:00
18.041657412337084,18.36279763099214,18.46459667590725,11919600.0,2022-09-16 13:00:00
17.988516962934888,18.30955359134131,18.439425150777687,11920500.0,2022-09-16 13:15:00
17.91934782462549,18.263135730703716,18.4109908556234,11921400.0,2022-09-16 13:30:00
17.818924490240793,18.20825456192819,18.379539080296457,11922300.0,2022-09-16 13:45:00
17.7208927101989,18.15149323637064,18.3454486047868,11923200.0,2022-09-16 14:00:00
17.619915898408802,18.087558250712853,18.30785015202644,11924100.0,2022-09-16 14:15:00
17.509956641643033,18.019156063881724,18.2665766108176,11925000.0,2022-09-16 14:30:00
17.404879248126246,17.948980081626882,18.222009220506056,11925900.0,2022-09-16 14:45:00
17.29702077514323,17.875609982296705,18.174472018622197,11926800.0,2022-09-16 15:00:00
17.187218975104802,17.799972852825764,18.12433775640408,11927700.0,2022-09-16 15:15:00
17.070698318369068,17.720158315769485,18.071626816427777,11928600.0,2022-09-16 15:30:00
16.95951136002779,17.640557974088455,18.01699034596565,11929500.0,2022-09-16 15:45:00
16.85541123006777,17.56044556686958,17.960302798761795,11930400.0,2022-09-16 16:00:00
16.739904597420452,17.477183259887635,17.90157123690948,11931300.0,2022-09-16 16:15:00
16.632259228212984,17.3952900607542,17.84153432318771,11932200.0,2022-09-16 16:30:00
16.528946146131002,17.312171066433006,17.78027558383052,11933100.0,2022-09-16 16:45:00
16.423654165848152,17.23017178463314,17.71784505511048,11934000.0,2022-09-16 17:00:00
16.32659297941261,17.14696304099352,17.65454872388512,11934900.0,2022-09-16 17:15:00
16.232835818246702,17.064778546746442,17.59036155733927,11935800.0,2022-09-16 17:30:00
16.136323183845565,16.98525196495672,17.525705670240086,11936700.0,2022-09-16 17:45:00
16.033898322734522,16.90368007242246,17.460790932017478,11937600.0,2022-09-16 18:00:00
15.923029882759954,16.819320057014394,17.395497855315853,11938500.0,2022-09-16 18:15:00
15.816117241131272,16.734188345668585,17.33045123214945,11939400.0,2022-09-16 18:30:00
15.715446910226738,16.648989507003204,17.265163325772047,11940300.0,2022-09-16 18:45:00
15.612263264737049,16.566751421643822,17.199737993727993,11941200.0,2022-09-16 19:00:00
15.503719867487696,16.481000032397507,17.134108965461444,11942100.0,2022-09-16 19:15:00
15.412443311246614,16.39947412026918,17.068496254882962,11943000.0,2022-09-16 19:30:00
15.313239331924052,16.314927311608464,17.003049952500696,11943900.0,2022-09-16 19:45:00
15.213341229934231,16.239808070390556,16.937165423752717,11944800.0,2022-09-16 20:00:00
15.123756914625783,16.155684647258845,16.86987251643605,11945700.0,2022-09-16 20:15:00
15.02506087227656,16.071809703220673,16.801490260685537,11946600.0,2022-09-16 20:30:00
14.93968568495171,15.98763667761455,16.733150311048764,11947500.0,2022-09-16 20:45:00
14.83912653838182,15.906168767669318,16.66546778799023,11948400.0,2022-09-16 21:00:00
14.756293188846485,15.827313530014576,16.599311787465464,11949300.0,2022-09-16 21:15:00
14.656896009714549,15.74900114242079,16.533984344459057,11950200.0,2022-09-16 21:30:00
14.582549930110074,15.670765626750455,16.468877785513012,11951100.0,2022-09-16 21:45:00
14.501437645801886,15.596157150033848,16.404263838866843,11952000.0,2022-09-16 22:00:00
14.410245917799314,15.521239683025328,16.339881509191137,11952900.0,2022-09-16 22:15:00
14.324482016478813,15.445736590106003,16.27578001968688,11953800.0,2022-09-16 22:30:00
14.241732021445198,15.371127595804085,16.212042221909645,11954700.0,2022-09-16 22:45:00
14.158404685544602,15.297560321068811,16.148708784803777,11955600.0,2022-09-16 23:00:00
14.07232929296472,15.223763416301408,16.08585671240499,11956500.0,2022-09-16 23:15:00
13.99241714328994,15.151253646916974,16.023339893244128,11957400.0,2022-09-16 23:30:00
13.914601321756583,15.079829444648729,15.961935828023128,11958300.0,2022-09-16 23:45:00
13.827091558941977,15.011397724964295,15.90127501423244,11959200.0,2022-09-17 00:00:00
13.74057017445522,14.938687949836993,15.841344148413707,11960100.0,2022-09-17 00:15:00
13.658244477059927,14.86810868420211,15.781954038635476,11961000.0,2022-09-17 00:30:00
13.577306682233674,14.795789683487756,15.72209545433222,11961900.0,2022-09-17 00:45:00
13.512011310297634,14.727292413714224,15.661694235955649,11962800.0,2022-09-17 01:00:00
13.449688799787648,14.66268687996014,15.602569935377293,11963700.0,2022-09-17 01:15:00
13.39527245684254,14.599627996448088,15.545360435953294,11964600.0,2022-09-17 01:30:00
13.353200514531837,14.541175968919967,15.489782732411069,11965500.0,2022-09-17 01:45:00
13.32193967663323,14.488241856298645,15.435592759552062,11966400.0,2022-09-17 02:00:00
13.30109792799564,14.439680474792413,15.38370741459928,11967300.0,2022-09-17 02:15:00
13.294393522864883,14.396625348440784,15.334331977021993,11968200.0,2022-09-17 02:30:00
13.291941224019432,14.360731985009291,15.287599942928242,11969100.0,2022-09-17 02:45:00
13.30296832911328,14.329624347585952,15.243668956666122,11970000.0,2022-09-17 03:00:00
13.331176977929568,14.305988813033352,15.203810174081438,11970900.0,2022-09-17 03:15:00
13.387587143175852,14.293141965237051,15.168025490965894,11971800.0,2022-09-17 03:30:00
13.458223714409748,14.289064718042056,15.13709994439174,11972700.0,2022-09-17 03:45:00
13.562313516296433,14.297514395123349,15.112372481560111,11973600.0,2022-09-17 04:00:00
13.677216834690904,14.318769264744637,15.094770497814054,11974500.0,2022-09-17 04:15:00
13.812846337560892,14.35187242167318,15.084210623117778,11975400.0,2022-09-17 04:30:00
13.945309530097717,14.395455474208164,15.079923112843089,11976300.0,2022-09-17 04:45:00
14.130390763692311,14.45705411427268,15.082632589119402,11977200.0,2022-09-17 05:00:00
14.261014121956576,14.518994707476969,15.092343187110586,11978100.0,2022-09-17 05:15:00
14.462700708097133,14.595622202164506,15.108278185853449,11979000.0,2022-09-17 05:30:00
14.615595262558667,14.6778777755667,15.130730888370175,11979900.0,2022-09-17 05:45:00
14.789921603925244,14.765030592443653,15.159594998442962,11980800.0,2022-09-17 06:00:00
14.996248868360215,14.867510517374509,15.195159319020766,11981700.0,2022-09-17 06:15:00
15.180535956050493,14.97232514641718,15.23745313015362,11982600.0,2022-09-17 06:30:00
15.329409777928117,15.07535518746696,15.285782770632878,11983500.0,2022-09-17 06:45:00
15.424861525501363,15.170555724700138,15.338375898967382,11984400.0,2022-09-17 07:00:00
15.603431606173247,15.27331691995327,15.394989285176132,11985300.0,2022-09-17 07:15:00
15.711653603269085,15.368330345285244,15.454178131374391,11986200.0,2022-09-17 07:30:00
15.93053616504992,15.480444076554203,15.51703591156426,11987100.0,2022-09-17 07:45:00
16.103540765132674,15.600137739028806,15.58404650918502,11988000.0,2022-09-17 08:00:00
16.239017105933335,15.714097621117194,15.654532094581548,11988900.0,2022-09-17 08:15:00
16.33514193881452,15.820106223758833,15.726718402130968,11989800.0,2022-09-17 08:30:00
16.43514596972989,15.918232968491417,15.799279931308826,11990700.0,2022-09-17 08:45:00
16.526772078668763,16.014053398956392,15.871631915453316,11991600.0,2022-09-17 09:00:00
16.557621756672713,16.096510830823355,15.942023743647532,11992500.0,2022-09-17 09:15:00
16.55208312813153,16.16123491567873,16.00842808464526,11993400.0,2022-09-17 09:30:00
16.557698543555773,16.21430796585324,16.069388861684438,11994300.0,2022-09-17 09:45:00
16.58297414590125,16.263161980791995,16.125203592746935,11995200.0,2022-09-17 10:00:00
16.669276944633168,16.31639484314187,16.17720303147253,11996100.0,2022-09-17 10:15:00
16.759828564680323,16.37719450268848,16.227481691344654,11997000.0,2022-09-17 10:30:00
16.80152365802546,16.43621172951659,16.2770175312637,11997900.0,2022-09-17 10:45:00
16.795112741780315,16.481154226778447,16.324253655025597,11998800.0,2022-09-17 11:00:00
16.81667599145305,16.52068369113844,16.36850201347364,11999700.0,2022-09-17 11:15:00
16.837934847391054,16.558884016547143,16.410058148929103,12000600.0,2022-09-17 11:30:00
16.860713807866517,16.594867485462753,16.449104731977037,12001500.0,2022-09-17 11:45:00
16.874598616103967,16.62784768477503,16.48585310180887,12002400.0,2022-09-17 12:00:00
16.86608177894266,16.65302583693313,16.51997166453671,12003300.0,2022-09-17 12:15:00
16.84557079973373,16.67173258769637,16.55092109659565,12004200.0,2022-09-17 12:30:00
16.812582885547137,16.68416802404936,16.57844255747275,12005100.0,2022-09-17 12:45:00
16.77013487680461,16.68828695022228,16.60193232340252,12006000.0,2022-09-17 13:00:00
16.693612650327076,16.680248789884565,16.62032080092043,12006900.0,2022-09-17 13:15:00
16.582618649259825,16.657669005039658,16.63260687545258,12007800.0,2022-09-17 13:30:00
16.448977917998352,16.62279399832868,16.638298999110777,12008700.0,2022-09-17 13:45:00
16.30847203157951,16.570909382526985,16.636248291924005,12009600.0,2022-09-17 14:00:00
16.15642895712695,16.511261673248768,16.62675329754013,12010500.0,2022-09-17 14:15:00
16.019337610353386,16.442946403865292,16.610044601351543,12011400.0,2022-09-17 14:30:00
15.889235121812318,16.371360526927262,16.58708325073537,12012300.0,2022-09-17 14:45:00
15.76111544154973,16.296843318369664,16.558817815287572,12013200.0,2022-09-17 15:00:00
15.6357522782825,16.220468816422397,16.526283208092217,12014100.0,2022-09-17 15:15:00
15.50369147175388,16.142840052515293,16.489849391386247,12015000.0,2022-09-17 15:30:00
15.394590440863428,16.06394091763159,16.450080928780714,12015900.0,2022-09-17 15:45:00
15.295477363926851,15.985545546074173,16.407304063092305,12016800.0,2022-09-17 16:00:00
15.217401451250566,15.91427139659518,16.36294243948045,12017700.0,2022-09-17 16:15:00
15.1500544754081,15.846640400750855,16.318359883061923,12018600.0,2022-09-17 16:30:00
15.088063869041369,15.782807779319272,16.274599810483142,12019500.0,2022-09-17 16:45:00
15.039033183923078,15.723602407362009,16.232420778265645,12020400.0,2022-09-17 17:00:00
14.992211141513488,15.673895094879413,16.191914312488464,12021300.0,2022-09-17 17:15:00
14.939310591948278,15.6232128348225,16.152783707139193,12022200.0,2022-09-17 17:30:00
14.896110620332491,15.574892275305084,16.11486773599435,12023100.0,2022-09-17 17:45:00
14.855449376154768,15.52956744838896,16.077672764837985,12024000.0,2022-09-17 18:00:00
14.79944004687128,15.485597700698667,16.04058956733848,12024900.0,2022-09-17 18:15:00
14.728946296444269,15.438138022510133,16.003013249840166,12025800.0,2022-09-17 18:30:00
14.648344516022137,15.385528375592154,15.962950336550248,12026700.0,2022-09-17 18:45:00
14.566740061729371,15.332296455736833,15.92024090401269,12027600.0,2022-09-17 19:00:00
14.471286217536267,15.270372052410371,15.875137626179107,12028500.0,2022-09-17 19:15:00
14.377726263405291,15.208616050224112,15.828642227220364,12029400.0,2022-09-17 19:30:00
14.272701394694051,15.141061972113528,15.781650964292124,12030300.0,2022-09-17 19:45:00
14.166327528414396,15.071279263020257,15.733806939495013,12031200.0,2022-09-17 20:00:00
14.046732156730831,14.995308683249508,15.68463077738271,12032100.0,2022-09-17 20:15:00
13.93494061508412,14.919915215094706,15.634172997677648,12033000.0,2022-09-17 20:30:00
13.8255978317085,14.842168928162764,15.582319184578443,12033900.0,2022-09-17 20:45:00
13.7044482840598,14.76386959608308,15.529284204336792,12034800.0,2022-09-17 21:00:00
13.596757302456965,14.681862978867146,15.474121306419462,12035700.0,2022-09-17 21:15:00
13.47421685809649,14.598475173711456,15.416892934706976,12036600.0,2022-09-17 21:30:00
13.389639230063928,14.517737652195578,15.35893921505084,12037500.0,2022-09-17 21:45:00
13.275761821554395,14.437797028047555,15.301540396876172,12038400.0,2022-09-17 22:00:00
13.173562147640856,14.358343273656002,15.24589542549011,12039300.0,2022-09-17 22:15:00
13.072978711095114,14.27654982497848,15.191814774873995,12040200.0,2022-09-17 22:30:00
12.97134448787946,14.200931540662562,15.136843992633086,12041100.0,2022-09-17 22:45:00
12.882077471534318,14.124836212669758,15.080065916303347,12042000.0,2022-09-17 23:00:00
12.784698317838004,14.04580275797186,14.996025608660652,12042900.0,2022-09-17 23:15:00
12.693804604880023,13.963147573157409,14.902945022772768,12043800.0,2022-09-17 23:30:00
12.606925743059346,13.879425443103544,14.810322542756774,12044700.0,2022-09-17 23:45:00
12.521059422921716,13.794912669005363,14.722159198052232,12045600.0,2022-09-18 00:00:00
12.428709695246948,13.708337533642178,14.641938903693577,12046500.0,2022-09-18 00:15:00
12.347095334483193,13.625414382266968,14.567748290912329,12047400.0,2022-09-18 00:30:00
12.264645392319505,13.546624046525062,14.498161692808198,12048300.0,2022-09-18 00:45:00
12.19317763422864,13.469215559071428,14.433123789469198,12049200.0,2022-09-18 01:00:00
12.132537657347203,13.3974034877562,14.373538416749511,12050100.0,2022-09-18 01:15:00
12.086057232845793,13.33194556751101,14.318342627711456,12051000.0,2022-09-18 01:30:00
12.050192160090846,13.271936074633487,14.26773837981767,12051900.0,2022-09-18 01:45:00
12.027595900355156,13.2221839169901,14.221367128822052,12052800.0,2022-09-18 02:00:00
12.010507658025388,13.175205169319293,14.174334538995288,12053700.0,2022-09-18 02:15:00
12.003962815228093,13.13739747893216,14.127622192452506,12054600.0,2022-09-18 02:30:00
12.014119790105,13.106354129323922,14.081284696751643,12055500.0,2022-09-18 02:45:00
12.028615338714218,13.078627228124152,14.037313160118028,12056400.0,2022-09-18 03:00:00
12.06710405548598,13.059248949180676,13.997431943020846,12057300.0,2022-09-18 03:15:00
12.131114906655442,13.049204099592668,13.96240395186968,12058200.0,2022-09-18 03:30:00
12.20957742441157,13.049098712701452,13.933308168848749,12059100.0,2022-09-18 03:45:00
12.324108223707514,13.062086072121671,13.909653442386627,12060000.0,2022-09-18 04:00:00
12.458394635794816,13.088993022896894,13.891527792683108,12060900.0,2022-09-18 04:15:00
12.610094562034496,13.130498729256916,13.879928355036498,12061800.0,2022-09-18 04:30:00
12.792676936551787,13.186327269536156,13.874874080336165,12062700.0,2022-09-18 04:45:00
12.992913985483725,13.256271004794783,13.877645483975412,12063600.0,2022-09-18 05:00:00
13.226893155885437,13.345592823640374,13.890544723672908,12064500.0,2022-09-18 05:15:00
13.432483839056092,13.441297037759767,13.913167239341975,12065400.0,2022-09-18 05:30:00
13.612538469680596,13.540478531471818,13.943498508899571,12066300.0,2022-09-18 05:45:00
13.839151369097488,13.65252611981505,13.982045226833687,12067200.0,2022-09-18 06:00:00
14.038348494184548,13.770492582292556,14.02944381391408,12068100.0,2022-09-18 06:15:00
14.300647494061613,13.902792639553684,14.0857438564858,12069000.0,2022-09-18 06:30:00
14.553107675250716,14.043788242224034,14.149795031575186,12069900.0,2022-09-18 06:45:00
14.672048398005394,14.175345219120333,14.220566844346644,12070800.0,2022-09-18 07:00:00
14.7768994615861,14.291582101156092,14.295006000909884,12071700.0,2022-09-18 07:15:00
14.918848461201724,14.4072067283349,14.371578714173394,12072600.0,2022-09-18 07:30:00
15.084663609586451,14.526295326650132,14.449999606371142,12073500.0,2022-09-18 07:45:00
15.28684150148146,14.6504901466269,14.53041994075787,12074400.0,2022-09-18 08:00:00
15.453902014208705,14.781952094145405,14.614332910614554,12075300.0,2022-09-18 08:15:00
15.548215401369545,14.898368512262824,14.699665566024889,12076200.0,2022-09-18 08:30:00
15.649732730762905,15.01006090347946,14.784941085345135,12077100.0,2022-09-18 08:45:00
15.76101653224412,15.11662341308844,14.868912213203211,12078000.0,2022-09-18 09:00:00
15.86316070667374,15.220437137021577,14.951300387762032,12078900.0,2022-09-18 09:15:00
15.958226281146036,15.319839348418494,15.032229958526166,12079800.0,2022-09-18 09:30:00
16.0180306172809,15.4111077488708,15.111120720701749,12080700.0,2022-09-18 09:45:00
16.06179298069423,15.491732969023683,15.186904831553193,12081600.0,2022-09-18 10:00:00
16.118897489991912,15.565187053683108,15.259341860346591,12082500.0,2022-09-18 10:15:00
16.16049446173782,15.632510723297903,15.327854607101212,12083400.0,2022-09-18 10:30:00
16.210685594170904,15.69969007966304,15.393079880811298,12084300.0,2022-09-18 10:45:00
16.270671264242804,15.761900800457203,15.454917600859424,12085200.0,2022-09-18 11:00:00
16.34796283698964,15.827741980591515,15.514648797168595,12086100.0,2022-09-18 11:15:00
16.40683201530533,15.893493315678732,15.573655580307394,12087000.0,2022-09-18 11:30:00
16.417113272252532,15.945043410376435,15.630652811719363,12087900.0,2022-09-18 11:45:00
16.414679855341287,15.994076032081376,15.685365483641656,12088800.0,2022-09-18 12:00:00
16.403408381236734,16.027528449768134,15.73491867168253,12089700.0,2022-09-18 12:15:00
16.417100775490326,16.059882261341468,15.779827025669988,12090600.0,2022-09-18 12:30:00
16.42305888608612,16.089976944157335,15.82091226464205,12091500.0,2022-09-18 12:45:00
16.423528790734125,16.11421135102222,15.858409278841032,12092400.0,2022-09-18 13:00:00
16.40649962435821,16.135518219038094,15.89250992210015,12093300.0,2022-09-18 13:15:00
16.352922087756255,16.145095961234475,15.922832309512993,12094200.0,2022-09-18 13:30:00
16.27183818424142,16.141454166223284,15.948284300676274,12095100.0,2022-09-18 13:45:00
16.166062471807265,16.12314629783607,15.967291199607793,12096000.0,2022-09-18 14:00:00
16.05363212770293,16.09240809591403,15.97901351857428,12096900.0,2022-09-18 14:15:00
15.937805544406348,16.049143192541806,15.982712573101532,12097800.0,2022-09-18 14:30:00
15.814083152789037,15.999747747550538,15.97885569243795,12098700.0,2022-09-18 14:45:00
15.6761257778739,15.942123880329072,15.967919308949131,12099600.0,2022-09-18 15:00:00
15.5393794479071,15.872366675335488,15.949687619996178,12100500.0,2022-09-18 15:15:00
15.407498186362412,15.803418686367532,15.925748786847588,12101400.0,2022-09-18 15:30:00
15.286689386322715,15.731935200425095,15.897008206987392,12102300.0,2022-09-18 15:45:00
15.174979453747689,15.658333863509622,15.864180498946787,12103200.0,2022-09-18 16:00:00
15.073346910828926,15.583842712832922,15.82782618851476,12104100.0,2022-09-18 16:15:00
14.985888510563402,15.507857748030371,15.788411382962789,12105000.0,2022-09-18 16:30:00
14.895460081103206,15.44227037042972,15.747983063422636,12105900.0,2022-09-18 16:45:00
14.813928398926215,15.37393817007066,15.70687801147357,12106800.0,2022-09-18 17:00:00
14.7361622372463,15.308253893074246,15.66572528040192,12107700.0,2022-09-18 17:15:00
14.655586621582149,15.245680380646172,15.624407956533332,12108600.0,2022-09-18 17:30:00
14.583262644251564,15.183071713425358,15.582766248926584,12109500.0,2022-09-18 17:45:00
14.51528247818178,15.122962845032427,15.540923390563169,12110400.0,2022-09-18 18:00:00
14.438696524292263,15.062858076743511,15.49897281422817,12111300.0,2022-09-18 18:15:00
14.35976434143112,15.001590831138635,15.456198871343457,12112200.0,2022-09-18 18:30:00
14.285936421465548,14.944184260929468,15.413289902215553,12113100.0,2022-09-18 18:45:00
14.204360595653986,14.883115530951086,15.370393590025392,12114000.0,2022-09-18 19:00:00
14.11371606309602,14.82024686662402,15.328080832951493,12114900.0,2022-09-18 19:15:00
14.022909739715416,14.75398194724242,15.28598847745773,12115800.0,2022-09-18 19:30:00
13.923456020849653,14.686395692377848,15.242697759727566,12116700.0,2022-09-18 19:45:00
13.820917657266328,14.617639209378734,15.198088366110438,12117600.0,2022-09-18 20:00:00
13.718258219702696,14.548266226160022,15.150870324988968,12118500.0,2022-09-18 20:15:00
13.615234388257988,14.476653844774797,15.102171871229084,12119400.0,2022-09-18 20:30:00
13.512378334297328,14.400826579749236,15.052788875029307,12120300.0,2022-09-18 20:45:00
13.409765768869828,14.32838315036486,15.00235834140874,12121200.0,2022-09-18 21:00:00
13.312336063842077,14.252850673767648,14.95067353112474,12122100.0,2022-09-18 21:15:00
13.207754682465186,14.177661779975876,14.89738952175544,12123000.0,2022-09-18 21:30:00
13.103968764278624,14.099533110061984,14.84331048442118,12123900.0,2022-09-18 21:45:00
13.0098997822802,14.025413455078915,14.790463812830914,12124800.0,2022-09-18 22:00:00
12.910408038680188,13.949479314775331,14.738015252079256,12125700.0,2022-09-18 22:15:00
12.813480685216543,13.873934773453623,14.686076083040437,12126600.0,2022-09-18 22:30:00
12.718487632286452,13.799085443483598,14.634249237556162,12127500.0,2022-09-18 22:45:00
12.631387700569803,13.728751937591433,14.58117068490946,12128400.0,2022-09-18 23:00:00
12.542991167922544,13.656089400409222,14.528075629141748,12129300.0,2022-09-18 23:15:00
12.45606337777316,13.585820136369051,14.47581847001835,12130200.0,2022-09-18 23:30:00
12.370538907065749,13.514694999482003,14.424550344760668,12131100.0,2022-09-18 23:45:00
12.288508407963183,13.4474272303539,14.373374107798597,12132000.0,2022-09-19 00:00:00
12.20424025492886,13.378269713807867,14.321775928270302,12132900.0,2022-09-19 00:15:00
12.129435867319328,13.312969479157212,14.26950010685845,12133800.0,2022-09-19 00:30:00
12.057007956325789,13.245896073103774,14.216489082876192,12134700.0,2022-09-19 00:45:00
11.991041499572326,13.183870934133353,14.164275100670269,12135600.0,2022-09-19 01:00:00
11.936729549630751,13.124471539878428,14.113122107464568,12136500.0,2022-09-19 01:15:00
11.891476589242636,13.069761764854526,14.062537095445856,12137400.0,2022-09-19 01:30:00
11.858162123578731,13.018385655054898,14.013574333538848,12138300.0,2022-09-19 01:45:00
11.84713505084722,12.973499912573924,13.965608153110868,12139200.0,2022-09-19 02:00:00
11.842660489660034,12.936869575230183,13.91964989557598,12140100.0,2022-09-19 02:15:00
11.844690835002114,12.904075556943694,13.874938233843318,12141000.0,2022-09-19 02:30:00
11.858785866785857,12.875908258433885,13.83352203707286,12141900.0,2022-09-19 02:45:00
11.881270199065726,12.854535200511666,13.795878916162192,12142800.0,2022-09-19 03:00:00
11.926639549682037,12.840861853925462,13.76204397586248,12143700.0,2022-09-19 03:15:00
11.990784440595784,12.837219775239893,13.73354869973238,12144600.0,2022-09-19 03:30:00
12.080921173788118,12.846751594146404,13.711441079514008,12145500.0,2022-09-19 03:45:00
12.203018774156613,12.86527828929975,13.695185572474363,12146400.0,2022-09-19 04:00:00
12.341414827221392,12.900856050286224,13.68451864750366,12147300.0,2022-09-19 04:15:00
12.507073203151096,12.947181603370776,13.680277053154407,12148200.0,2022-09-19 04:30:00
12.687106840167145,13.011385553631769,13.68247723555641,12149100.0,2022-09-19 04:45:00
12.907273204185053,13.090846676790406,13.691741107780116,12150000.0,2022-09-19 05:00:00
13.131001108408688,13.185405633758691,13.708773949681683,12150900.0,2022-09-19 05:15:00
13.3669972818397,13.295018612531024,13.734391245126533,12151800.0,2022-09-19 05:30:00
13.572424125243405,13.408007187324362,13.768589560342658,12152700.0,2022-09-19 05:45:00
13.79235761205786,13.526013410722449,13.810836847586016,12153600.0,2022-09-19 06:00:00
13.887455546781858,13.637020768678132,13.858855350461456,12154500.0,2022-09-19 06:15:00
14.07848543301886,13.750271650264096,13.911392652344162,12155400.0,2022-09-19 06:30:00
14.125607720905736,13.846531109947836,13.965879840406265,12156300.0,2022-09-19 06:45:00
14.35327252343119,13.95593044761134,14.022386147053588,12157200.0,2022-09-19 07:00:00
14.570523474008096,14.074200606208212,14.08220052988913,12158100.0,2022-09-19 07:15:00
14.760727792974953,14.195435406200168,14.14627750323246,12159000.0,2022-09-19 07:30:00
15.040382684172302,14.33913988023802,14.216989785435434,12159900.0,2022-09-19 07:45:00
15.061080347082132,14.46098563774176,14.291780639288838,12160800.0,2022-09-19 08:00:00
15.227830235305378,14.582058744498609,14.36910237869516,12161700.0,2022-09-19 08:15:00
15.34650166330478,14.692555537795007,14.44653244952766,12162600.0,2022-09-19 08:30:00
15.45774859625502,14.801089024774155,14.523885366169644,12163500.0,2022-09-19 08:45:00
15.486233632073398,14.890609674740931,14.599066746355154,12164400.0,2022-09-19 09:00:00
15.608278696917992,14.983669368339184,14.672592737900125,12165300.0,2022-09-19 09:15:00
15.712894911881047,15.078388007464884,14.745364714431354,12166200.0,2022-09-19 09:30:00
15.811444692803889,15.168018470281895,14.817037233213195,12167100.0,2022-09-19 09:45:00
15.923525511228004,15.259509780322851,14.88812538117782,12168000.0,2022-09-19 10:00:00
16.056069185483683,15.355846161975066,14.959586287452312,12168900.0,2022-09-19 10:15:00
16.1658134891064,15.452011468791705,15.031699987742163,12169800.0,2022-09-19 10:30:00
16.263152178849655,15.547259200817903,15.1048480752785,12170700.0,2022-09-19 10:45:00
16.337823339398813,15.635933629099588,15.177909783049271,12171600.0,2022-09-19 11:00:00
16.379631922398275,15.71431950499144,15.249189259120149,12172500.0,2022-09-19 11:15:00
16.455771837433286,15.790592440352722,15.31815490204944,12173400.0,2022-09-19 11:30:00
16.51134318302726,15.863479040539584,15.384798932462472,12174300.0,2022-09-19 11:45:00
16.52590050405357,15.924124002791745,15.448185307849844,12175200.0,2022-09-19 12:00:00
16.539756783314797,15.976685505110405,15.50781016546304,12176100.0,2022-09-19 12:15:00
16.55532498706792,16.021756951634902,15.563243981803131,12177000.0,2022-09-19 12:30:00
16.550999614082077,16.06262523064796,15.61486221791345,12177900.0,2022-09-19 12:45:00
16.52900627149464,16.090966705484057,15.661483152157468,12178800.0,2022-09-19 13:00:00
16.499757222362415,16.111654416068486,15.70303750655652,12179700.0,2022-09-19 13:15:00
16.466722053511205,16.124395883617435,15.739074328334324,12180600.0,2022-09-19 13:30:00
16.449086550301796,16.133234753869193,15.77019338931489,12181500.0,2022-09-19 13:45:00
16.426177840063353,16.140084097639782,15.79764029943206,12182400.0,2022-09-19 14:00:00
16.393204188118837,16.143676825630937,15.821683286167824,12183300.0,2022-09-19 14:15:00
16.36530631997226,16.142911584068404,15.842454696031918,12184200.0,2022-09-19 14:30:00
16.331159055895498,16.137827864247967,15.859955778916593,12185100.0,2022-09-19 14:45:00
16.294099894957945,16.130214834934602,15.874557187778183,12186000.0,2022-09-19 15:00:00
16.263786496491733,16.120984112664548,15.886499890041309,12186900.0,2022-09-19 15:15:00
16.237223302020805,16.110627030793268,15.896115870732231,12187800.0,2022-09-19 15:30:00
16.21104418988829,16.100364898509927,15.903781102207647,12188700.0,2022-09-19 15:45:00
16.178558254710467,16.088404220747833,15.909902403108331,12189600.0,2022-09-19 16:00:00
16.146894383166746,16.076680067511383,15.91472625490132,12190500.0,2022-09-19 16:15:00
16.116409415838078,16.0620288115754,15.917702042594676,12191400.0,2022-09-19 16:30:00
16.07794538314177,16.044648924989897,15.918803386004544,12192300.0,2022-09-19 16:45:00
16.033557432008866,16.028230814103605,15.918621471201824,12193200.0,2022-09-19 17:00:00
15.972293370695764,16.00265065136203,15.915997245385402,12194100.0,2022-09-19 17:15:00
15.898643690721451,15.97120263817092,15.910472960173596,12195000.0,2022-09-19 17:30:00
15.817354287216762,15.936350550061462,15.902135910774431,12195900.0,2022-09-19 17:45:00
15.73226169868521,15.895611394884288,15.890746333413654,12196800.0,2022-09-19 18:00:00
15.642078615227426,15.849201749951932,15.876123999962786,12197700.0,2022-09-19 18:15:00
15.55280874179708,15.801429309676845,15.858687309364514,12198600.0,2022-09-19 18:30:00
15.456446614332386,15.747328849341864,15.838100142706937,12199500.0,2022-09-19 18:45:00
15.365999207718724,15.691131877499831,15.814568585356966,12200400.0,2022-09-19 19:00:00
15.269451895846148,15.63208450156746,15.788350736385546,12201300.0,2022-09-19 19:15:00
15.168109672444764,15.570375992118414,15.759452625420414,12202200.0,2022-09-19 19:30:00
15.06769298274772,15.504403775662905,15.727910877001955,12203100.0,2022-09-19 19:45:00
14.96936254104431,15.43795390841822,15.694232977228442,12204000.0,2022-09-19 20:00:00
14.870569954590293,15.372384155572004,15.658756408554655,12204900.0,2022-09-19 20:15:00
14.767670231583976,15.30371084365022,15.621362986749412,12205800.0,2022-09-19 20:30:00
14.66097536203696,15.232780016662868,15.582018020064693,12206700.0,2022-09-19 20:45:00
14.55245952239954,15.161100140566074,15.541189422514115,12207600.0,2022-09-19 21:00:00
14.443541322148334,15.087332726649349,15.49874827370318,12208500.0,2022-09-19 21:15:00
14.330907412891271,15.011326023087332,15.454803165757422,12209400.0,2022-09-19 21:30:00
14.20171969725658,14.930076344654369,15.409062716628982,12210300.0,2022-09-19 21:45:00
14.092446029293413,14.850543222465268,15.36180855820314,12211200.0,2022-09-19 22:00:00
13.979047086252304,14.76808465910556,15.313062163570352,12212100.0,2022-09-19 22:15:00
13.87469331386081,14.686988316843207,15.26310421258808,12213000.0,2022-09-19 22:30:00
13.76414780849994,14.607617178588535,15.212399308086276,12213900.0,2022-09-19 22:45:00
13.654973238203915,14.524129376626972,15.160072080895027,12214800.0,2022-09-19 23:00:00
13.556660563501133,14.445313723982384,15.106980204931569,12215700.0,2022-09-19 23:15:00
13.46360604946114,14.36615535313408,15.053461695346096,12216600.0,2022-09-19 23:30:00
13.36895916253666,14.290324285728468,14.999930463495216,12217500.0,2022-09-19 23:45:00
13.277159409964144,14.217177601632365,14.946403128438217,12218400.0,2022-09-20 00:00:00
13.186668857318615,14.142459726392714,14.892735354585508,12219300.0,2022-09-20 00:15:00
13.105449232079764,14.070019056113116,14.839170017682164,12220200.0,2022-09-20 00:30:00
13.01991627180844,13.996518833697651,14.785786419215505,12221100.0,2022-09-20 00:45:00
12.95026243151558,13.9293868379556,14.733247214481038,12222000.0,2022-09-20 01:00:00
12.90047321614642,13.86578593726922,14.683067026957644,12222900.0,2022-09-20 01:15:00
12.876200953830203,13.814088132043436,14.63601899068846,12223800.0,2022-09-20 01:30:00
12.866339738402289,13.768524845824471,14.59134130242777,12224700.0,2022-09-20 01:45:00
12.850718700447231,13.727885069510355,14.549489965453828,12225600.0,2022-09-20 02:00:00
12.834884960104135,13.693771918352123,14.510351348073057,12226500.0,2022-09-20 02:15:00
12.829181979140277,13.661816642923233,14.473024489125756,12227400.0,2022-09-20 02:30:00
12.853856736558756,13.638222385503823,14.437991394405948,12228300.0,2022-09-20 02:45:00
12.895232011435244,13.625262995087557,14.405739736247323,12229200.0,2022-09-20 03:00:00
12.934576122297385,13.61951973126158,14.376564337238918,12230100.0,2022-09-20 03:15:00
12.978255844949954,13.617605726897866,14.350788737850172,12231000.0,2022-09-20 03:30:00
13.002898920191916,13.61675392677415,14.32880405274462,12231900.0,2022-09-20 03:45:00
13.018108842588903,13.61721273037888,14.309820822525182,12232800.0,2022-09-20 04:00:00
13.055757566534137,13.621079009259772,14.293146037404806,12233700.0,2022-09-20 04:15:00
13.131294123696676,13.630163819528304,14.279105801301688,12234600.0,2022-09-20 04:30:00
13.21061463848782,13.650969912281392,14.26763319890858,12235500.0,2022-09-20 04:45:00
13.294496921415794,13.676750817450142,14.259002758001124,12236400.0,2022-09-20 05:00:00
13.39058271540536,13.70881553546972,14.254057867022926,12237300.0,2022-09-20 05:15:00
13.520894476378215,13.752367850238388,14.253897424856294,12238200.0,2022-09-20 05:30:00
13.64240018145585,13.80499985902069,14.25862519078925,12239100.0,2022-09-20 05:45:00
13.768651793706525,13.861739784449863,14.267992698696489,12240000.0,2022-09-20 06:00:00
13.920909105428098,13.928852640694831,14.28263505255762,12240900.0,2022-09-20 06:15:00
13.985332414607724,13.991930890981337,14.301758937492144,12241800.0,2022-09-20 06:30:00
14.04285236936328,14.048420580357028,14.32356162745571,12242700.0,2022-09-20 06:45:00
14.131776028749268,14.103105797434075,14.347384350168388,12243600.0,2022-09-20 07:00:00
14.21898963753048,14.159107886304607,14.37289267983919,12244500.0,2022-09-20 07:15:00
14.34920212976306,14.223439468037125,14.400804751265136,12245400.0,2022-09-20 07:30:00
14.415062725871268,14.287769465511008,14.430970391251012,12246300.0,2022-09-20 07:45:00
14.440651783023585,14.338640914247955,14.461652214079844,12247200.0,2022-09-20 08:00:00
14.42000171290236,14.374876881739011,14.490993077915205,12248100.0,2022-09-20 08:15:00
14.432532137677958,14.405246493768926,14.518077686256357,12249000.0,2022-09-20 08:30:00
14.522526770947348,14.441889239341528,14.543963821529486,12249900.0,2022-09-20 08:45:00
14.655530976541224,14.495738693520664,14.571213136656391,12250800.0,2022-09-20 09:00:00
14.784936502993926,14.55793326559728,14.600972629873503,12251700.0,2022-09-20 09:15:00
14.88475836022966,14.62289370691306,14.633592003665242,12252600.0,2022-09-20 09:30:00
14.942971266097665,14.686747837532325,14.668894407183668,12253500.0,2022-09-20 09:45:00
14.969931434417532,14.738660824440824,14.704800981087711,12254400.0,2022-09-20 10:00:00
15.011195015301803,14.78741460336134,14.74035570876704,12255300.0,2022-09-20 10:15:00
15.09715861313678,14.839614397184144,14.77578265779168,12256200.0,2022-09-20 10:30:00
15.182009844191604,14.89450875557649,14.811556236120138,12257100.0,2022-09-20 10:45:00
15.240232135829473,14.946675158616925,14.847574734893028,12258000.0,2022-09-20 11:00:00
15.268429946373104,14.99609175078012,14.883617961937542,12258900.0,2022-09-20 11:15:00
15.28590332171588,15.037118206275496,14.918557048611422,12259800.0,2022-09-20 11:30:00
15.321927851902927,15.07525449206566,14.952092331492167,12260700.0,2022-09-20 11:45:00
15.374643285029064,15.113659944596536,14.984548216649078,12261600.0,2022-09-20 12:00:00
15.427710556647654,15.153907732645235,15.01641346598234,12262500.0,2022-09-20 12:15:00
15.44774483009136,15.19333270359059,15.047885570228724,12263400.0,2022-09-20 12:30:00
15.427923224237272,15.218070825381492,15.077263295494,12264300.0,2022-09-20 12:45:00
15.392875048328987,15.234737207999077,15.103770181835785,12265200.0,2022-09-20 13:00:00
15.345819566847888,15.239422223841002,15.126218546875696,12266100.0,2022-09-20 13:15:00
15.292912557567297,15.238266674714383,15.144651358530542,12267000.0,2022-09-20 13:30:00
15.235257474659852,15.22924020746667,15.158944620162467,12267900.0,2022-09-20 13:45:00
15.172057789164691,15.21145493918502,15.168580763849116,12268800.0,2022-09-20 14:00:00
15.107482461249273,15.188149183671442,15.17378570151274,12269700.0,2022-09-20 14:15:00
15.042343436697683,15.159453000910752,15.17466270652086,12270600.0,2022-09-20 14:30:00
14.977680573778231,15.130311439153973,15.172189360787788,12271500.0,2022-09-20 14:45:00
14.907965245317406,15.09668448818549,15.16655277104486,12272400.0,2022-09-20 15:00:00
14.843499148606806,15.062177087215158,15.158288612218657,12273300.0,2022-09-20 15:15:00
14.776246608379214,15.024788191546886,15.147533986885293,12274200.0,2022-09-20 15:30:00
14.706805043024488,14.984139406615329,15.134366844511856,12275100.0,2022-09-20 15:45:00
14.630971621379455,14.94060147582318,15.118768075623528,12276000.0,2022-09-20 16:00:00
14.55474020309788,14.895031413972502,15.101021158094758,12276900.0,2022-09-20 16:15:00
14.472816931150476,14.8501411761098,15.081651115774108,12277800.0,2022-09-20 16:30:00
14.390385867526916,14.799825413606062,15.06029203902598,12278700.0,2022-09-20 16:45:00
14.314276891085964,14.7486224687403,15.037015865485037,12279600.0,2022-09-20 17:00:00
14.239109638167372,14.699879890012472,15.012289382982663,12280500.0,2022-09-20 17:15:00
14.156903215275852,14.646703226029391,14.9861153850043,12281400.0,2022-09-20 17:30:00
14.077794136853246,14.59141027079428,14.958389167019126,12282300.0,2022-09-20 17:45:00
13.995463418471244,14.53557101829341,14.9292880694752,12283200.0,2022-09-20 18:00:00
13.917467004221097,14.480044080628788,14.899013061255332,12284100.0,2022-09-20 18:15:00
13.838112433615317,14.425257955618276,14.867706629605212,12285000.0,2022-09-20 18:30:00
13.763478731887584,14.368667234225908,14.835416037170368,12285900.0,2022-09-20 18:45:00
13.683155781030855,14.315975622059447,14.802438638851733,12286800.0,2022-09-20 19:00:00
13.606674476633906,14.259395548547088,14.768522384431828,12287700.0,2022-09-20 19:15:00
13.529808156701032,14.202744756077918,14.733753473328044,12288600.0,2022-09-20 19:30:00
13.446179914618575,14.14254923561167,14.697939343141057,12289500.0,2022-09-20 19:45:00
13.365893788231988,14.085893315943478,14.66132404638334,12290400.0,2022-09-20 20:00:00
13.292751702711804,14.026831986577296,14.6241199495753,12291300.0,2022-09-20 20:15:00
13.212174855005811,13.970826096223982,14.586507877989256,12292200.0,2022-09-20 20:30:00
13.131801921048652,13.910181910590705,14.548408974865682,12293100.0,2022-09-20 20:45:00
13.04571315903994,13.849341849649228,14.509669063672012,12294000.0,2022-09-20 21:00:00
12.963697615506582,13.78844795654336,14.470391987554647,12294900.0,2022-09-20 21:15:00
12.876916577252802,13.728476210390651,14.430266323236282,12295800.0,2022-09-20 21:30:00
12.800921221861394,13.667702927322114,14.389723177623887,12296700.0,2022-09-20 21:45:00
12.723044389496586,13.607595749001383,14.348500945688205,12297600.0,2022-09-20 22:00:00
12.644063793711624,13.546788857185854,14.306733531815594,12298500.0,2022-09-20 22:15:00
12.55352167978336,13.484268328082424,14.264841191675428,12299400.0,2022-09-20 22:30:00
12.469568068563946,13.42208952333106,14.2223042834248,12300300.0,2022-09-20 22:45:00
12.393779906824728,13.360551626098042,14.17911297803648,12301200.0,2022-09-20 23:00:00
12.317412926204456,13.298709103406718,14.135484234485569,12302100.0,2022-09-20 23:15:00
12.240606294759328,13.23870706254772,14.09154590630402,12303000.0,2022-09-20 23:30:00
12.160309714677911,13.179115315534508,14.047002692661763,12303900.0,2022-09-20 23:45:00
12.091796009333716,13.119026631238157,14.002096732772076,12304800.0,2022-09-21 00:00:00
12.021477990736422,13.059896008900376,13.956592782219008,12305700.0,2022-09-21 00:15:00
11.95810858800159,13.001618843771432,13.910997754051383,12306600.0,2022-09-21 00:30:00
11.90439759741444,12.947086309593471,13.865820836810649,12307500.0,2022-09-21 00:45:00
11.850269287907008,12.893961222036156,13.821497557221267,12308400.0,2022-09-21 01:00:00
11.80326843288958,12.842665697552452,13.777961611611932,12309300.0,2022-09-21 01:15:00
11.76870347058344,12.79650860809109,13.735405376184206,12310200.0,2022-09-21 01:30:00
11.750899453623978,12.755588748450702,13.694388577748878,12311100.0,2022-09-21 01:45:00
11.734207763038553,12.718437811331205,13.655032928113815,12312000.0,2022-09-21 02:00:00
11.732255301081857,12.687111887741525,13.617377590786909,12312900.0,2022-09-21 02:15:00
11.743926953074851,12.662481492182508,13.582063518773335,12313800.0,2022-09-21 02:30:00
11.760404983473986,12.644012191457216,13.548993734839655,12314700.0,2022-09-21 02:45:00
11.78657671978619,12.62838082079714,13.518949128020315,12315600.0,2022-09-21 03:00:00
11.826675696349694,12.621041075418628,13.491871238201105,12316500.0,2022-09-21 03:15:00
11.888441649392789,12.622867296793835,13.467662008184895,12317400.0,2022-09-21 03:30:00
11.971707949596093,12.632035340902362,13.44705834317098,12318300.0,2022-09-21 03:45:00
12.074929114088878,12.652705455624732,13.430770134043406,12319200.0,2022-09-21 04:00:00
12.203863292410412,12.685635072137169,13.41971046133676,12320100.0,2022-09-21 04:15:00
12.35201872182346,12.731835985941617,13.413951812354272,12321000.0,2022-09-21 04:30:00
12.505124201677608,12.790741784862163,13.414096866519849,12321900.0,2022-09-21 04:45:00
12.699891514079454,12.863902983197258,13.421008322686095,12322800.0,2022-09-21 05:00:00
12.898172065331844,12.947655551325624,13.435623036468549,12323700.0,2022-09-21 05:15:00
13.106110714517184,13.048297319153043,13.45782972652328,12324600.0,2022-09-21 05:30:00
13.32648116485834,13.153229987541456,13.487839852194908,12325500.0,2022-09-21 05:45:00
13.54818982431498,13.268923964206556,13.525409686922789,12326400.0,2022-09-21 06:00:00
13.751764172241154,13.393696407069989,13.570447483523418,12327300.0,2022-09-21 06:15:00
13.973730135673252,13.52479622708982,13.622831551997075,12328200.0,2022-09-21 06:30:00
14.172807347555285,13.658127996344192,13.68158714034552,12329100.0,2022-09-21 06:45:00
14.3657099380237,13.793634967310863,13.745886803551343,12330000.0,2022-09-21 07:00:00
14.570193655103354,13.93045146479668,13.815023560569422,12330900.0,2022-09-21 07:15:00
14.780578698095876,14.07379994952996,13.889046301619794,12331800.0,2022-09-21 07:30:00
14.983927394244194,14.218794558658262,13.96760279174296,12332700.0,2022-09-21 07:45:00
15.15918120514965,14.360417411135744,14.0497705737442,12333600.0,2022-09-21 08:00:00
15.273012153364425,14.490341935983045,14.133290964340008,12334500.0,2022-09-21 08:15:00
15.41540692516749,14.617364349893782,14.217422407601164,12335400.0,2022-09-21 08:30:00
15.525039685897625,14.738251558815312,14.301547499197833,12336300.0,2022-09-21 08:45:00
15.609554315564278,14.846570622865896,14.383970826392664,12337200.0,2022-09-21 09:00:00
15.6970608413762,14.948937500604574,14.464488137100744,12338100.0,2022-09-21 09:15:00
15.738636260129033,15.034951572799022,14.541267022477768,12339000.0,2022-09-21 09:30:00
15.7805603935304,15.11279451441167,14.613982181604582,12339900.0,2022-09-21 09:45:00
15.816424777474976,15.182880613034303,14.682619604363294,12340800.0,2022-09-21 10:00:00
15.854439715673774,15.244108520068256,14.746882372691807,12341700.0,2022-09-21 10:15:00
15.902587360184356,15.303605938913584,14.80764469602524,12342600.0,2022-09-21 10:30:00
15.969482485843669,15.366683124449786,14.866311150901067,12343500.0,2022-09-21 10:45:00
16.03840686718062,15.428006082649492,14.923044773021465,12344400.0,2022-09-21 11:00:00
16.120329471625965,15.491915286367549,14.978502531877227,12345300.0,2022-09-21 11:15:00
16.188735752486735,15.559525946329256,15.034073931358352,12346200.0,2022-09-21 11:30:00
16.257320379330423,15.61962947764376,15.088567638741251,12347100.0,2022-09-21 11:45:00
16.3178468100941,15.683676501774457,15.143190593581291,12348000.0,2022-09-21 12:00:00
16.354179048845648,15.742758002815314,15.197065974887224,12348900.0,2022-09-21 12:15:00
16.37359823057761,15.794318354623838,15.249271423864563,12349800.0,2022-09-21 12:30:00
16.37622591515913,15.83637113577904,15.29893850136723,12350700.0,2022-09-21 12:45:00
16.3512846892557,15.865763259951288,15.344563234348312,12351600.0,2022-09-21 13:00:00
16.30224763050672,15.883459842067664,15.385188581087368,12352500.0,2022-09-21 13:15:00
16.233020076126966,15.886976641961388,15.419537736762695,12353400.0,2022-09-21 13:30:00
16.147014746395318,15.878301896458908,15.447099717439649,12354300.0,2022-09-21 13:45:00
16.04383757010316,15.85534579020092,15.467215415162492,12355200.0,2022-09-21 14:00:00
15.94232426214372,15.820533572825925,15.47958425407218,12356100.0,2022-09-21 14:15:00
15.843024532290322,15.777612776877756,15.484871116291703,12357000.0,2022-09-21 14:30:00
15.745398655603092,15.733784450929983,15.484618994327372,12357900.0,2022-09-21 14:45:00
15.64092154245762,15.684243007206474,15.479311280330494,12358800.0,2022-09-21 15:00:00
15.52900600715038,15.630510477766864,15.469410086744745,12359700.0,2022-09-21 15:15:00
15.42964795796932,15.574118179622532,15.45554208656449,12360600.0,2022-09-21 15:30:00
15.333137286774432,15.510160965067824,15.437066013126335,12361500.0,2022-09-21 15:45:00
15.253652203660373,15.453272916977882,15.41604935491285,12362400.0,2022-09-21 16:00:00
15.188549811525222,15.397557622917208,15.393189047766684,12363300.0,2022-09-21 16:15:00
15.12919140337927,15.345576662798871,15.369417534484906,12364200.0,2022-09-21 16:30:00
15.08143000543599,15.299505464893825,15.345827889662022,12365100.0,2022-09-21 16:45:00
15.032441030345884,15.255581058026763,15.322650324265451,12366000.0,2022-09-21 17:00:00
14.983747345151093,15.209959212854264,15.299368277177058,12366900.0,2022-09-21 17:15:00
14.931602213834648,15.17213430853954,15.27713680641472,12367800.0,2022-09-21 17:30:00
14.880590512014392,15.135406427997053,15.255877735653474,12368700.0,2022-09-21 17:45:00
14.825764429578552,15.093110801735676,15.234295557170908,12369600.0,2022-09-21 18:00:00
14.76736731856019,15.053162258344525,15.212618316163883,12370500.0,2022-09-21 18:15:00
14.70166001393279,15.008777907096231,15.19022483965645,12371400.0,2022-09-21 18:30:00
14.631634322513412,14.964219791846253,15.167067685013071,12372300.0,2022-09-21 18:45:00
14.55333624756688,14.918082580506168,15.143191265454236,12373200.0,2022-09-21 19:00:00
14.474033445541886,14.868164798577162,15.117980033790358,12374100.0,2022-09-21 19:15:00
14.390871289161758,14.81493157236654,15.091257861233906,12375000.0,2022-09-21 19:30:00
14.302820588317577,14.75825921711658,15.062909658860828,12375900.0,2022-09-21 19:45:00
14.21514449203077,14.702887975176427,15.033201250824163,12376800.0,2022-09-21 20:00:00
14.120717807395485,14.644266992837908,15.00197979349984,12377700.0,2022-09-21 20:15:00
14.01634181825566,14.579236364271017,14.968801401984972,12378600.0,2022-09-21 20:30:00
13.91587626105498,14.511759436203802,14.933694662610776,12379500.0,2022-09-21 20:45:00
13.813618983591658,14.446106248805332,14.897159815520885,12380400.0,2022-09-21 21:00:00
13.70677458545912,14.375688629325854,14.859021131307395,12381300.0,2022-09-21 21:15:00
13.602882843829374,14.305943901425133,14.819327901086377,12382200.0,2022-09-21 21:30:00
13.501920921547898,14.23306055582722,14.77828431277766,12383100.0,2022-09-21 21:45:00
13.399772467263528,14.16067600073942,14.73591003497164,12384000.0,2022-09-21 22:00:00
13.30092240262078,14.087717310773735,14.692354537585476,12384900.0,2022-09-21 22:15:00
13.2069828760754,14.01648300817386,14.647890059178655,12385800.0,2022-09-21 22:30:00
13.118051302051049,13.94386024515564,14.602714816822722,12386700.0,2022-09-21 22:45:00
13.029089357618124,13.873527067482858,14.557214163337532,12387600.0,2022-09-21 23:00:00
12.941322956749753,13.805515894258352,14.511596465303167,12388500.0,2022-09-21 23:15:00
12.850655128404158,13.736570293586253,14.465523379892575,12389400.0,2022-09-21 23:30:00
12.763581728623814,13.668551473502374,14.418807871450502,12390300.0,2022-09-21 23:45:00
12.68295562155617,13.601987027435207,14.371445314125234,12391200.0,2022-09-22 00:00:00
12.5959971849682,13.533135855981058,14.32380165234251,12392100.0,2022-09-22 00:15:00
12.518438051205806,13.468421230371044,14.27609550976323,12393000.0,2022-09-22 00:30:00
12.444682295283007,13.404903210665868,14.228573352199367,12393900.0,2022-09-22 00:45:00
12.380029824625783,13.343285404397571,14.181684939761247,12394800.0,2022-09-22 01:00:00
12.325789859574028,13.284963817220008,14.13592344580898,12395700.0,2022-09-22 01:15:00
12.281677184674296,13.23280974388934,14.091485090289463,12396600.0,2022-09-22 01:30:00
12.25406310453849,13.185476839886642,14.048423629861688,12397500.0,2022-09-22 01:45:00
12.241590564338072,13.143060799724983,14.007128224170945,12398400.0,2022-09-22 02:00:00
12.235097699250142,13.10740302297458,13.967910388322352,12399300.0,2022-09-22 02:15:00
12.233173337779911,13.078502881221434,13.930907886729594,12400200.0,2022-09-22 02:30:00
12.24050868042611,13.054569585744366,13.896249949478367,12401100.0,2022-09-22 02:45:00
12.260279296459789,13.036778044453143,13.864192366007142,12402000.0,2022-09-22 03:00:00
12.302067754470505,13.025434613986096,13.83508420642859,12402900.0,2022-09-22 03:15:00
12.359280719968512,13.024007832192602,13.809302841427602,12403800.0,2022-09-22 03:30:00
12.449314036835966,13.032047510047514,13.787638809961775,12404700.0,2022-09-22 03:45:00
12.555091068806478,13.054522037637062,13.770765332706247,12405600.0,2022-09-22 04:00:00
12.68888726988552,13.089871268893331,13.759264034144117,12406500.0,2022-09-22 04:15:00
12.817934829809452,13.135229276486342,13.753486991134308,12407400.0,2022-09-22 04:30:00
12.974143311519729,13.192431524151566,13.753781057536502,12408300.0,2022-09-22 04:45:00
13.135273641499582,13.260655117354052,13.760362111227844,12409200.0,2022-09-22 05:00:00
13.326775893125546,13.342067477245074,13.773594633197469,12410100.0,2022-09-22 05:15:00
13.520375130803991,13.433385971497348,13.793678370948337,12411000.0,2022-09-22 05:30:00
13.724932237324046,13.536086715084188,13.820900191503494,12411900.0,2022-09-22 05:45:00
13.940953434258054,13.647694768958406,13.855432187688049,12412800.0,2022-09-22 06:00:00
14.14461509525242,13.76845564119866,13.897360102288728,12413700.0,2022-09-22 06:15:00
14.348577018005482,13.894237574802617,13.946127924601775,12414600.0,2022-09-22 06:30:00
14.545915255023946,14.020840257000462,14.000772831256022,12415500.0,2022-09-22 06:45:00
14.718346648138755,14.146836934056529,14.060173860632164,12416400.0,2022-09-22 07:00:00
14.893969246394262,14.277586826549944,14.124087749060584,12417300.0,2022-09-22 07:15:00
15.070586089410742,14.407374081874314,14.191727976472803,12418200.0,2022-09-22 07:30:00
15.222005632524002,14.5324357014739,14.26195572563456,12419100.0,2022-09-22 07:45:00
15.35452981708495,14.653697528263942,14.333880832183183,12420000.0,2022-09-22 08:00:00
15.482991096798298,14.771098381208091,14.406847129360676,12420900.0,2022-09-22 08:15:00
15.582803367167996,14.879290296999928,14.479593573563816,12421800.0,2022-09-22 08:30:00
15.668777016853811,14.977391552048331,14.550771517033391,12422700.0,2022-09-22 08:45:00
15.739407885923892,15.067111706802864,14.619804927261438,12423600.0,2022-09-22 09:00:00
15.798938144595272,15.148834467431806,14.686135210860789,12424500.0,2022-09-22 09:15:00
15.855110523369286,15.225781739868625,14.749991818072496,12425400.0,2022-09-22 09:30:00
15.892602501717713,15.2944898649835,14.811174241047135,12426300.0,2022-09-22 09:45:00
15.954791690697776,15.357491889986008,14.869356836320756,12427200.0,2022-09-22 10:00:00
16.015518061074005,15.422190097220488,14.9257239453716,12428100.0,2022-09-22 10:15:00
16.092395984526387,15.481621614877282,14.97965109683979,12429000.0,2022-09-22 10:30:00
16.162159943975283,15.546565532385545,15.032804791948394,12429900.0,2022-09-22 10:45:00
16.241421893554676,15.61501577036036,15.086360463427155,12430800.0,2022-09-22 11:00:00
16.322335664690517,15.682544716082525,15.140178071524645,12431700.0,2022-09-22 11:15:00
16.4083047287882,15.748550200482144,15.193598434037265,12432600.0,2022-09-22 11:30:00
16.495823464787378,15.820343146800738,15.247874048066754,12433500.0,2022-09-22 11:45:00
16.552022147347873,15.8890752878397,15.302614937249489,12434400.0,2022-09-22 12:00:00
16.594753047330695,15.948298947325291,15.356203078150092,12435300.0,2022-09-22 12:15:00
16.607017695632383,16.00165858498108,15.408385488918558,12436200.0,2022-09-22 12:30:00
16.60867106321517,16.045466906649846,15.45781199727239,12437100.0,2022-09-22 12:45:00
16.58462751964158,16.076061206077814,15.502831170170534,12438000.0,2022-09-22 13:00:00
16.53517438415822,16.091925108807516,15.541949455962024,12438900.0,2022-09-22 13:15:00
16.46989888250627,16.092617306972606,15.573981752176849,12439800.0,2022-09-22 13:30:00
16.386734115751835,16.08712809636875,15.60019746305874,12440700.0,2022-09-22 13:45:00
16.29311091259015,16.06468997474424,15.61918184658745,12441600.0,2022-09-22 14:00:00
16.193642435917194,16.033569225771146,15.631307398842154,12442500.0,2022-09-22 14:15:00
16.088915057270185,15.99466150060118,15.637248659682088,12443400.0,2022-09-22 14:30:00
15.985670989305603,15.947223556777391,15.636988841862284,12444300.0,2022-09-22 14:45:00
15.885135280457588,15.89562089336955,15.631268195501749,12445200.0,2022-09-22 15:00:00
15.788383946819025,15.83803234120128,15.620341422382422,12446100.0,2022-09-22 15:15:00
15.696263371463058,15.782172155027787,15.605820672988113,12447000.0,2022-09-22 15:30:00
15.614998802472169,15.727697610746056,15.588940697304734,12447900.0,2022-09-22 15:45:00
15.538789502966395,15.67013738518376,15.56954518014247,12448800.0,2022-09-22 16:00:00
15.474813840400598,15.618950243226257,15.549076866829882,12449700.0,2022-09-22 16:15:00
15.4144569996812,15.572385623506802,15.528532453383688,12450600.0,2022-09-22 16:30:00
15.35458717527064,15.52478487727726,15.507636021031292,12451500.0,2022-09-22 16:45:00
15.286960704157549,15.47670160397882,15.486112386060752,12452400.0,2022-09-22 17:00:00
15.21715579869079,15.427866179931817,15.463781539872818,12453300.0,2022-09-22 17:15:00
15.144040192369967,15.37994994222093,15.440885139215748,12454200.0,2022-09-22 17:30:00
15.088360948103228,15.333834934279915,15.417526818034096,12455100.0,2022-09-22 17:45:00
15.027594546770764,15.289277534820336,15.393991123291787,12456000.0,2022-09-22 18:00:00
14.965660089936144,15.24048562335815,15.369687319407763,12456900.0,2022-09-22 18:15:00
14.895822620476729,15.193878955195808,15.344971326126707,12457800.0,2022-09-22 18:30:00
14.818775810802036,15.144119781331014,15.319440108323668,12458700.0,2022-09-22 18:45:00
14.745743882505424,15.093211758412751,15.292950385814768,12459600.0,2022-09-22 19:00:00
14.665494529745407,15.039426752787907,15.265274141705412,12460500.0,2022-09-22 19:15:00
14.583594457673383,14.986265772633688,15.236631311223965,12461400.0,2022-09-22 19:30:00
14.500068565450446,14.929875984669357,15.206720834741208,12462300.0,2022-09-22 19:45:00
14.417189732857455,14.875574302748442,15.175925684408837,12463200.0,2022-09-22 20:00:00
14.352605143179812,14.8183148261111,15.144028249411736,12464100.0,2022-09-22 20:15:00
14.279457472276892,14.764485832820872,15.111418483040936,12465000.0,2022-09-22 20:30:00
14.202702850009686,14.708556689906578,15.078026866435462,12465900.0,2022-09-22 20:45:00
14.11942250353818,14.6502671370889,15.043861832344692,12466800.0,2022-09-22 21:00:00
14.042349278793814,14.59322612824699,15.009039922508768,12467700.0,2022-09-22 21:15:00
13.970337468037972,14.534691891721176,14.97354477575158,12468600.0,2022-09-22 21:30:00
13.896485276503046,14.477957682759667,14.937604843929826,12469500.0,2022-09-22 21:45:00
13.82868096945854,14.422188535373577,14.901396840061594,12470400.0,2022-09-22 22:00:00
13.760535164041745,14.367963362636086,14.865137780604003,12471300.0,2022-09-22 22:15:00
13.696677625168093,14.314201016846985,14.828885708305998,12472200.0,2022-09-22 22:30:00
13.63502324106484,14.261996881379012,14.792704201448688,12473100.0,2022-09-22 22:45:00
13.576036998230304,14.210285143495724,14.756702882012608,12474000.0,2022-09-22 23:00:00
13.52733752808368,14.161999441148378,14.72092431223907,12474900.0,2022-09-22 23:15:00
13.468372950666993,14.113265360643505,14.685278438543426,12475800.0,2022-09-22 23:30:00
13.419972372761704,14.067513668074684,14.649821689042508,12476700.0,2022-09-22 23:45:00
13.37173501241063,14.02157603349882,14.61456646645382,12477600.0,2022-09-23 00:00:00
13.330105329784407,13.978253515869632,14.579802532017377,12478500.0,2022-09-23 00:15:00
13.284387810246692,13.93571382401258,14.545766533811795,12479400.0,2022-09-23 00:30:00
13.251363936810575,13.897338498859003,14.512665055456283,12480300.0,2022-09-23 00:45:00
13.22613657839148,13.862257702249684,14.480680553584072,12481200.0,2022-09-23 01:00:00
13.190636693630571,13.827261153789976,14.449920405221931,12482100.0,2022-09-23 01:15:00
13.165251397931623,13.7935721956372,14.420249856526034,12483000.0,2022-09-23 01:30:00
13.148964630896712,13.764877120544364,14.391761991230362,12483900.0,2022-09-23 01:45:00
13.140914997346284,13.738543028022026,14.364676911453062,12484800.0,2022-09-23 02:00:00
13.124819004637963,13.718257353583493,14.338866716070024,12485700.0,2022-09-23 02:15:00
13.12228585259112,13.696932069496562,14.31411902770856,12486600.0,2022-09-23 02:30:00
13.130733944041804,13.679794462156256,14.290326686013504,12487500.0,2022-09-23 02:45:00
13.144743110364926,13.667920354615664,14.267842237781862,12488400.0,2022-09-23 03:00:00
13.161051776338708,13.659752014617569,14.247177668111153,12489300.0,2022-09-23 03:15:00
13.185824139120951,13.656128756459022,14.228714906062429,12490200.0,2022-09-23 03:30:00
13.21823693558161,13.656344811658467,14.212405884121097,12491100.0,2022-09-23 03:45:00
13.254149847005868,13.661064372854447,14.198302650198912,12492000.0,2022-09-23 04:00:00
13.293914588732068,13.66903229421809,14.186301323110255,12492900.0,2022-09-23 04:15:00
13.332197520916996,13.6790470009265,14.176585337210025,12493800.0,2022-09-23 04:30:00
13.370057394276987,13.69264362430534,14.169150371662523,12494700.0,2022-09-23 04:45:00
13.40682397534026,13.707093712931284,14.163863168858624,12495600.0,2022-09-23 05:00:00
13.439381685783577,13.723012098064912,14.160452805942583,12496500.0,2022-09-23 05:15:00
13.471619637772475,13.739247668186358,14.158601189170405,12497400.0,2022-09-23 05:30:00
13.509032281700629,13.756024891446232,14.15809974942388,12498300.0,2022-09-23 05:45:00
13.549278015139366,13.773359454945474,14.158693647790644,12499200.0,2022-09-23 06:00:00
13.598590225087626,13.796566923528797,14.160730321039708,12500100.0,2022-09-23 06:15:00
13.662859857332949,13.82175327041552,14.164545671968426,12501000.0,2022-09-23 06:30:00
13.733725471039238,13.851507906389587,14.17033413613483,12501900.0,2022-09-23 06:45:00
13.802442441218158,13.887967556290212,14.178542926990575,12502800.0,2022-09-23 07:00:00
13.866975478186008,13.924425917853092,14.188812109498382,12503700.0,2022-09-23 07:15:00
13.928082134411625,13.962361120213552,14.200939016895816,12504600.0,2022-09-23 07:30:00
13.977250131917362,13.99866399783598,14.214708603517176,12505500.0,2022-09-23 07:45:00
14.024425154637402,14.035929973080291,14.229754683105297,12506400.0,2022-09-23 08:00:00
14.06427484471108,14.068309714523451,14.245543350553197,12507300.0,2022-09-23 08:15:00
14.10779962210324,14.101547757606909,14.26183794907558,12508200.0,2022-09-23 08:30:00
14.150329175200286,14.133866867270822,14.278539108821052,12509100.0,2022-09-23 08:45:00
14.196007971029164,14.164613455896268,14.295399593671204,12510000.0,2022-09-23 09:00:00
14.239542214197527,14.196223984877486,14.312615862117626,12510900.0,2022-09-23 09:15:00
14.29514628557847,14.232656388124306,14.330651225694169,12511800.0,2022-09-23 09:30:00
14.353618928094598,14.269892023087756,14.349667073503529,12512700.0,2022-09-23 09:45:00
14.411387661015397,14.307647531154876,14.369584375564,12513600.0,2022-09-23 10:00:00
14.460288543304168,14.344774145571773,14.390146398949524,12514500.0,2022-09-23 10:15:00
14.503055965022394,14.383277923812845,14.41161610461698,12515400.0,2022-09-23 10:30:00
14.536379984163244,14.415889338878754,14.43305690098848,12516300.0,2022-09-23 10:45:00
14.567482321183904,14.450073660447694,14.454607099684551,12517200.0,2022-09-23 11:00:00
14.604980124471794,14.478859226441994,14.475522634878576,12518100.0,2022-09-23 11:15:00
14.639299768112208,14.509523929740872,14.496176019833436,12519000.0,2022-09-23 11:30:00
14.668699886347358,14.53859178280692,14.516600724510656,12519900.0,2022-09-23 11:45:00
14.691605373440984,14.565885291002887,14.536579638949863,12520800.0,2022-09-23 12:00:00
14.71061901050621,14.591777638638153,14.55616394488953,12521700.0,2022-09-23 12:15:00
14.724274190841106,14.612944826644451,14.574997855944368,12522600.0,2022-09-23 12:30:00
14.735790319368997,14.63129987574928,14.592692566457393,12523500.0,2022-09-23 12:45:00
14.74585436156916,14.650202585346932,14.60961811266188,12524400.0,2022-09-23 13:00:00
14.758553227751332,14.665513366722076,14.625410028782706,12525300.0,2022-09-23 13:15:00
14.769781456343066,14.679891601931162,14.64029336862104,12526200.0,2022-09-23 13:30:00
14.779490211634386,14.695027659183047,14.6546156940392,12527100.0,2022-09-23 13:45:00
14.78601337241798,14.70780341957675,14.668221196819616,12528000.0,2022-09-23 14:00:00
14.790712378796194,14.71977389886674,14.681237230241594,12528900.0,2022-09-23 14:15:00
14.791344948554292,14.728770552014444,14.693263207060053,12529800.0,2022-09-23 14:30:00
14.791305231461212,14.738275869888213,14.704620490715744,12530700.0,2022-09-23 14:45:00
14.784059473863426,14.742398239044832,14.71468151918084,12531600.0,2022-09-23 15:00:00
14.775323317063052,14.7469337473407,14.723902559294816,12532500.0,2022-09-23 15:15:00
14.761990462778906,14.746301381695408,14.731689908719328,12533400.0,2022-09-23 15:30:00
14.74804609716103,14.74563379228894,14.738280303972294,12534300.0,2022-09-23 15:45:00
14.727552906535225,14.742483414707896,14.743671412137443,12535200.0,2022-09-23 16:00:00
14.70206787004332,14.736291197424254,14.747579397030282,12536100.0,2022-09-23 16:15:00
14.673545770125624,14.727661561059762,14.750111768815506,12537000.0,2022-09-23 16:30:00
14.646555717990749,14.717596017637604,14.751362042283336,12537900.0,2022-09-23 16:45:00
14.6195853002373,14.702279302281523,14.750717004850747,12538800.0,2022-09-23 17:00:00
14.590917777853646,14.688925842441792,14.748872574736088,12539700.0,2022-09-23 17:15:00
14.561702134425346,14.673800118621608,14.745923739335153,12540600.0,2022-09-23 17:30:00
14.529678552595794,14.656852967894924,14.741807591155265,12541500.0,2022-09-23 17:45:00
14.496362145934032,14.637538724642912,14.736543001749936,12542400.0,2022-09-23 18:00:00
14.462920880645113,14.620996869278464,14.730547583838996,12543300.0,2022-09-23 18:15:00
14.42762182375683,14.60059275467038,14.723488768303149,12544200.0,2022-09-23 18:30:00
14.396663410064336,14.579023929043156,14.71538522467341,12545100.0,2022-09-23 18:45:00
14.36745676570916,14.560201676482032,14.706663668278935,12546000.0,2022-09-23 19:00:00
14.338221882083175,14.537556245875262,14.697110714317288,12546900.0,2022-09-23 19:15:00
14.311713084219347,14.518114767907104,14.687130237595474,12547800.0,2022-09-23 19:30:00
14.286680418549125,14.498028721412716,14.676868512167118,12548700.0,2022-09-23 19:45:00
14.259882971042376,14.477113541702472,14.666266271661714,12549600.0,2022-09-23 20:00:00
14.233768620522504,14.459499097129232,14.65567967688018,12550500.0,2022-09-23 20:15:00
14.208494523007973,14.438742512057592,14.644870905021026,12551400.0,2022-09-23 20:30:00
14.177765654832744,14.41940606161386,14.633779478899488,12552300.0,2022-09-23 20:45:00
14.141752902502793,14.39708724366505,14.62215796791935,12553200.0,2022-09-23 21:00:00
14.104504052068853,14.372954193206423,14.609968450610507,12554100.0,2022-09-23 21:15:00
14.069020280001672,14.348538239378898,14.597235911257298,12555000.0,2022-09-23 21:30:00
14.034061455710464,14.326055550956085,14.584167300711318,12555900.0,2022-09-23 21:45:00
13.99484536231146,14.30022252107781,14.570491418757657,12556800.0,2022-09-23 22:00:00
13.953803732699464,14.273448611200044,14.556173723964992,12557700.0,2022-09-23 22:15:00
13.910646132288557,14.244762736446758,14.541074039884233,12558600.0,2022-09-23 22:30:00
13.866889266515727,14.216941312019552,14.525288703095567,12559500.0,2022-09-23 22:45:00
13.8268326369436,14.18650681457656,14.508806102185687,12560400.0,2022-09-23 23:00:00
13.793899583731404,14.1593415338939,14.491924268754286,12561300.0,2022-09-23 23:15:00
13.769001170575567,14.133026807465365,14.474885413241577,12562200.0,2022-09-23 23:30:00
13.74480145284646,14.108560062591604,14.457987897853394,12563100.0,2022-09-23 23:45:00
13.721510164814203,14.084810868801547,14.441224570620404,12564000.0,2022-09-24 00:00:00
13.69969746500424,14.064124039404929,14.42489952210782,12564900.0,2022-09-24 00:15:00
13.671240676330653,14.041484487046858,14.40868622306324,12565800.0,2022-09-24 00:30:00
13.649627604193713,14.01929453059582,14.392611631886062,12566700.0,2022-09-24 00:45:00
13.631235516480809,13.998949323075706,14.37678924759888,12567600.0,2022-09-24 01:00:00
13.627499814591658,13.982634168302472,14.361587126378891,12568500.0,2022-09-24 01:15:00
13.62633500944203,13.968827825660629,14.347187650587722,12569400.0,2022-09-24 01:30:00
13.63546997189276,13.959283086084833,14.333826330177756,12570300.0,2022-09-24 01:45:00
13.645892451916891,13.951423344816645,14.321784476594548,12571200.0,2022-09-24 02:00:00
13.661937492006327,13.95030777813048,14.311486836434662,12572100.0,2022-09-24 02:15:00
13.683957441868518,13.95058098947962,14.302901372111071,12573000.0,2022-09-24 02:30:00
13.72277244463132,13.95642031014015,14.296344240324016,12573900.0,2022-09-24 02:45:00
13.768993031939477,13.967641152405424,14.291867470951788,12574800.0,2022-09-24 03:00:00
13.841522932836828,13.985731885283665,14.29002426389524,12575700.0,2022-09-24 03:15:00
13.93965534204446,14.016339816234282,14.291811670139255,12576600.0,2022-09-24 03:30:00
14.023356504476816,14.05609554644907,14.297734588133212,12577500.0,2022-09-24 03:45:00
14.114677344413304,14.098274061628084,14.307577386662302,12578400.0,2022-09-24 04:00:00
14.194829870811818,14.145073803427229,14.320860547666095,12579300.0,2022-09-24 04:15:00
14.28424062327628,14.195593684865672,14.33741964243273,12580200.0,2022-09-24 04:30:00
14.420334486280725,14.254892435426887,14.357669902599168,12581100.0,2022-09-24 04:45:00
14.514496743007289,14.318344734123944,14.381694431475326,12582000.0,2022-09-24 05:00:00
14.727968683530705,14.401462887332444,14.411023523891314,12582900.0,2022-09-24 05:15:00
14.82539322047736,14.483344872266947,14.445150160029137,12583800.0,2022-09-24 05:30:00
15.009391568133625,14.577749330473695,14.484520470539136,12584700.0,2022-09-24 05:45:00
15.092572115636766,14.66619868835946,14.527746843832151,12585600.0,2022-09-24 06:00:00
15.146528799728504,14.741321645974782,14.572044831642057,12586500.0,2022-09-24 06:15:00
15.298902002260178,14.826681978898058,14.618193831006788,12587400.0,2022-09-24 06:30:00
15.40035592983888,14.908496673690683,14.665672935211893,12588300.0,2022-09-24 06:45:00
15.510840282825672,14.992478559447049,14.714543124341514,12589200.0,2022-09-24 07:00:00
15.585790011886376,15.071413152330685,14.76406245371668,12590100.0,2022-09-24 07:15:00
15.635899811125212,15.144674047882098,14.813609567978787,12591000.0,2022-09-24 07:30:00
15.73018390692178,15.213477134650818,14.862299796049722,12591900.0,2022-09-24 07:45:00
15.86570202009824,15.29504421579538,14.91219446797784,12592800.0,2022-09-24 08:00:00
15.990954206565927,15.381450511979702,14.964259747107867,12593700.0,2022-09-24 08:15:00
16.0833673163939,15.463427815763811,15.017482059415515,12594600.0,2022-09-24 08:30:00
16.205308272510177,15.551747158500316,15.07282482582546,12595500.0,2022-09-24 08:45:00
16.298101863609233,15.638271376203708,15.130034605407324,12596400.0,2022-09-24 09:00:00
16.36036577800814,15.71644392358067,15.187545159953489,12597300.0,2022-09-24 09:15:00
16.418468390817736,15.786286146352095,15.2438005887511,12598200.0,2022-09-24 09:30:00
16.447938064306634,15.849191691948125,15.298138703048672,12599100.0,2022-09-24 09:45:00
16.447130731013317,15.89826557793308,15.349077277490078,12600000.0,2022-09-24 10:00:00
16.440340597204337,15.935666491604412,15.395355283140743,12600900.0,2022-09-24 10:15:00
16.431049354720507,15.965491297222009,15.436930791168924,12601800.0,2022-09-24 10:30:00
16.42199433220609,15.98899639166464,15.474092258169078,12602700.0,2022-09-24 10:45:00
16.414609414303712,16.004418451826936,15.506204741430984,12603600.0,2022-09-24 11:00:00
16.402395913381696,16.021600006268972,15.535413582060247,12604500.0,2022-09-24 11:15:00
16.38612385459211,16.03273989008283,15.561658705346058,12605400.0,2022-09-24 11:30:00
16.383682825007376,16.04178743781107,15.585147203005896,12606300.0,2022-09-24 11:45:00
16.37459405815862,16.047809158935127,15.605917773614308,12607200.0,2022-09-24 12:00:00
16.363819096650865,16.05370757332622,15.624682307556435,12608100.0,2022-09-24 12:15:00
16.35824998802031,16.059742567039105,15.641863832468976,12609000.0,2022-09-24 12:30:00
16.343437366469477,16.061455495271534,15.657194351947428,12609900.0,2022-09-24 12:45:00
16.329351402929422,16.062456811915236,15.671031082632194,12610800.0,2022-09-24 13:00:00
16.318442791444134,16.061425241756915,15.683364419670832,12611700.0,2022-09-24 13:15:00
16.298200382853747,16.05955732368326,15.694634854770705,12612600.0,2022-09-24 13:30:00
16.24876669131058,16.0517437358104,15.704371435831453,12613500.0,2022-09-24 13:45:00
16.17892488828832,16.03237162584692,15.710893143719442,12614400.0,2022-09-24 14:00:00
16.100769841239014,16.005871014263505,15.71363701034262,12615300.0,2022-09-24 14:15:00
16.02717423280099,15.974946802397127,15.71283109837104,12616200.0,2022-09-24 14:30:00
15.949462855296275,15.933002452851753,15.707425731761566,12617100.0,2022-09-24 14:45:00
15.866461646832738,15.890657165308967,15.698497958966948,12618000.0,2022-09-24 15:00:00
15.768060314021788,15.840936016998228,15.6857946271784,12618900.0,2022-09-24 15:15:00
15.665194729896012,15.790594657873884,15.670309135679013,12619800.0,2022-09-24 15:30:00
15.570107372741184,15.731964884975236,15.6513112343038,12620700.0,2022-09-24 15:45:00
15.49663625937326,15.676419632053625,15.629679736777856,12621600.0,2022-09-24 16:00:00
15.439005063612314,15.622323828021967,15.60609950757484,12622500.0,2022-09-24 16:15:00
15.399400783644014,15.576896864625963,15.5822432649981,12623400.0,2022-09-24 16:30:00
15.36933848931456,15.535022471573512,15.558892440296944,12624300.0,2022-09-24 16:45:00
15.347061357712487,15.500881448076068,15.536883088297824,12625200.0,2022-09-24 17:00:00
15.332223995285675,15.470771698569475,15.51640802624893,12626100.0,2022-09-24 17:15:00
15.314150500304873,15.446207411953411,15.497940814605789,12627000.0,2022-09-24 17:30:00
15.2968169178565,15.424233416568155,15.481370321363809,12627900.0,2022-09-24 17:45:00
15.278040490955425,15.40493423105298,15.46643929256664,12628800.0,2022-09-24 18:00:00
15.259312377528742,15.383287397843702,15.452152602425658,12629700.0,2022-09-24 18:15:00
15.229758346473515,15.362957187941918,15.438560156634573,12630600.0,2022-09-24 18:30:00
15.194821275970613,15.340437218324515,15.425024659943702,12631500.0,2022-09-24 18:45:00
15.15676179185331,15.315807199007752,15.411256373581091,12632400.0,2022-09-24 19:00:00
15.115122385187496,15.290483918889864,15.397057223894215,12633300.0,2022-09-24 19:15:00
15.068234945607111,15.26107913245742,15.38191698368612,12634200.0,2022-09-24 19:30:00
15.021911304504256,15.23390039150584,15.366111819995568,12635100.0,2022-09-24 19:45:00
14.973324642870027,15.200501139313564,15.349042578995569,12636000.0,2022-09-24 20:00:00
14.92597889111476,15.166819687231945,15.330807463941488,12636900.0,2022-09-24 20:15:00
14.87930436934078,15.135875540126785,15.31203513243636,12637800.0,2022-09-24 20:30:00
14.852247147214282,15.104394886569128,15.292835380686446,12638700.0,2022-09-24 20:45:00
14.788700366732924,15.071642959080288,15.273070183070123,12639600.0,2022-09-24 21:00:00
14.744712683615433,15.036041382304411,15.252501737894924,12640500.0,2022-09-24 21:15:00
14.71375833206357,14.999887556811354,15.23107125147784,12641400.0,2022-09-24 21:30:00
14.666871320798109,14.971197608728628,15.209927131814949,12642300.0,2022-09-24 21:45:00
14.632393596351008,14.937529671610106,15.188476940011414,12643200.0,2022-09-24 22:00:00
14.591492666256045,14.90599482492332,15.166732225614764,12644100.0,2022-09-24 22:15:00
14.551959548329592,14.87058712772614,15.144429477619171,12645000.0,2022-09-24 22:30:00
14.519643009859996,14.843269220557652,15.122450573838387,12645900.0,2022-09-24 22:45:00
14.491125438638324,14.814951393629896,15.10068541785418,12646800.0,2022-09-24 23:00:00
14.460600548398483,14.784056187313258,15.078809641824432,12647700.0,2022-09-24 23:15:00
14.431865334683556,14.757107813024964,15.057313438479088,12648600.0,2022-09-24 23:30:00
14.408920314217236,14.730112710542716,15.036190960236292,12649500.0,2022-09-24 23:45:00
14.38529881637714,14.7070046623115,15.015750527598575,12650400.0,2022-09-25 00:00:00
14.367648477115868,14.685206477265,14.995883711168757,12651300.0,2022-09-25 00:15:00
14.35076460641892,14.662298562269598,14.976513642193718,12652200.0,2022-09-25 00:30:00
14.332483942772456,14.64049136762262,14.957720190829404,12653100.0,2022-09-25 00:45:00
14.322841302347868,14.623678826650528,14.939918812979975,12654000.0,2022-09-25 01:00:00
14.316364104932482,14.609856870964798,14.923284473928163,12654900.0,2022-09-25 01:15:00
14.325630779837873,14.597580528452996,14.907977569252196,12655800.0,2022-09-25 01:30:00
14.334026498025956,14.586895974361656,14.893893603445749,12656700.0,2022-09-25 01:45:00
14.346961478639969,14.582324430681007,14.88140835225663,12657600.0,2022-09-25 02:00:00
14.369784846295968,14.581290518445748,14.87061292122458,12658500.0,2022-09-25 02:15:00
14.390024509915492,14.58398660451889,14.861496906628634,12659400.0,2022-09-25 02:30:00
14.418290948984689,14.59014982082912,14.854244468312492,12660300.0,2022-09-25 02:45:00
14.46489585713859,14.601447591470931,14.849284099095708,12661200.0,2022-09-25 03:00:00
14.520713027880412,14.618078312302677,14.84682922658355,12662100.0,2022-09-25 03:15:00
14.591188448264925,14.639157429685008,14.847064797989583,12663000.0,2022-09-25 03:30:00
14.682162305818842,14.674692853027189,14.8512316725612,12663900.0,2022-09-25 03:45:00
14.722111248764902,14.707665264699685,14.8586508603391,12664800.0,2022-09-25 04:00:00
14.753946470142338,14.7369225457981,14.868279015268262,12665700.0,2022-09-25 04:15:00
14.831767466901429,14.772559300504444,14.880082003885413,12666600.0,2022-09-25 04:30:00
14.895857249076933,14.810123696280282,14.89391768945824,12667500.0,2022-09-25 04:45:00
15.001018137657883,14.857649342682612,14.910703683258223,12668400.0,2022-09-25 05:00:00
15.102564072336657,14.912655392826773,14.931163451587176,12669300.0,2022-09-25 05:15:00
15.2071303541178,14.969528907878503,14.954814685340088,12670200.0,2022-09-25 05:30:00
15.305263152805724,15.033618692734573,14.98204920387608,12671100.0,2022-09-25 05:45:00
15.373743491155512,15.092986972858524,15.011747458865283,12672000.0,2022-09-25 06:00:00
15.435327797498225,15.14912005753178,15.04269775708385,12672900.0,2022-09-25 06:15:00
15.459048051384595,15.198529675618827,15.073923543404367,12673800.0,2022-09-25 06:30:00
15.496564409053594,15.240803687887666,15.10410490084559,12674700.0,2022-09-25 06:45:00
15.63533943270059,15.29907333848379,15.135432455796913,12675600.0,2022-09-25 07:00:00
15.773206484414157,15.366788210093558,15.169228083683375,12676500.0,2022-09-25 07:15:00
15.915536820894337,15.446809161312991,15.207240460931892,12677400.0,2022-09-25 07:30:00
16.025003332002864,15.531479085389613,15.249758273747048,12678300.0,2022-09-25 07:45:00
16.14995317209016,15.617121397755772,15.295927874677908,12679200.0,2022-09-25 08:00:00
16.23989419539595,15.698828830798291,15.344322085872053,12680100.0,2022-09-25 08:15:00
16.346052369873735,15.781596777012323,15.394574419992717,12681000.0,2022-09-25 08:30:00
16.466074448559393,15.866318557370493,15.446562496301484,12681900.0,2022-09-25 08:45:00
16.521119946918173,15.94421720436032,15.49913532165567,12682800.0,2022-09-25 09:00:00
16.556024194240635,16.011030189349636,15.55059360226826,12683700.0,2022-09-25 09:15:00
16.523827444260494,16.05890608098116,15.598408330255213,12684600.0,2022-09-25 09:30:00
16.48563000656131,16.088196679752812,15.640478197014314,12685500.0,2022-09-25 09:45:00
16.489073903396847,16.11169167323908,15.677003505051625,12686400.0,2022-09-25 10:00:00
16.505364514352856,16.135010274152567,15.709311314912137,12687300.0,2022-09-25 10:15:00
16.543569389336337,16.159745385383843,15.738690842021446,12688200.0,2022-09-25 10:30:00
16.558914397654156,16.186268824201697,15.76653243793865,12689100.0,2022-09-25 10:45:00
16.572914953825357,16.2113753547724,15.793345060979762,12690000.0,2022-09-25 11:00:00
16.595963426924968,16.233885240630574,15.81895132189182,12690900.0,2022-09-25 11:15:00
16.64137384346724,16.261119873928628,15.844271106577065,12691800.0,2022-09-25 11:30:00
16.69816807154248,16.29441591363703,15.870336162152007,12692700.0,2022-09-25 11:45:00
16.76848601312663,16.33447475775516,15.898109543253852,12693600.0,2022-09-25 12:00:00
16.814733690104617,16.375211421998447,15.927468147525085,12694500.0,2022-09-25 12:15:00
16.809434116557632,16.40632626566862,15.956648578315418,12695400.0,2022-09-25 12:30:00
16.771160179118223,16.4232394866307,15.983187538751972,12696300.0,2022-09-25 12:45:00
16.71011225040105,16.427778865330623,16.005846441551338,12697200.0,2022-09-25 13:00:00
16.642186120127807,16.4194713835858,16.02329189491716,12698100.0,2022-09-25 13:15:00
16.572557540319593,16.402825788176113,16.035466635336274,12699000.0,2022-09-25 13:30:00
16.48892633825905,16.37282062312865,16.041442784112558,12699900.0,2022-09-25 13:45:00
16.398488558912646,16.335818188227808,16.041567292046732,12700800.0,2022-09-25 14:00:00
16.306520237704433,16.293405753025844,16.036595415638274,12701700.0,2022-09-25 14:15:00
16.21515217212184,16.24709149868529,16.027238167742997,12702600.0,2022-09-25 14:30:00
16.11768369863187,16.19374989547879,16.01341678588457,12703500.0,2022-09-25 14:45:00
16.023056205549814,16.1395455133917,15.996311099496648,12704400.0,2022-09-25 15:00:00
15.924722969445147,16.078175604019595,15.975373165600155,12705300.0,2022-09-25 15:15:00
15.824016677874646,16.01528387697425,15.951121747042654,12706200.0,2022-09-25 15:30:00
15.735345792894256,15.951407478342167,15.9241466572772,12707100.0,2022-09-25 15:45:00
15.64384903330452,15.887205894767296,15.89509418081599,12708000.0,2022-09-25 16:00:00
15.569712280370622,15.827661906285211,15.86502703095252,12708900.0,2022-09-25 16:15:00
15.50206530368486,15.768034846749948,15.834189334536791,12709800.0,2022-09-25 16:30:00
15.431053880612565,15.711431427159932,15.803054263976955,12710700.0,2022-09-25 16:45:00
15.358533025808308,15.653407351607571,15.771361937265128,12711600.0,2022-09-25 17:00:00
15.281190389908687,15.597009269891716,15.739378021388635,12712500.0,2022-09-25 17:15:00
15.212184024425458,15.540756793368123,15.70712220218018,12713400.0,2022-09-25 17:30:00
15.14816026920002,15.48601629079518,15.674764924150914,12714300.0,2022-09-25 17:45:00
15.085324164757246,15.43227081980148,15.642336638590436,12715200.0,2022-09-25 18:00:00
15.019817244039332,15.378224821776223,15.609757255007512,12716100.0,2022-09-25 18:15:00
14.956632232245909,15.327583598078052,15.577325905250165,12717000.0,2022-09-25 18:30:00
14.899791528015587,15.279260510317489,15.545374458397742,12717900.0,2022-09-25 18:45:00
14.835516516744905,15.227938856448944,15.513297578904645,12718800.0,2022-09-25 19:00:00
14.778409310027705,15.17830672751543,15.481187602408232,12719700.0,2022-09-25 19:15:00
14.708365900401512,15.128008089164174,15.44895239072282,12720600.0,2022-09-25 19:30:00
14.647259959561476,15.077400359357148,15.416484410944287,12721500.0,2022-09-25 19:45:00
14.585452520914403,15.029882654589308,15.384181840563484,12722400.0,2022-09-25 20:00:00
14.524377765027271,14.978734433834315,15.351609679635438,12723300.0,2022-09-25 20:15:00
14.465567309549458,14.92866523818642,15.318714192110768,12724200.0,2022-09-25 20:30:00
14.405703451713816,14.881780464310564,15.285919820198062,12725100.0,2022-09-25 20:45:00
14.351796077319982,14.835833788440135,15.25321878075602,12726000.0,2022-09-25 21:00:00
14.301231631808252,14.788445961542228,15.220500586328326,12726900.0,2022-09-25 21:15:00
14.248275104807394,14.744949546051732,15.188077522010223,12727800.0,2022-09-25 21:30:00
14.194999087695948,14.697716960580218,15.155745334167571,12728700.0,2022-09-25 21:45:00
14.14484784717082,14.655980625382847,15.12359641845094,12729600.0,2022-09-25 22:00:00
14.09363120456752,14.610533893948675,15.091547225071912,12730500.0,2022-09-25 22:15:00
14.045832407526293,14.567950685197108,15.059657863921249,12731400.0,2022-09-25 22:30:00
13.993504993274795,14.524755534887117,15.027816313356803,12732300.0,2022-09-25 22:45:00
13.941757370445542,14.480946422867202,14.995899442336125,12733200.0,2022-09-25 23:00:00
13.89737339144369,14.43906382509782,14.964174456687727,12734100.0,2022-09-25 23:15:00
13.860340864038111,14.402611375465764,14.932956652725071,12735000.0,2022-09-25 23:30:00
13.815835985890075,14.363913065182924,14.90219988556732,12735900.0,2022-09-25 23:45:00
13.776476798589483,14.325857349030272,14.871886551570396,12736800.0,2022-09-26 00:00:00
13.736314855078888,14.291520474315057,14.842002976514909,12737700.0,2022-09-26 00:15:00
13.699440590736826,14.253821548730798,14.812303840863724,12738600.0,2022-09-26 00:30:00
13.673436334378824,14.22083535789168,14.783019409386368,12739500.0,2022-09-26 00:45:00
13.647156103593089,14.190157755983044,14.754453897405837,12740400.0,2022-09-26 01:00:00
13.624855682298668,14.15885823388831,14.726716478889792,12741300.0,2022-09-26 01:15:00
13.612453443338064,14.132738405732688,14.70001970052232,12742200.0,2022-09-26 01:30:00
13.604249336449202,14.110190621187446,14.674593663014257,12743100.0,2022-09-26 01:45:00
13.592160246877718,14.090313255616516,14.6504600662996,12744000.0,2022-09-26 02:00:00
13.5855906966952,14.070051116492213,14.627703877402324,12744900.0,2022-09-26 02:15:00
13.588986717017898,14.055179278726312,14.606517312475468,12745800.0,2022-09-26 02:30:00
13.588433021727491,14.04222490678112,14.586815556790258,12746700.0,2022-09-26 02:45:00
13.593359013183386,14.03245280559718,14.56860607239038,12747600.0,2022-09-26 03:00:00
13.59385693478381,14.02254250500949,14.5515434178008,12748500.0,2022-09-26 03:15:00
13.604408323543511,14.01637956071998,14.535735065568826,12749400.0,2022-09-26 03:30:00
13.625833568325891,14.012260414990044,14.521264075447228,12750300.0,2022-09-26 03:45:00
13.640666258252088,14.012395617281449,14.50827209825826,12751200.0,2022-09-26 04:00:00
13.6536536598587,14.011086288236289,14.496644052209414,12752100.0,2022-09-26 04:15:00
13.667125694026009,14.012287642524855,14.486252577730838,12753000.0,2022-09-26 04:30:00
13.689124525129348,14.014132184003383,14.477014050436845,12753900.0,2022-09-26 04:45:00
13.723634408210762,14.024809231599592,14.469358776148889,12754800.0,2022-09-26 05:00:00
13.774715435004708,14.037202094688707,14.46358411520683,12755700.0,2022-09-26 05:15:00
13.831799280966512,14.055055333320844,14.460089132145912,12756600.0,2022-09-26 05:30:00
13.87379706922046,14.076192537737146,14.458874078846437,12757500.0,2022-09-26 05:45:00
13.90665665755043,14.095697375497966,14.459542940094716,12758400.0,2022-09-26 06:00:00
13.94728361076744,14.11703517537037,14.461700282380432,12759300.0,2022-09-26 06:15:00
13.99293211225386,14.1411884565891,14.46537110217333,12760200.0,2022-09-26 06:30:00
14.05042455039344,14.168512513598326,14.470796189794706,12761100.0,2022-09-26 06:45:00
14.176653890183031,14.209566498070656,14.479135875325928,12762000.0,2022-09-26 07:00:00
14.287320898269185,14.258255333834947,14.491267562633606,12762900.0,2022-09-26 07:15:00
14.433285367477504,14.320924233289254,14.508264556040029,12763800.0,2022-09-26 07:30:00
14.47427727549634,14.37642991186109,14.528862248285844,12764700.0,2022-09-26 07:45:00
14.51946049005149,14.42644537354636,14.551408496612389,12765600.0,2022-09-26 08:00:00
14.574486375167636,14.472410093691538,14.574691932610207,12766500.0,2022-09-26 08:15:00
14.617713129943034,14.516298592983365,14.598137926391084,12767400.0,2022-09-26 08:30:00
14.706211242406466,14.56339907663984,14.622107284191408,12768300.0,2022-09-26 08:45:00
14.749174696693068,14.607644520421127,14.646320459187438,12769200.0,2022-09-26 09:00:00
14.73512439557724,14.639315903790322,14.669336824445734,12770100.0,2022-09-26 09:15:00
14.709818994268684,14.661768232880815,14.69008841757365,12771000.0,2022-09-26 09:30:00
14.700076713383512,14.674886168128916,14.707739349404614,12771900.0,2022-09-26 09:45:00
14.692033507665323,14.68458639656646,14.722388873594523,12772800.0,2022-09-26 10:00:00
14.695537579404949,14.693290239027611,14.734575746753388,12773700.0,2022-09-26 10:15:00
14.703750630664596,14.700403829881356,14.744800915423726,12774600.0,2022-09-26 10:30:00
14.704936785313157,14.709035853168116,14.753949239352012,12775500.0,2022-09-26 10:45:00
14.700032159241651,14.715085020156152,14.762033429545871,12776400.0,2022-09-26 11:00:00
14.699633308583602,14.717997167669369,14.768994293063036,12777300.0,2022-09-26 11:15:00
14.716122938740524,14.725069960823154,14.775565198520647,12778200.0,2022-09-26 11:30:00
14.744298454903896,14.736356302406918,14.782406341275957,12779100.0,2022-09-26 11:45:00
14.759659440465288,14.74734635569984,14.789697686979878,12780000.0,2022-09-26 12:00:00
14.761009194284904,14.755854569224494,14.797035630720446,12780900.0,2022-09-26 12:15:00
14.755455510684309,14.76244395407032,14.804022414755147,12781800.0,2022-09-26 12:30:00
14.742079503117267,14.765491741842425,14.810345633427568,12782700.0,2022-09-26 12:45:00
14.710108735211724,14.762437485695418,14.815269261546389,12783600.0,2022-09-26 13:00:00
14.683127677192251,14.755686757002888,14.818378060950064,12784500.0,2022-09-26 13:15:00
14.654037499071013,14.744398613917395,14.819451802691656,12785400.0,2022-09-26 13:30:00
14.613633145499582,14.731010363649215,14.81861709204396,12786300.0,2022-09-26 13:45:00
14.578193752848671,14.713589886882756,14.8158412800158,12787200.0,2022-09-26 14:00:00
14.538116792875796,14.695968177593846,14.811400876205408,12788100.0,2022-09-26 14:15:00
14.50480685610312,14.67392899395638,14.805163902542963,12789000.0,2022-09-26 14:30:00
14.482370107564078,14.655101163754656,14.797855084760457,12789900.0,2022-09-26 14:45:00
14.46784947326494,14.639752555186472,14.7901848153313,12790800.0,2022-09-26 15:00:00
14.454682618072171,14.621976933609178,14.78213039156263,12791700.0,2022-09-26 15:15:00
14.436394230156903,14.607372819750967,14.774076944034377,12792600.0,2022-09-26 15:30:00
14.41367766508252,14.594592573762457,14.766221496660052,12793500.0,2022-09-26 15:45:00
14.38991441706893,14.578477797973932,14.758270048180284,12794400.0,2022-09-26 16:00:00
14.3671634977699,14.562082325345347,14.75002051390136,12795300.0,2022-09-26 16:15:00
14.345425100009132,14.546042539284908,14.741358387074534,12796200.0,2022-09-26 16:30:00
14.317426292032096,14.528822503991051,14.73234783850179,12797100.0,2022-09-26 16:45:00
14.282588377714044,14.508583919961582,14.722681388342046,12798000.0,2022-09-26 17:00:00
14.244199238120578,14.488165305799413,14.712309648124812,12798900.0,2022-09-26 17:15:00
14.19775187639708,14.462812618733007,14.700862742773674,12799800.0,2022-09-26 17:30:00
14.150666949376726,14.438262998728456,14.688382977643784,12800700.0,2022-09-26 17:45:00
14.098706962135326,14.407099014391193,14.674318571443196,12801600.0,2022-09-26 18:00:00
14.05305019668332,14.375432036300662,14.658836735750508,12802500.0,2022-09-26 18:15:00
14.01894081190614,14.343524365788438,14.642313069451804,12803400.0,2022-09-26 18:30:00
13.990237631983916,14.31821037357198,14.625576543377088,12804300.0,2022-09-26 18:45:00
13.954378282937968,14.28868372616994,14.608536126570284,12805200.0,2022-09-26 19:00:00
13.922152688592412,14.264060541341522,14.591620880500583,12806100.0,2022-09-26 19:15:00
13.893533512360422,14.237159282574588,14.57462239942171,12807000.0,2022-09-26 19:30:00
13.864962699939811,14.213011316957388,14.557758896482545,12807900.0,2022-09-26 19:45:00
13.842238822949572,14.188932450769974,14.541105199640448,12808800.0,2022-09-26 20:00:00
13.815564856745024,14.165458973742608,14.524645652424054,12809700.0,2022-09-26 20:15:00
13.792273999771243,14.142732057941965,14.508516762786194,12810600.0,2022-09-26 20:30:00
13.760859399838706,14.12212956635835,14.492669181845624,12811500.0,2022-09-26 20:45:00
13.727476218054433,14.098755103038416,14.476643947795363,12812400.0,2022-09-26 21:00:00
13.687608577240482,14.072732456148856,14.460254345464412,12813300.0,2022-09-26 21:15:00
13.660532769919676,14.04628117071598,14.443407917490235,12814200.0,2022-09-26 21:30:00
13.638243340977493,14.02331611315076,14.426489390185566,12815100.0,2022-09-26 21:45:00
13.610373636451888,14.002701559876922,14.409756780720585,12816000.0,2022-09-26 22:00:00
13.578047870291885,13.979306782397922,14.392969834602011,12816900.0,2022-09-26 22:15:00
13.549572172550308,13.953645609543374,14.375854836735408,12817800.0,2022-09-26 22:30:00
13.523508659852496,13.929620405339628,14.35841237227274,12818700.0,2022-09-26 22:45:00
13.510283401020317,13.909191163688032,14.341116916271057,12819600.0,2022-09-26 23:00:00
13.49250099600558,13.890354887964367,14.324142710329816,12820500.0,2022-09-26 23:15:00
13.469179634980764,13.871318793896345,14.307418275411836,12821400.0,2022-09-26 23:30:00
13.441467259916015,13.849042614078783,14.29082073280892,12822300.0,2022-09-26 23:45:00
13.417654990176043,13.828720734705229,14.274262110787753,12823200.0,2022-09-27 00:00:00
13.393944734611058,13.808828852129666,14.25779113477634,12824100.0,2022-09-27 00:15:00
13.3711300031157,13.789174930259469,14.241315786174452,12825000.0,2022-09-27 00:30:00
13.352940367877142,13.766784302373829,14.22473767523018,12825900.0,2022-09-27 00:45:00
13.336921985142055,13.748662360287025,14.208540315084772,12826800.0,2022-09-27 01:00:00
13.325391816487771,13.732494002741504,14.192984203550452,12827700.0,2022-09-27 01:15:00
13.321097205470014,13.717755633052873,14.17811102970982,12828600.0,2022-09-27 01:30:00
13.325367095475183,13.705940892561868,14.164213824929236,12829500.0,2022-09-27 01:45:00
13.326518439282536,13.695174150367825,14.151262896329532,12830400.0,2022-09-27 02:00:00
13.34088904002274,13.690979806529372,14.13965608774307,12831300.0,2022-09-27 02:15:00
13.351607355295576,13.68991316539441,14.12959532514313,12832200.0,2022-09-27 02:30:00
13.349999730952872,13.685749702580818,14.120485036812214,12833100.0,2022-09-27 02:45:00
13.368658683283366,13.68524828086576,14.112357532236032,12834000.0,2022-09-27 03:00:00
13.3929911613176,13.688625233147066,14.105371720135626,12834900.0,2022-09-27 03:15:00
13.420355768057814,13.694429808436936,14.099812843106983,12835800.0,2022-09-27 03:30:00
13.468690030069462,13.706029062861694,14.096034685181344,12836700.0,2022-09-27 03:45:00
13.49793672222129,13.7194341184996,14.094092696663262,12837600.0,2022-09-27 04:00:00
13.548617570778994,13.737010081329665,14.093930555686004,12838500.0,2022-09-27 04:15:00
13.57534050211278,13.75735597538158,14.095438957960807,12839400.0,2022-09-27 04:30:00
13.65601376503542,13.781844886007706,14.098991488236075,12840300.0,2022-09-27 04:45:00
13.778581682890191,13.82389165544664,14.10605106591186,12841200.0,2022-09-27 05:00:00
13.887690478357438,13.86993290749574,14.1170799849495,12842100.0,2022-09-27 05:15:00
14.067110337380424,13.938778203081712,14.133951353511415,12843000.0,2022-09-27 05:30:00
14.188142358731708,14.01289939982478,14.1567985183033,12843900.0,2022-09-27 05:45:00
14.234414839813216,14.075036767257137,14.183274868274797,12844800.0,2022-09-27 06:00:00
14.292096709878177,14.13402543037412,14.211738378196412,12845700.0,2022-09-27 06:15:00
14.408193535169731,14.197265884132644,14.24194554823209,12846600.0,2022-09-27 06:30:00
14.460517673069177,14.254918501893272,14.273053648500714,12847500.0,2022-09-27 06:45:00
14.542031566030897,14.314264741432138,14.305091040940674,12848400.0,2022-09-27 07:00:00
14.611032634050108,14.370957756456626,14.33763833216376,12849300.0,2022-09-27 07:15:00
14.653107260139942,14.424301365169002,14.370252504099062,12850200.0,2022-09-27 07:30:00
14.66131368746629,14.46467621155295,14.401232687886807,12851100.0,2022-09-27 07:45:00
14.685475707824343,14.500788430424832,14.430227194988342,12852000.0,2022-09-27 08:00:00
14.71921139911947,14.53630626169672,14.457570096967151,12852900.0,2022-09-27 08:15:00
14.756738281508774,14.57062474666763,14.483586471942262,12853800.0,2022-09-27 08:30:00
14.771267274483726,14.600712381687735,14.508291948171472,12854700.0,2022-09-27 08:45:00
14.798369440763585,14.6276291548908,14.531535826401074,12855600.0,2022-09-27 09:00:00
14.848120939316605,14.659827885645988,14.554375948062033,12856500.0,2022-09-27 09:15:00
14.921841386597622,14.696222542784993,14.577693270292423,12857400.0,2022-09-27 09:30:00
14.990714039646448,14.738981340950376,14.602447655431256,12858300.0,2022-09-27 09:45:00
15.026207392234696,14.77852954451855,14.628163888490407,12859200.0,2022-09-27 10:00:00
15.031872306858704,14.809491232412014,14.653485966896657,12860100.0,2022-09-27 10:15:00
15.024318033809918,14.834233754578047,14.677388034400693,12861000.0,2022-09-27 10:30:00
15.00907860915294,14.851550547110037,14.699122369041136,12861900.0,2022-09-27 10:45:00
14.991334942730036,14.859241813948673,14.717597284681702,12862800.0,2022-09-27 11:00:00
14.974814297269427,14.864963645700266,14.733207692519755,12863700.0,2022-09-27 11:15:00
14.96507825928296,14.868451414985508,14.746344689606676,12864600.0,2022-09-27 11:30:00
14.94908147687688,14.868019998235734,14.757056924386172,12865500.0,2022-09-27 11:45:00
14.932023386204843,14.865940430181515,14.765884073177228,12866400.0,2022-09-27 12:00:00
14.923048567692277,14.868989096148104,14.774139423096752,12867300.0,2022-09-27 12:15:00
14.915864231085491,14.86379497094193,14.780515727240092,12868200.0,2022-09-27 12:30:00
14.910836590667111,14.86095767153394,14.785767318900556,12869100.0,2022-09-27 12:45:00
14.912602716650888,14.86202613132869,14.790781121892472,12870000.0,2022-09-27 13:00:00
14.905598934998466,14.862464853270106,14.795727624588173,12870900.0,2022-09-27 13:15:00
14.896657723575034,14.859175732815924,14.799989576808072,12871800.0,2022-09-27 13:30:00
14.883260812716,14.858518258582476,14.804195295965448,12872700.0,2022-09-27 13:45:00
14.86600124445472,14.853605116677093,14.807662485847464,12873600.0,2022-09-27 14:00:00
14.84687736138801,14.847129123071811,14.810208141847166,12874500.0,2022-09-27 14:15:00
14.824201500483454,14.839908676969053,14.811950027046253,12875400.0,2022-09-27 14:30:00
14.803035883440668,14.827632644484176,14.81213671271384,12876300.0,2022-09-27 14:45:00
14.774748155895368,14.816117251687512,14.811250831436691,12877200.0,2022-09-27 15:00:00
14.745630685899172,14.802154440214908,14.809215844389971,12878100.0,2022-09-27 15:15:00
14.71928427480835,14.788170407049591,14.806355564583477,12879000.0,2022-09-27 15:30:00
14.692978291337536,14.77362634324136,14.802692189802128,12879900.0,2022-09-27 15:45:00
14.663234815805918,14.754485132017775,14.797784200397572,12880800.0,2022-09-27 16:00:00
14.633898207044894,14.736099329514822,14.791852728185166,12881700.0,2022-09-27 16:15:00
14.614270522276328,14.718752614641064,14.785350530535997,12882600.0,2022-09-27 16:30:00
14.598104365102111,14.708127645155631,14.77929267790948,12883500.0,2022-09-27 16:45:00
14.571482054795442,14.690377057699337,14.772777480102532,12884400.0,2022-09-27 17:00:00
14.538818223073156,14.672103843212152,14.76558226025533,12885300.0,2022-09-27 17:15:00
14.528680010135067,14.655175923145762,14.757929812500349,12886200.0,2022-09-27 17:30:00
14.473067754342653,14.635583863894238,14.74965227077389,12887100.0,2022-09-27 17:45:00
14.457802382888362,14.614616325516565,14.740646872118358,12888000.0,2022-09-27 18:00:00
14.43483562745957,14.597790140105491,14.731555183257733,12888900.0,2022-09-27 18:15:00
14.390052788190747,14.57860448971689,14.722147770091684,12889800.0,2022-09-27 18:30:00
14.385761753196196,14.5625090601181,14.712638002133255,12890700.0,2022-09-27 18:45:00
14.334985910548786,14.5357485603256,14.701957074461514,12891600.0,2022-09-27 19:00:00
14.318768757164792,14.514302632363204,14.690559706482338,12892500.0,2022-09-27 19:15:00
14.306697597905416,14.49956633994765,14.679623876886106,12893400.0,2022-09-27 19:30:00
14.305312422850728,14.48774853036138,14.669618772103954,12894300.0,2022-09-27 19:45:00
14.305162129811796,14.472406410795546,14.659954920811844,12895200.0,2022-09-27 20:00:00
14.295953473455102,14.466119197983367,14.651497241704783,12896100.0,2022-09-27 20:15:00
14.286915208110674,14.457870112525391,14.643799809512322,12897000.0,2022-09-27 20:30:00
14.27929247741927,14.447555735729477,14.636485585679427,12897900.0,2022-09-27 20:45:00
14.273718792452328,14.43781708619691,14.629364911188496,12898800.0,2022-09-27 21:00:00
14.266945090915565,14.430475551634087,14.62263992636926,12899700.0,2022-09-27 21:15:00
14.26124001930744,14.425366545778424,14.616512555799218,12900600.0,2022-09-27 21:30:00
14.246801792523224,14.416356374334512,14.610581440010051,12901500.0,2022-09-27 21:45:00
14.238698491671713,14.409141697356258,14.60462981021332,12902400.0,2022-09-27 22:00:00
14.221110867084985,14.401483144710404,14.59865604453058,12903300.0,2022-09-27 22:15:00
14.213509643618698,14.389476987569266,14.592171620473572,12904200.0,2022-09-27 22:30:00
14.187779628295342,14.378034694036986,14.585292604188348,12905100.0,2022-09-27 22:45:00
14.183171642551288,14.363920018885606,14.5778389812386,12906000.0,2022-09-27 23:00:00
14.169680199319933,14.355801517655662,14.570613650033913,12906900.0,2022-09-27 23:15:00
14.151918586996604,14.34353286210408,14.56318011871268,12907800.0,2022-09-27 23:30:00
14.12900420755352,14.330821600408443,14.555495998994497,12908700.0,2022-09-27 23:45:00
14.10547814985456,14.320324600492794,14.54781806221157,12909600.0,2022-09-28 00:00:00
14.075318361089758,14.299524434102103,14.539049110900452,12910500.0,2022-09-28 00:15:00
14.04765291277414,14.28401140196436,14.52961048858548,12911400.0,2022-09-28 00:30:00
14.021876802008284,14.270703981655728,14.520036732708608,12912300.0,2022-09-28 00:45:00
13.990836721746827,14.248866953308427,14.509458297010076,12913200.0,2022-09-28 01:00:00
13.971219594711268,14.225659559742573,14.497746470965556,12914100.0,2022-09-28 01:15:00
13.957158039374312,14.209567074569213,14.486008636023964,12915000.0,2022-09-28 01:30:00
13.947080415739078,14.197381697043951,14.47482540810941,12915900.0,2022-09-28 01:45:00
13.930271056754204,14.186744281012922,14.464360747334426,12916800.0,2022-09-28 02:00:00
13.919430057124911,14.169427761012862,14.453777759793534,12917700.0,2022-09-28 02:15:00
13.916111444393144,14.155575419245856,14.443441642032132,12918600.0,2022-09-28 02:30:00
13.896306992532294,14.1452985221198,14.433621037905588,12919500.0,2022-09-28 02:45:00
13.890031062224018,14.134284122785647,14.424230982238102,12920400.0,2022-09-28 03:00:00
13.88926031515224,14.126079791370158,14.415380679228289,12921300.0,2022-09-28 03:15:00
13.88575333540401,14.121241760331774,14.40729057906494,12922200.0,2022-09-28 03:30:00
13.889937845273597,14.113740301917243,14.399787266255467,12923100.0,2022-09-28 03:45:00
13.89645891861644,14.110859907790624,14.393069986095194,12924000.0,2022-09-28 04:00:00
13.89871078426552,14.105400790852304,14.386818445661724,12924900.0,2022-09-28 04:15:00
13.908961140890824,14.105220436333786,14.381495840128553,12925800.0,2022-09-28 04:30:00
13.926344594424442,14.110795609951134,14.377518971824788,12926700.0,2022-09-28 04:45:00
13.942824705528317,14.11282822562484,14.37437248101055,12927600.0,2022-09-28 05:00:00
13.957793213179231,14.119080051102262,14.372375473750203,12928500.0,2022-09-28 05:15:00
13.979871391320556,14.124256067433826,14.371179826032972,12929400.0,2022-09-28 05:30:00
14.00341774984584,14.134796957869188,14.371180018767893,12930300.0,2022-09-28 05:45:00
14.016588277692668,14.147245273929064,14.372488560049057,12931200.0,2022-09-28 06:00:00
14.032981598034915,14.153325990359107,14.374188903573646,12932100.0,2022-09-28 06:15:00
14.045498798749774,14.162851971693811,14.376302303730988,12933000.0,2022-09-28 06:30:00
14.056371490904697,14.166616944267284,14.37831771116643,12933900.0,2022-09-28 06:45:00
14.0811403233402,14.181446438087816,14.381293011714051,12934800.0,2022-09-28 07:00:00
14.10047294876966,14.192304965529662,14.384883765634582,12935700.0,2022-09-28 07:15:00
14.112624977438829,14.201484755627575,14.388709191629358,12936600.0,2022-09-28 07:30:00
14.118523450586595,14.206509264581609,14.392288181326196,12937500.0,2022-09-28 07:45:00
14.133799235396332,14.219081032542231,14.396355356329444,12938400.0,2022-09-28 08:00:00
14.162960374683028,14.232940066826592,14.401221067841416,12939300.0,2022-09-28 08:15:00
14.182814914110136,14.245312661599153,14.406555164751284,12940200.0,2022-09-28 08:30:00
14.199127179712804,14.25867233359009,14.412385117840008,12941100.0,2022-09-28 08:45:00
14.217093100593113,14.273000596568076,14.418809647893312,12942000.0,2022-09-28 09:00:00
14.226726448424373,14.280558883798616,14.424771184763117,12942900.0,2022-09-28 09:15:00
14.247527215047857,14.299569175660883,14.431665426056345,12943800.0,2022-09-28 09:30:00
14.273384565937596,14.311698484983076,14.43871738706053,12944700.0,2022-09-28 09:45:00
14.302144801864705,14.325708659980304,14.445986361127815,12945600.0,2022-09-28 10:00:00
14.33125718705248,14.341548585955412,14.453713873465976,12946500.0,2022-09-28 10:15:00
14.355458112837647,14.359433174297797,14.462291057213609,12947400.0,2022-09-28 10:30:00
14.366563116652458,14.383024418959474,14.472228434662304,12948300.0,2022-09-28 10:45:00
14.368030947714091,14.385809896528658,14.480618281793449,12949200.0,2022-09-28 11:00:00
14.367606753847326,14.394481134209045,14.488176082736828,12950100.0,2022-09-28 11:15:00
14.365514511464127,14.401879089363996,14.495017557839708,12951000.0,2022-09-28 11:30:00
14.362823055583586,14.418926624035198,14.50263223631412,12951900.0,2022-09-28 11:45:00
14.342889740865068,14.410247061401716,14.507727230707278,12952800.0,2022-09-28 12:00:00
14.326648085965932,14.404629002880943,14.510749277285488,12953700.0,2022-09-28 12:15:00
14.30582859307018,14.393692524016211,14.511477330897115,12954600.0,2022-09-28 12:30:00
14.288934629997152,14.39204385953728,14.511738476593433,12955500.0,2022-09-28 12:45:00
14.27424065497208,14.386872889063236,14.511483730606022,12956400.0,2022-09-28 13:00:00
14.259233261009737,14.37813624522307,14.510241920167283,12957300.0,2022-09-28 13:15:00
14.239488403275976,14.365873497533158,14.507791150771196,12958200.0,2022-09-28 13:30:00
14.223980914489475,14.352637843428669,14.50414414924512,12959100.0,2022-09-28 13:45:00
14.204100450448694,14.350466320362637,14.501006530264092,12960000.0,2022-09-28 14:00:00
14.177323023498978,14.33660612684458,14.497001119283778,12960900.0,2022-09-28 14:15:00
14.156432742394962,14.323088323612664,14.492137806857135,12961800.0,2022-09-28 14:30:00
14.133532807150075,14.311234907872846,14.486751876254411,12962700.0,2022-09-28 14:45:00
14.099953096501023,14.298796172115582,14.48089654727406,12963600.0,2022-09-28 15:00:00
14.08004492894108,14.274743969996823,14.473197986193057,12964500.0,2022-09-28 15:15:00
14.040769901172624,14.25415983783322,14.464300446565296,12965400.0,2022-09-28 15:30:00
14.011798056732475,14.238431549902428,14.45513360320631,12966300.0,2022-09-28 15:45:00
13.973149647651324,14.213096426898604,14.444819340733808,12967200.0,2022-09-28 16:00:00
13.946475356300152,14.193765534337212,14.434006164216486,12968100.0,2022-09-28 16:15:00
13.89537440254079,14.168811448185265,14.422290878692351,12969000.0,2022-09-28 16:30:00
13.884775159900416,14.146063076713848,14.40992659743362,12969900.0,2022-09-28 16:45:00
13.85466984676976,14.125813328501645,14.397483899212736,12970800.0,2022-09-28 17:00:00
13.829271782522394,14.10373707564306,14.38478264043426,12971700.0,2022-09-28 17:15:00
13.79772998444383,14.083858459947862,14.372016792261386,12972600.0,2022-09-28 17:30:00
13.765060023883116,14.06060783182458,14.358886639602236,12973500.0,2022-09-28 17:45:00
13.750986254233911,14.038502646378303,14.345573766569624,12974400.0,2022-09-28 18:00:00
13.700047194364178,14.018485033859475,14.33213746825472,12975300.0,2022-09-28 18:15:00
13.65312260730118,13.992846697142989,14.317984973049745,12976200.0,2022-09-28 18:30:00
13.633980747477551,13.96085445396108,14.30259292732857,12977100.0,2022-09-28 18:45:00
13.602604922795956,13.936464446880755,14.286998236005772,12978000.0,2022-09-28 19:00:00
13.574411483082818,13.915864721038684,14.271656827026368,12978900.0,2022-09-28 19:15:00
13.552842923718456,13.898899747920987,14.256864113072698,12979800.0,2022-09-28 19:30:00
13.520468105343628,13.87146266623275,14.241648191055432,12980700.0,2022-09-28 19:45:00
13.496324616540562,13.85290036872245,14.226546373192358,12981600.0,2022-09-28 20:00:00
13.465373851559082,13.82398734730892,14.210883411441792,12982500.0,2022-09-28 20:15:00
13.443998514882209,13.80124732153956,14.195258730903902,12983400.0,2022-09-28 20:30:00
13.42159267033832,13.78635619221562,14.180210327025804,12984300.0,2022-09-28 20:45:00
13.38902467320843,13.758931096649835,14.164908493503171,12985200.0,2022-09-28 21:00:00
13.366516456089538,13.740031446036566,14.149722729677364,12986100.0,2022-09-28 21:15:00
13.334450266317592,13.717873674105055,14.134572384730031,12987000.0,2022-09-28 21:30:00
13.368388954303311,13.706386606233368,14.12038349951076,12987900.0,2022-09-28 21:45:00
13.307386275019663,13.685588351840185,14.106386700664418,12988800.0,2022-09-28 22:00:00
13.240653599331988,13.661712459328289,14.091840384696418,12989700.0,2022-09-28 22:15:00
13.21107021741615,13.634484868558888,14.076217711523308,12990600.0,2022-09-28 22:30:00
13.176541231797646,13.60742860547694,14.059610147697835,12991500.0,2022-09-28 22:45:00
13.150845415457589,13.581830321811148,14.042422429025628,12992400.0,2022-09-28 23:00:00
13.124775165118017,13.557136663064014,14.025009840669307,12993300.0,2022-09-28 23:15:00
13.089532465348938,13.530193481519332,14.007257014769836,12994200.0,2022-09-28 23:30:00
13.067492314675468,13.505559589352384,13.98957617988716,12995100.0,2022-09-28 23:45:00
13.037199274755617,13.485042345270832,13.972158846198816,12996000.0,2022-09-29 00:00:00
13.012330871265618,13.460603916349896,13.954834242769294,12996900.0,2022-09-29 00:15:00
12.97823230558679,13.43908508430483,13.937459281050176,12997800.0,2022-09-29 00:30:00
12.948405944407655,13.41208296563718,13.919887994573203,12998700.0,2022-09-29 00:45:00
12.935374340597546,13.39230138520189,13.902456192312435,12999600.0,2022-09-29 01:00:00
12.91119330399011,13.367920578614743,13.885295061002989,13000500.0,2022-09-29 01:15:00
12.890424884572516,13.348031793756844,13.868447707697571,13001400.0,2022-09-29 01:30:00
12.867767228159083,13.332546382610392,13.852005817941572,13002300.0,2022-09-29 01:45:00
12.859378148056535,13.313039010967117,13.83598598783408,13003200.0,2022-09-29 02:00:00
12.852581697695504,13.296785717015604,13.820430397361674,13004100.0,2022-09-29 02:15:00
12.83867020754446,13.28447777874858,13.805399695634692,13005000.0,2022-09-29 02:30:00
12.821601747186058,13.268395293852944,13.79073586042304,13005900.0,2022-09-29 02:45:00
12.84820540794844,13.258247018130552,13.776888369449615,13006800.0,2022-09-29 03:00:00
12.84651050837432,13.25053440531076,13.76412291729534,13007700.0,2022-09-29 03:15:00
12.854635196960077,13.246898023420892,13.752536424786491,13008600.0,2022-09-29 03:30:00
12.86931829326964,13.241621057409665,13.7422736723706,13009500.0,2022-09-29 03:45:00
12.877020587668154,13.24243075357312,13.733230055771363,13010400.0,2022-09-29 04:00:00
12.90200736413702,13.247174716242592,13.725516926832585,13011300.0,2022-09-29 04:15:00
12.88321417815686,13.243166691168264,13.718427996692403,13012200.0,2022-09-29 04:30:00
12.905945542771525,13.237327659975346,13.711762851678738,13013100.0,2022-09-29 04:45:00
12.926198305692118,13.243648201775352,13.706201381383297,13014000.0,2022-09-29 05:00:00
12.978983734445029,13.257523197040994,13.702384106373785,13014900.0,2022-09-29 05:15:00
13.003378409365164,13.268318224823288,13.700261764511623,13015800.0,2022-09-29 05:30:00
13.034555689880982,13.283418242539147,13.69975099990406,13016700.0,2022-09-29 05:45:00
13.06109125780574,13.297781229649528,13.700529020293466,13017600.0,2022-09-29 06:00:00
13.111540319178657,13.319976974783874,13.702992229089544,13018500.0,2022-09-29 06:15:00
13.164649371296717,13.336740188702564,13.706852007116382,13019400.0,2022-09-29 06:30:00
13.213988753700416,13.370034493697156,13.712932147263976,13020300.0,2022-09-29 06:45:00
13.262136123183776,13.392739489345953,13.720541412392492,13021200.0,2022-09-29 07:00:00
13.326771273696036,13.42069477179732,13.729583178344772,13022100.0,2022-09-29 07:15:00
13.414571909761742,13.459178104806028,13.741201396031514,13023000.0,2022-09-29 07:30:00
13.53198642715102,13.506554507727936,13.756328714422704,13023900.0,2022-09-29 07:45:00
13.592809846453568,13.561895026404155,13.775137582026712,13024800.0,2022-09-29 08:00:00
13.6494159843165,13.60840991075229,13.79616053716902,13025700.0,2022-09-29 08:15:00
13.687855341555462,13.653390694552332,13.818503108985896,13026600.0,2022-09-29 08:30:00
13.716783737536955,13.68526045542149,13.840205396800632,13027500.0,2022-09-29 08:45:00
13.7665000187458,13.722700867665816,13.86169985812512,13028400.0,2022-09-29 09:00:00
13.817188745841433,13.762583712702565,13.883450402662652,13029300.0,2022-09-29 09:15:00
13.863463799396534,13.794137815096496,13.904696506412208,13030200.0,2022-09-29 09:30:00
13.906078653715571,13.830695581255574,13.926120466558274,13031100.0,2022-09-29 09:45:00
13.959828850997626,13.873780288132602,13.94863465654836,13032000.0,2022-09-29 10:00:00
14.00773220169462,13.914024737648727,13.971887122968567,13032900.0,2022-09-29 10:15:00
14.036265840525791,13.944286462792498,13.99438537990204,13033800.0,2022-09-29 10:30:00
14.05501682602633,13.973465012574472,14.016003641093716,13034700.0,2022-09-29 10:45:00
14.0775204866278,14.001598789284026,14.036877624513703,13035600.0,2022-09-29 11:00:00
14.096131040578534,14.026320299509944,14.056746114035471,13036500.0,2022-09-29 11:15:00
14.12461106434914,14.052072076238968,14.075983646791908,13037400.0,2022-09-29 11:30:00
14.13740333345338,14.071120603575578,14.09399177827896,13038300.0,2022-09-29 11:45:00
14.132145417643793,14.086925855135853,14.110517076078064,13039200.0,2022-09-29 12:00:00
14.118688444796865,14.099023027533557,14.125450972156491,13040100.0,2022-09-29 12:15:00
14.094315238710257,14.100137900817696,14.137548768844567,13041000.0,2022-09-29 12:30:00
14.066713530316344,14.100121609595355,14.147193706099072,13041900.0,2022-09-29 12:45:00
14.038447446707323,14.096767759589149,14.154647818572984,13042800.0,2022-09-29 13:00:00
14.018994527670998,14.088342428906085,14.159570355846787,13043700.0,2022-09-29 13:15:00
14.001870730954968,14.07850773449449,14.162345358209132,13044600.0,2022-09-29 13:30:00
13.99091406769958,14.080546310263294,14.165090928278827,13045500.0,2022-09-29 13:45:00
13.970438652206768,14.068575716985809,14.16631125820795,13046400.0,2022-09-29 14:00:00
13.948351025154412,14.053502574843186,14.165576931167143,13047300.0,2022-09-29 14:15:00
13.91993730747636,14.040318889160115,14.163571221799712,13048200.0,2022-09-29 14:30:00
13.885824893796425,14.03511956402137,14.161731834346284,13049100.0,2022-09-29 14:45:00
13.84607411397418,14.010661741853948,14.157575194030771,13050000.0,2022-09-29 15:00:00
13.800696228467151,13.990384953670649,14.151781980161578,13050900.0,2022-09-29 15:15:00
13.758457908692932,13.96688487937556,14.144380916525089,13051800.0,2022-09-29 15:30:00
13.707813638367208,13.942381379943535,14.135651455674106,13052700.0,2022-09-29 15:45:00
13.655834762415031,13.912450725583495,14.125124008420547,13053600.0,2022-09-29 16:00:00
13.606154892355931,13.88328497881196,14.11297559569906,13054500.0,2022-09-29 16:15:00
13.565918686232692,13.85328226558271,14.099524054955465,13055400.0,2022-09-29 16:30:00
13.530596795542902,13.823514255824747,14.085093322561248,13056300.0,2022-09-29 16:45:00
13.492737902616083,13.797007851030934,14.070216909707051,13057200.0,2022-09-29 17:00:00
13.450913949800158,13.765414902526834,14.054571960620356,13058100.0,2022-09-29 17:15:00
13.40243414361392,13.729739317185466,14.037851055310904,13059000.0,2022-09-29 17:30:00
13.358253837881824,13.702200549658857,14.020898392981278,13059900.0,2022-09-29 17:45:00
13.29958958966947,13.669370922411732,14.003243577291943,13060800.0,2022-09-29 18:00:00
13.235516484316534,13.627976895670662,13.984088858114808,13061700.0,2022-09-29 18:15:00
13.177242110052095,13.591667951306514,13.963947122666305,13062600.0,2022-09-29 18:30:00
13.109979610393658,13.549918989779275,13.942531255698388,13063500.0,2022-09-29 18:45:00
13.039939577366471,13.502650918179487,13.919492536116476,13064400.0,2022-09-29 19:00:00
12.98196433777474,13.461965717238984,13.895423979189308,13065300.0,2022-09-29 19:15:00
12.911368971420332,13.414172588586434,13.870154900413798,13066200.0,2022-09-29 19:30:00
12.847402910226648,13.364787712383492,13.843771241776428,13067100.0,2022-09-29 19:45:00
12.804692417623333,13.328336529197411,13.817163371419044,13068000.0,2022-09-29 20:00:00
12.722749012557545,13.27768899648078,13.789805949047624,13068900.0,2022-09-29 20:15:00
12.65941881288662,13.228031354303916,13.761421142986851,13069800.0,2022-09-29 20:30:00
12.542636351253064,13.175503960248358,13.731607037534564,13070700.0,2022-09-29 20:45:00
12.474657624546587,13.118150020045116,13.700206722570217,13071600.0,2022-09-29 21:00:00
12.429244515149175,13.065973156925132,13.667832287323046,13072500.0,2022-09-29 21:15:00
12.426255982114805,13.02324311706287,13.6360253561807,13073400.0,2022-09-29 21:30:00
12.330379815153869,12.976783557639694,13.604748165100048,13074300.0,2022-09-29 21:45:00
12.25568053203774,12.929828365104482,13.573196679838468,13075200.0,2022-09-29 22:00:00
12.186067357314332,12.878530652482242,13.540945465691786,13076100.0,2022-09-29 22:15:00
12.134092436534177,12.826136786844188,13.508322465274144,13077000.0,2022-09-29 22:30:00
12.107327816049589,12.782721970187666,13.476085791098008,13077900.0,2022-09-29 22:45:00
12.062955740573845,12.739745103056562,13.444790171890318,13078800.0,2022-09-29 23:00:00
11.965250054583356,12.69735031327222,13.413324590546909,13079700.0,2022-09-29 23:15:00
11.889766163336033,12.644839774220465,13.38121476078115,13080600.0,2022-09-29 23:30:00
11.797761473261083,12.588011889137938,13.347888274149778,13081500.0,2022-09-29 23:45:00
11.735582092294663,12.534890542341984,13.313400949884713,13082400.0,2022-09-30 00:00:00
11.664378816831084,12.482888393491011,13.277884631744715,13083300.0,2022-09-30 00:15:00
11.60168908075456,12.427998651248062,13.241685864523392,13084200.0,2022-09-30 00:30:00
11.574778739768416,12.380361901162344,13.20562075826168,13085100.0,2022-09-30 00:45:00
11.564321800395822,12.340396853654742,13.170766980864087,13086000.0,2022-09-30 01:00:00
11.506627217677451,12.300869390267852,13.137238978259065,13086900.0,2022-09-30 01:15:00
11.481451565613211,12.262188964973255,13.105127244152447,13087800.0,2022-09-30 01:30:00
11.44093816496148,12.22691539994386,13.074097263831163,13088700.0,2022-09-30 01:45:00
11.422564082192329,12.19464571996176,13.044254734477343,13089600.0,2022-09-30 02:00:00
11.400005611130371,12.163997137048208,13.01582205472092,13090500.0,2022-09-30 02:15:00
11.369330713479185,12.137258851855266,12.988297646087233,13091400.0,2022-09-30 02:30:00
11.34247815614896,12.107527956444066,12.961658030946523,13092300.0,2022-09-30 02:45:00
11.326606903077892,12.083196141701942,12.935676505526752,13093200.0,2022-09-30 03:00:00
11.325437180097715,12.062740700376912,12.910527127548626,13094100.0,2022-09-30 03:15:00
11.340234874531664,12.046772983019965,12.886553241079548,13095000.0,2022-09-30 03:30:00
11.388122499031402,12.03886283834822,12.86473752570657,13095900.0,2022-09-30 03:45:00
11.433086613729836,12.038090705919451,12.8457220371473,13096800.0,2022-09-30 04:00:00
11.489437490649202,12.045797419446703,12.829930270849884,13097700.0,2022-09-30 04:15:00
11.546122024585111,12.060608147627962,12.817306094572404,13098600.0,2022-09-30 04:30:00
11.615207446326874,12.08019643281497,12.808118615410928,13099500.0,2022-09-30 04:45:00
11.699396934329132,12.105978731147957,12.802660054821722,13100400.0,2022-09-30 05:00:00
11.800637454338254,12.14278447537057,12.801265131935224,13101300.0,2022-09-30 05:15:00
11.891788955559289,12.186159971001064,12.803791493078515,13102200.0,2022-09-30 05:30:00
11.97205286276925,12.22842402453869,12.809994867616588,13103100.0,2022-09-30 05:45:00
12.068337550660454,12.275743650527218,12.819496806411244,13104000.0,2022-09-30 06:00:00
12.177028884439007,12.332000184008994,12.832419368205896,13104900.0,2022-09-30 06:15:00
12.278580747063112,12.38861296500344,12.848639180133103,13105800.0,2022-09-30 06:30:00
12.379991205315164,12.450770485847949,12.867867757383973,13106700.0,2022-09-30 06:45:00
12.491300294658863,12.51368052340327,12.890178921223397,13107600.0,2022-09-30 07:00:00
12.603251957104298,12.582542382356165,12.915596239371574,13108500.0,2022-09-30 07:15:00
12.705554745487772,12.649364350727277,12.943594984025458,13109400.0,2022-09-30 07:30:00
12.809606678614513,12.71805110388655,12.973957263065143,13110300.0,2022-09-30 07:45:00
12.937078758576265,12.79626871014371,13.007175741099449,13111200.0,2022-09-30 08:00:00
13.032895015347034,12.875309201108372,13.04310795580026,13112100.0,2022-09-30 08:15:00
13.112250802341066,12.944965857130317,13.080414577277413,13113000.0,2022-09-30 08:30:00
13.19421810991186,13.010974733135605,13.118183800853895,13113900.0,2022-09-30 08:45:00
13.255364092233734,13.074895361715264,13.155971536405293,13114800.0,2022-09-30 09:00:00
13.327521475113668,13.137145268791604,13.193790557081895,13115700.0,2022-09-30 09:15:00
13.38210833945618,13.195189992595624,13.231109918182849,13116600.0,2022-09-30 09:30:00
13.43064511898733,13.250980504550308,13.267801323855528,13117500.0,2022-09-30 09:45:00
13.491059562637162,13.297653571535209,13.302937395017574,13118400.0,2022-09-30 10:00:00
13.532894238996178,13.34430450816264,13.33685543964014,13119300.0,2022-09-30 10:15:00
13.573334654386716,13.39203654458804,13.370109843200206,13120200.0,2022-09-30 10:30:00
13.629838050278222,13.434468092489205,13.402215832750468,13121100.0,2022-09-30 10:45:00
13.672387467138858,13.479049245652115,13.433881813339196,13122000.0,2022-09-30 11:00:00
13.688722500059672,13.517479491365783,13.464606438315428,13122900.0,2022-09-30 11:15:00
13.707671410537968,13.55073553138594,13.49379315160232,13123800.0,2022-09-30 11:30:00
13.70897130936816,13.575416765360142,13.52065144836625,13124700.0,2022-09-30 11:45:00
13.708093191827496,13.597954558048224,13.545308513032229,13125600.0,2022-09-30 12:00:00
13.705357466972496,13.610667427605108,13.566884180742075,13126500.0,2022-09-30 12:15:00
13.71206918185838,13.627625613695384,13.586636809717689,13127400.0,2022-09-30 12:30:00
13.720828460500346,13.641119838282735,13.604578838002649,13128300.0,2022-09-30 12:45:00
13.728647498061028,13.656267292656732,13.621469222821316,13129200.0,2022-09-30 13:00:00
13.71886897289988,13.666308815717429,13.636927739499876,13130100.0,2022-09-30 13:15:00
13.71875529917762,13.67441593436221,13.650989142530308,13131000.0,2022-09-30 13:30:00
13.70974767492998,13.678363618276007,13.663330458812576,13131900.0,2022-09-30 13:45:00
13.69565264856442,13.678439007410452,13.673677396166392,13132800.0,2022-09-30 14:00:00
13.682166912693273,13.6809146043353,13.68300076972592,13133700.0,2022-09-30 14:15:00
13.66301525138788,13.677393069776974,13.690701712034103,13134600.0,2022-09-30 14:30:00
13.641668517764051,13.674481387572966,13.697154700138396,13135500.0,2022-09-30 14:45:00
13.618364505900407,13.666696680538571,13.70184787054652,13136400.0,2022-09-30 15:00:00
13.59460447352579,13.659198173595865,13.70520770917814,13137300.0,2022-09-30 15:15:00
13.573478768684042,13.647578224307678,13.706951386546008,13138200.0,2022-09-30 15:30:00
13.553309359895424,13.638237230729104,13.707805687463573,13139100.0,2022-09-30 15:45:00
13.533607525961816,13.62739451164074,13.707748917307445,13140000.0,2022-09-30 16:00:00
13.519965406690908,13.615698463365216,13.70682424802608,13140900.0,2022-09-30 16:15:00
13.509304118514098,13.60837355824372,13.705679285476927,13141800.0,2022-09-30 16:30:00
13.501738055412437,13.600189204869118,13.704395129619064,13142700.0,2022-09-30 16:45:00
13.49629623746115,13.597158629562974,13.703550911373677,13143600.0,2022-09-30 17:00:00
13.493215228249417,13.590277415464834,13.702589361968052,13144500.0,2022-09-30 17:15:00
13.4899503592152,13.58472435394059,13.701628630133447,13145400.0,2022-09-30 17:30:00
13.489715192978046,13.581863682787573,13.700904966977449,13146300.0,2022-09-30 17:45:00
13.488398966268292,13.5783739380173,13.700384379423786,13147200.0,2022-09-30 18:00:00
13.489148911041294,13.576555488415854,13.700173793450867,13148100.0,2022-09-30 18:15:00
13.491107985349997,13.576721526085745,13.700544475971885,13149000.0,2022-09-30 18:30:00
13.496720487842046,13.57842311578545,13.701456119060694,13149900.0,2022-09-30 18:45:00
13.50245527506556,13.580623828409513,13.70288484033059,13150800.0,2022-09-30 19:00:00
13.50933561778459,13.584435449449211,13.704847421304232,13151700.0,2022-09-30 19:15:00
13.520102587616533,13.586558937045345,13.706996485238111,13152600.0,2022-09-30 19:30:00
13.533075935230263,13.589564453416486,13.70936407474349,13153500.0,2022-09-30 19:45:00
13.545200395024304,13.596778188103873,13.712476923998162,13154400.0,2022-09-30 20:00:00
13.559874338796869,13.605700366945529,13.716479100584788,13155300.0,2022-09-30 20:15:00
13.574925814390262,13.616769019858268,13.721455920308529,13156200.0,2022-09-30 20:30:00
13.587118327198272,13.623188543969508,13.726599302988138,13157100.0,2022-09-30 20:45:00
13.600639544274404,13.63074174675393,13.731809946508983,13158000.0,2022-09-30 21:00:00
13.614201378948882,13.642971857635848,13.737743917583938,13158900.0,2022-09-30 21:15:00
13.627723033797665,13.652659632368865,13.744025119131823,13159800.0,2022-09-30 21:30:00
13.641763398639569,13.663988348038943,13.75071384238475,13160700.0,2022-09-30 21:45:00
13.651622081366671,13.672366436887447,13.757346663454742,13161600.0,2022-09-30 22:00:00
13.660143578950755,13.682432575517709,13.764087153592662,13162500.0,2022-09-30 22:15:00
13.664465690357972,13.689866548560325,13.770595565155944,13163400.0,2022-09-30 22:30:00
13.667609687142328,13.695621557528344,13.776716879549934,13164300.0,2022-09-30 22:45:00
13.671371274769472,13.7040121326426,13.7828060817154,13165200.0,2022-09-30 23:00:00
13.673057591218836,13.707298329237696,13.788219759218215,13166100.0,2022-09-30 23:15:00
13.677180841097504,13.712425989029814,13.793399305261945,13167000.0,2022-09-30 23:30:00
13.67947660203458,13.717222087574283,13.798317673647198,13167900.0,2022-09-30 23:45:00
13.681003079416952,13.72267993115786,13.803084829479335,13168800.0,2022-10-01 00:00:00
13.679896237884016,13.72408839992216,13.807277839974574,13169700.0,2022-10-01 00:15:00
13.677042407414032,13.724316266134096,13.810747487397284,13170600.0,2022-10-01 00:30:00
13.67538588140102,13.726017205389132,13.813830751039337,13171500.0,2022-10-01 00:45:00
13.676028098799929,13.730794015925836,13.817076659844124,13172400.0,2022-10-01 01:00:00
13.678290222897484,13.731445129219304,13.820113929319309,13173300.0,2022-10-01 01:15:00
13.68031922140241,13.733183841351764,13.82295020882064,13174200.0,2022-10-01 01:30:00
13.684387480539112,13.73687844742886,13.825871411836191,13175100.0,2022-10-01 01:45:00
13.68981007565766,13.739027683097364,13.82868915212045,13176000.0,2022-10-01 02:00:00
13.698676543963415,13.7444457683629,13.831829765800524,13176900.0,2022-10-01 02:15:00
13.709757831002054,13.74853934199468,13.83511072928684,13177800.0,2022-10-01 02:30:00
13.721336500348723,13.754079454054938,13.838670818544758,13178700.0,2022-10-01 02:45:00
13.732432361929522,13.762006972851704,13.842808327073366,13179600.0,2022-10-01 03:00:00
13.744817569794604,13.768883562254942,13.847295006733974,13180500.0,2022-10-01 03:15:00
13.769288983903197,13.779288876593348,13.852461977655448,13181400.0,2022-10-01 03:30:00
13.80414358751196,13.792815238553684,13.85861430458766,13182300.0,2022-10-01 03:45:00
13.858291655359087,13.815140589540796,13.866596578136813,13183200.0,2022-10-01 04:00:00
13.915267082215925,13.838071157216303,13.87632670288658,13184100.0,2022-10-01 04:15:00
13.954439874183958,13.86682747336764,13.888321959578048,13185000.0,2022-10-01 04:30:00
14.010348007598653,13.899373466435607,13.902822418348292,13185900.0,2022-10-01 04:45:00
14.079405899332231,13.935495551365234,13.91961068829432,13186800.0,2022-10-01 05:00:00
14.163016594051326,13.97818748249327,13.93905758354228,13187700.0,2022-10-01 05:15:00
14.264673048364749,14.032834557503742,13.96243607478858,13188600.0,2022-10-01 05:30:00
14.339718128626686,14.085624906610272,13.988758378449845,13189500.0,2022-10-01 05:45:00
14.409276552656896,14.138103307967226,14.017301203774974,13190400.0,2022-10-01 06:00:00
14.489135737719376,14.196274122627765,14.048385156924214,13191300.0,2022-10-01 06:15:00
14.604557877040143,14.259623176848192,14.082209972748364,13192200.0,2022-10-01 06:30:00
14.74359366919114,14.335979803619688,14.12020355528796,13193100.0,2022-10-01 06:45:00
14.892443135062532,14.418392535607133,14.16235608910192,13194000.0,2022-10-01 07:00:00
15.057358563388398,14.51681665682712,14.210383444455596,13194900.0,2022-10-01 07:15:00
15.136025382176888,14.603584038590506,14.261579459604311,13195800.0,2022-10-01 07:30:00
15.25239409545124,14.694377068766316,14.315762244580936,13196700.0,2022-10-01 07:45:00
15.349541545913649,14.78356040150014,14.372134268949097,13197600.0,2022-10-01 08:00:00
15.421876472710007,14.864871934167006,14.428905939879543,13198500.0,2022-10-01 08:15:00
15.578227444250516,14.957376330813716,14.487515892218266,13199400.0,2022-10-01 08:30:00
15.657447378723012,15.044963702337558,14.547237406234196,13200300.0,2022-10-01 08:45:00
15.761106762125175,15.134782307222828,14.608279471450844,13201200.0,2022-10-01 09:00:00
15.847039497873276,15.219066414856073,14.669449475268443,13202100.0,2022-10-01 09:15:00
15.952591300697357,15.30323303988352,14.730421343791178,13203000.0,2022-10-01 09:30:00
16.00969914551516,15.383669159545732,14.791125670754688,13203900.0,2022-10-01 09:45:00
16.061454536168576,15.454812353117507,14.85020889201537,13204800.0,2022-10-01 10:00:00
16.13272857109262,15.521427369394628,14.906902233641992,13205700.0,2022-10-01 10:15:00
16.15810348901689,15.581837035542287,14.961219714220125,13206600.0,2022-10-01 10:30:00
16.19185963413864,15.634700399824958,15.012623976567182,13207500.0,2022-10-01 10:45:00
16.237170268535646,15.684032038775072,15.061146371186474,13208400.0,2022-10-01 11:00:00
16.274391088391372,15.731781390580702,15.107483522686438,13209300.0,2022-10-01 11:15:00
16.274438669115355,15.771928722073756,15.151332653282532,13210200.0,2022-10-01 11:30:00
16.267608148703207,15.804132976627653,15.192253399583498,13211100.0,2022-10-01 11:45:00
16.241973975968566,15.82259322724301,15.228373714029413,13212000.0,2022-10-01 12:00:00
16.2188689275498,15.834282446603735,15.259547834380967,13212900.0,2022-10-01 12:15:00
16.17349645160066,15.834514404960483,15.28507793108654,13213800.0,2022-10-01 12:30:00
16.11995926925938,15.827967518759888,15.305208059328171,13214700.0,2022-10-01 12:45:00
16.07017595515436,15.81705624176218,15.320831486140364,13215600.0,2022-10-01 13:00:00
16.013573451133624,15.799039641433584,15.331895802661714,13216500.0,2022-10-01 13:15:00
15.9507162791304,15.773456060959344,15.33808862206641,13217400.0,2022-10-01 13:30:00
15.89348428831744,15.747836739176678,15.340686466713729,13218300.0,2022-10-01 13:45:00
15.842818392452932,15.718462130667833,15.339884678520573,13219200.0,2022-10-01 14:00:00
15.797749996140144,15.687433303531895,15.335922382493283,13220100.0,2022-10-01 14:15:00
15.757490153618605,15.660882673208972,15.330594498893111,13221000.0,2022-10-01 14:30:00
15.71925988160252,15.631706314364436,15.323645103660828,13221900.0,2022-10-01 14:45:00
15.684750779108157,15.601952151940743,15.315249569496675,13222800.0,2022-10-01 15:00:00
15.652408774301426,15.577637940224443,15.30683476712586,13223700.0,2022-10-01 15:15:00
15.622694508493485,15.555136892064755,15.298901542618417,13224600.0,2022-10-01 15:30:00
15.590944919750516,15.526667864977172,15.289725623272732,13225500.0,2022-10-01 15:45:00
15.55886439245056,15.503352444563586,15.280502943737568,13226400.0,2022-10-01 16:00:00
15.524916852970968,15.48157569857904,15.271718853831894,13227300.0,2022-10-01 16:15:00
15.489235630567173,15.456421564596017,15.2624894254259,13228200.0,2022-10-01 16:30:00
15.449494968658854,15.431721591486951,15.25279341115274,13229100.0,2022-10-01 16:45:00
15.414227561870293,15.4043272646876,15.242064615807347,13230000.0,2022-10-01 17:00:00
15.380724930951343,15.383891014829748,15.231878503533189,13230900.0,2022-10-01 17:15:00
15.351427066371674,15.356197632552782,15.220567666471904,13231800.0,2022-10-01 17:30:00
15.32579121159441,15.329892808732687,15.208454277607416,13232700.0,2022-10-01 17:45:00
15.307491788802537,15.309670942366113,15.19675132172593,13233600.0,2022-10-01 18:00:00
15.286570943989842,15.29009068607769,15.18543875820892,13234500.0,2022-10-01 18:15:00
15.266530273622914,15.275924789712324,15.175546202771573,13235400.0,2022-10-01 18:30:00
15.24427216371218,15.252553439396118,15.164915022976317,13236300.0,2022-10-01 18:45:00
15.226358287255342,15.239341363643796,15.155383525800938,13237200.0,2022-10-01 19:00:00
15.209032335277126,15.228025266883224,15.147179753677726,13238100.0,2022-10-01 19:15:00
15.192700945435396,15.20917756586883,15.138527628497242,13239000.0,2022-10-01 19:30:00
15.178226491195549,15.192104956120476,15.129397159209931,13239900.0,2022-10-01 19:45:00
15.165323737868617,15.17886546377702,15.12061533478542,13240800.0,2022-10-01 20:00:00
15.150418551437188,15.165433177605305,15.112126078691563,13241700.0,2022-10-01 20:15:00
15.139434210597026,15.154756396577772,15.10436901050684,13242600.0,2022-10-01 20:30:00
15.12963413207623,15.141607036315031,15.096618582023938,13243500.0,2022-10-01 20:45:00
15.122921725682795,15.134113068996175,15.089694509688512,13244400.0,2022-10-01 21:00:00
15.115734892138647,15.12142457262842,15.082644625639809,13245300.0,2022-10-01 21:15:00
15.107586043013235,15.115091479892444,15.076338316862708,13246200.0,2022-10-01 21:30:00
15.102298797480469,15.113038868890117,15.071515494975824,13247100.0,2022-10-01 21:45:00
15.096891968238204,15.098314505262048,15.065675669942593,13248000.0,2022-10-01 22:00:00
15.093538768510092,15.093329825529706,15.06035511227855,13248900.0,2022-10-01 22:15:00
15.09046350864319,15.088856309254398,15.055759008128195,13249800.0,2022-10-01 22:30:00
15.088535782182303,15.086015796118923,15.051854681562943,13250700.0,2022-10-01 22:45:00
15.086826364589305,15.0803934203196,15.048078498034988,13251600.0,2022-10-01 23:00:00
15.084707934494656,15.075964914314357,15.044539671162484,13252500.0,2022-10-01 23:15:00
15.084541113980189,15.073251644856407,15.04141021191834,13253400.0,2022-10-01 23:30:00
15.086405732928505,15.07237568652277,15.038967307339677,13254300.0,2022-10-01 23:45:00
15.08679668955616,15.073204942784928,15.037395557253284,13255200.0,2022-10-02 00:00:00
15.086168132371013,15.069949667898772,15.035805698516546,13256100.0,2022-10-02 00:15:00
15.086152169948464,15.068440273814048,15.034355364371324,13257000.0,2022-10-02 00:30:00
15.086384335420153,15.068802476344374,15.033360616395392,13257900.0,2022-10-02 00:45:00
15.084765788204525,15.069322155844349,15.032799554579434,13258800.0,2022-10-02 01:00:00
15.08466188198086,15.069278381881924,15.032457316491788,13259700.0,2022-10-02 01:15:00
15.085259468278569,15.06343303094608,15.031223819445538,13260600.0,2022-10-02 01:30:00
15.08744686635265,15.067515498506744,15.030845374781412,13261500.0,2022-10-02 01:45:00
15.091797607504809,15.068667719949795,15.030871580401037,13262400.0,2022-10-02 02:00:00
15.094369187931674,15.06351331520187,15.0300208085031,13263300.0,2022-10-02 02:15:00
15.098920788797724,15.070651049985036,15.030421062934654,13264200.0,2022-10-02 02:30:00
15.103022366542213,15.071313093648824,15.030990626693312,13265100.0,2022-10-02 02:45:00
15.110448639779142,15.07762856022814,15.032458629981187,13266000.0,2022-10-02 03:00:00
15.118068485813092,15.077741388736584,15.033626142290782,13266900.0,2022-10-02 03:15:00
15.130508789840588,15.086596541355949,15.035927051156964,13267800.0,2022-10-02 03:30:00
15.149800976296904,15.093170237718647,15.038789499596948,13268700.0,2022-10-02 03:45:00
15.162498282814465,15.099035713082126,15.041986289864129,13269600.0,2022-10-02 04:00:00
15.182200477503155,15.110886076596827,15.046294368776726,13270500.0,2022-10-02 04:15:00
15.205113380563766,15.118034451426048,15.05071255341606,13271400.0,2022-10-02 04:30:00
15.227239134342089,15.131783327837486,15.056274780614434,13272300.0,2022-10-02 04:45:00
15.249611233865364,15.145340273636096,15.062761149888328,13273200.0,2022-10-02 05:00:00
15.278355783231,15.160463680817866,15.070171000824429,13274100.0,2022-10-02 05:15:00
15.3045313390632,15.18400308054018,15.07988072413102,13275000.0,2022-10-02 05:30:00
15.346084491467112,15.201745521034466,15.090216214515292,13275900.0,2022-10-02 05:45:00
15.399731417128914,15.231318984397022,15.102844310315264,13276800.0,2022-10-02 06:00:00
15.446639942306811,15.259712884532064,15.117229646999924,13277700.0,2022-10-02 06:15:00
15.501580605379027,15.290407153945882,15.133160811955577,13278600.0,2022-10-02 06:30:00
15.564340207455702,15.329513401738378,15.15167172079876,13279500.0,2022-10-02 06:45:00
15.619011469086544,15.364674274330088,15.171559550273932,13280400.0,2022-10-02 07:00:00
15.659800412541816,15.404616815237082,15.19351565541538,13281300.0,2022-10-02 07:15:00
15.698615007221449,15.439971018799968,15.216292011301183,13282200.0,2022-10-02 07:30:00
15.748382628007692,15.477028797896288,15.239888018931683,13283100.0,2022-10-02 07:45:00
15.790301872800809,15.516739624229889,15.26465395870436,13284000.0,2022-10-02 08:00:00
15.822937513826458,15.551773145221164,15.289751333320128,13284900.0,2022-10-02 08:15:00
15.861802122893922,15.58344519409338,15.314251210148033,13285800.0,2022-10-02 08:30:00
15.90344835366222,15.613234991905673,15.337755374854067,13286700.0,2022-10-02 08:45:00
15.94197401402783,15.652189836835344,15.362512409214652,13287600.0,2022-10-02 09:00:00
15.971547832520589,15.68537560045256,15.38756756085722,13288500.0,2022-10-02 09:15:00
16.00245646261381,15.716243409605497,15.41223233379821,13289400.0,2022-10-02 09:30:00
16.036588405037662,15.7491932607413,15.437101201252622,13290300.0,2022-10-02 09:45:00
16.088648895129605,15.780713656195212,15.461600937885432,13291200.0,2022-10-02 10:00:00
16.130532002742893,15.817626741869873,15.486882708558896,13292100.0,2022-10-02 10:15:00
16.158703144991943,15.846318212090608,15.511335483002176,13293000.0,2022-10-02 10:30:00
16.196037268885384,15.886412448952989,15.537542564285127,13293900.0,2022-10-02 10:45:00
16.229127415549033,15.916483357345614,15.563392420450096,13294800.0,2022-10-02 11:00:00
16.263038378335537,15.947491307468413,15.5887877251387,13295700.0,2022-10-02 11:15:00
16.293510562292894,15.974296141873817,15.612944079270347,13296600.0,2022-10-02 11:30:00
16.32019980490746,16.00283864260945,15.63663092791004,13297500.0,2022-10-02 11:45:00
16.34342665967496,16.03303705730108,15.660555890744943,13298400.0,2022-10-02 12:00:00
16.362939726320782,16.059035443906357,15.68408840427073,13299300.0,2022-10-02 12:15:00
16.380875706904508,16.085035115336733,15.707427708710672,13300200.0,2022-10-02 12:30:00
16.392382026533614,16.100417096209327,15.728345028158234,13301100.0,2022-10-02 12:45:00
16.41203716151617,16.123455825269378,15.749001255831534,13302000.0,2022-10-02 13:00:00
16.418266696409134,16.141128164857065,15.768685332114332,13302900.0,2022-10-02 13:15:00
16.4218571603489,16.154709269858046,15.786921294617056,13303800.0,2022-10-02 13:30:00
16.424614840292545,16.17198378598485,15.804948662475091,13304700.0,2022-10-02 13:45:00
16.41919769745212,16.179957815200005,15.8210398807746,13305600.0,2022-10-02 14:00:00
16.408692377849107,16.18636573758684,15.835259487512095,13306500.0,2022-10-02 14:15:00
16.396267465904955,16.187624567092875,15.847077003440004,13307400.0,2022-10-02 14:30:00
16.3856310350481,16.18717728150037,15.856666572778847,13308300.0,2022-10-02 14:45:00
16.371806588356684,16.186823290525094,15.864833715885672,13309200.0,2022-10-02 15:00:00
16.35906220205928,16.18817744723716,15.87251098079358,13310100.0,2022-10-02 15:15:00
16.34163020862966,16.17894710986925,15.877713328069513,13311000.0,2022-10-02 15:30:00
16.326253557368947,16.172317351702937,15.881380237347146,13311900.0,2022-10-02 15:45:00
16.30772489548542,16.167815452396596,15.884539478307584,13312800.0,2022-10-02 16:00:00
16.2856752098533,16.16001038274936,15.88685051693884,13313700.0,2022-10-02 16:15:00
16.254967308729253,16.14715152156307,15.887568957600656,13314600.0,2022-10-02 16:30:00
16.21914549466666,16.130001419782527,15.886259983941647,13315500.0,2022-10-02 16:45:00
16.17930802464191,16.113831515486677,15.883665892458112,13316400.0,2022-10-02 17:00:00
16.13659314766612,16.088308033232845,15.878395205345983,13317300.0,2022-10-02 17:15:00
16.089636001589383,16.064362182079872,15.871171158896022,13318200.0,2022-10-02 17:30:00
16.047234730655752,16.038413600707855,15.862244377485252,13319100.0,2022-10-02 17:45:00
16.00555857971782,16.009615870289306,15.851458281567297,13320000.0,2022-10-02 18:00:00
15.96562015948682,15.979165064219918,15.838838847737712,13320900.0,2022-10-02 18:15:00
15.929377922023296,15.953072716711366,15.825703721835392,13321800.0,2022-10-02 18:30:00
15.895707108972235,15.923065374717638,15.811547650662837,13322700.0,2022-10-02 18:45:00
15.864605144897308,15.895004444053436,15.796673328085344,13323600.0,2022-10-02 19:00:00
15.833200365937524,15.874502423988606,15.782803746275995,13324500.0,2022-10-02 19:15:00
15.794253375394591,15.8450469170603,15.768218092758788,13325400.0,2022-10-02 19:30:00
15.753276287576792,15.816623269198494,15.753003336713492,13326300.0,2022-10-02 19:45:00
15.714085870444478,15.784854926516656,15.736627419466018,13327200.0,2022-10-02 20:00:00
15.685016693430477,15.758699326028278,15.720320579334883,13328100.0,2022-10-02 20:15:00
15.649327867020313,15.729599909627192,15.703601712694857,13329000.0,2022-10-02 20:30:00
15.620697936750815,15.705780210610332,15.687380349903862,13329900.0,2022-10-02 20:45:00
15.588933099667171,15.67984359545006,15.67114511649044,13330800.0,2022-10-02 21:00:00
15.551731022035328,15.652508734679405,15.654650132340684,13331700.0,2022-10-02 21:15:00
15.5158325574028,15.619147683119552,15.63682549340292,13332600.0,2022-10-02 21:30:00
15.487452516805645,15.594902885545135,15.619280575900817,13333500.0,2022-10-02 21:45:00
15.463598285736046,15.573590405174675,15.602634462180433,13334400.0,2022-10-02 22:00:00
15.438127286927472,15.54857748788788,15.58611063015972,13335300.0,2022-10-02 22:15:00
15.421902901501635,15.525406285865968,15.569723915401434,13336200.0,2022-10-02 22:30:00
15.403961310294282,15.505457075480985,15.553878991626885,13337100.0,2022-10-02 22:45:00
15.390213957358537,15.486436179932804,15.538690349175765,13338000.0,2022-10-02 23:00:00
15.375264850559018,15.469696051362916,15.524396758773316,13338900.0,2022-10-02 23:15:00
15.363369810713458,15.452116067154943,15.510595612533978,13339800.0,2022-10-02 23:30:00
15.358724889078635,15.43966351527022,15.497788700145664,13340700.0,2022-10-02 23:45:00
15.348107444453946,15.42824388776972,15.485979910280015,13341600.0,2022-10-03 00:00:00
15.335542749500188,15.417586012276857,15.475057061320772,13342500.0,2022-10-03 00:15:00
15.324270284032124,15.401195234760827,15.464019101532308,13343400.0,2022-10-03 00:30:00
15.309258793386904,15.394198537855567,15.454121209531245,13344300.0,2022-10-03 00:45:00
15.296587813507582,15.38171322837434,15.444394253052604,13345200.0,2022-10-03 01:00:00
15.28351838314207,15.368982208719723,15.434575045573045,13346100.0,2022-10-03 01:15:00
15.271111261575369,15.355181996824722,15.424481008262966,13347000.0,2022-10-03 01:30:00
15.265668694216822,15.345339309469214,15.41474018588619,13347900.0,2022-10-03 01:45:00
15.257272768199902,15.338182173543768,15.405868138894988,13348800.0,2022-10-03 02:00:00
15.254503668325068,15.326090085922491,15.396884983366792,13349700.0,2022-10-03 02:15:00
15.256900648425807,15.319487255058842,15.388464190128682,13350600.0,2022-10-03 02:30:00
15.265019662019204,15.312168871859356,15.380454498486417,13351500.0,2022-10-03 02:45:00
15.281854838804213,15.316794020294136,15.37468267047897,13352400.0,2022-10-03 03:00:00
15.301807006013044,15.318274636023771,15.37028638060898,13353300.0,2022-10-03 03:15:00
15.327779163380892,15.326542000580828,15.367917851061458,13354200.0,2022-10-03 03:30:00
15.360621156975425,15.340558938247918,15.367952331893733,13355100.0,2022-10-03 03:45:00
15.405003524131192,15.357017126196592,15.3702271471275,13356000.0,2022-10-03 04:00:00
15.455414454787585,15.376380369173791,15.374656861084656,13356900.0,2022-10-03 04:15:00
15.512738298613767,15.404501558324146,15.38202052090162,13357800.0,2022-10-03 04:30:00
15.60268385598726,15.442165131462204,15.393232661217416,13358700.0,2022-10-03 04:45:00
15.67847016222559,15.488713510300466,15.40903727888821,13359600.0,2022-10-03 05:00:00
15.76671825570206,15.535198177175172,15.428325652462563,13360500.0,2022-10-03 05:15:00
15.848933618149276,15.584190704196724,15.450586948999533,13361400.0,2022-10-03 05:30:00
15.934322639755711,15.643323035266844,15.476915779137222,13362300.0,2022-10-03 05:45:00
16.01923960461644,15.708677530568384,15.507697054119973,13363200.0,2022-10-03 06:00:00
16.092598580380187,15.757997538136513,15.538909788117754,13364100.0,2022-10-03 06:15:00
16.161276527183883,15.819607829254656,15.572377011989907,13365000.0,2022-10-03 06:30:00
16.221662257567797,15.876432665687862,15.607201199064168,13365900.0,2022-10-03 06:45:00
16.27709539308812,15.934818318543636,15.643522240752173,13366800.0,2022-10-03 07:00:00
16.339071022404525,15.984224427457466,15.679213687955547,13367700.0,2022-10-03 07:15:00
16.40869639212193,16.03654927547015,15.714693371242268,13368600.0,2022-10-03 07:30:00
16.457039654812117,16.09039847925835,15.750729905940576,13369500.0,2022-10-03 07:45:00
16.508300522870133,16.137773269310316,15.786023457229753,13370400.0,2022-10-03 08:00:00
16.575562646613164,16.188448882507508,15.82134910390944,13371300.0,2022-10-03 08:15:00
16.62667175383906,16.23857371845536,15.85693219665885,13372200.0,2022-10-03 08:30:00
16.682532807822092,16.294271007293037,15.89413258054788,13373100.0,2022-10-03 08:45:00
16.73356812538709,16.33531040373468,15.929488180140233,13374000.0,2022-10-03 09:00:00
16.772191893694163,16.388058287392187,15.96607823127094,13374900.0,2022-10-03 09:15:00
16.81530983639421,16.42674992125226,16.00092810586213,13375800.0,2022-10-03 09:30:00
16.854935460519343,16.46743232677673,16.03457510671405,13376700.0,2022-10-03 09:45:00
16.914750361674933,16.510734018247295,16.067963867416083,13377600.0,2022-10-03 10:00:00
16.978901098447373,16.56411706972296,16.1034919460402,13378500.0,2022-10-03 10:15:00
17.047476793310576,16.61197775196616,16.139434282267093,13379400.0,2022-10-03 10:30:00
17.10974263201183,16.66904786729668,16.17762508688298,13380300.0,2022-10-03 10:45:00
17.15408404378343,16.71034456292652,16.214207615476763,13381200.0,2022-10-03 11:00:00
17.192296361572172,16.75801664022285,16.250846158421457,13382100.0,2022-10-03 11:15:00
17.208885356272276,16.801516448137036,16.287498062313478,13383000.0,2022-10-03 11:30:00
17.22258096334902,16.833097147506752,16.32184479191062,13383900.0,2022-10-03 11:45:00
17.209493318445134,16.851848355609544,16.35161069932148,13384800.0,2022-10-03 12:00:00
17.224852698704694,16.87921546662991,16.379945989916475,13385700.0,2022-10-03 12:15:00
17.216165636412416,16.891115782670294,16.404098223949507,13386600.0,2022-10-03 12:30:00
17.234235587588678,16.90967217785798,16.426408095884025,13387500.0,2022-10-03 12:45:00
17.228482906186823,16.92276435152211,16.446781715493156,13388400.0,2022-10-03 13:00:00
17.236190294549786,16.931550924176875,16.46453123911167,13389300.0,2022-10-03 13:15:00
17.23435667123518,16.944646363447706,16.48143177467677,13390200.0,2022-10-03 13:30:00
17.22091766424187,16.950628528853215,16.49658925538419,13391100.0,2022-10-03 13:45:00
17.19659166294284,16.953853078246876,16.510168417536683,13392000.0,2022-10-03 14:00:00
17.166349766773152,16.945409564205324,16.520103900577332,13392900.0,2022-10-03 14:15:00
17.133185833022644,16.93143992713482,16.52592786190813,13393800.0,2022-10-03 14:30:00
17.099242727460947,16.920540927939935,16.529655713869705,13394700.0,2022-10-03 14:45:00
17.063982274654467,16.9085067191507,16.532088078558456,13395600.0,2022-10-03 15:00:00
17.030546745557125,16.891982545853626,16.532596592856518,13396500.0,2022-10-03 15:15:00
16.991382289267065,16.865478961291515,16.529303498489618,13397400.0,2022-10-03 15:30:00
16.95344532399321,16.842181457386324,16.523800697510623,13398300.0,2022-10-03 15:45:00
16.917092504698736,16.823508423226578,16.517926596684326,13399200.0,2022-10-03 16:00:00
16.88035939388893,16.799652835454012,16.510867913277508,13400100.0,2022-10-03 16:15:00
16.845205356818454,16.77738107754765,16.503150127480918,13401000.0,2022-10-03 16:30:00
16.811488024385984,16.749070870045298,16.493600545536673,13401900.0,2022-10-03 16:45:00
16.777920355251773,16.72303408045562,16.482956419137444,13402800.0,2022-10-03 17:00:00
16.741839488483492,16.698198330981608,16.471761580447563,13403700.0,2022-10-03 17:15:00
16.69743331160472,16.671667823153147,16.45998802575961,13404600.0,2022-10-03 17:30:00
16.649390570066725,16.64554475986988,16.447902846978415,13405500.0,2022-10-03 17:45:00
16.5990066091814,16.608097968633903,16.433258285043056,13406400.0,2022-10-03 18:00:00
16.54849576753112,16.574803526240782,16.417277652397686,13407300.0,2022-10-03 18:15:00
16.493499817249266,16.542347057244093,16.400773845850388,13408200.0,2022-10-03 18:30:00
16.435284311128456,16.498726743270936,16.38172036008536,13409100.0,2022-10-03 18:45:00
16.375780346352634,16.45798234059009,16.361058521513268,13410000.0,2022-10-03 19:00:00
16.322117343131495,16.421877246119088,16.340188576376274,13410900.0,2022-10-03 19:15:00
16.275024272456346,16.379669270327433,16.318003179819403,13411800.0,2022-10-03 19:30:00
16.221168403093788,16.33416307401885,16.293968861435214,13412700.0,2022-10-03 19:45:00
16.17359528847592,16.298762948570026,16.270291257792255,13413600.0,2022-10-03 20:00:00
16.140569548345333,16.260423325892077,16.24649953381688,13414500.0,2022-10-03 20:15:00
16.105752519501618,16.226241198590742,16.2231745731065,13415400.0,2022-10-03 20:30:00
16.062953133310224,16.19316532943689,16.200376595554577,13416300.0,2022-10-03 20:45:00
16.021759237608887,16.152713595723604,16.176634456510616,13417200.0,2022-10-03 21:00:00
15.983091297113258,16.117583390810612,16.152883767123814,13418100.0,2022-10-03 21:15:00
15.946694728873778,16.0867837942545,16.12987279099843,13419000.0,2022-10-03 21:30:00
15.909910201044989,16.05074053836971,16.106673420097497,13419900.0,2022-10-03 21:45:00
15.8697976420678,16.022416029980302,16.084372175894842,13420800.0,2022-10-03 22:00:00
15.84029073191958,15.990087215210153,16.062170395940882,13421700.0,2022-10-03 22:15:00
15.80861842814816,15.960549334660346,16.04020597712099,13422600.0,2022-10-03 22:30:00
15.787425261156834,15.932934283336566,16.01889023542223,13423500.0,2022-10-03 22:45:00
15.761272033361506,15.90504522117388,15.997856578408244,13424400.0,2022-10-03 23:00:00
15.734865163872652,15.885794593687471,15.978364281116445,13425300.0,2022-10-03 23:15:00
15.71192565444164,15.85685880287866,15.958781786203252,13426200.0,2022-10-03 23:30:00
15.69061309312488,15.831710056683258,15.939318100883964,13427100.0,2022-10-03 23:45:00
15.67156755202916,15.81045064799371,15.920640669384772,13428000.0,2022-10-04 00:00:00
15.654500051398747,15.791545880407174,15.90296219351364,13428900.0,2022-10-04 00:15:00
15.64116784093994,15.774639732914292,15.886339527883138,13429800.0,2022-10-04 00:30:00
15.623203831291804,15.756322766401356,15.870321764904569,13430700.0,2022-10-04 00:45:00
15.607412821066768,15.736360840108686,15.854370545025628,13431600.0,2022-10-04 01:00:00
15.58620517766308,15.718701802708768,15.838817211354533,13432500.0,2022-10-04 01:15:00
15.575194804687785,15.70660593265811,15.824433162323002,13433400.0,2022-10-04 01:30:00
15.562330654867273,15.689558353380312,15.810319331602145,13434300.0,2022-10-04 01:45:00
15.549079807825883,15.67339395375716,15.796392653645658,13435200.0,2022-10-04 02:00:00
15.54344047671348,15.661181077621722,15.783172626308286,13436100.0,2022-10-04 02:15:00
15.541408716187629,15.64962721634028,15.770669195707988,13437000.0,2022-10-04 02:30:00
15.543665313467908,15.64175748933394,15.759245323346564,13437900.0,2022-10-04 02:45:00
15.550190565238164,15.638616779981234,15.749393475570562,13438800.0,2022-10-04 03:00:00
15.556605779530203,15.631595571853152,15.74032880320572,13439700.0,2022-10-04 03:15:00
15.568395586293656,15.632914480567424,15.732897231846598,13440600.0,2022-10-04 03:30:00
15.582242834239072,15.633818688175252,15.726786112567906,13441500.0,2022-10-04 03:45:00
15.60221567792962,15.638978562804322,15.722308702090793,13442400.0,2022-10-04 04:00:00
15.628875065415071,15.647859209816346,15.719614046839803,13443300.0,2022-10-04 04:15:00
15.659846315326476,15.656819812364503,15.718425630593783,13444200.0,2022-10-04 04:30:00
15.696869944463698,15.673805200744669,15.7195107363901,13445100.0,2022-10-04 04:45:00
15.739383315538213,15.689977050679763,15.72236478602144,13446000.0,2022-10-04 05:00:00
15.790118241825288,15.715827677954715,15.72804746591334,13446900.0,2022-10-04 05:15:00
15.843650542260562,15.740665559266922,15.73588278538115,13447800.0,2022-10-04 05:30:00
15.887591367073338,15.773364039856204,15.7466350312782,13448700.0,2022-10-04 05:45:00
15.932846449785464,15.805257381501889,15.759706075869463,13449600.0,2022-10-04 06:00:00
15.984619657290745,15.834825950497022,15.773990213048512,13450500.0,2022-10-04 06:15:00
16.044344165554417,15.8718607968401,15.790291737440263,13451400.0,2022-10-04 06:30:00
16.08556354327149,15.908890749324865,15.808446435916,13452300.0,2022-10-04 06:45:00
16.111451323542823,15.938342593014138,15.826862049605769,13453200.0,2022-10-04 07:00:00
16.13595989177815,15.965844757367725,15.845039469236507,13454100.0,2022-10-04 07:15:00
16.158445847478564,15.996085610003394,15.863573335864874,13455000.0,2022-10-04 07:30:00
16.18307103799044,16.0210711685117,15.881601696767373,13455900.0,2022-10-04 07:45:00
16.209491445708817,16.04366984290435,15.898813952660266,13456800.0,2022-10-04 08:00:00
16.237276038730773,16.067301825091647,15.915588524836204,13457700.0,2022-10-04 08:15:00
16.276005003918826,16.098218570387566,15.933420430920116,13458600.0,2022-10-04 08:30:00
16.317377220348284,16.125386141715364,15.951543471199994,13459500.0,2022-10-04 08:45:00
16.346799684387467,16.14681749799355,15.968760045453584,13460400.0,2022-10-04 09:00:00
16.36808855614895,16.175866363649337,15.986701678097834,13461300.0,2022-10-04 09:15:00
16.386427353312694,16.19930990742069,16.004509320230305,13462200.0,2022-10-04 09:30:00
16.408768464787062,16.219460176811243,16.021515744215645,13463100.0,2022-10-04 09:45:00
16.42887316048805,16.243776445076254,16.038730753080674,13464000.0,2022-10-04 10:00:00
16.43834871740332,16.260076454608416,16.054781239970456,13464900.0,2022-10-04 10:15:00
16.43636443714749,16.269906391396482,16.068635104394048,13465800.0,2022-10-04 10:30:00
16.425960253236262,16.280961532515384,16.08126090388581,13466700.0,2022-10-04 10:45:00
16.41510127783098,16.2875288376339,16.092464736481844,13467600.0,2022-10-04 11:00:00
16.40708689787954,16.288950297749132,16.101467634023198,13468500.0,2022-10-04 11:15:00
16.401473940079022,16.29079937068266,16.108856476501032,13469400.0,2022-10-04 11:30:00
16.393159973311825,16.291472396078312,16.11503314832865,13470300.0,2022-10-04 11:45:00
16.38691759574825,16.29383043958887,16.120690531704852,13471200.0,2022-10-04 12:00:00
16.377746963452935,16.290062326483024,16.12478186941092,13472100.0,2022-10-04 12:15:00
16.370591945107005,16.285680048044618,16.127472949776315,13473000.0,2022-10-04 12:30:00
16.362872878143133,16.286572336738754,16.13017955138236,13473900.0,2022-10-04 12:45:00
16.353195166205552,16.279422151297645,16.131655732008944,13474800.0,2022-10-04 13:00:00
16.34291708156814,16.275217996537894,16.13252627579278,13475700.0,2022-10-04 13:15:00
16.33410415118214,16.27087374819846,16.132848954539163,13476600.0,2022-10-04 13:30:00
16.32448203608204,16.266370311201847,16.132858616632916,13477500.0,2022-10-04 13:45:00
16.315549869272058,16.2610003923606,16.132462310150387,13478400.0,2022-10-04 14:00:00
16.30524333742928,16.256978807320223,16.132095796028537,13479300.0,2022-10-04 14:15:00
16.2938098668737,16.247889707579667,16.130716403745318,13480200.0,2022-10-04 14:30:00
16.280760328260076,16.242045789148253,16.12897991459146,13481100.0,2022-10-04 14:45:00
16.2649215845505,16.232354321033803,16.12650087864957,13482000.0,2022-10-04 15:00:00
16.2478208309521,16.224134359859477,16.123694393405284,13482900.0,2022-10-04 15:15:00
16.229892142485664,16.212454474231173,16.1199909938127,13483800.0,2022-10-04 15:30:00
16.212028049658414,16.19977778159087,16.115333805089957,13484700.0,2022-10-04 15:45:00
16.19381039598158,16.1892532105565,16.11038195626495,13485600.0,2022-10-04 16:00:00
16.17119191822272,16.174767818948872,16.104618123208837,13486500.0,2022-10-04 16:15:00
16.15238792397633,16.165935253631403,16.099229776599365,13487400.0,2022-10-04 16:30:00
16.12884181186848,16.147407800187775,16.09239515214996,13488300.0,2022-10-04 16:45:00
16.106319945831476,16.135717332412923,16.08551130135369,13489200.0,2022-10-04 17:00:00
16.08140336624437,16.118613094426568,16.077791832246383,13490100.0,2022-10-04 17:15:00
16.053890059636053,16.099764607941637,16.06909169077309,13491000.0,2022-10-04 17:30:00
16.024799646760425,16.076986889370144,16.05883176761787,13491900.0,2022-10-04 17:45:00
15.9989245091136,16.055969606619374,16.047594641291045,13492800.0,2022-10-04 18:00:00
15.972765115456676,16.0378312429347,16.036231531352215,13493700.0,2022-10-04 18:15:00
15.947792199828616,16.017992556551143,16.02460483337677,13494600.0,2022-10-04 18:30:00
15.92103660476502,15.996912495168054,16.012407144673524,13495500.0,2022-10-04 18:45:00
15.89772681614406,15.980052600159274,16.00048179233909,13496400.0,2022-10-04 19:00:00
15.872002863284518,15.960616923562617,15.988404573312096,13497300.0,2022-10-04 19:15:00
15.843421480979403,15.939317147734608,15.975758185116758,13498200.0,2022-10-04 19:30:00
15.819789298119892,15.916545190709302,15.962334511714197,13499100.0,2022-10-04 19:45:00
15.796752896596194,15.899569413048267,15.949317451820107,13500000.0,2022-10-04 20:00:00
15.77610179165003,15.87463026327063,15.935420719355925,13500900.0,2022-10-04 20:15:00
15.756355844202472,15.859491479662466,15.922079148386947,13501800.0,2022-10-04 20:30:00
15.73702270104067,15.84129152478016,15.909009759288438,13502700.0,2022-10-04 20:45:00
15.716009286760931,15.82207653926038,15.895888906706766,13503600.0,2022-10-04 21:00:00
15.694437117125489,15.804452905335935,15.882855809765283,13504500.0,2022-10-04 21:15:00
15.674254601669803,15.785830582725222,15.869662337104296,13505400.0,2022-10-04 21:30:00
15.65556227716899,15.76971268788594,15.856815163704534,13506300.0,2022-10-04 21:45:00
15.641178365195772,15.754131413729567,15.844258951538384,13507200.0,2022-10-04 22:00:00
15.623129514979656,15.736805725689807,15.831693207862443,13508100.0,2022-10-04 22:15:00
15.609190078691928,15.722878691688472,15.81952322662138,13509000.0,2022-10-04 22:30:00
15.596246617764324,15.705652579686094,15.807199668403625,13509900.0,2022-10-04 22:45:00
15.58543588726642,15.693354798266924,15.795412660171102,13510800.0,2022-10-04 23:00:00
15.573103361154716,15.679235676798976,15.783888323306709,13511700.0,2022-10-04 23:15:00
15.56001622032338,15.66533934609517,15.772558501289476,13512600.0,2022-10-04 23:30:00
15.546872125796313,15.655943468989188,15.76204666047346,13513500.0,2022-10-04 23:45:00
15.533926990133,15.645043132016449,15.75209628520262,13514400.0,2022-10-05 00:00:00
15.521193549140444,15.630204903971377,15.741869450557294,13515300.0,2022-10-05 00:15:00
15.50572853527636,15.617532708158476,15.731619501960356,13516200.0,2022-10-05 00:30:00
15.49440104142706,15.605300225549414,15.721459142068989,13517100.0,2022-10-05 00:45:00
15.48095469300732,15.590354993195822,15.710850808679544,13518000.0,2022-10-05 01:00:00
15.469431695469568,15.580155365285323,15.700624910676304,13518900.0,2022-10-05 01:15:00
15.461091747098571,15.570009360242008,15.690859750660064,13519800.0,2022-10-05 01:30:00
15.450824543967569,15.55821704284577,15.681146452847408,13520700.0,2022-10-05 01:45:00
15.44361500797048,15.553001903702452,15.67240579312258,13521600.0,2022-10-05 02:00:00
15.441448583043776,15.540125876544224,15.663447652731668,13522500.0,2022-10-05 02:15:00
15.443525756318492,15.535883904077526,15.655220251321277,13523400.0,2022-10-05 02:30:00
15.453874583848664,15.532129052623684,15.647898394584836,13524300.0,2022-10-05 02:45:00
15.46803513952078,15.53298231075105,15.641985131855828,13525200.0,2022-10-05 03:00:00
15.490183470559174,15.53589809720254,15.637602093752143,13526100.0,2022-10-05 03:15:00
15.522295065183236,15.544630205317173,15.63504058151072,13527000.0,2022-10-05 03:30:00
15.554789712776016,15.555631131548312,15.634370179264424,13527900.0,2022-10-05 03:45:00
15.591619386360664,15.572090356655618,15.635999402628466,13528800.0,2022-10-05 04:00:00
15.634223340242606,15.593064893427307,15.640274323864316,13529700.0,2022-10-05 04:15:00
15.691033370007972,15.621049534368796,15.647534666856124,13530600.0,2022-10-05 04:30:00
15.748239316543437,15.65110755098006,15.657478655256003,13531500.0,2022-10-05 04:45:00
15.813083318064814,15.685785356418982,15.670195103829332,13532400.0,2022-10-05 05:00:00
15.872775675238216,15.72132058676012,15.685269224992332,13533300.0,2022-10-05 05:15:00
15.949922828451632,15.768123034724296,15.703878484587326,13534200.0,2022-10-05 05:30:00
16.026132266471794,15.815804894331558,15.72555442524256,13535100.0,2022-10-05 05:45:00
16.093568103203406,15.863857020048728,15.749646855984,13536000.0,2022-10-05 06:00:00
16.191834447568084,15.921307372253615,15.77702421559219,13536900.0,2022-10-05 06:15:00
16.273618025564918,15.980718785803514,15.8074130006988,13537800.0,2022-10-05 06:30:00
16.37295278569267,16.045821016424753,15.8411726346971,13538700.0,2022-10-05 06:45:00
16.46418442684616,16.10838969118795,15.876880055078068,13539600.0,2022-10-05 07:00:00
16.54617492359591,16.17347900240094,15.914615533452872,13540500.0,2022-10-05 07:15:00
16.59957170929721,16.237929149267188,15.954124619256486,13541400.0,2022-10-05 07:30:00
16.629172118317967,16.289127609130396,15.992965086458156,13542300.0,2022-10-05 07:45:00
16.65300630347234,16.333189977357847,16.029815038832137,13543200.0,2022-10-05 08:00:00
16.6838967431627,16.371725679518846,16.064083771162565,13544100.0,2022-10-05 08:15:00
16.715320431579407,16.413456280481867,16.09719506495963,13545000.0,2022-10-05 08:30:00
16.739408565509123,16.449533797667428,16.128861335683414,13545900.0,2022-10-05 08:45:00
16.7587497046806,16.477974200099208,16.157838737451197,13546800.0,2022-10-05 09:00:00
16.785584776823736,16.5069623817959,16.185035917507204,13547700.0,2022-10-05 09:15:00
16.813303439503166,16.534267922711784,16.210596305040486,13548600.0,2022-10-05 09:30:00
16.844874224342213,16.5669386480249,16.23619634323326,13549500.0,2022-10-05 09:45:00
16.87813503046024,16.59606593957368,16.26133294478557,13550400.0,2022-10-05 10:00:00
16.92198725329807,16.62867788398843,16.2866176284383,13551300.0,2022-10-05 10:15:00
16.97152276522088,16.662730834373896,16.31220362141135,13552200.0,2022-10-05 10:30:00
17.01259819589873,16.697124498961585,16.33816081173371,13553100.0,2022-10-05 10:45:00
17.04442683984916,16.73530827213263,16.36554382822966,13554000.0,2022-10-05 11:00:00
17.05644829966204,16.764658062085438,16.392408080983557,13554900.0,2022-10-05 11:15:00
17.054134590611792,16.78350135334615,16.416678836220026,13555800.0,2022-10-05 11:30:00
17.037351498940765,16.793620727418773,16.43722566989531,13556700.0,2022-10-05 11:45:00
17.013639578749427,16.798721812160966,16.454219724342614,13557600.0,2022-10-05 12:00:00
16.981394238336584,16.799309841518784,16.46804775051015,13558500.0,2022-10-05 12:15:00
16.94407554762767,16.79588465931909,16.479095690506593,13559400.0,2022-10-05 12:30:00
16.901273779817572,16.780997291576984,16.48586093549944,13560300.0,2022-10-05 12:45:00
16.853679324361163,16.759726328991572,16.48794481092093,13561200.0,2022-10-05 13:00:00
16.802848232721054,16.737666915634577,16.48670542789003,13562100.0,2022-10-05 13:15:00
16.745368768320123,16.71261585457089,16.48265769558296,13563000.0,2022-10-05 13:30:00
16.693562749382448,16.68542056939148,16.476363831683603,13563900.0,2022-10-05 13:45:00
16.639320833247307,16.647368917837976,16.46610256159318,13564800.0,2022-10-05 14:00:00
16.588734716599337,16.61503358719291,16.453746375798655,13565700.0,2022-10-05 14:15:00
16.532007637273495,16.578938349504533,16.43939175587606,13566600.0,2022-10-05 14:30:00
16.477573492540376,16.54073445664726,16.423106488922357,13567500.0,2022-10-05 14:45:00
16.427650490068668,16.497216186410807,16.4041986947686,13568400.0,2022-10-05 15:00:00
16.373794676729183,16.466069237298242,16.385619570594624,13569300.0,2022-10-05 15:15:00
16.320685106330526,16.42178501290413,16.36512250637359,13570200.0,2022-10-05 15:30:00
16.267652018827835,16.38136689344741,16.343475768336468,13571100.0,2022-10-05 15:45:00
16.212622063516697,16.340985344188695,16.321036579976848,13572000.0,2022-10-05 16:00:00
16.15240562118567,16.296490013968192,16.29734505443121,13572900.0,2022-10-05 16:15:00
16.086730962697132,16.250099588438584,16.27232455644637,13573800.0,2022-10-05 16:30:00
16.02170936451599,16.207536631915527,16.24687029943982,13574700.0,2022-10-05 16:45:00
15.946237203603296,16.152498367555147,16.219112682133996,13575600.0,2022-10-05 17:00:00
15.877600831567786,16.103110078994387,16.190165457025458,13576500.0,2022-10-05 17:15:00
15.804637354201828,16.049858495065735,16.159795220266272,13577400.0,2022-10-05 17:30:00
15.738005816032231,15.99711111074118,16.12835827673566,13578300.0,2022-10-05 17:45:00
15.67222819889558,15.947445707075037,16.096568874422925,13579200.0,2022-10-05 18:00:00
15.596096185472591,15.889919046884774,16.063375104222857,13580100.0,2022-10-05 18:15:00
15.531903707079582,15.834891931293088,16.0292131366828,13581000.0,2022-10-05 18:30:00
15.47129794297716,15.77870815979556,15.994167372126796,13581900.0,2022-10-05 18:45:00
15.398386145094456,15.724639349468337,15.95867454214492,13582800.0,2022-10-05 19:00:00
15.32653325355021,15.670607294816431,15.922891381358005,13583700.0,2022-10-05 19:15:00
15.24047511472153,15.614755669502555,15.886634405367277,13584600.0,2022-10-05 19:30:00
15.157117117950532,15.548435128725687,15.848414108247797,13585500.0,2022-10-05 19:45:00
15.07909941470248,15.491417589812706,15.809626578526446,13586400.0,2022-10-05 20:00:00
14.985122091885392,15.425890545964029,15.769348911738334,13587300.0,2022-10-05 20:15:00
14.901100564353104,15.358069451993218,15.727466065149365,13588200.0,2022-10-05 20:30:00
14.821210321855965,15.29047578422978,15.68442677017806,13589100.0,2022-10-05 20:45:00
14.749159050559973,15.22636027735086,15.64087538722209,13590000.0,2022-10-05 21:00:00
14.679274206152224,15.163878595561355,15.597120449451154,13590900.0,2022-10-05 21:15:00
14.602518219177668,15.101762794595963,15.553228871394923,13591800.0,2022-10-05 21:30:00
14.542473888456191,15.042545471730742,15.509549547591792,13592700.0,2022-10-05 21:45:00
14.482974618680768,14.983638676460304,15.46635803272014,13593600.0,2022-10-05 22:00:00
14.410686908878075,14.925740745783663,15.423523949865189,13594500.0,2022-10-05 22:15:00
14.35277243804687,14.873655147076317,15.381236258057498,13595400.0,2022-10-05 22:30:00
14.290903826527025,14.818331427560286,15.339168694008636,13596300.0,2022-10-05 22:45:00
14.223606422614647,14.757158300321288,15.296992943549093,13597200.0,2022-10-05 23:00:00
14.154569633100278,14.699422678945709,15.254933803020617,13598100.0,2022-10-05 23:15:00
14.094747031586309,14.646176303786511,15.213132275788675,13599000.0,2022-10-05 23:30:00
14.028090332548988,14.593099712876612,15.171621610891393,13599900.0,2022-10-05 23:45:00
13.967782960384543,14.538635599851204,15.130135821750178,13600800.0,2022-10-06 00:00:00
13.907679404704991,14.483406216421916,15.088645701746882,13601700.0,2022-10-06 00:15:00
13.84533537315858,14.429619915340233,15.047284583006324,13602600.0,2022-10-06 00:30:00
13.790833698789564,14.377145274706873,15.006258891208851,13603500.0,2022-10-06 00:45:00
13.737039696225454,14.327057944054172,14.965670605630947,13604400.0,2022-10-06 01:00:00
13.680777301253125,14.278338779717243,14.925420874140189,13605300.0,2022-10-06 01:15:00
13.646373793345075,14.231794790598672,14.885761222366607,13606200.0,2022-10-06 01:30:00
13.607275482014876,14.188262918290231,14.84689548486656,13607100.0,2022-10-06 01:45:00
13.576305777569342,14.148506531149268,14.80906046577649,13608000.0,2022-10-06 02:00:00
13.550674439540506,14.109431026296894,14.772503627341935,13608900.0,2022-10-06 02:15:00
13.517537335106908,14.07534244779852,14.737237122186157,13609800.0,2022-10-06 02:30:00
13.48708771469585,14.04110555654352,14.703037061819018,13610700.0,2022-10-06 02:45:00
13.465105640006168,14.009854611068342,14.669891843303704,13611600.0,2022-10-06 03:00:00
13.44934864280312,13.978950709329483,14.637875632842064,13612500.0,2022-10-06 03:15:00
13.45241047083119,13.954468811826787,14.607525894393516,13613400.0,2022-10-06 03:30:00
13.464018304238571,13.936633787540488,14.579514682066495,13614300.0,2022-10-06 03:45:00
13.486397310920632,13.925908541936987,14.554404548349696,13615200.0,2022-10-06 04:00:00
13.519885878995284,13.923812656560449,14.532544380439973,13616100.0,2022-10-06 04:15:00
13.562163329807737,13.928028841756309,14.51403372921799,13617000.0,2022-10-06 04:30:00
13.62262274102463,13.937685024555012,14.4992726381048,13617900.0,2022-10-06 04:45:00
13.7040460297759,13.95987682024088,14.488900800411896,13618800.0,2022-10-06 05:00:00
13.80236382041765,13.99375889801654,14.483733389470098,13619700.0,2022-10-06 05:15:00
13.919184397427752,14.039422318952896,14.484383197654546,13620600.0,2022-10-06 05:30:00
14.059750766109056,14.097035983254427,14.491506714413052,13621500.0,2022-10-06 05:45:00
14.2032015709749,14.165305986285071,14.505493070036907,13622400.0,2022-10-06 06:00:00
14.295913863371998,14.231542474625916,14.525139481259572,13623300.0,2022-10-06 06:15:00
14.347372451452255,14.293434173923815,14.54847739625752,13624200.0,2022-10-06 06:30:00
14.38365676536326,14.344353301461698,14.57317494470944,13625100.0,2022-10-06 06:45:00
14.430751215655125,14.392672232535846,14.597963402388157,13626000.0,2022-10-06 07:00:00
14.532185682057388,14.449487228133698,14.623805154870102,13626900.0,2022-10-06 07:15:00
14.680199034017528,14.518315613482049,14.652435601082155,13627800.0,2022-10-06 07:30:00
14.829452103257452,14.596481093544172,14.68511498396574,13628700.0,2022-10-06 07:45:00
14.952215679423675,14.680184970011869,14.7222050022012,13629600.0,2022-10-06 08:00:00
15.0735877621884,14.774468517671176,14.764663085957787,13630500.0,2022-10-06 08:15:00
15.204730506540852,14.862626228846786,14.8106599279514,13631400.0,2022-10-06 08:30:00
15.32943373664096,14.953709335812365,14.859575410035632,13632300.0,2022-10-06 08:45:00
15.422871941832216,15.043223412639778,14.910874009055131,13633200.0,2022-10-06 09:00:00
15.48286355770262,15.119322487866087,14.962058132670746,13634100.0,2022-10-06 09:15:00
15.519349861472682,15.18855007203624,15.011962861877844,13635000.0,2022-10-06 09:30:00
15.55073832560385,15.247757033065572,15.059340874880224,13635900.0,2022-10-06 09:45:00
15.554432274476806,15.29084125900768,15.102274754564498,13636800.0,2022-10-06 10:00:00
15.54348953475707,15.324689287566718,15.140422860165817,13637700.0,2022-10-06 10:15:00
15.543398035880925,15.355542707364622,15.174653718037586,13638600.0,2022-10-06 10:30:00
15.566863067888637,15.378306394947431,15.20442908980388,13639500.0,2022-10-06 10:45:00
15.62257981983246,15.410274925702096,15.232110215002931,13640400.0,2022-10-06 11:00:00
15.67743137804932,15.446958441001366,15.25952068525754,13641300.0,2022-10-06 11:15:00
15.725788960836224,15.483043831055667,15.286839033735808,13642200.0,2022-10-06 11:30:00
15.735519739076668,15.51353663116038,15.313453822735092,13643100.0,2022-10-06 11:45:00
15.710286765566918,15.531251275917567,15.337465657743405,13644000.0,2022-10-06 12:00:00
15.658773736171662,15.537122419525458,15.35759847322514,13644900.0,2022-10-06 12:15:00
15.600508221952722,15.531605691225506,15.372942593152535,13645800.0,2022-10-06 12:30:00
15.536060999552536,15.517601040066015,15.383131053212171,13646700.0,2022-10-06 12:45:00
15.46559719728379,15.492100397359213,15.38741884398956,13647600.0,2022-10-06 13:00:00
15.39172612122612,15.458285929016734,15.385871167544414,13648500.0,2022-10-06 13:15:00
15.309944171773427,15.42055434058344,15.379326811006278,13649400.0,2022-10-06 13:30:00
15.220440638133756,15.373693684249908,15.367662894100585,13650300.0,2022-10-06 13:45:00
15.130077070301786,15.319763027578816,15.351016966191454,13651200.0,2022-10-06 14:00:00
15.043673720005508,15.269645179777218,15.33114461369598,13652100.0,2022-10-06 14:15:00
14.957121712461689,15.209764029802743,15.307467647110892,13653000.0,2022-10-06 14:30:00
14.865187420686963,15.15352392389735,15.281244130849176,13653900.0,2022-10-06 14:45:00
14.800163769015752,15.095132263258597,15.252802553796748,13654800.0,2022-10-06 15:00:00
14.74795791352342,15.041893129275708,15.223291234393118,13655700.0,2022-10-06 15:15:00
14.703718454506443,14.992598550703406,15.193639016211158,13656600.0,2022-10-06 15:30:00
14.653611569875372,14.948354879946356,15.16455542387024,13657500.0,2022-10-06 15:45:00
14.609935522319471,14.90042143661596,15.135545821591863,13658400.0,2022-10-06 16:00:00
14.555531245701038,14.856981732926869,15.107109294351313,13659300.0,2022-10-06 16:15:00
14.504478353944572,14.817182504411294,15.079499743158449,13660200.0,2022-10-06 16:30:00
14.433616312905787,14.770106703916348,15.051637163186989,13661100.0,2022-10-06 16:45:00
14.374953345032946,14.724954671192624,15.023391845694226,13662000.0,2022-10-06 17:00:00
14.303132822769491,14.672751959629489,14.993865214788942,13662900.0,2022-10-06 17:15:00
14.218055674889992,14.619184543929691,14.963044455146006,13663800.0,2022-10-06 17:30:00
14.132886009472328,14.56307869525221,14.930653857268302,13664700.0,2022-10-06 17:45:00
14.032503228686716,14.503428614144845,14.896401875882532,13665600.0,2022-10-06 18:00:00
13.946963230458042,14.437250017611708,14.859942489506532,13666500.0,2022-10-06 18:15:00
13.872160037930556,14.375547011841611,14.821964964487565,13667400.0,2022-10-06 18:30:00
13.795560210273944,14.312399863853154,14.782818281882124,13668300.0,2022-10-06 18:45:00
13.70492955722662,14.247940409113124,14.742687443807435,13669200.0,2022-10-06 19:00:00
13.611368757983406,14.184261217811876,14.70161109271575,13670100.0,2022-10-06 19:15:00
13.537927158949248,14.11808514706494,14.659490159210296,13671000.0,2022-10-06 19:30:00
13.452317895249138,14.050589708511971,14.616483667960216,13671900.0,2022-10-06 19:45:00
13.378262776196769,13.986433466816743,14.573025516329784,13672800.0,2022-10-06 20:00:00
13.293508677375012,13.919512685891732,14.529174727991968,13673700.0,2022-10-06 20:15:00
13.222420794678742,13.857140967707332,14.48519799584062,13674600.0,2022-10-06 20:30:00
13.14986131800906,13.794850516254908,14.441218181659131,13675500.0,2022-10-06 20:45:00
13.071735903457824,13.731003550985797,14.397262909159116,13676400.0,2022-10-06 21:00:00
13.021324107792116,13.67223627745276,14.353782217735636,13677300.0,2022-10-06 21:15:00
12.95153600659524,13.616389812081447,14.310851969374244,13678200.0,2022-10-06 21:30:00
12.882797070952288,13.558054221879848,14.268305782805934,13679100.0,2022-10-06 21:45:00
12.802638109891694,13.498071061834995,14.225797735291952,13680000.0,2022-10-06 22:00:00
12.732438804110442,13.442092541267836,14.183158289454152,13680900.0,2022-10-06 22:15:00
12.65319402282784,13.379316319585412,14.140169527326396,13681800.0,2022-10-06 22:30:00
12.587980053764293,13.321054630364957,14.096892374123508,13682700.0,2022-10-06 22:45:00
12.51419023952649,13.261796726270443,14.053260765277257,13683600.0,2022-10-06 23:00:00
12.431034917062568,13.200343205234953,14.009112411221276,13684500.0,2022-10-06 23:15:00
12.364936586992654,13.138943338157132,13.964553428634202,13685400.0,2022-10-06 23:30:00
12.297646457238212,13.080797971229448,13.919729894802911,13686300.0,2022-10-06 23:45:00
12.222372075260925,13.022844432839534,13.874500440151971,13687200.0,2022-10-07 00:00:00
12.169951634591412,12.964226514546446,13.829380806878245,13688100.0,2022-10-07 00:15:00
12.107924675310716,12.908658498885952,13.784651005429131,13689000.0,2022-10-07 00:30:00
12.039561275718173,12.854683650544713,13.740183159769872,13689900.0,2022-10-07 00:45:00
11.975376620746763,12.797845084436204,13.695852339734229,13690800.0,2022-10-07 01:00:00
11.921156156307362,12.741539895094682,13.651885683087356,13691700.0,2022-10-07 01:15:00
11.87281433922164,12.6909397471669,13.608471350410406,13692600.0,2022-10-07 01:30:00
11.829201960593466,12.643126695986078,13.565990934302242,13693500.0,2022-10-07 01:45:00
11.797742640380784,12.599823173041113,13.52438351424842,13694400.0,2022-10-07 02:00:00
11.77316266240618,12.559767888932836,13.483998951917368,13695300.0,2022-10-07 02:15:00
11.7510120351132,12.523050888041112,13.44517430375732,13696200.0,2022-10-07 02:30:00
11.743368202269872,12.490660239746443,13.408330470609108,13697100.0,2022-10-07 02:45:00
11.73082492278516,12.462776243111668,13.373569210752375,13698000.0,2022-10-07 03:00:00
11.723510085587488,12.43808409266566,13.340700431247038,13698900.0,2022-10-07 03:15:00
11.734104400587572,12.417031703988693,13.310214811427638,13699800.0,2022-10-07 03:30:00
11.749440232343469,12.404275000835964,13.281964915308858,13700700.0,2022-10-07 03:45:00
11.771908660425137,12.394952237612662,13.2561387512411,13701600.0,2022-10-07 04:00:00
11.808633577463103,12.392120129309664,13.232968878080566,13702500.0,2022-10-07 04:15:00
11.860851904209731,12.397190497666456,13.212697613562128,13703400.0,2022-10-07 04:30:00
11.927571260098745,12.409867540518334,13.195949088111806,13704300.0,2022-10-07 04:45:00
12.011084772686992,12.433012014667472,13.183289026120624,13705200.0,2022-10-07 05:00:00
12.103814466799582,12.464227856161752,13.17524044909984,13706100.0,2022-10-07 05:15:00
12.208476649463217,12.504874658384203,13.172166506493127,13707000.0,2022-10-07 05:30:00
12.319899198268546,12.555056953877598,13.174025708489737,13707900.0,2022-10-07 05:45:00
12.437195081062615,12.607740597471429,13.181203401527377,13708800.0,2022-10-07 06:00:00
12.559881080413982,12.670488657797632,13.193644789578189,13709700.0,2022-10-07 06:15:00
12.6821965732067,12.739381627608244,13.211322065148837,13710600.0,2022-10-07 06:30:00
12.817956523344565,12.814003086387896,13.234090367818531,13711500.0,2022-10-07 06:45:00
12.968767697265516,12.899027494973828,13.26213569536869,13712400.0,2022-10-07 07:00:00
13.147216359213768,12.994001355089097,13.29601946357864,13713300.0,2022-10-07 07:15:00
13.300107287638571,13.094228304780415,13.335661462244476,13714200.0,2022-10-07 07:30:00
13.407524529149812,13.187945173686296,13.379472235054548,13715100.0,2022-10-07 07:45:00
13.49387182234116,13.27569970831928,13.425657328762432,13716000.0,2022-10-07 08:00:00
13.576238165192247,13.35974587079012,13.472944512071576,13716900.0,2022-10-07 08:15:00
13.63486629424634,13.433265722657806,13.519630846042515,13717800.0,2022-10-07 08:30:00
13.713067736511722,13.501638497068647,13.565017882633535,13718700.0,2022-10-07 08:45:00
13.793524686139158,13.570574815411184,13.609577623296245,13719600.0,2022-10-07 09:00:00
13.880266945883363,13.639935637816654,13.653780587840776,13720500.0,2022-10-07 09:15:00
13.963863192609033,13.709521745743512,13.697947532006005,13721400.0,2022-10-07 09:30:00
14.007194707676492,13.773437630388658,13.74163827311504,13722300.0,2022-10-07 09:45:00
14.055540189832946,13.834346057008077,13.784657837770036,13723200.0,2022-10-07 10:00:00
14.119233059537423,13.887571722906776,13.826078337002894,13724100.0,2022-10-07 10:15:00
14.189019477401123,13.942865561175031,13.866358134021914,13725000.0,2022-10-07 10:30:00
14.262516865880793,14.002892680551913,13.906895780334953,13725900.0,2022-10-07 10:45:00
14.31816236715468,14.056877074505696,13.94688707885244,13726800.0,2022-10-07 11:00:00
14.350044305698429,14.106074838498843,13.985916077899242,13727700.0,2022-10-07 11:15:00
14.371015998901555,14.147310301141548,14.022865317182507,13728600.0,2022-10-07 11:30:00
14.385484118409028,14.18557571081339,14.05781950973394,13729500.0,2022-10-07 11:45:00
14.403886997495407,14.217446962187784,14.090246147336089,13730400.0,2022-10-07 12:00:00
14.413404995195268,14.244401139607582,14.119917547133,13731300.0,2022-10-07 12:15:00
14.40129776757662,14.262256955865444,14.14623846682186,13732200.0,2022-10-07 12:30:00
14.38885576221572,14.279224290485336,14.169910221851945,13733100.0,2022-10-07 12:45:00
14.38341917589813,14.287119243670343,14.190150622010629,13734000.0,2022-10-07 13:00:00
14.380687894570064,14.298706990312926,14.208224900862374,13734900.0,2022-10-07 13:15:00
14.36162483687064,14.302536503012163,14.223668900795465,13735800.0,2022-10-07 13:30:00
14.334833680380754,14.302418252057873,14.236444213672874,13736700.0,2022-10-07 13:45:00
14.296784402089049,14.29337043054524,14.245777981567054,13737600.0,2022-10-07 14:00:00
14.251113077363604,14.279345015843422,14.251679176711525,13738500.0,2022-10-07 14:15:00
14.201294048567208,14.261156664191498,14.25424638260483,13739400.0,2022-10-07 14:30:00
14.152024168309731,14.235669318688023,14.25303281842803,13740300.0,2022-10-07 14:45:00
14.108806651161396,14.215492422373496,14.24989285913882,13741200.0,2022-10-07 15:00:00
14.058997691830609,14.188515290818804,14.244258384274673,13742100.0,2022-10-07 15:15:00
14.021094893080196,14.158651479046611,14.236157051887451,13743000.0,2022-10-07 15:30:00
13.963433926030127,14.125576336891111,14.225757334616375,13743900.0,2022-10-07 15:45:00
13.92061042232712,14.10018036063306,14.214598049572317,13744800.0,2022-10-07 16:00:00
13.881099466287898,14.069248641233417,14.202147343907004,13745700.0,2022-10-07 16:15:00
13.846912571750066,14.040120719250572,14.18890920426464,13746600.0,2022-10-07 16:30:00
13.817447665218976,14.012301761059572,14.175071600285085,13747500.0,2022-10-07 16:45:00
13.7770173223457,13.98532816648539,14.160976190512134,13748400.0,2022-10-07 17:00:00
13.740910907042435,13.956595274860458,14.146371959320248,13749300.0,2022-10-07 17:15:00
13.709877559695578,13.930030647100722,14.131579351461696,13750200.0,2022-10-07 17:30:00
13.66193645066562,13.900874729601442,14.116245884176472,13751100.0,2022-10-07 17:45:00
13.633267554972342,13.871014218833476,14.100377928703228,13752000.0,2022-10-07 18:00:00
13.591837335560488,13.846669315168905,14.084618008540152,13752900.0,2022-10-07 18:15:00
13.530885958777027,13.811613676960995,14.06773627948482,13753800.0,2022-10-07 18:30:00
13.484418306850236,13.775466218528436,14.049434178609786,13754700.0,2022-10-07 18:45:00
13.430209805984555,13.740360299855547,14.03013289926716,13755600.0,2022-10-07 19:00:00
13.391303302537388,13.701180391120737,14.009626669113832,13756500.0,2022-10-07 19:15:00
13.34778470857908,13.67296727991596,13.989217277800211,13757400.0,2022-10-07 19:30:00
13.299081905791422,13.636755341599466,13.968147001606487,13758300.0,2022-10-07 19:45:00
13.260136498200133,13.599728479916594,13.946242605557202,13759200.0,2022-10-07 20:00:00
13.223913169201577,13.565206197286685,13.923994656920408,13760100.0,2022-10-07 20:15:00
13.194417809051153,13.534229592563866,13.902010198727227,13761000.0,2022-10-07 20:30:00
13.147851236322833,13.504394096715632,13.8804081012194,13761900.0,2022-10-07 20:45:00
13.113914638480322,13.472586618444648,13.858857951566748,13762800.0,2022-10-07 21:00:00
13.100157972986215,13.443106243886197,13.837486767406824,13763700.0,2022-10-07 21:15:00
13.090829902536194,13.423486934185812,13.817299044118014,13764600.0,2022-10-07 21:30:00
13.06856407913778,13.398307444107903,13.79791804952376,13765500.0,2022-10-07 21:45:00
13.049796410610936,13.378477381552552,13.779510460943005,13766400.0,2022-10-07 22:00:00
13.026239822820632,13.357977137200956,13.7618835204042,13767300.0,2022-10-07 22:15:00
12.99940269422384,13.335006660242106,13.744635394842922,13768200.0,2022-10-07 22:30:00
12.969831620988304,13.311298684207744,13.727547406075322,13769100.0,2022-10-07 22:45:00
12.947591434984744,13.289977809337971,13.710664139420013,13770000.0,2022-10-07 23:00:00
12.920344326839253,13.268947845656058,13.6940257874662,13770900.0,2022-10-07 23:15:00
12.901072635688244,13.249957071120033,13.677567308287763,13771800.0,2022-10-07 23:30:00
12.864173024405508,13.228520508951984,13.66098762842465,13772700.0,2022-10-07 23:45:00
12.83428030987962,13.201723606662332,13.643889959992366,13773600.0,2022-10-08 00:00:00
12.792351774089374,13.176185018892438,13.626187114312843,13774500.0,2022-10-08 00:15:00
12.757984421176385,13.148121885831149,13.607745340225698,13775400.0,2022-10-08 00:30:00
12.737584556353491,13.126542539353196,13.58906006669571,13776300.0,2022-10-08 00:45:00
12.716625663430046,13.101490556877064,13.57025291432172,13777200.0,2022-10-08 01:00:00
12.695968337641943,13.080883814644324,13.551800600123064,13778100.0,2022-10-08 01:15:00
12.673369855800738,13.056671291453489,13.5335494725593,13779000.0,2022-10-08 01:30:00
12.653922354562752,13.038572329712146,13.515776508340847,13779900.0,2022-10-08 01:45:00
12.623213961585416,13.017860860290153,13.498160117500507,13780800.0,2022-10-08 02:00:00
12.594071961152416,12.9893161776402,13.480238788459737,13781700.0,2022-10-08 02:15:00
12.577122054846257,12.970746396994796,13.462496787312729,13782600.0,2022-10-08 02:30:00
12.564927239916084,12.951123763614683,13.445119763736692,13783500.0,2022-10-08 02:45:00
12.55727509400086,12.935347280583958,13.428434432106982,13784400.0,2022-10-08 03:00:00
12.558629350413325,12.921877379622002,13.412596882977,13785300.0,2022-10-08 03:15:00
12.556248299468292,12.910414093207097,13.397793694656665,13786200.0,2022-10-08 03:30:00
12.577018287611724,12.908032330393247,13.384460454234553,13787100.0,2022-10-08 03:45:00
12.592608126320163,12.904519232597272,13.372718671737491,13788000.0,2022-10-08 04:00:00
12.628249645850438,12.906829234524638,13.363022157928556,13788900.0,2022-10-08 04:15:00
12.676051440158412,12.916241230803372,13.355813923011867,13789800.0,2022-10-08 04:30:00
12.73861195715056,12.938957540935387,13.351990991391196,13790700.0,2022-10-08 04:45:00
12.814022361805277,12.963538900798875,13.351791342749502,13791600.0,2022-10-08 05:00:00
12.900685328522522,12.99943442918153,13.35570707193777,13792500.0,2022-10-08 05:15:00
12.995134569388483,13.042258015393967,13.36415010273194,13793400.0,2022-10-08 05:30:00
13.097764580293347,13.093042773279407,13.377227920140154,13794300.0,2022-10-08 05:45:00
13.205258494325118,13.152906858134845,13.395225862768012,13795200.0,2022-10-08 06:00:00
13.319659092906717,13.21608077088722,13.417948246483212,13796100.0,2022-10-08 06:15:00
13.448697027771487,13.288059254524407,13.445581541251135,13797000.0,2022-10-08 06:30:00
13.52987851232072,13.355846109064748,13.47679104419394,13797900.0,2022-10-08 06:45:00
13.564289455793888,13.411369333192926,13.509227431299111,13798800.0,2022-10-08 07:00:00
13.573093063685915,13.461932101097773,13.541412256211556,13799700.0,2022-10-08 07:15:00
13.626575598768795,13.510449308824578,13.57290599726712,13800600.0,2022-10-08 07:30:00
13.74257751751011,13.570781964674543,13.605278004852964,13801500.0,2022-10-08 07:45:00
13.904271004210967,13.646541252303596,13.641004228688615,13802400.0,2022-10-08 08:00:00
14.069237666831814,13.730336421858224,13.68106504901258,13803300.0,2022-10-08 08:15:00
14.215892893154695,13.82502870323837,13.72650219698787,13804200.0,2022-10-08 08:30:00
14.323284088708244,13.914674258769736,13.775805808729627,13805100.0,2022-10-08 08:45:00
14.37787067035301,13.999174970400128,13.827535207138578,13806000.0,2022-10-08 09:00:00
14.451677716333762,14.077462385068484,13.88002289167606,13806900.0,2022-10-08 09:15:00
14.515415242270231,14.142476903687353,13.930580496201053,13807800.0,2022-10-08 09:30:00
14.560508112040376,14.206116257006382,13.97941439850484,13808700.0,2022-10-08 09:45:00
14.57995552080992,14.261857292735598,14.02612627933278,13809600.0,2022-10-08 10:00:00
14.592732354633544,14.308092960245569,14.069830161593083,13810500.0,2022-10-08 10:15:00
14.613179513241294,14.3466312070859,14.109878031457386,13811400.0,2022-10-08 10:30:00
14.640675200674716,14.380322173795603,14.14630526358738,13812300.0,2022-10-08 10:45:00
14.661605979210703,14.411654294535172,14.179624522690876,13813200.0,2022-10-08 11:00:00
14.680611908866634,14.441941363723906,14.210666105058817,13814100.0,2022-10-08 11:15:00
14.69865928815656,14.4714988007355,14.240111172817585,13815000.0,2022-10-08 11:30:00
14.7006509606356,14.493980740836813,14.267282410442972,13815900.0,2022-10-08 11:45:00
14.672825461289133,14.506278534956348,14.291090235575847,13816800.0,2022-10-08 12:00:00
14.631140699882751,14.507559567792535,14.310470761177667,13817700.0,2022-10-08 12:15:00
14.59971164938534,14.506505040923868,14.32612037761504,13818600.0,2022-10-08 12:30:00
14.579702678278355,14.502477882978212,14.338483323549491,13819500.0,2022-10-08 12:45:00
14.558415285224337,14.491752390397211,14.34698185533066,13820400.0,2022-10-08 13:00:00
14.53075212835008,14.48536319245054,14.353522817038094,13821300.0,2022-10-08 13:15:00
14.495281988136476,14.472845400271495,14.357791167376568,13822200.0,2022-10-08 13:30:00
14.456022050504076,14.453155607414764,14.358967197471618,13823100.0,2022-10-08 13:45:00
14.413255182895604,14.435455551483695,14.358050131337995,13824000.0,2022-10-08 14:00:00
14.364062688185983,14.412761823673987,14.355024216660851,13824900.0,2022-10-08 14:15:00
14.303895430830496,14.381770587904724,14.3488725613751,13825800.0,2022-10-08 14:30:00
14.247432244195853,14.350836156469226,14.340262153997386,13826700.0,2022-10-08 14:45:00
14.190785980295768,14.31786928910944,14.329512828500995,13827600.0,2022-10-08 15:00:00
14.108880184431786,14.278717986017128,14.316246499583665,13828500.0,2022-10-08 15:15:00
14.045576748999972,14.235498114656902,14.300218095830893,13829400.0,2022-10-08 15:30:00
14.000291653527444,14.189722882619671,14.281470287778404,13830300.0,2022-10-08 15:45:00
13.938086104473,14.14935623985176,14.26146487305674,13831200.0,2022-10-08 16:00:00
13.844217702633784,14.103326562744394,14.240008366787768,13832100.0,2022-10-08 16:15:00
13.773490467238036,14.05186285907838,14.21638267275618,13833000.0,2022-10-08 16:30:00
13.743546731212664,14.006607288296856,14.191633265341515,13833900.0,2022-10-08 16:45:00
13.671830728468478,13.962217691562914,14.166358427122098,13834800.0,2022-10-08 17:00:00
13.613531505070252,13.915813575765396,14.140414211429048,13835700.0,2022-10-08 17:15:00
13.539214796185489,13.863835091975456,14.113178141251844,13836600.0,2022-10-08 17:30:00
13.477833755458263,13.817125689918972,14.08537880744686,13837500.0,2022-10-08 17:45:00
13.415577164831523,13.769533650347272,14.056982127957705,13838400.0,2022-10-08 18:00:00
13.361692766341234,13.720054830329063,14.027741226074346,13839300.0,2022-10-08 18:15:00
13.313250014813542,13.67353472771198,13.998262853069775,13840200.0,2022-10-08 18:30:00
13.257917491590028,13.631429339093891,13.969141693791014,13841100.0,2022-10-08 18:45:00
13.181762845792676,13.579252540995409,13.939233931002384,13842000.0,2022-10-08 19:00:00
13.127983363101908,13.531479041901958,13.908806441889809,13842900.0,2022-10-08 19:15:00
13.07359302933532,13.486229920420564,13.878365261334872,13843800.0,2022-10-08 19:30:00
13.002552800590363,13.436508525517674,13.847457818423242,13844700.0,2022-10-08 19:45:00
12.942375469158218,13.386717219908352,13.81605798699166,13845600.0,2022-10-08 20:00:00
12.872634076633934,13.334446746780037,13.783969100699188,13846500.0,2022-10-08 20:15:00
12.795285720820198,13.284075591318484,13.751344827089984,13847400.0,2022-10-08 20:30:00
12.725006281279096,13.232384898838744,13.717954012331022,13848300.0,2022-10-08 20:45:00
12.639631353444138,13.172392213779682,13.683278398824829,13849200.0,2022-10-08 21:00:00
12.580696095097723,13.11897076817815,13.647812900890417,13850100.0,2022-10-08 21:15:00
12.50719878060279,13.062970245313744,13.61168755242536,13851000.0,2022-10-08 21:30:00
12.434128841537788,13.00665795557014,13.575080028360548,13851900.0,2022-10-08 21:45:00
12.363798074840068,12.950889852199646,13.538007132151126,13852800.0,2022-10-08 22:00:00
12.286308422535338,12.893482557853632,13.500265684042748,13853700.0,2022-10-08 22:15:00
12.205207054389009,12.836125235317182,13.461774651306031,13854600.0,2022-10-08 22:30:00
12.134731786903814,12.776387295040513,13.422579435805629,13855500.0,2022-10-08 22:45:00
12.024569932864525,12.70976581571283,13.382246360270427,13856400.0,2022-10-08 23:00:00
11.964551357275075,12.648680071624335,13.341123070632268,13857300.0,2022-10-08 23:15:00
11.897021655028936,12.588857370910072,13.299716346142352,13858200.0,2022-10-08 23:30:00
11.829015079788595,12.53246149781534,13.258053144039753,13859100.0,2022-10-08 23:45:00
11.760022798351784,12.472648012082727,13.216378933059223,13860000.0,2022-10-09 00:00:00
11.680990769667282,12.413565517895575,13.17443466079986,13860900.0,2022-10-09 00:15:00
11.617905750966964,12.354567043644836,13.132634730720396,13861800.0,2022-10-09 00:30:00
11.55617527221079,12.298933556068569,13.09099401746394,13862700.0,2022-10-09 00:45:00
11.495656667843743,12.245791567670253,13.049680293820847,13863600.0,2022-10-09 01:00:00
11.431848218604122,12.190027582305412,13.008842630055511,13864500.0,2022-10-09 01:15:00
11.359860279486892,12.13639893835984,12.968059864963053,13865400.0,2022-10-09 01:30:00
11.277878190575178,12.078759882720068,12.926921855901384,13866300.0,2022-10-09 01:45:00
11.221151243072336,12.022709555602612,12.88557224234617,13867200.0,2022-10-09 02:00:00
11.176425084843896,11.973824823134043,12.84395097521697,13868100.0,2022-10-09 02:15:00
11.134729607376997,11.922715772560672,12.803130928040046,13869000.0,2022-10-09 02:30:00
11.10419262873161,11.878298134132068,12.76331039852459,13869900.0,2022-10-09 02:45:00
11.114525679827064,11.84369102792977,12.725431630391396,13870800.0,2022-10-09 03:00:00
11.106114898617797,11.81412634584415,12.690011335656456,13871700.0,2022-10-09 03:15:00
11.106312877253472,11.790449110323369,12.6571869455439,13872600.0,2022-10-09 03:30:00
11.119655218635366,11.7728766560734,12.626972088419912,13873500.0,2022-10-09 03:45:00
11.131818722182292,11.75807202827832,12.599576678023793,13874400.0,2022-10-09 04:00:00
11.163556566420162,11.751849828782122,12.575004134984065,13875300.0,2022-10-09 04:15:00
11.195718101370344,11.751407970352265,12.553177435390666,13876200.0,2022-10-09 04:30:00
11.24536380005648,11.754546699868596,12.534705076751484,13877100.0,2022-10-09 04:45:00
11.31166871577717,11.769541930000855,12.519642306175015,13878000.0,2022-10-09 05:00:00
11.396089977538969,11.794072723688473,12.508537676802128,13878900.0,2022-10-09 05:15:00
11.488749390704893,11.825474811340898,12.501794411689024,13879800.0,2022-10-09 05:30:00
11.590562308154928,11.865193205370698,12.499772290758395,13880700.0,2022-10-09 05:45:00
11.700431918730557,11.912618417604122,12.502662344196407,13881600.0,2022-10-09 06:00:00
11.817812938601364,11.969254429260486,12.510674652390906,13882500.0,2022-10-09 06:15:00
11.944153209987208,12.030448213075488,12.52389732851117,13883400.0,2022-10-09 06:30:00
12.069809258764876,12.101664053865433,12.54215987487136,13884300.0,2022-10-09 06:45:00
12.20127656564425,12.176732415570893,12.565500623646049,13885200.0,2022-10-09 07:00:00
12.329562739803212,12.25859494227551,12.593649391838683,13886100.0,2022-10-09 07:15:00
12.464810498442056,12.34075944424488,12.62624536471306,13887000.0,2022-10-09 07:30:00
12.601935702115806,12.43153823042136,12.663147942514628,13887900.0,2022-10-09 07:45:00
12.733872980414208,12.521931644576112,12.703978507266084,13888800.0,2022-10-09 08:00:00
12.855079205982712,12.612316738408266,12.748007655559308,13889700.0,2022-10-09 08:15:00
12.957246166915484,12.701459328522,12.794574092673352,13890600.0,2022-10-09 08:30:00
13.049214745308507,12.78719050798852,12.842697069074694,13891500.0,2022-10-09 08:45:00
13.13059796809549,12.86469693786975,12.890961942082566,13892400.0,2022-10-09 09:00:00
13.201192319004267,12.939400028279575,12.938917229380936,13893300.0,2022-10-09 09:15:00
13.265251183919023,13.008699407767011,12.985867689194654,13894200.0,2022-10-09 09:30:00
13.309373720526814,13.068446400707048,13.03081919310864,13895100.0,2022-10-09 09:45:00
13.352081186552704,13.125752796462168,13.073912290855116,13896000.0,2022-10-09 10:00:00
13.382584599695416,13.173159165908856,13.114347594537598,13896900.0,2022-10-09 10:15:00
13.430738397334782,13.220457827575045,13.152652451400174,13897800.0,2022-10-09 10:30:00
13.470742165065284,13.266150686866457,13.18930370013092,13898700.0,2022-10-09 10:45:00
13.515406579890364,13.309773843003352,13.224536008426789,13899600.0,2022-10-09 11:00:00
13.570484753255052,13.355808986514512,13.259174463953467,13900500.0,2022-10-09 11:15:00
13.6142580893042,13.400154226233187,13.293369071392812,13901400.0,2022-10-09 11:30:00
13.641370828458808,13.436323727045297,13.326005363087903,13902300.0,2022-10-09 11:45:00
13.65477409236801,13.469220254960367,13.35689468228761,13903200.0,2022-10-09 12:00:00
13.657210392974156,13.496531809248822,13.3856441615809,13904100.0,2022-10-09 12:15:00
13.659505396359863,13.518745434251782,13.411920213035575,13905000.0,2022-10-09 12:30:00
13.652366190146278,13.5347743425388,13.435462498435264,13905900.0,2022-10-09 12:45:00
13.641055777221236,13.546398702762549,13.456129396290647,13906800.0,2022-10-09 13:00:00
13.621369005429216,13.553911324776749,13.474063073433053,13907700.0,2022-10-09 13:15:00
13.59472700270588,13.55223875406776,13.488410093869724,13908600.0,2022-10-09 13:30:00
13.561990226088382,13.547866895867363,13.499560445408978,13909500.0,2022-10-09 13:45:00
13.52199406525792,13.537250350130366,13.507409124235362,13910400.0,2022-10-09 14:00:00
13.47644810858956,13.523549984595448,13.512330836552954,13911300.0,2022-10-09 14:15:00
13.427484453619472,13.505298181285116,13.514335467486696,13912200.0,2022-10-09 14:30:00
13.379402083834458,13.481183438966273,13.513032129269504,13913100.0,2022-10-09 14:45:00
13.323485326620755,13.453895031598137,13.508757140341896,13914000.0,2022-10-09 15:00:00
13.278651255232765,13.425653034104757,13.50197694111826,13914900.0,2022-10-09 15:15:00
13.244931907264426,13.397815293943628,13.493274127378134,13915800.0,2022-10-09 15:30:00
13.222759182384298,13.377472015212303,13.484162095336751,13916700.0,2022-10-09 15:45:00
13.203073841030752,13.352217618244053,13.474175507583302,13917600.0,2022-10-09 16:00:00
13.192215425424465,13.33388006750688,13.464348834353167,13918500.0,2022-10-09 16:15:00
13.17728709751071,13.317644905131548,13.455077839430157,13919400.0,2022-10-09 16:30:00
13.161322149707072,13.302294642731836,13.446355086143535,13920300.0,2022-10-09 16:45:00
13.143502824550206,13.287085548130891,13.437999018085476,13921200.0,2022-10-09 17:00:00
13.122858774527808,13.271330655539568,13.429897921619103,13922100.0,2022-10-09 17:15:00
13.099650343494892,13.256251872227368,13.421933406725405,13923000.0,2022-10-09 17:30:00
13.076419293184054,13.241950461635032,13.413950400617283,13923900.0,2022-10-09 17:45:00
13.053266445051111,13.223996139420205,13.405486233614262,13924800.0,2022-10-09 18:00:00
13.033311948988144,13.207567898251964,13.396696645052325,13925700.0,2022-10-09 18:15:00
13.014514154567175,13.19244172853164,13.387914383945548,13926600.0,2022-10-09 18:30:00
12.985611506517838,13.174609353239518,13.37873993581009,13927500.0,2022-10-09 18:45:00
12.953995554250168,13.152957382175106,13.368708385776882,13928400.0,2022-10-09 19:00:00
12.922957208114957,13.133319330943808,13.358003002298792,13929300.0,2022-10-09 19:15:00
12.884533791064554,13.111969740489515,13.346697715661662,13930200.0,2022-10-09 19:30:00
12.85246205316751,13.088543348069072,13.33460741650964,13931100.0,2022-10-09 19:45:00
12.818365694317569,13.065726802159814,13.321744246451235,13932000.0,2022-10-09 20:00:00
12.781874616999843,13.040058645157938,13.308003751388974,13932900.0,2022-10-09 20:15:00
12.737197604370424,13.011725118673596,13.293195577314888,13933800.0,2022-10-09 20:30:00
12.698524001598871,12.98372150698236,13.277439426467662,13934700.0,2022-10-09 20:45:00
12.668584194566083,12.95912381421083,13.261187014929938,13935600.0,2022-10-09 21:00:00
12.643068829426264,12.929885425487267,13.244329411124468,13936500.0,2022-10-09 21:15:00
12.615020217609002,12.906726048421806,13.227535605447994,13937400.0,2022-10-09 21:30:00
12.587149286321557,12.882972568351477,13.210965601125393,13938300.0,2022-10-09 21:45:00
12.556244076818952,12.856835662509678,13.194261467096178,13939200.0,2022-10-09 22:00:00
12.52573607641316,12.832468496258691,13.177592578672495,13940100.0,2022-10-09 22:15:00
12.491806685176073,12.808927238437231,13.16095116056893,13941000.0,2022-10-09 22:30:00
12.454450351716536,12.782292868158985,13.143917634109757,13941900.0,2022-10-09 22:45:00
12.421583437678704,12.755996452677644,13.126383079825256,13942800.0,2022-10-09 23:00:00
12.397738891447483,12.730610659496543,13.108623686279287,13943700.0,2022-10-09 23:15:00
12.373449672461325,12.70561516665044,13.090805756391845,13944600.0,2022-10-09 23:30:00
12.350252642127458,12.68192136829848,13.073228708016808,13945500.0,2022-10-09 23:45:00
12.328561507835309,12.661696519189958,13.05604621841168,13946400.0,2022-10-10 00:00:00
12.310868444313286,12.640881456899976,13.039203972904934,13947300.0,2022-10-10 00:15:00
12.300906120014576,12.623037907670833,13.022921448124029,13948200.0,2022-10-10 00:30:00
12.28395230556102,12.604422300128704,13.007179300463754,13949100.0,2022-10-10 00:45:00
12.2770290256482,12.589591060897302,12.992210248272755,13950000.0,2022-10-10 01:00:00
12.278774995037072,12.578571970625555,12.978314648612216,13950900.0,2022-10-10 01:15:00
12.278163023465778,12.568413709607468,12.96537278538937,13951800.0,2022-10-10 01:30:00
12.29000585738739,12.560905037353516,12.953676147532812,13952700.0,2022-10-10 01:45:00
12.30021441902333,12.556773180632064,12.943483578285234,13953600.0,2022-10-10 02:00:00
12.312618630714466,12.556742659109684,12.934871625509462,13954500.0,2022-10-10 02:15:00
12.3257665356537,12.557529136529404,12.92775580699552,13955400.0,2022-10-10 02:30:00
12.342736793136348,12.56053261899024,12.922071818971984,13956300.0,2022-10-10 02:45:00
12.370915301367724,12.5678766125933,12.917984265905524,13957200.0,2022-10-10 03:00:00
12.410518578350729,12.579838731420937,12.91577479588927,13958100.0,2022-10-10 03:15:00
12.458353135477491,12.597803487397504,12.915897007742744,13959000.0,2022-10-10 03:30:00
12.51715378807888,12.619499948732466,12.918498526730197,13959900.0,2022-10-10 03:45:00
12.58576158093894,12.650631370875038,12.924289258145157,13960800.0,2022-10-10 04:00:00
12.65991489521581,12.685548880140871,12.933315402932726,13961700.0,2022-10-10 04:15:00
12.744840694537857,12.727447903105404,12.945849190852636,13962600.0,2022-10-10 04:30:00
12.809214534491131,12.77153511515731,12.961637680322596,13963500.0,2022-10-10 04:45:00
12.867651658771813,12.81348850153426,12.979742550154995,13964400.0,2022-10-10 05:00:00
12.915572359746164,12.855926580840814,12.999416456974084,13965300.0,2022-10-10 05:15:00
12.944686453199116,12.893862384951577,13.019878148204173,13966200.0,2022-10-10 05:30:00
12.9799563867967,12.926170333001266,13.040101013644009,13967100.0,2022-10-10 05:45:00
13.032889730185166,12.965426150653096,13.06098190174672,13968000.0,2022-10-10 06:00:00
13.09743827910485,13.00530124601196,13.082689399608196,13968900.0,2022-10-10 06:15:00
13.159410785172856,13.047239555119862,13.105526217508473,13969800.0,2022-10-10 06:30:00
13.214878387168008,13.088414605497306,13.129343224762952,13970700.0,2022-10-10 06:45:00
13.259101992094818,13.131025562497095,13.154158591906596,13971600.0,2022-10-10 07:00:00
13.305403860592438,13.169938427149512,13.179218004261823,13972500.0,2022-10-10 07:15:00
13.358462352558552,13.21058070580446,13.204706185160788,13973400.0,2022-10-10 07:30:00
13.420223921438271,13.255032257063196,13.231066689219103,13974300.0,2022-10-10 07:45:00
13.479466076408166,13.299549055612328,13.258468951509697,13975200.0,2022-10-10 08:00:00
13.538713300743408,13.344724893047392,13.286719822192548,13976100.0,2022-10-10 08:15:00
13.60275304636808,13.392661811857426,13.316066755949803,13977000.0,2022-10-10 08:30:00
13.67249026902994,13.443357455153876,13.34687395529656,13977900.0,2022-10-10 08:45:00
13.741083698414668,13.49264106863132,13.378617270504328,13978800.0,2022-10-10 09:00:00
13.78735285313934,13.542843291377164,13.411305732289946,13979700.0,2022-10-10 09:15:00
13.840747147173795,13.590724312155924,13.444483247017509,13980600.0,2022-10-10 09:30:00
13.892554978756966,13.637139710607888,13.47767101164805,13981500.0,2022-10-10 09:45:00
13.931385181676683,13.678977454331832,13.510193074368892,13982400.0,2022-10-10 10:00:00
13.960056515087167,13.7186249589005,13.541904635174877,13983300.0,2022-10-10 10:15:00
13.991667562481329,13.75702071527763,13.57299039528928,13984200.0,2022-10-10 10:30:00
14.021276129244804,13.792892652842458,13.603194060076996,13985100.0,2022-10-10 10:45:00
14.04954185923379,13.825570135047863,13.632201439854404,13986000.0,2022-10-10 11:00:00
14.070391835689115,13.854615379648758,13.659758282479713,13986900.0,2022-10-10 11:15:00
14.089069642631216,13.881382347160171,13.685721609238104,13987800.0,2022-10-10 11:30:00
14.094306047221965,13.905377903627205,13.710256615318556,13988700.0,2022-10-10 11:45:00
14.095558646153831,13.923989836834751,13.733039201968827,13989600.0,2022-10-10 12:00:00
14.093985929412389,13.935504112336885,13.753068211249524,13990500.0,2022-10-10 12:15:00
14.09236389194498,13.948698596965324,13.771299683823392,13991400.0,2022-10-10 12:30:00
14.09296052420768,13.960357406412683,13.788077573886827,13992300.0,2022-10-10 12:45:00
14.092993492691116,13.96768471633907,13.802989633498752,13993200.0,2022-10-10 13:00:00
14.090700189788866,13.974512100125656,13.816402580976352,13994100.0,2022-10-10 13:15:00
14.088264132449044,13.980702873475373,13.828672620488648,13995000.0,2022-10-10 13:30:00
14.080143360275407,13.984010709012118,13.839590652931385,13995900.0,2022-10-10 13:45:00
14.070651325505157,13.984624600821707,13.848917233119796,13996800.0,2022-10-10 14:00:00
14.057668467863325,13.984201450332618,13.85695109784516,13997700.0,2022-10-10 14:15:00
14.04553356303082,13.983896576817656,13.864082615762582,13998600.0,2022-10-10 14:30:00
14.03355777494412,13.97963476186514,13.869769565935028,13999500.0,2022-10-10 14:45:00
14.019163315411332,13.974468213794973,13.874141166366588,14000400.0,2022-10-10 15:00:00
14.005844087855468,13.970382816063012,13.877778163253154,14001300.0,2022-10-10 15:15:00
13.98999011298447,13.96221437368676,13.880144976875496,14002200.0,2022-10-10 15:30:00
13.973781585054866,13.95544999268042,13.881681584782925,14003100.0,2022-10-10 15:45:00
13.95794514348616,13.946658181009374,13.882212429014832,14004000.0,2022-10-10 16:00:00
13.941977294653084,13.940670222797584,13.882618951455132,14004900.0,2022-10-10 16:15:00
13.92287619512446,13.92851742338422,13.881718392360757,14005800.0,2022-10-10 16:30:00
13.897158457172488,13.916107201203888,13.879760736666226,14006700.0,2022-10-10 16:45:00
13.866481518135055,13.9017772101183,13.876747773696838,14007600.0,2022-10-10 17:00:00
13.833653552666188,13.885566260810808,13.87258205971854,14008500.0,2022-10-10 17:15:00
13.79576090793758,13.865218278936966,13.866931045756028,14009400.0,2022-10-10 17:30:00
13.757199938867837,13.84069515130647,13.859307066291205,14010300.0,2022-10-10 17:45:00
13.719843893079029,13.820672012063453,13.850866990269662,14011200.0,2022-10-10 18:00:00
13.675762193267856,13.794148145638994,13.840956896664457,14012100.0,2022-10-10 18:15:00
13.62711602612464,13.765141571051291,13.829326134909778,14013000.0,2022-10-10 18:30:00
13.580477498081928,13.737432473060288,13.81646123392691,14013900.0,2022-10-10 18:45:00
13.529764253115587,13.702005497680766,13.801678919012929,14014800.0,2022-10-10 19:00:00
13.474289835848047,13.666410606317909,13.785090823527,14015700.0,2022-10-10 19:15:00
13.424855816114386,13.631446995203842,13.767251425929423,14016600.0,2022-10-10 19:30:00
13.376889714977588,13.593818486503856,13.748100550870014,14017500.0,2022-10-10 19:45:00
13.327406345634772,13.56011468605344,13.728401779530492,14018400.0,2022-10-10 20:00:00
13.266614901665536,13.519081168628375,13.707416516248411,14019300.0,2022-10-10 20:15:00
13.20688666760682,13.478571070287352,13.685301154628062,14020200.0,2022-10-10 20:30:00
13.148817909430417,13.437586320501437,13.662168556592746,14021100.0,2022-10-10 20:45:00
13.076535258113816,13.38965648488094,13.63732245004076,14022000.0,2022-10-10 21:00:00
13.004287688875142,13.342136122872644,13.610959150733606,14022900.0,2022-10-10 21:15:00
12.935702669569238,13.29122578322308,13.582961118265688,14023800.0,2022-10-10 21:30:00
12.865310087187291,13.241959632338522,13.55387366123684,14024700.0,2022-10-10 21:45:00
12.794735116347388,13.188129209571551,13.52327286597817,14025600.0,2022-10-10 22:00:00
12.717322401332856,13.132867774567966,13.491291435249586,14026500.0,2022-10-10 22:15:00
12.641556177382736,13.077932175008304,13.458204229312328,14027400.0,2022-10-10 22:30:00
12.559279507838257,13.020361298395272,13.4239224758157,14028300.0,2022-10-10 22:45:00
12.475837045459569,12.961496542900829,13.388386610196576,14029200.0,2022-10-10 23:00:00
12.406431646442272,12.903116533732469,13.351794933565277,14030100.0,2022-10-10 23:15:00
12.331675200023614,12.845206965767764,13.314345058935038,14031000.0,2022-10-10 23:30:00
12.257739990545035,12.78380932062721,13.276092108015796,14031900.0,2022-10-10 23:45:00
12.19074084278406,12.725269058579128,13.237438414459858,14032800.0,2022-10-11 00:00:00
12.120767889926295,12.668663689408714,13.198642486996151,14033700.0,2022-10-11 00:15:00
12.046813068667682,12.61075417751372,13.159623685447906,14034600.0,2022-10-11 00:30:00
11.951158518065142,12.54868208639776,13.120113027060809,14035500.0,2022-10-11 00:45:00
11.88379691964674,12.488350441856973,13.0799371817112,14036400.0,2022-10-11 01:00:00
11.796205608997427,12.425312194571992,13.039081371438428,14037300.0,2022-10-11 01:15:00
11.738252867370022,12.366300561581452,12.997839316154838,14038200.0,2022-10-11 01:30:00
11.6904621298889,12.309957434049611,12.956938499816427,14039100.0,2022-10-11 01:45:00
11.645917393693011,12.25972788463188,12.91685368363694,14040000.0,2022-10-11 02:00:00
11.59878058763114,12.211204176884388,12.877892613796108,14040900.0,2022-10-11 02:15:00
11.562729471408828,12.167559533861564,12.840169388047846,14041800.0,2022-10-11 02:30:00
11.52631643568062,12.126126685243849,12.803778250871265,14042700.0,2022-10-11 02:45:00
11.511581231197594,12.090261713855558,12.769026681740163,14043600.0,2022-10-11 03:00:00
11.500707301333998,12.058416606344712,12.736261529357606,14044500.0,2022-10-11 03:15:00
11.510454274599391,12.03523555417046,12.70586416215161,14045400.0,2022-10-11 03:30:00
11.51948052720554,12.016354168346933,12.678324743615192,14046300.0,2022-10-11 03:45:00
11.540197875768984,12.006021595837916,12.653740837671972,14047200.0,2022-10-11 04:00:00
11.570404859108338,12.00112785976434,12.632372591895948,14048100.0,2022-10-11 04:15:00
11.605931415955943,12.00170298765524,12.614250175414696,14049000.0,2022-10-11 04:30:00
11.658258249543524,12.009812031390071,12.599711526495716,14049900.0,2022-10-11 04:45:00
11.726225006616437,12.02662377889922,12.58898789798178,14050800.0,2022-10-11 05:00:00
11.812992527756284,12.055474080206716,12.582627368490373,14051700.0,2022-10-11 05:15:00
11.906021970265268,12.090929373018028,12.581146477689568,14052600.0,2022-10-11 05:30:00
12.006846552282369,12.13682868155574,12.584624834278872,14053500.0,2022-10-11 05:45:00
12.116523143314794,12.187098180608348,12.593078854048644,14054400.0,2022-10-11 06:00:00
12.241881741093604,12.247102078143156,12.6068058916494,14055300.0,2022-10-11 06:15:00
12.35076998983432,12.312644385999874,12.625646209920337,14056200.0,2022-10-11 06:30:00
12.466517301456149,12.38437392061584,12.649364252707104,14057100.0,2022-10-11 06:45:00
12.58545105626832,12.45684533547362,12.677397689638545,14058000.0,2022-10-11 07:00:00
12.70417628179446,12.532945101484543,12.7094539629876,14058900.0,2022-10-11 07:15:00
12.8355615480005,12.618104271432507,12.7457387165589,14059800.0,2022-10-11 07:30:00
12.966917220060282,12.704763112143931,12.785963906041484,14060700.0,2022-10-11 07:45:00
13.087864667658993,12.796842756517096,12.83013598524993,14061600.0,2022-10-11 08:00:00
13.19837958556913,12.885287385619828,12.877184657243694,14062500.0,2022-10-11 08:15:00
13.29395998315208,12.969816312158928,12.925935364258324,14063400.0,2022-10-11 08:30:00
13.378190867909046,13.051730606121891,12.975721049147982,14064300.0,2022-10-11 08:45:00
13.443310777349376,13.126494910474428,13.025399833007674,14065200.0,2022-10-11 09:00:00
13.487955734558357,13.191214949611522,13.07345342885251,14066100.0,2022-10-11 09:15:00
13.513577422422122,13.24786010665338,13.118980308281683,14067000.0,2022-10-11 09:30:00
13.540795218602188,13.295788067751754,13.16123802682442,14067900.0,2022-10-11 09:45:00
13.563488970865471,13.338561814803766,13.20029906591761,14068800.0,2022-10-11 10:00:00
13.590336285359625,13.37429876424754,13.235715385511009,14069700.0,2022-10-11 10:15:00
13.62919219722226,13.413927470701724,13.269252445929943,14070600.0,2022-10-11 10:30:00
13.669423825087572,13.45015828678424,13.301003814522591,14071500.0,2022-10-11 10:45:00
13.708643567938,13.487949511069887,13.331786726034483,14072400.0,2022-10-11 11:00:00
13.746133671984344,13.5264635580415,13.36209612984322,14073300.0,2022-10-11 11:15:00
13.77386548882469,13.5600090106619,13.39142999043071,14074200.0,2022-10-11 11:30:00
13.795745167217412,13.590288269212111,13.419485277271336,14075100.0,2022-10-11 11:45:00
13.798373767908398,13.615164899755278,13.445696288474991,14076000.0,2022-10-11 12:00:00
13.790380586163412,13.63196197658466,13.469198356494104,14076900.0,2022-10-11 12:15:00
13.772890420732526,13.643491909487974,13.489797197572514,14077800.0,2022-10-11 12:30:00
13.747480600835807,13.649714168818974,13.507420002480698,14078700.0,2022-10-11 12:45:00
13.713363498460549,13.646057927472157,13.521132422455242,14079600.0,2022-10-11 13:00:00
13.668211852534707,13.636671325211433,13.530939963816897,14080500.0,2022-10-11 13:15:00
13.609838023064055,13.621443897060468,13.536941935324524,14081400.0,2022-10-11 13:30:00
13.54859700566182,13.596008176667176,13.538306013654845,14082300.0,2022-10-11 13:45:00
13.472914739101467,13.568245057381834,13.535937520845248,14083200.0,2022-10-11 14:00:00
13.389822950937011,13.526276045096733,13.528496035232784,14084100.0,2022-10-11 14:15:00
13.296418155772924,13.480241954205937,13.516437067184786,14085000.0,2022-10-11 14:30:00
13.210945824694972,13.43048603598248,13.50029984899616,14085900.0,2022-10-11 14:45:00
13.128825179525569,13.376246137500228,13.480358486277153,14086800.0,2022-10-11 15:00:00
13.059949200641306,13.324485522990264,13.457835917205475,14087700.0,2022-10-11 15:15:00
12.987320466859412,13.273180649305305,13.433387571862694,14088600.0,2022-10-11 15:30:00
12.933057590845594,13.223225705148424,13.407668044428258,14089500.0,2022-10-11 15:45:00
12.877694288194506,13.172729950361784,13.380987406753682,14090400.0,2022-10-11 16:00:00
12.82769572440038,13.127235425145178,13.354181866036868,14091300.0,2022-10-11 16:15:00
12.773818064291396,13.080377229430972,13.327163000345466,14092200.0,2022-10-11 16:30:00
12.716203079554475,13.036881513840516,13.300449072743229,14093100.0,2022-10-11 16:45:00
12.655885231272268,12.990697984761631,13.273486754525903,14094000.0,2022-10-11 17:00:00
12.592975744774208,12.944180646991349,13.246207494212172,14094900.0,2022-10-11 17:15:00
12.526248837990996,12.896337276543088,13.21838309810366,14095800.0,2022-10-11 17:30:00
12.46061535993065,12.84991234567546,13.189985151600958,14096700.0,2022-10-11 17:45:00
12.408570204224048,12.802326129981672,13.161075374123175,14097600.0,2022-10-11 18:00:00
12.32956591296806,12.75068753291766,13.13125738021682,14098500.0,2022-10-11 18:15:00
12.269132753879353,12.70076008490979,13.100762648669814,14099400.0,2022-10-11 18:30:00
12.200084201227307,12.647766804443563,13.069445487782296,14100300.0,2022-10-11 18:45:00
12.14284710780387,12.598006962565202,13.037668229365137,14101200.0,2022-10-11 19:00:00
12.083483707523914,12.553526499174612,13.005894348006056,14102100.0,2022-10-11 19:15:00
12.025184978806005,12.499409200737947,12.973765519874636,14103000.0,2022-10-11 19:30:00
11.975252929910738,12.453002457664022,12.94164826352554,14103900.0,2022-10-11 19:45:00
11.913003764555707,12.406710310670976,12.90981062602192,14104800.0,2022-10-11 20:00:00
11.842145193508172,12.35901379363831,12.877847336647562,14105700.0,2022-10-11 20:15:00
11.76750165528815,12.306865962635364,12.845126831309972,14106600.0,2022-10-11 20:30:00
11.682130912461936,12.252158655695569,12.811155474542913,14107500.0,2022-10-11 20:45:00
11.613566472728172,12.196125162354395,12.775996842382035,14108400.0,2022-10-11 21:00:00
11.54605459754914,12.141028273377914,12.7399196904154,14109300.0,2022-10-11 21:15:00
11.469523201131008,12.083929557396226,12.703044268163206,14110200.0,2022-10-11 21:30:00
11.396687013185828,12.029007323991644,12.665366512927529,14111100.0,2022-10-11 21:45:00
11.332224486251846,11.97263660801382,12.627141962198062,14112000.0,2022-10-11 22:00:00
11.263942105564524,11.916335077737632,12.588466349476324,14112900.0,2022-10-11 22:15:00
11.192297191353648,11.861223467690404,12.549447157300158,14113800.0,2022-10-11 22:30:00
11.129695790163655,11.804950934955375,12.510318215209448,14114700.0,2022-10-11 22:45:00
11.076585889554597,11.754655710269216,12.47127899301966,14115600.0,2022-10-11 23:00:00
11.026413180772556,11.70195284558246,12.432792549978744,14116500.0,2022-10-11 23:15:00
10.97043391043195,11.653280650801882,12.39485407072958,14117400.0,2022-10-11 23:30:00
10.918602931931032,11.606523632349273,12.357368919002791,14118300.0,2022-10-11 23:45:00
10.872814707565412,11.559720312727276,12.320514817417854,14119200.0,2022-10-12 00:00:00
10.826854777972088,11.515137569734842,12.284201173844629,14120100.0,2022-10-12 00:15:00
10.778447661872924,11.472179066810044,12.248385922541496,14121000.0,2022-10-12 00:30:00
10.719062602481964,11.427505732733776,12.212760410509748,14121900.0,2022-10-12 00:45:00
10.679594343738852,11.384729486333752,12.17725434721439,14122800.0,2022-10-12 01:00:00
10.657944937310887,11.345316409747262,12.14242862414224,14123700.0,2022-10-12 01:15:00
10.637715975769998,11.310273810788637,12.108898951986948,14124600.0,2022-10-12 01:30:00
10.623357839322107,11.279965491481162,12.076937669890434,14125500.0,2022-10-12 01:45:00
10.622883014256388,11.254936830772582,12.04703688717111,14126400.0,2022-10-12 02:00:00
10.634872588810165,11.235311880877006,12.019669945587031,14127300.0,2022-10-12 02:15:00
10.647439396835551,11.22242736446379,11.994981117334868,14128200.0,2022-10-12 02:30:00
10.654844221234598,11.212482819431816,11.972770795793265,14129100.0,2022-10-12 02:45:00
10.6691534533591,11.205219132685894,11.952824194528894,14130000.0,2022-10-12 03:00:00
10.692222968907585,11.202719019632047,11.934868098799427,14130900.0,2022-10-12 03:15:00
10.717420578379894,11.202487526529008,11.919103877848942,14131800.0,2022-10-12 03:30:00
10.759800815255032,11.206771385914465,11.9057949545387,14132700.0,2022-10-12 03:45:00
10.824716616056406,11.222293146963484,11.89536727095216,14133600.0,2022-10-12 04:00:00
10.889805687385438,11.242764297900258,11.888350352190354,14134500.0,2022-10-12 04:15:00
10.95812410978094,11.268693799775882,11.884847956929487,14135400.0,2022-10-12 04:30:00
11.034916916887148,11.304106828296934,11.88471421289984,14136300.0,2022-10-12 04:45:00
11.11143158940796,11.3407467588635,11.888062088011672,14137200.0,2022-10-12 05:00:00
11.188080971875172,11.379320568920146,11.894742021900678,14138100.0,2022-10-12 05:15:00
11.303953108032385,11.42908384832181,11.905237767579536,14139000.0,2022-10-12 05:30:00
11.444814175980486,11.491809829739315,11.920439832075244,14139900.0,2022-10-12 05:45:00
11.567838855961185,11.560668495242144,11.94081487244688,14140800.0,2022-10-12 06:00:00
11.691235669655676,11.634126216449769,11.9660885935771,14141700.0,2022-10-12 06:15:00
11.800092445952382,11.711260211654697,11.995618798862292,14142600.0,2022-10-12 06:30:00
11.972695856472964,11.796655852769868,12.029896494620187,14143500.0,2022-10-12 06:45:00
12.118910257144693,11.891728749487934,12.06919015070758,14144400.0,2022-10-12 07:00:00
12.25944256484508,11.990033398427569,12.11335343161788,14145300.0,2022-10-12 07:15:00
12.381462866751354,12.086138207044652,12.161291335596962,14146200.0,2022-10-12 07:30:00
12.500282184246764,12.178932450253232,12.211681883229058,14147100.0,2022-10-12 07:45:00
12.57332300349071,12.268053869590352,12.263441973885874,14148000.0,2022-10-12 08:00:00
12.648948056328596,12.348727623526845,12.315178734288793,14148900.0,2022-10-12 08:15:00
12.730737581935584,12.426424170507367,12.366383315047026,14149800.0,2022-10-12 08:30:00
12.813009085037407,12.499530764099962,12.416604747528424,14150700.0,2022-10-12 08:45:00
12.891970768419723,12.571158522947666,12.465906662266262,14151600.0,2022-10-12 09:00:00
12.96702357595489,12.644900103798324,12.51511224169654,14152500.0,2022-10-12 09:15:00
13.040468704631376,12.712247313621855,12.563634797251812,14153400.0,2022-10-12 09:30:00
13.112447096650811,12.778614178885292,12.611467067411796,14154300.0,2022-10-12 09:45:00
13.183638130810824,12.845248083517378,12.65903961822209,14155200.0,2022-10-12 10:00:00
13.232262978388754,12.903141845798746,12.705138589850156,14156100.0,2022-10-12 10:15:00
13.27786991573198,12.95575004171256,12.749245660233928,14157000.0,2022-10-12 10:30:00
13.348662880642587,13.01594711590525,12.793145041976745,14157900.0,2022-10-12 10:45:00
13.424028502382626,13.074770394856298,12.836864655116669,14158800.0,2022-10-12 11:00:00
13.485383657835094,13.130918949086542,12.880009060306746,14159700.0,2022-10-12 11:15:00
13.535397368266342,13.188680261562086,12.923276743883877,14160600.0,2022-10-12 11:30:00
13.567284616114687,13.236942813471764,12.965238299384312,14161500.0,2022-10-12 11:45:00
13.585040556433777,13.279647228077968,13.005280719944102,14162400.0,2022-10-12 12:00:00
13.595240317852312,13.315639388653247,13.042841110392269,14163300.0,2022-10-12 12:15:00
13.603473979128776,13.344728812022147,13.077294914990484,14164200.0,2022-10-12 12:30:00
13.607332772441064,13.370896486320508,13.108829348342264,14165100.0,2022-10-12 12:45:00
13.612091902169684,13.392125023623713,13.137439122471728,14166000.0,2022-10-12 13:00:00
13.609877470129195,13.405992782461896,13.162591531454291,14166900.0,2022-10-12 13:15:00
13.60555003844324,13.420466404334046,13.185204985281851,14167800.0,2022-10-12 13:30:00
13.595022057924425,13.430206981326222,13.205359647421686,14168700.0,2022-10-12 13:45:00
13.578203160846217,13.438001163312926,13.223479050922291,14169600.0,2022-10-12 14:00:00
13.572236244827556,13.439437436118633,13.238728089331016,14170500.0,2022-10-12 14:15:00
13.571380888382476,13.44397241933739,13.252358752516386,14171400.0,2022-10-12 14:30:00
13.564020065585852,13.44594473304644,13.264507195135288,14172300.0,2022-10-12 14:45:00
13.557466752645006,13.447722502216648,13.27542825652264,14173200.0,2022-10-12 15:00:00
13.547413401018972,13.448975257664875,13.285255677575645,14174100.0,2022-10-12 15:15:00
13.535828298261723,13.447211931436964,13.293842970463707,14175000.0,2022-10-12 15:30:00
13.521588279169112,13.444163046555236,13.3012540906878,14175900.0,2022-10-12 15:45:00
13.506261963827486,13.439906625206818,13.30745876095324,14176800.0,2022-10-12 16:00:00
13.4889626876123,13.434025927889468,13.312460528541592,14177700.0,2022-10-12 16:15:00
13.472202575775658,13.430613158533133,13.31708544464576,14178600.0,2022-10-12 16:30:00
13.44997210081118,13.422142141807653,13.320508588123095,14179500.0,2022-10-12 16:45:00
13.423484953511297,13.408602776570236,13.322058586134624,14180400.0,2022-10-12 17:00:00
13.399421549568835,13.397378569805936,13.32259455720023,14181300.0,2022-10-12 17:15:00
13.375793863319911,13.384161877724464,13.322005663415217,14182200.0,2022-10-12 17:30:00
13.351835671439684,13.372625535056953,13.320702502745284,14183100.0,2022-10-12 17:45:00
13.329231932392654,13.355243220434764,13.317891962842753,14184000.0,2022-10-12 18:00:00
13.30326946620752,13.34004836972532,13.314195216777357,14184900.0,2022-10-12 18:15:00
13.274284643215545,13.324179805790967,13.309772891974385,14185800.0,2022-10-12 18:30:00
13.244768780179417,13.305901565001824,13.304415278147731,14186700.0,2022-10-12 18:45:00
13.215388549599892,13.287388502840992,13.298218561576048,14187600.0,2022-10-12 19:00:00
13.189447899850396,13.268473312984153,13.291233609650066,14188500.0,2022-10-12 19:15:00
13.161297110594422,13.250506802741931,13.283736232735237,14189400.0,2022-10-12 19:30:00
13.1334335670974,13.230307775198344,13.275513616590356,14190300.0,2022-10-12 19:45:00
13.104123375124049,13.210551205960138,13.26671470803258,14191200.0,2022-10-12 20:00:00
13.07210341489022,13.186182069482784,13.256712059218918,14192100.0,2022-10-12 20:15:00
13.046522777446691,13.166806599981134,13.246516330071348,14193000.0,2022-10-12 20:30:00
13.021553341394284,13.146617950847272,13.236077723335752,14193900.0,2022-10-12 20:45:00
12.994787181429652,13.125534153171326,13.225284315374685,14194800.0,2022-10-12 21:00:00
12.969152245659073,13.1058025457378,13.214256183661652,14195700.0,2022-10-12 21:15:00
12.944160974552872,13.085200349183724,13.20298652651932,14196600.0,2022-10-12 21:30:00
12.916644178280688,13.064452373557623,13.19146438739144,14197500.0,2022-10-12 21:45:00
12.890293723663913,13.045717058238358,13.180086307387509,14198400.0,2022-10-12 22:00:00
12.862095230050851,13.022531154038626,13.168142382497,14199300.0,2022-10-12 22:15:00
12.833852330644682,13.002117410337537,13.15584803159558,14200200.0,2022-10-12 22:30:00
12.804298725173236,12.980521464848152,13.143283689779832,14201100.0,2022-10-12 22:45:00
12.77761764523358,12.960090233241782,13.130612089380303,14202000.0,2022-10-12 23:00:00
12.751381794603368,12.937315798315948,13.117496393711969,14202900.0,2022-10-12 23:15:00
12.725451035590924,12.914984179506568,13.103964594693185,14203800.0,2022-10-12 23:30:00
12.70386975802602,12.897185847195548,13.090816087947728,14204700.0,2022-10-12 23:45:00
12.685146000867888,12.87711676936816,13.077708406623984,14205600.0,2022-10-13 00:00:00
12.667560037735695,12.85687439279038,13.064405468762317,14206500.0,2022-10-13 00:15:00
12.655369707806036,12.84167214172664,13.051669756382497,14207400.0,2022-10-13 00:30:00
12.64603514274306,12.828595118946062,13.039740824670492,14208300.0,2022-10-13 00:45:00
12.639066247521075,12.814618415925327,13.028464561707317,14209200.0,2022-10-13 01:00:00
12.638109961948546,12.803977232878967,13.017969144126054,14210100.0,2022-10-13 01:15:00
12.641306393630051,12.796897129675022,13.008624129962246,14211000.0,2022-10-13 01:30:00
12.65032115445496,12.793532649739817,13.00058066610272,14211900.0,2022-10-13 01:45:00
12.660783972171933,12.789109474180744,12.993571111689995,14212800.0,2022-10-13 02:00:00
12.67384504975794,12.792826926447146,12.988387346683549,14213700.0,2022-10-13 02:15:00
12.689502613936076,12.795058748234077,12.98451255376226,14214600.0,2022-10-13 02:30:00
12.706668674883351,12.7995957099011,12.981903315936597,14215500.0,2022-10-13 02:45:00
12.726854620033402,12.8070543173563,12.980824722591027,14216400.0,2022-10-13 03:00:00
12.750374259822982,12.818921946532422,12.981494852505907,14217300.0,2022-10-13 03:15:00
12.775897046345271,12.82903387651698,12.983290338651884,14218200.0,2022-10-13 03:30:00
12.804328744140454,12.839770313366309,12.986020493301572,14219100.0,2022-10-13 03:45:00
12.834980528194189,12.857093752689051,12.990403704924184,14220000.0,2022-10-13 04:00:00
12.862533567930688,12.8742466763217,12.996226279657929,14220900.0,2022-10-13 04:15:00
12.893412528953077,12.89153979230036,13.003213739958468,14221800.0,2022-10-13 04:30:00
12.923181662856717,12.911540054526847,13.011363670441304,14222700.0,2022-10-13 04:45:00
12.958165051570766,12.93749090098894,13.02134162027952,14223600.0,2022-10-13 05:00:00
12.993232075191836,12.956596482256067,13.0320107642969,14224500.0,2022-10-13 05:15:00
13.031485969413408,12.98477859271678,13.044143283244738,14225400.0,2022-10-13 05:30:00
13.06078096416533,13.005851267836208,13.05669036659971,14226300.0,2022-10-13 05:45:00
13.090132986966104,13.0308098879374,13.069961754961769,14227200.0,2022-10-13 06:00:00
13.125166318731512,13.055584346685617,13.083960703710618,14228100.0,2022-10-13 06:15:00
13.178866490904651,13.085859089735887,13.099225837073297,14229000.0,2022-10-13 06:30:00
13.237503233618405,13.11735501224015,13.115761812397976,14229900.0,2022-10-13 06:45:00
13.294128114929102,13.155641184308385,13.134425442909327,14230800.0,2022-10-13 07:00:00
13.353690932017066,13.194689347499937,13.154993749145811,14231700.0,2022-10-13 07:15:00
13.429080639607571,13.239250375176798,13.17777861930374,14232600.0,2022-10-13 07:30:00
13.506094349117223,13.286694544218555,13.2027962561625,14233500.0,2022-10-13 07:45:00
13.580386641836196,13.3389478328048,13.23041402878699,14234400.0,2022-10-13 08:00:00
13.642587560396208,13.389992786320889,13.260016963067113,14235300.0,2022-10-13 08:15:00
13.705210340663948,13.4413535475123,13.291126424937444,14236200.0,2022-10-13 08:30:00
13.769436330772615,13.49247638118248,13.323321631926367,14237100.0,2022-10-13 08:45:00
13.833103637625545,13.544923116264064,13.356682020103808,14238000.0,2022-10-13 09:00:00
13.90269349969126,13.597409147451144,13.390913438775046,14238900.0,2022-10-13 09:15:00
13.968752955788675,13.6528710235157,13.42634860719564,14239800.0,2022-10-13 09:30:00
14.021689038363602,13.705456115121262,13.46246253711734,14240700.0,2022-10-13 09:45:00
14.064070553242937,13.754795315331013,13.498676304870012,14241600.0,2022-10-13 10:00:00
14.100773327459155,13.79845385484166,13.533996797412012,14242500.0,2022-10-13 10:15:00
14.135508126228125,13.839893648112572,13.568283238917036,14243400.0,2022-10-13 10:30:00
14.168108598002789,13.878720068465732,13.601308216926451,14244300.0,2022-10-13 10:45:00
14.197813848010393,13.91529392644444,13.633212279270232,14245200.0,2022-10-13 11:00:00
14.21888882682398,13.947174534963786,13.663473194587526,14246100.0,2022-10-13 11:15:00
14.245687630167431,13.97705354022575,13.692120681735918,14247000.0,2022-10-13 11:30:00
14.257653967925412,14.004268728932608,13.71932525511786,14247900.0,2022-10-13 11:45:00
14.269158903724504,14.026560498331936,13.744530360307872,14248800.0,2022-10-13 12:00:00
14.281830394595074,14.048393251125262,13.768232596882982,14249700.0,2022-10-13 12:15:00
14.289990236580865,14.068691626898165,13.790649631767092,14250600.0,2022-10-13 12:30:00
14.296595223318782,14.085597941793752,13.811581428603317,14251500.0,2022-10-13 12:45:00
14.302975274759287,14.10010878464182,13.83081469401886,14252400.0,2022-10-13 13:00:00
14.309837530101753,14.11603336143292,13.849182455890029,14253300.0,2022-10-13 13:15:00
14.314491773511133,14.125210879002749,13.865676834796233,14254200.0,2022-10-13 13:30:00
14.319212560224564,14.136757067504194,13.881158640387168,14255100.0,2022-10-13 13:45:00
14.32515504739316,14.146420462794588,13.895530753601022,14256000.0,2022-10-13 14:00:00
14.334930914892071,14.161374843261088,13.910345898655535,14256900.0,2022-10-13 14:15:00
14.34547675834932,14.167936565039124,13.9237092077205,14257800.0,2022-10-13 14:30:00
14.356975177066785,14.18017849949733,13.936757096408872,14258700.0,2022-10-13 14:45:00
14.364356182325592,14.191113043781035,13.949595163984968,14259600.0,2022-10-13 15:00:00
14.372791358301631,14.20340144389653,13.962578666101027,14260500.0,2022-10-13 15:15:00
14.380973841760293,14.210152624846122,13.974490323764035,14261400.0,2022-10-13 15:30:00
14.39087124228972,14.223576762936451,13.98680730081734,14262300.0,2022-10-13 15:45:00
14.39491927955503,14.231463612666245,13.998556557388037,14263200.0,2022-10-13 16:00:00
14.403106855754848,14.24183820086731,14.010225535113078,14264100.0,2022-10-13 16:15:00
14.406118012250502,14.247936101467925,14.021081550093951,14265000.0,2022-10-13 16:30:00
14.406786959377255,14.254682784884968,14.031310498831749,14265900.0,2022-10-13 16:45:00
14.406236363198348,14.265003226673103,14.04200769366169,14266800.0,2022-10-13 17:00:00
14.405005184821816,14.268987623026316,14.051775476251724,14267700.0,2022-10-13 17:15:00
14.401919839187316,14.269783833055431,14.060034547054707,14268600.0,2022-10-13 17:30:00
14.398299913159052,14.275871443926656,14.06815892859025,14269500.0,2022-10-13 17:45:00
14.39209667243244,14.27518082418505,14.075033501873628,14270400.0,2022-10-13 18:00:00
14.382961923018245,14.274993948861283,14.0809430078218,14271300.0,2022-10-13 18:15:00
14.368605165987365,14.27096613854186,14.085602016522348,14272200.0,2022-10-13 18:30:00
14.352233346577863,14.264947993868883,14.08892863993969,14273100.0,2022-10-13 18:45:00
14.334704687134291,14.261538644005263,14.091742277887883,14274000.0,2022-10-13 19:00:00
14.312042587316189,14.250657420487723,14.092883822606872,14274900.0,2022-10-13 19:15:00
14.291192678131946,14.24269306310069,14.093218866103731,14275800.0,2022-10-13 19:30:00
14.26507164340927,14.230553706277304,14.092312871658024,14276700.0,2022-10-13 19:45:00
14.236438098637429,14.213625434269767,14.089525669228204,14277600.0,2022-10-13 20:00:00
14.210184416592169,14.19851867109451,14.085574490360326,14278500.0,2022-10-13 20:15:00
14.185473140868288,14.182426982038786,14.080588626820116,14279400.0,2022-10-13 20:30:00
14.163732870890543,14.167313484676802,14.074933558122511,14280300.0,2022-10-13 20:45:00
14.142369677121692,14.149209453391736,14.068355407895751,14281200.0,2022-10-13 21:00:00
14.121666360610275,14.133072590379332,14.061168864032927,14282100.0,2022-10-13 21:15:00
14.098121251643706,14.11624807322016,14.05355104853196,14283000.0,2022-10-13 21:30:00
14.074748836197026,14.100638336059664,14.04584166004215,14283900.0,2022-10-13 21:45:00
14.05167138815615,14.087065178911384,14.038354875186172,14284800.0,2022-10-13 22:00:00
14.027895577518944,14.066065653016262,14.029737667533158,14285700.0,2022-10-13 22:15:00
14.007610437713018,14.05126427916242,14.021125013283331,14286600.0,2022-10-13 22:30:00
13.986428706498044,14.033466639094287,14.01213286845652,14287500.0,2022-10-13 22:45:00
13.964868285790018,14.012572140208947,14.002233896269582,14288400.0,2022-10-13 23:00:00
13.947751603748456,14.0000143737894,13.992965776711223,14289300.0,2022-10-13 23:15:00
13.926484625746005,13.981797591712931,13.983344169823024,14290200.0,2022-10-13 23:30:00
13.907816877840704,13.966674689131288,13.97387989453104,14291100.0,2022-10-13 23:45:00
13.887884508353196,13.950216794109304,13.964336217908665,14292000.0,2022-10-14 00:00:00
13.870163767378571,13.93594487893527,13.954969850904313,14292900.0,2022-10-14 00:15:00
13.853607522112547,13.919115310917892,13.94531121962178,14293800.0,2022-10-14 00:30:00
13.83992040496098,13.90682717338227,13.936098747442488,14294700.0,2022-10-14 00:45:00
13.826543798565073,13.892857859804954,13.927051716239866,14295600.0,2022-10-14 01:00:00
13.815283585555209,13.880111881032116,13.918267655573732,14296500.0,2022-10-14 01:15:00
13.804176178427072,13.87272445193464,13.91050599461274,14297400.0,2022-10-14 01:30:00
13.795702713988122,13.858699616428598,13.902435408998024,14298300.0,2022-10-14 01:45:00
13.792833588611837,13.847963466542208,13.894466795200046,14299200.0,2022-10-14 02:00:00
13.792293458166617,13.840334898568932,13.887084663743986,14300100.0,2022-10-14 02:15:00
13.794007441873823,13.83611577378781,13.88081955539664,14301000.0,2022-10-14 02:30:00
13.796666130166344,13.83329309204059,13.875640887462518,14301900.0,2022-10-14 02:45:00
13.796317895120428,13.828889168400917,13.871088962187104,14302800.0,2022-10-14 03:00:00
13.79629645265974,13.826328941315726,13.867178897345314,14303700.0,2022-10-14 03:15:00
13.79493799445646,13.826635403767671,13.86414289415637,14304600.0,2022-10-14 03:30:00
13.794771074658662,13.825730277455795,13.861727367216508,14305500.0,2022-10-14 03:45:00
13.796172415789403,13.823314774735158,13.859434108227774,14306400.0,2022-10-14 04:00:00
13.79878697598215,13.821745058738903,13.857339403311393,14307300.0,2022-10-14 04:15:00
13.806808855338684,13.821276308035968,13.855503893789011,14308200.0,2022-10-14 04:30:00
13.82424286206137,13.823830756308636,13.854219984559696,14309100.0,2022-10-14 04:45:00
13.846442070086496,13.832175005186343,13.854423971930162,14310000.0,2022-10-14 05:00:00
13.873030130245684,13.842136625032216,13.856092210359408,14310900.0,2022-10-14 05:15:00
13.909906458471712,13.86025754720638,13.86026136936762,14311800.0,2022-10-14 05:30:00
13.958005573448458,13.879370732407436,13.866523319155068,14312700.0,2022-10-14 05:45:00
14.021472284247718,13.90867743486684,13.875789136806212,14313600.0,2022-10-14 06:00:00
14.091438232056904,13.945656961910856,13.888829086941907,14314500.0,2022-10-14 06:15:00
14.15935653035888,13.983061566023425,13.90490455822345,14315400.0,2022-10-14 06:30:00
14.222393254817383,14.023195731896015,13.923626196248048,14316300.0,2022-10-14 06:45:00
14.279091750726208,14.06465370045564,13.944695348090576,14317200.0,2022-10-14 07:00:00
14.333537900861606,14.110369206847349,13.968280381125052,14318100.0,2022-10-14 07:15:00
14.39377739609504,14.1528459032289,13.993257886296377,14319000.0,2022-10-14 07:30:00
14.451456328186186,14.197662024710327,14.019563129743126,14319900.0,2022-10-14 07:45:00
14.500216968948168,14.242959673869372,14.047192247593795,14320800.0,2022-10-14 08:00:00
14.54239156763947,14.2835275080907,14.075091706445436,14321700.0,2022-10-14 08:15:00
14.58760680810046,14.326120785855387,14.103508958691426,14322600.0,2022-10-14 08:30:00
14.629695321873152,14.366294071583582,14.131927209253314,14323500.0,2022-10-14 08:45:00
14.663030617887882,14.40121671366005,14.15937253486048,14324400.0,2022-10-14 09:00:00
14.693136861243044,14.437207332951813,14.186469625283342,14325300.0,2022-10-14 09:15:00
14.717709940648136,14.468179654455964,14.212532740764878,14326200.0,2022-10-14 09:30:00
14.74262226462336,14.500071052554192,14.238047077837631,14327100.0,2022-10-14 09:45:00
14.766615720852176,14.527424893804168,14.26247278605978,14328000.0,2022-10-14 10:00:00
14.797704616371488,14.553699694478452,14.285686823801385,14328900.0,2022-10-14 10:15:00
14.822766302363975,14.582586387966796,14.30868167689872,14329800.0,2022-10-14 10:30:00
14.838475655097268,14.605710262098432,14.33065598716454,14330700.0,2022-10-14 10:45:00
14.852488190702465,14.628783409386116,14.351919568151024,14331600.0,2022-10-14 11:00:00
14.86261027329964,14.645437182935924,14.371271504433723,14332500.0,2022-10-14 11:15:00
14.876887652524728,14.663721146110428,14.38953479032544,14333400.0,2022-10-14 11:30:00
14.884481340464555,14.678400071980096,14.40645221775765,14334300.0,2022-10-14 11:45:00
14.896468517749842,14.693162193585067,14.422382675579591,14335200.0,2022-10-14 12:00:00
14.902766494393468,14.708969600225451,14.437987267348516,14336100.0,2022-10-14 12:15:00
14.906635552854247,14.72281982112619,14.4532877836897,14337000.0,2022-10-14 12:30:00
14.90238602008728,14.730228719873535,14.46700839558616,14337900.0,2022-10-14 12:45:00
14.904174103831233,14.736463389450767,14.479109722406486,14338800.0,2022-10-14 13:00:00
14.910603945750472,14.746886765064216,14.490908693893752,14339700.0,2022-10-14 13:15:00
14.917498416029607,14.75567704391706,14.50229536330297,14340600.0,2022-10-14 13:30:00
14.922537275681751,14.762912233658623,14.5130264338025,14341500.0,2022-10-14 13:45:00
14.925782404347585,14.769528430586282,14.522992509830786,14342400.0,2022-10-14 14:00:00
14.92412986515016,14.773267522503188,14.531851149376044,14343300.0,2022-10-14 14:15:00
14.92174164565283,14.777554354397218,14.540113484601711,14344200.0,2022-10-14 14:30:00
14.91915757615102,14.78117214450626,14.547725095710506,14345100.0,2022-10-14 14:45:00
14.913796116844534,14.783586641864368,14.554678558330108,14346000.0,2022-10-14 15:00:00
14.906513360570502,14.780456137949482,14.559988236568136,14346900.0,2022-10-14 15:15:00
14.900096979892124,14.784554399889146,14.565513805289669,14347800.0,2022-10-14 15:30:00
14.888284930752224,14.7812739006832,14.570088472405551,14348700.0,2022-10-14 15:45:00
14.875969141195522,14.778010029207508,14.573758848656928,14349600.0,2022-10-14 16:00:00
14.861632997197002,14.773331548610397,14.576507734870615,14350500.0,2022-10-14 16:15:00
14.843751095128448,14.768056483044475,14.578545798276725,14351400.0,2022-10-14 16:30:00
14.823641961607173,14.756031849624566,14.578576635171526,14352300.0,2022-10-14 16:45:00
14.804880347597514,14.744071911227037,14.577072738528638,14353200.0,2022-10-14 17:00:00
14.785425129620965,14.732556639022402,14.574589533284245,14354100.0,2022-10-14 17:15:00
14.76557244790422,14.723732949687085,14.571994101418372,14355000.0,2022-10-14 17:30:00
14.746497093182194,14.71099200334397,14.568558217957916,14355900.0,2022-10-14 17:45:00
14.728361557611276,14.696742098711072,14.564188553000967,14356800.0,2022-10-14 18:00:00
14.709234659144686,14.685477478227428,14.5596383656463,14357700.0,2022-10-14 18:15:00
14.693128908305672,14.673207353324358,14.554816330883604,14358600.0,2022-10-14 18:30:00
14.67756264537486,14.66265001426182,14.549968367530097,14359500.0,2022-10-14 18:45:00
14.662433081501629,14.65034739389251,14.544809830935176,14360400.0,2022-10-14 19:00:00
14.64783890142383,14.635389893626886,14.5387626111885,14361300.0,2022-10-14 19:15:00
14.636273650843496,14.625939690749012,14.532939290652443,14362200.0,2022-10-14 19:30:00
14.624439153799395,14.616635211675002,14.52759264377182,14363100.0,2022-10-14 19:45:00
14.614175975759972,14.601970372462748,14.521436050233014,14364000.0,2022-10-14 20:00:00
14.60749024116673,14.589792171956734,14.514869587892596,14364900.0,2022-10-14 20:15:00
14.603529994813362,14.582917481310748,14.50889108072658,14365800.0,2022-10-14 20:30:00
14.601766109443922,14.580038698471544,14.504342061468874,14366700.0,2022-10-14 20:45:00
14.601605254511483,14.577759309782165,14.501029558834306,14367600.0,2022-10-14 21:00:00
14.60252642400649,14.572053797255114,14.497824465802346,14368500.0,2022-10-14 21:15:00
14.604914190888612,14.567870426299944,14.49482034585944,14369400.0,2022-10-14 21:30:00
14.608943127906532,14.568045503792296,14.492724869853218,14370300.0,2022-10-14 21:45:00
14.613570065728542,14.56829678323832,14.49146377797832,14371200.0,2022-10-14 22:00:00
14.6165916875584,14.569238695297898,14.490885532927027,14372100.0,2022-10-14 22:15:00
14.61667248174011,14.569172302355971,14.490539637853336,14373000.0,2022-10-14 22:30:00
14.61738153880637,14.57277439354886,14.491132004768868,14373900.0,2022-10-14 22:45:00
14.616876494065345,14.571496014195912,14.491579809144596,14374800.0,2022-10-14 23:00:00
14.61814902249256,14.573289242720644,14.492379670857463,14375700.0,2022-10-14 23:15:00
14.618261875899613,14.574450582606165,14.493287156040015,14376600.0,2022-10-14 23:30:00
14.617929192213838,14.57325656551096,14.49382715643412,14377500.0,2022-10-14 23:45:00
14.61492438212929,14.570822389132292,14.493884615677748,14378400.0,2022-10-15 00:00:00
14.61291719149744,14.573702632150868,14.494540195370895,14379300.0,2022-10-15 00:15:00
14.608779670383688,14.57197623774122,14.49501956341707,14380200.0,2022-10-15 00:30:00
14.60077968607601,14.566771912870816,14.494493490420046,14381100.0,2022-10-15 00:45:00
14.591702596860776,14.564433953842297,14.49370912691626,14382000.0,2022-10-15 01:00:00
14.578570478030615,14.5604632769744,14.492689519029495,14382900.0,2022-10-15 01:15:00
14.5627323409603,14.551624899419728,14.490578015163557,14383800.0,2022-10-15 01:30:00
14.54824426386222,14.543884869255528,14.48779670490346,14384700.0,2022-10-15 01:45:00
14.534800485162627,14.537137595482244,14.484721540204417,14385600.0,2022-10-15 02:00:00
14.522434386150463,14.526988508631906,14.480757578733892,14386500.0,2022-10-15 02:15:00
14.515823529298702,14.52253510803408,14.477167730204588,14387400.0,2022-10-15 02:30:00
14.506281114654442,14.512776127351684,14.473036301020407,14388300.0,2022-10-15 02:45:00
14.499699410713248,14.507839848243888,14.46913661073704,14389200.0,2022-10-15 03:00:00
14.493995058374418,14.499713210792033,14.465051455781024,14390100.0,2022-10-15 03:15:00
14.49234477325543,14.493060679714088,14.46087149705776,14391000.0,2022-10-15 03:30:00
14.490572313797133,14.489979704073928,14.457242723773962,14391900.0,2022-10-15 03:45:00
14.494657028718272,14.48722502011274,14.454129548238164,14392800.0,2022-10-15 04:00:00
14.501394321745492,14.4835679059657,14.451171115309446,14393700.0,2022-10-15 04:15:00
14.514934980502128,14.48270284612542,14.448692830923465,14394600.0,2022-10-15 04:30:00
14.5320024804577,14.486260590849108,14.447358872396332,14395500.0,2022-10-15 04:45:00
14.555068294733744,14.499571438588497,14.448688413332718,14396400.0,2022-10-15 05:00:00
14.581503090815024,14.510712154937798,14.451795451228218,14397300.0,2022-10-15 05:15:00
14.619261052725037,14.529702747857897,14.457401421182071,14398200.0,2022-10-15 05:30:00
14.651673611654465,14.54892910364827,14.465024281333168,14399100.0,2022-10-15 05:45:00
14.682457437462284,14.56564010397654,14.473590139138922,14400000.0,2022-10-15 06:00:00
14.726859273312314,14.58500761768874,14.483105020416955,14400900.0,2022-10-15 06:15:00
14.776934123115277,14.6185856604058,14.495868675750277,14401800.0,2022-10-15 06:30:00
14.846868383343187,14.651794102146596,14.511228548008416,14402700.0,2022-10-15 06:45:00
14.940613332402748,14.696110490353483,14.53013447583042,14403600.0,2022-10-15 07:00:00
15.036576286911226,14.751455707884611,14.553901879208343,14404500.0,2022-10-15 07:15:00
15.13341108945862,14.811245623875594,14.582265769817155,14405400.0,2022-10-15 07:30:00
15.239577420777504,14.876681302590384,14.614935921312195,14406300.0,2022-10-15 07:45:00
15.328260754345772,14.94236841465844,14.650959662515604,14407200.0,2022-10-15 08:00:00
15.376614344212667,15.00612933004636,14.689427792305162,14408100.0,2022-10-15 08:15:00
15.424611872863451,15.063450961179738,14.728674274358584,14409000.0,2022-10-15 08:30:00
15.464213376766429,15.115852848035203,14.76767273355826,14409900.0,2022-10-15 08:45:00
15.496532051473794,15.161863150862423,14.805197515795228,14410800.0,2022-10-15 09:00:00
15.514241655239816,15.19842046726683,14.839825538457063,14411700.0,2022-10-15 09:15:00
15.542944807163575,15.232533773072186,14.871825820336849,14412600.0,2022-10-15 09:30:00
15.585784637485574,15.273418609736453,14.903392745522195,14413500.0,2022-10-15 09:45:00
15.603455676132745,15.304478984441356,14.933080652755924,14414400.0,2022-10-15 10:00:00
15.622709356512813,15.33612508906754,14.961611284058142,14415300.0,2022-10-15 10:15:00
15.631130585833969,15.356259255089183,14.986922300745672,14416200.0,2022-10-15 10:30:00
15.633983433585062,15.37652160480408,15.01004940618912,14417100.0,2022-10-15 10:45:00
15.629563316061576,15.391629180638974,15.030650962945204,14418000.0,2022-10-15 11:00:00
15.62328460499682,15.400717670912313,15.048307747245586,14418900.0,2022-10-15 11:15:00
15.604869470810725,15.407675792879555,15.0636065291927,14419800.0,2022-10-15 11:30:00
15.576855689509552,15.406808500933302,15.07587662086252,14420700.0,2022-10-15 11:45:00
15.55279653610466,15.40261437329122,15.085217278646317,14421600.0,2022-10-15 12:00:00
15.524518669510428,15.391817505639017,15.090958500169137,14422500.0,2022-10-15 12:15:00
15.503509911813383,15.389932808440204,15.096297707138731,14423400.0,2022-10-15 12:30:00
15.479829652771617,15.380247932733177,15.099958533851296,14424300.0,2022-10-15 12:45:00
15.458473715085182,15.366053132696468,15.101121038772884,14425200.0,2022-10-15 13:00:00
15.439818347208078,15.349579617581552,15.099586348220512,14426100.0,2022-10-15 13:15:00
15.41595791601784,15.335850878967936,15.09676014810182,14427000.0,2022-10-15 13:30:00
15.384253739035197,15.319472757440469,15.092695813806657,14427900.0,2022-10-15 13:45:00
15.347487232234252,15.304649992609486,15.088224996846932,14428800.0,2022-10-15 14:00:00
15.306926208729749,15.275910487360589,15.080560402076031,14429700.0,2022-10-15 14:15:00
15.268592302671514,15.249311122847756,15.07067082419251,14430600.0,2022-10-15 14:30:00
15.232896566999932,15.222969891672214,15.059281400472251,14431500.0,2022-10-15 14:45:00
15.203016914164383,15.203766658752162,15.048329565276836,14432400.0,2022-10-15 15:00:00
15.169302650423008,15.174854264169996,15.03582009020495,14433300.0,2022-10-15 15:15:00
15.134635147625453,15.151485643673658,15.023063386285646,14434200.0,2022-10-15 15:30:00
15.096884278917193,15.132820044204076,15.01127535651784,14435100.0,2022-10-15 15:45:00
15.055344187484897,15.10121553652813,14.997792150451504,14436000.0,2022-10-15 16:00:00
15.015037853820708,15.062334971521093,14.981094427697789,14436900.0,2022-10-15 16:15:00
14.976999803841274,15.036605413523194,14.96438415106533,14437800.0,2022-10-15 16:30:00
14.94034334328308,15.004432433410516,14.946835412829037,14438700.0,2022-10-15 16:45:00
14.90794812713554,14.977990237934106,14.929551431113907,14439600.0,2022-10-15 17:00:00
14.877077290581752,14.947147153153754,14.911653996362851,14440500.0,2022-10-15 17:15:00
14.852411405238774,14.923922684584603,14.894470591689668,14441400.0,2022-10-15 17:30:00
14.830016596770248,14.900640825888845,14.877943635490848,14442300.0,2022-10-15 17:45:00
14.805654435334976,14.875596364689606,14.861544801484392,14443200.0,2022-10-15 18:00:00
14.78101523480521,14.85808884039915,14.846500888694765,14444100.0,2022-10-15 18:15:00
14.75302611208927,14.83070722936618,14.83077128085516,14445000.0,2022-10-15 18:30:00
14.719639714120577,14.803687115444427,14.81437497351885,14445900.0,2022-10-15 18:45:00
14.683764520058093,14.778665478004353,14.797853242420649,14446800.0,2022-10-15 19:00:00
14.645523101728346,14.751723475845688,14.780938412868204,14447700.0,2022-10-15 19:15:00
14.606529657877449,14.720566502723964,14.762947684652842,14448600.0,2022-10-15 19:30:00
14.56678136630534,14.692978186184224,14.744681607243068,14449500.0,2022-10-15 19:45:00
14.530412702112466,14.661870692255514,14.72572783669568,14450400.0,2022-10-15 20:00:00
14.499750544802954,14.635655152010044,14.706903464203236,14451300.0,2022-10-15 20:15:00
14.472385590929049,14.609122427964587,14.68820759684058,14452200.0,2022-10-15 20:30:00
14.441491506475368,14.581347005686515,14.66933758186862,14453100.0,2022-10-15 20:45:00
14.42014689049226,14.553830052351724,14.65035455835286,14454000.0,2022-10-15 21:00:00
14.392458222927711,14.52741097290368,14.63146226208208,14454900.0,2022-10-15 21:15:00
14.371223322064004,14.513887059146365,14.614604132112367,14455800.0,2022-10-15 21:30:00
14.343134079688598,14.48661438211298,14.597428674843538,14456700.0,2022-10-15 21:45:00
14.320275141250104,14.460042906243242,14.579710283589424,14457600.0,2022-10-15 22:00:00
14.29608862118892,14.430227490092978,14.56106095862972,14458500.0,2022-10-15 22:15:00
14.28418652256647,14.417974064137477,14.544337470908635,14459400.0,2022-10-15 22:30:00
14.267129413825408,14.401410703400048,14.528930656948376,14460300.0,2022-10-15 22:45:00
14.247288880012809,14.378926149358987,14.513385046838629,14461200.0,2022-10-15 23:00:00
14.227711225814083,14.365234385441385,14.498838016901784,14462100.0,2022-10-15 23:15:00
14.201162954592228,14.345971729057442,14.484389801835515,14463000.0,2022-10-15 23:30:00
14.182024049290693,14.328522097678633,14.470133833824397,14463900.0,2022-10-15 23:45:00
14.165327092501595,14.313894349716664,14.456368986711356,14464800.0,2022-10-16 00:00:00
14.153936207148524,14.291275953451338,14.44192776170649,14465700.0,2022-10-16 00:15:00
14.141201722834596,14.284270636590534,14.428963107896898,14466600.0,2022-10-16 00:30:00
14.126851218388088,14.26194023897477,14.415395202486742,14467500.0,2022-10-16 00:45:00
14.116969922388831,14.24805526186606,14.402151036858235,14468400.0,2022-10-16 01:00:00
14.107001209291385,14.23167426904994,14.389091824046943,14469300.0,2022-10-16 01:15:00
14.102066959642302,14.226862710248133,14.377630571473384,14470200.0,2022-10-16 01:30:00
14.100017923735804,14.213709424644398,14.366513506920183,14471100.0,2022-10-16 01:45:00
14.10111009838935,14.208402374271571,14.356613092676596,14472000.0,2022-10-16 02:00:00
14.102643833865235,14.20346305733898,14.3478252705503,14472900.0,2022-10-16 02:15:00
14.102576542932816,14.199394755835256,14.340051328335152,14473800.0,2022-10-16 02:30:00
14.106696987218596,14.199920647972878,14.33361401119574,14474700.0,2022-10-16 02:45:00
14.109401499827316,14.189716828914788,14.326812740602298,14475600.0,2022-10-16 03:00:00
14.115152607724823,14.186800096523658,14.32058725246347,14476500.0,2022-10-16 03:15:00
14.127128420966423,14.191445505225662,14.316014627948157,14477400.0,2022-10-16 03:30:00
14.147117631136767,14.198915141758114,14.3131840873652,14478300.0,2022-10-16 03:45:00
14.169515709423935,14.204918020632748,14.311600759602886,14479200.0,2022-10-16 04:00:00
14.19707122018125,14.2186579652834,14.312043673343382,14480100.0,2022-10-16 04:15:00
14.225329414315976,14.229250264543223,14.31373346763356,14481000.0,2022-10-16 04:30:00
14.255855295739195,14.24582596157602,14.317139384867165,14481900.0,2022-10-16 04:45:00
14.289795701131697,14.264275431739284,14.32237677075314,14482800.0,2022-10-16 05:00:00
14.32251364032736,14.281110313697706,14.328745462227838,14483700.0,2022-10-16 05:15:00
14.355153047773864,14.301836976458535,14.336531677051973,14484600.0,2022-10-16 05:30:00
14.379190678912256,14.320283318877795,14.345075343772878,14485500.0,2022-10-16 05:45:00
14.39516880831902,14.33862308779828,14.354237393430664,14486400.0,2022-10-16 06:00:00
14.40783854043826,14.359851475437184,14.36438537998484,14487300.0,2022-10-16 06:15:00
14.420879099562155,14.3807098307872,14.375445280891215,14488200.0,2022-10-16 06:30:00
14.433419928279507,14.385205223836104,14.384314338711077,14489100.0,2022-10-16 06:45:00
14.454824848899191,14.402017009184366,14.39322051063769,14490000.0,2022-10-16 07:00:00
14.48025106794343,14.415525373825371,14.401854301695668,14490900.0,2022-10-16 07:15:00
14.513895698351158,14.437773145972487,14.411765247668407,14491800.0,2022-10-16 07:30:00
14.543419735590284,14.45389673406005,14.421863657679353,14492700.0,2022-10-16 07:45:00
14.57378749910234,14.47736444900908,14.433193491947003,14493600.0,2022-10-16 08:00:00
14.603228462084088,14.499018201288928,14.445317368006982,14494500.0,2022-10-16 08:15:00
14.637396576837348,14.522277022774716,14.458347991670006,14495400.0,2022-10-16 08:30:00
14.659506373793668,14.545795084058286,14.472165506508732,14496300.0,2022-10-16 08:45:00
14.675054648759508,14.565178315076508,14.485950663422052,14497200.0,2022-10-16 09:00:00
14.691714895722058,14.581245098823,14.499078341436189,14498100.0,2022-10-16 09:15:00
14.715056789610133,14.598847871319814,14.511729218454294,14499000.0,2022-10-16 09:30:00
14.742367040770215,14.622625055218345,14.525271386272648,14499900.0,2022-10-16 09:45:00
14.771087899394656,14.64174486532172,14.538817991678297,14500800.0,2022-10-16 10:00:00
14.790152554877738,14.662615358047445,14.552621397303946,14501700.0,2022-10-16 10:15:00
14.815304841859689,14.68194483033006,14.566490880529452,14502600.0,2022-10-16 10:30:00
14.839685215223934,14.704429335896224,14.580945980958798,14503500.0,2022-10-16 10:45:00
14.85842787317774,14.721573718393635,14.594855290847452,14504400.0,2022-10-16 11:00:00
14.866648783522312,14.74186387620566,14.609055178766305,14505300.0,2022-10-16 11:15:00
14.867646679517645,14.755410820387215,14.62255230244732,14506200.0,2022-10-16 11:30:00
14.864099452190324,14.766851091532658,14.634976291583278,14507100.0,2022-10-16 11:45:00
14.858899984121344,14.76505976658181,14.644039040285502,14508000.0,2022-10-16 12:00:00
14.855472776837956,14.776421540926332,14.652964045386064,14508900.0,2022-10-16 12:15:00
14.850010496400555,14.77733413950346,14.660171299691903,14509800.0,2022-10-16 12:30:00
14.847249335478727,14.774644661860169,14.665228890682656,14510700.0,2022-10-16 12:45:00
14.843803797037124,14.779766754796023,14.67006463435514,14511600.0,2022-10-16 13:00:00
14.837999812344316,14.780274657848778,14.674290824933356,14512500.0,2022-10-16 13:15:00
14.831144270935384,14.778383437287347,14.677588515232648,14513400.0,2022-10-16 13:30:00
14.823615020753872,14.776703363828103,14.68014884684087,14514300.0,2022-10-16 13:45:00
14.816732203932252,14.773980421964724,14.681913073590955,14515200.0,2022-10-16 14:00:00
14.808050910523036,14.770249675019986,14.68295391295242,14516100.0,2022-10-16 14:15:00
14.798915321362152,14.76401281510956,14.683083832342463,14517000.0,2022-10-16 14:30:00
14.792197434109925,14.764946699671713,14.68376327740164,14517900.0,2022-10-16 14:45:00
14.781220741416274,14.754960680744848,14.682920487562887,14518800.0,2022-10-16 15:00:00
14.771496847403732,14.752511164777218,14.682179632976242,14519700.0,2022-10-16 15:15:00
14.759891796904729,14.747568667637749,14.681295882682278,14520600.0,2022-10-16 15:30:00
14.74754945224706,14.738079672931152,14.67933403308314,14521500.0,2022-10-16 15:45:00
14.732664993804624,14.731737928910889,14.67703029258384,14522400.0,2022-10-16 16:00:00
14.714768640710586,14.720481286690928,14.673713424957285,14523300.0,2022-10-16 16:15:00
14.693635124062109,14.709061073624984,14.669552274408929,14524200.0,2022-10-16 16:30:00
14.667475672555824,14.694646090788542,14.664307860987678,14525100.0,2022-10-16 16:45:00
14.636803861879816,14.67916674406276,14.658026261033834,14526000.0,2022-10-16 17:00:00
14.6065163290039,14.661672573539564,14.65070022242664,14526900.0,2022-10-16 17:15:00
14.57431986879188,14.642259147005587,14.642150372284776,14527800.0,2022-10-16 17:30:00
14.541062720723508,14.616739579445772,14.631636784070007,14528700.0,2022-10-16 17:45:00
14.50972811161362,14.59427668787934,14.619953556408532,14529600.0,2022-10-16 18:00:00
14.48536656199491,14.577142195942429,14.608444136387863,14530500.0,2022-10-16 18:15:00
14.463544171872234,14.555591687204334,14.596422721096914,14531400.0,2022-10-16 18:30:00
14.441742637683657,14.53620509050458,14.584239430269191,14532300.0,2022-10-16 18:45:00
14.41898819534657,14.5171870397213,14.571991434120374,14533200.0,2022-10-16 19:00:00
14.397707371308014,14.49714167294504,14.559589248697208,14534100.0,2022-10-16 19:15:00
14.373862386185795,14.476549990992169,14.54685857831164,14535000.0,2022-10-16 19:30:00
14.350168029122148,14.457059779233331,14.533943545792406,14535900.0,2022-10-16 19:45:00
14.329462411215706,14.440001724174376,14.52141346686099,14536800.0,2022-10-16 20:00:00
14.310056249002352,14.420993324616918,14.508831512654409,14537700.0,2022-10-16 20:15:00
14.29525185711156,14.40677319872888,14.496834113349244,14538600.0,2022-10-16 20:30:00
14.278900212049194,14.385413001855152,14.484277743323087,14539500.0,2022-10-16 20:45:00
14.263169373933824,14.373718586157702,14.472610614157652,14540400.0,2022-10-16 21:00:00
14.249372434706604,14.357871088524307,14.461225723010044,14541300.0,2022-10-16 21:15:00
14.240389969022187,14.34693887815524,14.450525022586945,14542200.0,2022-10-16 21:30:00
14.228648630816288,14.331659500370383,14.439878378155944,14543100.0,2022-10-16 21:45:00
14.219138793484392,14.322328205786828,14.430019888377672,14544000.0,2022-10-16 22:00:00
14.21203788788271,14.309473925102788,14.420275305867914,14544900.0,2022-10-16 22:15:00
14.210451558330616,14.300778824822586,14.411165072818664,14545800.0,2022-10-16 22:30:00
14.205462764012935,14.292927789223365,14.402723690678974,14546700.0,2022-10-16 22:45:00
14.196451747447822,14.283377317274551,14.394625686027238,14547600.0,2022-10-16 23:00:00
14.192595390364067,14.278397239780665,14.387342969232868,14548500.0,2022-10-16 23:15:00
14.186770746003209,14.268540558818032,14.38010624524547,14549400.0,2022-10-16 23:30:00
14.184034493113185,14.26415814674861,14.373516688228394,14550300.0,2022-10-16 23:45:00
14.179657467992527,14.257378699525969,14.367244164403033,14551200.0,2022-10-17 00:00:00
14.177735536164,14.253748441570067,14.36155075759785,14552100.0,2022-10-17 00:15:00
14.172338694021851,14.250920862797043,14.35652718454382,14553000.0,2022-10-17 00:30:00
14.162891592208563,14.246277835101427,14.351772734341424,14553900.0,2022-10-17 00:45:00
14.161718062077192,14.2398078927865,14.3467803470869,14554800.0,2022-10-17 01:00:00
14.150896911321128,14.2347316964881,14.341811347248782,14555700.0,2022-10-17 01:15:00
14.147133772287876,14.228399167289227,14.336650541222982,14556600.0,2022-10-17 01:30:00
14.146543554616915,14.222979483180993,14.331486230857369,14557500.0,2022-10-17 01:45:00
14.136623599440432,14.21825751398238,14.326433156032508,14558400.0,2022-10-17 02:00:00
14.131923710604074,14.21148385517158,14.321301805707124,14559300.0,2022-10-17 02:15:00
14.134058352225509,14.20673021562869,14.31631290877884,14560200.0,2022-10-17 02:30:00
14.137002453355016,14.205384746025455,14.311893011159675,14561100.0,2022-10-17 02:45:00
14.147750648690714,14.20518275161852,14.308185220817254,14562000.0,2022-10-17 03:00:00
14.16529917189809,14.207527535968785,14.305490196485255,14562900.0,2022-10-17 03:15:00
14.187861222593376,14.217389785768844,14.304604513605774,14563800.0,2022-10-17 03:30:00
14.212911223747524,14.228728532044688,14.305501194336047,14564700.0,2022-10-17 03:45:00
14.234643204763652,14.236635462639049,14.30732805308695,14565600.0,2022-10-17 04:00:00
14.258124381898844,14.248637187898613,14.310371553528835,14566500.0,2022-10-17 04:15:00
14.293887287733748,14.267275297252992,14.315246877161313,14567400.0,2022-10-17 04:30:00
14.335694237574067,14.285901416493662,14.321837793645818,14568300.0,2022-10-17 04:45:00
14.369384423256742,14.306199792375862,14.329918767382445,14569200.0,2022-10-17 05:00:00
14.414781806313275,14.331379620069328,14.339816364155537,14570100.0,2022-10-17 05:15:00
14.461971444836454,14.361034863278398,14.351924407720713,14571000.0,2022-10-17 05:30:00
14.531876692124149,14.397580806918434,14.366874491715093,14571900.0,2022-10-17 05:45:00
14.585540119575876,14.433476979893312,14.384094608182906,14572800.0,2022-10-17 06:00:00
14.63214753128108,14.47234220806208,14.403394514719125,14573700.0,2022-10-17 06:15:00
14.666215564014978,14.508048808543382,14.424056957071612,14574600.0,2022-10-17 06:30:00
14.702917811884848,14.541274103695596,14.445137862335285,14575500.0,2022-10-17 06:45:00
14.737801095177506,14.572687280373527,14.466122099999213,14576400.0,2022-10-17 07:00:00
14.782478053880752,14.60500466864881,14.487204280899109,14577300.0,2022-10-17 07:15:00
14.825856417593284,14.637733132421465,14.508471557575788,14578200.0,2022-10-17 07:30:00
14.863550272611665,14.672901421498793,14.530408271429597,14579100.0,2022-10-17 07:45:00
14.894783273389114,14.703927238541691,14.552354092930877,14580000.0,2022-10-17 08:00:00
14.933426417399398,14.737254080683698,14.574594297983449,14580900.0,2022-10-17 08:15:00
14.9738995782872,14.7704469942062,14.597174544261078,14581800.0,2022-10-17 08:30:00
15.01744764404252,14.805591814878202,14.620396955512474,14582700.0,2022-10-17 08:45:00
15.047784756186724,14.835333605321129,14.64316333331079,14583600.0,2022-10-17 09:00:00
15.080407003807071,14.868732673726983,14.666361933674445,14584500.0,2022-10-17 09:15:00
15.114924224587124,14.899563224144762,14.689399941117404,14585400.0,2022-10-17 09:30:00
15.152111302656612,14.929172289295202,14.711970181708812,14586300.0,2022-10-17 09:45:00
15.185821449937585,14.962186740160014,14.735045744809312,14587200.0,2022-10-17 10:00:00
15.221851059346273,14.991297143196965,14.757773238422644,14588100.0,2022-10-17 10:15:00
15.252660362240864,15.0228125653709,14.780672221467809,14589000.0,2022-10-17 10:30:00
15.27698649374818,15.049817366850794,14.802997732044052,14589900.0,2022-10-17 10:45:00
15.301319423822086,15.076495524367097,14.824945100444666,14590800.0,2022-10-17 11:00:00
15.319011360251618,15.104772499013473,14.84705758763454,14591700.0,2022-10-17 11:15:00
15.331981491916162,15.124018359018898,14.867591933153696,14592600.0,2022-10-17 11:30:00
15.344484099416686,15.142632401235364,14.886595581367036,14593500.0,2022-10-17 11:45:00
15.35462832698862,15.162321085943502,14.904951386177734,14594400.0,2022-10-17 12:00:00
15.365904967418498,15.17500018422821,14.921411508924804,14595300.0,2022-10-17 12:15:00
15.381231227531078,15.19197814718208,14.937270234857737,14596200.0,2022-10-17 12:30:00
15.387597822280712,15.208285152334714,14.952950634249682,14597100.0,2022-10-17 12:45:00
15.388627076869437,15.216347087594624,14.966758592037298,14598000.0,2022-10-17 13:00:00
15.387788817123488,15.22140625605385,14.978394751271182,14598900.0,2022-10-17 13:15:00
15.384656390713134,15.231784891437036,14.989631715963418,14599800.0,2022-10-17 13:30:00
15.37600086966841,15.238618531001212,15.000295625719904,14600700.0,2022-10-17 13:45:00
15.370110529319032,15.23675226348927,15.008581245576645,14601600.0,2022-10-17 14:00:00
15.362008268584072,15.237162999018793,15.015455447455118,14602500.0,2022-10-17 14:15:00
15.35327697986412,15.2401052704396,15.021946933421289,14603400.0,2022-10-17 14:30:00
15.338954204573016,15.232853386951964,15.026217585944828,14604300.0,2022-10-17 14:45:00
15.325933974839002,15.229389829962749,15.029399102386124,14605200.0,2022-10-17 15:00:00
15.30734650714628,15.225246189796287,15.031912278354769,14606100.0,2022-10-17 15:15:00
15.289394471674992,15.216117030498577,15.032987787076625,14607000.0,2022-10-17 15:30:00
15.269623455481124,15.208897090502145,15.0333706086088,14607900.0,2022-10-17 15:45:00
15.250315514096997,15.195958882595408,15.032030686004504,14608800.0,2022-10-17 16:00:00
15.230011585339946,15.184297319865678,15.029600554424253,14609700.0,2022-10-17 16:15:00
15.209883020225634,15.17418712613006,15.026765797490826,14610600.0,2022-10-17 16:30:00
15.19049697364816,15.159292825431022,15.022797043766458,14611500.0,2022-10-17 16:45:00
15.171077530621108,15.146555628113838,15.01820710352892,14612400.0,2022-10-17 17:00:00
15.15013121717262,15.131103180777846,15.012668690964787,14613300.0,2022-10-17 17:15:00
15.129081969636353,15.118845154886824,15.007047828214713,14614200.0,2022-10-17 17:30:00
15.109359995832818,15.101098315689647,15.00024219509778,14615100.0,2022-10-17 17:45:00
15.088801066831804,15.085427938194268,14.992842429616193,14616000.0,2022-10-17 18:00:00
15.071053837393212,15.071798771515642,14.985425774222982,14616900.0,2022-10-17 18:15:00
15.05353402355305,15.059557859587228,14.978407793632345,14617800.0,2022-10-17 18:30:00
15.030063100006249,15.043932961827016,14.971018792272352,14618700.0,2022-10-17 18:45:00
15.007119474923384,15.026462440365856,14.962867071524824,14619600.0,2022-10-17 19:00:00
14.984154985202276,15.007976591159627,14.953898983778505,14620500.0,2022-10-17 19:15:00
14.96097246913194,14.992401925471492,14.94474508137286,14621400.0,2022-10-17 19:30:00
14.935329254352204,14.97420407364704,14.935123637549497,14622300.0,2022-10-17 19:45:00
14.913159788288803,14.955445218085382,14.924929698714132,14623200.0,2022-10-17 20:00:00
14.890534444228276,14.937795958027824,14.914553192489445,14624100.0,2022-10-17 20:15:00
14.868155155299172,14.917332603273971,14.90352904455445,14625000.0,2022-10-17 20:30:00
14.845424801427118,14.90289964970192,14.892969422441054,14625900.0,2022-10-17 20:45:00
14.82398796648569,14.884125551298782,14.882125241236812,14626800.0,2022-10-17 21:00:00
14.804501709296607,14.864388853772745,14.870748499349071,14627700.0,2022-10-17 21:15:00
14.78965675134222,14.8498866045979,14.859829064327956,14628600.0,2022-10-17 21:30:00
14.772607218866764,14.83397944495282,14.849094567201448,14629500.0,2022-10-17 21:45:00
14.753950835283284,14.814103626900748,14.837684066543645,14630400.0,2022-10-17 22:00:00
14.733774191793774,14.803220552509124,14.827260687518653,14631300.0,2022-10-17 22:15:00
14.710053136151144,14.786973909416396,14.81690038864776,14632200.0,2022-10-17 22:30:00
14.688897737723083,14.769215135515108,14.80621274878466,14633100.0,2022-10-17 22:45:00
14.669448454328828,14.750105962478091,14.794852545179964,14634000.0,2022-10-17 23:00:00
14.65707712786887,14.735169700538494,14.783634102160423,14634900.0,2022-10-17 23:15:00
14.648692806100756,14.722948886607536,14.773015291989685,14635800.0,2022-10-17 23:30:00
14.641098191419314,14.710487340682274,14.762847576104797,14636700.0,2022-10-17 23:45:00
14.63586383593544,14.701046077663182,14.753474341544006,14637600.0,2022-10-18 00:00:00
14.63287594673218,14.69506638365857,14.74531111571868,14638500.0,2022-10-18 00:15:00
14.627774751191613,14.683590274170966,14.737155986904297,14639400.0,2022-10-18 00:30:00
14.619974255836372,14.674448976087636,14.729267077056065,14640300.0,2022-10-18 00:45:00
14.611288577038469,14.666844568904295,14.721773096297618,14641200.0,2022-10-18 01:00:00
14.604652971063262,14.661797914650576,14.71511621026986,14642100.0,2022-10-18 01:15:00
14.598951284184716,14.653249741346938,14.708536539329348,14643000.0,2022-10-18 01:30:00
14.589782763193522,14.647663035302212,14.702438339548452,14643900.0,2022-10-18 01:45:00
14.585900602407008,14.639972482057823,14.696285640529531,14644800.0,2022-10-18 02:00:00
14.582847354393497,14.634591218092217,14.690472487205954,14645700.0,2022-10-18 02:15:00
14.58061918094846,14.62971544885624,14.68501940292412,14646600.0,2022-10-18 02:30:00
14.583007799898812,14.62632888318454,14.680114765360546,14647500.0,2022-10-18 02:45:00
14.593581106960531,14.62448064467231,14.6757309589943,14648400.0,2022-10-18 03:00:00
14.60682208911183,14.626274430620924,14.672413839422358,14649300.0,2022-10-18 03:15:00
14.616224257309534,14.627081541201708,14.669880774201468,14650200.0,2022-10-18 03:30:00
14.63589131864178,14.636713106463066,14.669220689544652,14651100.0,2022-10-18 03:45:00
14.664688130975271,14.645682465815538,14.670042642135748,14652000.0,2022-10-18 04:00:00
14.705066904007335,14.6630102284763,14.673224154679652,14652900.0,2022-10-18 04:15:00
14.750914761878246,14.682674110074252,14.67867516052478,14653800.0,2022-10-18 04:30:00
14.794917542532287,14.701671009090164,14.685683181216026,14654700.0,2022-10-18 04:45:00
14.849107547875311,14.733387849145537,14.695936374165136,14655600.0,2022-10-18 05:00:00
14.905703714021154,14.76287211755878,14.708423575540184,14656500.0,2022-10-18 05:15:00
14.968298588935712,14.804335293300513,14.724603296393896,14657400.0,2022-10-18 05:30:00
15.031531111327643,14.844121965155388,14.743572149592486,14658300.0,2022-10-18 05:45:00
15.107987140227156,14.888984969486923,14.765291577392052,14659200.0,2022-10-18 06:00:00
15.173874766754768,14.937105920869293,14.789697350714292,14660100.0,2022-10-18 06:15:00
15.214997453200636,14.98237812768491,14.81587253507421,14661000.0,2022-10-18 06:30:00
15.26792244004884,15.026143538872796,14.843106816181743,14661900.0,2022-10-18 06:45:00
15.32796994994545,15.072536592717167,14.871507899206978,14662800.0,2022-10-18 07:00:00
15.395784408921187,15.118119464204602,14.90062865949016,14663700.0,2022-10-18 07:15:00
15.466763358709144,15.169066082764616,14.931154161630245,14664600.0,2022-10-18 07:30:00
15.526497977870898,15.22188678384794,14.963428157431713,14665500.0,2022-10-18 07:45:00
15.601119246730308,15.278932149731622,14.9978856978468,14666400.0,2022-10-18 08:00:00
15.679614124921615,15.332182281815872,15.03317126554013,14667300.0,2022-10-18 08:15:00
15.758739672023337,15.39084404658297,15.070013298933125,14668200.0,2022-10-18 08:30:00
15.836598681634785,15.454290235830827,15.109169607720762,14669100.0,2022-10-18 08:45:00
15.917465476850587,15.51783455684842,15.150176959545218,14670000.0,2022-10-18 09:00:00
16.012988808964327,15.584975956823486,15.193105809344855,14670900.0,2022-10-18 09:15:00
16.08919146575439,15.654050581804444,15.238180777357188,14671800.0,2022-10-18 09:30:00
16.153765127210225,15.717525352292656,15.283776072561873,14672700.0,2022-10-18 09:45:00
16.198045596839847,15.775473043114932,15.328881751974594,14673600.0,2022-10-18 10:00:00
16.24182881525097,15.82871277688205,15.372739098645184,14674500.0,2022-10-18 10:15:00
16.286742694259353,15.88166892543768,15.415750245522172,14675400.0,2022-10-18 10:30:00
16.328609139189723,15.927095131528832,15.456568039013316,14676300.0,2022-10-18 10:45:00
16.347012074693406,15.96990077890612,15.495673732174644,14677200.0,2022-10-18 11:00:00
16.37144531205616,16.007331376192983,15.532536729239682,14678100.0,2022-10-18 11:15:00
16.412141828980893,16.0443536000506,15.567524989086372,14679000.0,2022-10-18 11:30:00
16.416341546747017,16.077256495616055,15.600793217541506,14679900.0,2022-10-18 11:45:00
16.41291617167207,16.098932831772487,15.630641845600875,14680800.0,2022-10-18 12:00:00
16.391759970099688,16.11599149736277,15.657313438277036,14681700.0,2022-10-18 12:15:00
16.393212500758597,16.12559534153565,15.679837218139564,14682600.0,2022-10-18 12:30:00
16.380276619145576,16.133233925261504,15.698979312931552,14683500.0,2022-10-18 12:45:00
16.372244906976274,16.13631215601884,15.714783486005755,14684400.0,2022-10-18 13:00:00
16.366078549547524,16.141410727879162,15.728698981534544,14685300.0,2022-10-18 13:15:00
16.35675162924194,16.143614688276323,15.740810961623673,14686200.0,2022-10-18 13:30:00
16.34257332035126,16.142343338065388,15.750850176002904,14687100.0,2022-10-18 13:45:00
16.328877475227568,16.13844187634883,15.75883183589294,14688000.0,2022-10-18 14:00:00
16.316398969680332,16.1350011468034,15.76536550760188,14688900.0,2022-10-18 14:15:00
16.306359492828296,16.135109604716483,15.771756075482324,14689800.0,2022-10-18 14:30:00
16.301077146125543,16.128807236541626,15.776587115159908,14690700.0,2022-10-18 14:45:00
16.29736972432715,16.126995361930526,15.781051314334483,14691600.0,2022-10-18 15:00:00
16.289137904396515,16.120860888883747,15.784274006430866,14692500.0,2022-10-18 15:15:00
16.28339112234636,16.122600965268628,15.78845894938217,14693400.0,2022-10-18 15:30:00
16.268148870329615,16.11342170773851,15.791014817245305,14694300.0,2022-10-18 15:45:00
16.260681513394207,16.110880886121045,15.793500447132727,14695200.0,2022-10-18 16:00:00
16.235289991494813,16.101803024557498,15.794833234237808,14696100.0,2022-10-18 16:15:00
16.208077629232307,16.088879641991536,15.794463273798252,14697000.0,2022-10-18 16:30:00
16.17642627159412,16.07433551385546,15.792592275852734,14697900.0,2022-10-18 16:45:00
16.14582214470792,16.061020927060497,15.789959347342746,14698800.0,2022-10-18 17:00:00
16.11095438245208,16.038937073353733,15.784857174267668,14699700.0,2022-10-18 17:15:00
16.079802551671445,16.019922370658136,15.778572937606526,14700600.0,2022-10-18 17:30:00
16.04822915565869,15.998898252348749,15.77108257575084,14701500.0,2022-10-18 17:45:00
16.017756029493988,15.97815845455627,15.7626261209984,14702400.0,2022-10-18 18:00:00
15.989088725449744,15.952797049699896,15.752448998840608,14703300.0,2022-10-18 18:15:00
15.959905735035028,15.93144649331267,15.74173793248357,14704200.0,2022-10-18 18:30:00
15.931913155305065,15.908808733825351,15.730433475941654,14705100.0,2022-10-18 18:45:00
15.902253472943112,15.885657627522422,15.718569680204093,14706000.0,2022-10-18 19:00:00
15.875731648276552,15.86547871381756,15.706928694546892,14706900.0,2022-10-18 19:15:00
15.847704874819756,15.84239789102726,15.694813612036352,14707800.0,2022-10-18 19:30:00
15.819290463625071,15.820976341604316,15.682510947425431,14708700.0,2022-10-18 19:45:00
15.79202273510772,15.797145894695907,15.669572973141308,14709600.0,2022-10-18 20:00:00
15.7641416026947,15.773343931270851,15.65609872203498,14710500.0,2022-10-18 20:15:00
15.737826254924846,15.753358168422702,15.643030326733738,14711400.0,2022-10-18 20:30:00
15.712287811458882,15.7294595130074,15.629515039078006,14712300.0,2022-10-18 20:45:00
15.68864060542442,15.709170673384344,15.616159925912743,14713200.0,2022-10-18 21:00:00
15.664543004454062,15.687530419080897,15.60278606697568,14714100.0,2022-10-18 21:15:00
15.6408925530237,15.66779476200062,15.589621695266231,14715000.0,2022-10-18 21:30:00
15.616798348385432,15.64640548245488,15.57628882289913,14715900.0,2022-10-18 21:45:00
15.593947666596229,15.626421772028168,15.563032680759893,14716800.0,2022-10-18 22:00:00
15.57143387225086,15.608536564241732,15.550140580003552,14717700.0,2022-10-18 22:15:00
15.547237689702612,15.587134876535602,15.536996146879329,14718600.0,2022-10-18 22:30:00
15.522956119973436,15.568843975287614,15.524135544078405,14719500.0,2022-10-18 22:45:00
15.494800067827189,15.545141549569884,15.510493206563142,14720400.0,2022-10-18 23:00:00
15.473654444764165,15.524970298016438,15.49663885880392,14721300.0,2022-10-18 23:15:00
15.449657954089188,15.503327665951684,15.482566018310305,14722200.0,2022-10-18 23:30:00
15.431746773179064,15.486254470100842,15.469027107934414,14723100.0,2022-10-18 23:45:00
15.41423829826802,15.471869744869094,15.456454616922413,14724000.0,2022-10-19 00:00:00
15.400872723828977,15.452854296514014,15.443761110381178,14724900.0,2022-10-19 00:15:00
15.379065831388775,15.432304821214956,15.430561516926248,14725800.0,2022-10-19 00:30:00
15.364349781204345,15.418336983385126,15.418097802271452,14726700.0,2022-10-19 00:45:00
15.339167423736557,15.400747641949676,15.405726772944949,14727600.0,2022-10-19 01:00:00
15.320198474292976,15.384783154102871,15.393644523120171,14728500.0,2022-10-19 01:15:00
15.298926803928689,15.365202934410355,15.3810463603214,14729400.0,2022-10-19 01:30:00
15.275675658131217,15.347885951829552,15.368391708320427,14730300.0,2022-10-19 01:45:00
15.257478423385322,15.331122122790894,15.355926959951516,14731200.0,2022-10-19 02:00:00
15.24464839225194,15.314251170704372,15.343451116475702,14732100.0,2022-10-19 02:15:00
15.231396030165348,15.298401110220809,15.33113531942628,14733000.0,2022-10-19 02:30:00
15.216256223753495,15.282217221883856,15.318796262960529,14733900.0,2022-10-19 02:45:00
15.201893687166216,15.270443825254192,15.307209552301796,14734800.0,2022-10-19 03:00:00
15.188229301211024,15.254931422366925,15.295751809286068,14735700.0,2022-10-19 03:15:00
15.182050616095609,15.245168002859534,15.285092134666773,14736600.0,2022-10-19 03:30:00
15.1819569135297,15.236131492310324,15.275253981118198,14737500.0,2022-10-19 03:45:00
15.191240255288593,15.22964580244298,15.26646971387099,14738400.0,2022-10-19 04:00:00
15.216852373591353,15.230313977654031,15.259485913934032,14739300.0,2022-10-19 04:15:00
15.251811543777286,15.23829372658048,15.255166954504306,14740200.0,2022-10-19 04:30:00
15.294412660958717,15.250917027786658,15.2536484494872,14741100.0,2022-10-19 04:45:00
15.3489776681715,15.27207600502752,15.255747534697615,14742000.0,2022-10-19 05:00:00
15.412196312723712,15.298790885634872,15.26145740777029,14742900.0,2022-10-19 05:15:00
15.474527773255732,15.330656716381784,15.270778137845792,14743800.0,2022-10-19 05:30:00
15.552317950025152,15.373480363227264,15.284740979910742,14744700.0,2022-10-19 05:45:00
15.631083412955684,15.418500476611348,15.302760254958605,14745600.0,2022-10-19 06:00:00
15.71825285369084,15.472290194319832,15.32527155891976,14746500.0,2022-10-19 06:15:00
15.812023022575833,15.531147439843334,15.352074338067665,14747400.0,2022-10-19 06:30:00
15.903014782022195,15.594809615059471,15.383025951802514,14748300.0,2022-10-19 06:45:00
15.994234005676155,15.658245632250363,15.41710157156766,14749200.0,2022-10-19 07:00:00
16.069756830474116,15.72174695177168,15.453506342536764,14750100.0,2022-10-19 07:15:00
16.14320782978403,15.787556648135288,15.492280416978229,14751000.0,2022-10-19 07:30:00
16.22775468998032,15.849591087437062,15.53199269182428,14751900.0,2022-10-19 07:45:00
16.323376568430476,15.920342594779653,15.573977817251611,14752800.0,2022-10-19 08:00:00
16.423477801822646,15.99302842055652,15.618232261893851,14753700.0,2022-10-19 08:15:00
16.475402077859904,16.059074559901404,15.663376047029688,14754600.0,2022-10-19 08:30:00
16.525316864920736,16.11831165542334,15.707789754961594,14755500.0,2022-10-19 08:45:00
16.57559676226371,16.177740568285067,15.751897350025947,14756400.0,2022-10-19 09:00:00
16.624473398830304,16.229676480641817,15.794398583865798,14757300.0,2022-10-19 09:15:00
16.692871400605277,16.28535354262483,15.836355322015397,14758200.0,2022-10-19 09:30:00
16.741233923010768,16.337735803107236,15.877478940570306,14759100.0,2022-10-19 09:45:00
16.79165819788342,16.390171284535263,15.918202996321885,14760000.0,2022-10-19 10:00:00
16.840716958068306,16.439645884304106,15.958162190088215,14760900.0,2022-10-19 10:15:00
16.866026953502676,16.481973552021746,15.996361569085662,14761800.0,2022-10-19 10:30:00
16.894762636301216,16.521758825213887,16.032778731102393,14762700.0,2022-10-19 10:45:00
16.9260243015254,16.559299379740388,16.067524877467076,14763600.0,2022-10-19 11:00:00
16.95650082825614,16.595538268368195,16.100943926299323,14764500.0,2022-10-19 11:15:00
16.98609238891069,16.626339924834852,16.13218957980665,14765400.0,2022-10-19 11:30:00
17.01013519379986,16.657721381838773,16.162077373737244,14766300.0,2022-10-19 11:45:00
17.031786420205847,16.691786366508108,16.191915443835633,14767200.0,2022-10-19 12:00:00
17.037076177704424,16.71430654566193,16.21951029135843,14768100.0,2022-10-19 12:15:00
17.037220267567054,16.731301879530786,16.2441074646311,14769000.0,2022-10-19 12:30:00
17.037881636357834,16.74512927910098,16.265821037300366,14769900.0,2022-10-19 12:45:00
17.038746682379877,16.75833003882352,16.285463879791898,14770800.0,2022-10-19 13:00:00
17.04036867049232,16.77034579711373,16.30353490822199,14771700.0,2022-10-19 13:15:00
17.040563269424787,16.778407264793522,16.319606622997135,14772600.0,2022-10-19 13:30:00
17.037027337477966,16.783491385267425,16.333521535930796,14773500.0,2022-10-19 13:45:00
17.030838559928245,16.7925390633543,16.346955861734987,14774400.0,2022-10-19 14:00:00
17.01896551079602,16.791805736302205,16.358055618671884,14775300.0,2022-10-19 14:15:00
17.003926449970848,16.78978270685659,16.36696857874379,14776200.0,2022-10-19 14:30:00
16.989398463666603,16.790654445413285,16.37527035893125,14777100.0,2022-10-19 14:45:00
16.96678476110227,16.78162256054847,16.380926865355384,14778000.0,2022-10-19 15:00:00
16.942930322943774,16.777614167237026,16.38587296021552,14778900.0,2022-10-19 15:15:00
16.90878427514792,16.762561000554633,16.388089275418373,14779800.0,2022-10-19 15:30:00
16.874338717043848,16.74336435754945,16.387058335971663,14780700.0,2022-10-19 15:45:00
16.834640285464154,16.722071423775613,16.383380826923577,14781600.0,2022-10-19 16:00:00
16.793305920987045,16.70140888775918,16.378061472955192,14782500.0,2022-10-19 16:15:00
16.75095577191123,16.6757157118838,16.37063640806528,14783400.0,2022-10-19 16:30:00
16.708763226130714,16.648793543504762,16.361296919052236,14784300.0,2022-10-19 16:45:00
16.662132930737645,16.620637709410428,16.350485781655422,14785200.0,2022-10-19 17:00:00
16.615721249032255,16.589275535776306,16.33788554180513,14786100.0,2022-10-19 17:15:00
16.568111943631298,16.55455208824427,16.32311594701062,14787000.0,2022-10-19 17:30:00
16.528052348525726,16.521653983060936,16.30704421111833,14787900.0,2022-10-19 17:45:00
16.4890418646636,16.48848791443812,16.28988983831124,14788800.0,2022-10-19 18:00:00
16.446354963573633,16.453635979539097,16.271649264527017,14789700.0,2022-10-19 18:15:00
16.396366019706427,16.42166082456507,16.25328056530853,14790600.0,2022-10-19 18:30:00
16.351521267229522,16.387544127456373,16.234352456033168,14791500.0,2022-10-19 18:45:00
16.30000172377044,16.348177438337544,16.21392196212051,14792400.0,2022-10-19 19:00:00
16.257786267316526,16.31129290929039,16.192666954389814,14793300.0,2022-10-19 19:15:00
16.22117482506946,16.279950302671327,16.171909052515275,14794200.0,2022-10-19 19:30:00
16.180892021155973,16.243747593410884,16.150602167214736,14795100.0,2022-10-19 19:45:00
16.14155774014459,16.21139407189733,16.129433579683614,14796000.0,2022-10-19 20:00:00
16.10609794825547,16.177914241252992,16.108109787169244,14796900.0,2022-10-19 20:15:00
16.07350862285443,16.144433247056195,16.08654366066849,14797800.0,2022-10-19 20:30:00
16.04441702060021,16.114973328127924,16.065451566182205,14798700.0,2022-10-19 20:45:00
16.021504285377745,16.08684693083748,16.044905547751814,14799600.0,2022-10-19 21:00:00
15.999321283016553,16.061753638409115,16.02535974428293,14800500.0,2022-10-19 21:15:00
15.973891467575823,16.039027206645855,16.006970648911473,14801400.0,2022-10-19 21:30:00
15.95001239025996,16.017191343365738,15.989597705450016,14802300.0,2022-10-19 21:45:00
15.932162009002164,15.995256568785395,15.972869493740838,14803200.0,2022-10-19 22:00:00
15.91427985681524,15.971779310272693,15.956093663427485,14804100.0,2022-10-19 22:15:00
15.901231214943156,15.954848291945211,15.94038186619112,14805000.0,2022-10-19 22:30:00
15.887992420176838,15.933940414022526,15.924816988154909,14805900.0,2022-10-19 22:45:00
15.874806548339237,15.92096290246127,15.910721817817825,14806800.0,2022-10-19 23:00:00
15.860772585188409,15.906904050411445,15.897622685301483,14807700.0,2022-10-19 23:15:00
15.851271413184454,15.893752656749564,15.885351380418376,14808600.0,2022-10-19 23:30:00
15.836843462497365,15.881605683362524,15.873888529755744,14809500.0,2022-10-19 23:45:00
15.819416905001557,15.864375219539976,15.862131474816085,14810400.0,2022-10-20 00:00:00
15.800890338625091,15.84918965267308,15.850301445594267,14811300.0,2022-10-20 00:15:00
15.779795659317536,15.8307158835178,15.837877958558195,14812200.0,2022-10-20 00:30:00
15.759830728469728,15.81743938869514,15.82600341203875,14813100.0,2022-10-20 00:45:00
15.730683646026606,15.798882113126773,15.813747156814108,14814000.0,2022-10-20 01:00:00
15.697673547140536,15.778210015925616,15.800703451312712,14814900.0,2022-10-20 01:15:00
15.667094479694237,15.756665533200623,15.786858050427364,14815800.0,2022-10-20 01:30:00
15.642813406289603,15.735274531439726,15.77246503838812,14816700.0,2022-10-20 01:45:00
15.613397079936242,15.712767483033932,15.75747334416303,14817600.0,2022-10-20 02:00:00
15.583356194870642,15.68752465321852,15.741556902734509,14818500.0,2022-10-20 02:15:00
15.553072381798646,15.664555298079152,15.72529250138111,14819400.0,2022-10-20 02:30:00
15.532431362085813,15.642962504660526,15.708972415847088,14820300.0,2022-10-20 02:45:00
15.517661506902837,15.623153962614484,15.69295220895454,14821200.0,2022-10-20 03:00:00
15.503192151957808,15.604220301749098,15.677289454423017,14822100.0,2022-10-20 03:15:00
15.496229558163032,15.588489870939457,15.662452243918672,14823000.0,2022-10-20 03:30:00
15.498150550685605,15.578028806184689,15.64900169080468,14823900.0,2022-10-20 03:45:00
15.510161082777197,15.57057399744738,15.637155738734135,14824800.0,2022-10-20 04:00:00
15.530497855389774,15.569384300539149,15.627469350158432,14825700.0,2022-10-20 04:15:00
15.555490497586309,15.570669149484708,15.619934886163437,14826600.0,2022-10-20 04:30:00
15.587877760508032,15.579013200555035,15.615091995112392,14827500.0,2022-10-20 04:45:00
15.628898985035482,15.593162241536929,15.613340923220148,14828400.0,2022-10-20 05:00:00
15.674952287621869,15.61168569550529,15.614756103738486,14829300.0,2022-10-20 05:15:00
15.727334278505824,15.637070963881058,15.619565592010076,14830200.0,2022-10-20 05:30:00
15.786524147840108,15.66808200574462,15.627994605822074,14831100.0,2022-10-20 05:45:00
15.85262566275007,15.70466619795714,15.64012323705392,14832000.0,2022-10-20 06:00:00
15.921495760418134,15.743268072539967,15.655343052912686,14832900.0,2022-10-20 06:15:00
15.99408028586832,15.788291085049226,15.674034115227316,14833800.0,2022-10-20 06:30:00
16.071627646864105,15.838847801350727,15.696463639272968,14834700.0,2022-10-20 06:45:00
16.15254057115988,15.890441120774002,15.721861881278468,14835600.0,2022-10-20 07:00:00
16.225364840513826,15.945261974475024,15.750142263860562,14836500.0,2022-10-20 07:15:00
16.29757828442197,16.00043697460487,15.780608189083834,14837400.0,2022-10-20 07:30:00
16.366588990112962,16.057800358780227,15.813344249229347,14838300.0,2022-10-20 07:45:00
16.435707823121785,16.11311295174805,15.847361315689357,14839200.0,2022-10-20 08:00:00
16.492151662608187,16.169750218488822,15.88269690996352,14840100.0,2022-10-20 08:15:00
16.533165688817384,16.217354030928135,15.917509665739969,14841000.0,2022-10-20 08:30:00
16.57533304739075,16.261765208148894,15.951142281834342,14841900.0,2022-10-20 08:45:00
16.60809204367805,16.30550894224587,15.984044184489631,14842800.0,2022-10-20 09:00:00
16.631433125191638,16.342564408520534,16.015447439540235,14843700.0,2022-10-20 09:15:00
16.647231612756983,16.37584113711474,16.04507327791305,14844600.0,2022-10-20 09:30:00
16.660026912874233,16.402432186524653,16.07219562834555,14845500.0,2022-10-20 09:45:00
16.681021562567587,16.428724241878882,16.09738158986894,14846400.0,2022-10-20 10:00:00
16.694908688857268,16.451918985863767,16.12079096249214,14847300.0,2022-10-20 10:15:00
16.709946540056226,16.47194711406515,16.1422298702143,14848200.0,2022-10-20 10:30:00
16.72800441199288,16.49240406775392,16.16235828292138,14849100.0,2022-10-20 10:45:00
16.73871930510826,16.51003571744271,16.18102921983686,14850000.0,2022-10-20 11:00:00
16.748152339757173,16.525768488305594,16.198392468611644,14850900.0,2022-10-20 11:15:00
16.748573632676774,16.539233320379257,16.214403675155843,14851800.0,2022-10-20 11:30:00
16.742107164299448,16.549454353363195,16.22903422017385,14852700.0,2022-10-20 11:45:00
16.727254306826044,16.55216225197935,16.241141323294613,14853600.0,2022-10-20 12:00:00
16.714195166670603,16.553815257833236,16.25107487175558,14854500.0,2022-10-20 12:15:00
16.699063464420323,16.552642075961625,16.259064918572317,14855400.0,2022-10-20 12:30:00
16.68450491509293,16.548887517275098,16.265115454250047,14856300.0,2022-10-20 12:45:00
16.66102094551599,16.54244948678127,16.269244237890543,14857200.0,2022-10-20 13:00:00
16.628498918729242,16.530204212527448,16.27087943430726,14858100.0,2022-10-20 13:15:00
16.59098757092846,16.514029584030638,16.270017284848965,14859000.0,2022-10-20 13:30:00
16.552871564386592,16.493931265469303,16.266476229948893,14859900.0,2022-10-20 13:45:00
16.512302640518136,16.472921271642324,16.260856089361077,14860800.0,2022-10-20 14:00:00
16.472121641336873,16.449251073818346,16.25330012354217,14861700.0,2022-10-20 14:15:00
16.43621241137308,16.42373698031181,16.243939753870674,14862600.0,2022-10-20 14:30:00
16.408570905082534,16.398558587428123,16.23310043960884,14863500.0,2022-10-20 14:45:00
16.387327481803474,16.377641861428025,16.22190407741948,14864400.0,2022-10-20 15:00:00
16.36757580362845,16.355442815199847,16.21021591408565,14865300.0,2022-10-20 15:15:00
16.34706997374105,16.337504037755927,16.19900967407479,14866200.0,2022-10-20 15:30:00
16.320701480707086,16.31806708195981,16.187912398578582,14867100.0,2022-10-20 15:45:00
16.290190058258343,16.295855430841396,16.176235572712873,14868000.0,2022-10-20 16:00:00
16.25785521150929,16.273058183661515,16.163948087524307,14868900.0,2022-10-20 16:15:00
16.22454955497721,16.2498971012801,16.151178706035424,14869800.0,2022-10-20 16:30:00
16.189142684854968,16.22482949389735,16.137669777381948,14870700.0,2022-10-20 16:45:00
16.15246868118951,16.197255140519523,16.12302704447072,14871600.0,2022-10-20 17:00:00
16.11648118342084,16.17252143915229,16.108124663506654,14872500.0,2022-10-20 17:15:00
16.079461427715543,16.14321956545342,16.092167120017297,14873400.0,2022-10-20 17:30:00
16.049318420307927,16.116382600867805,16.075698173730693,14874300.0,2022-10-20 17:45:00
16.013756278619287,16.087784681893005,16.05861951970037,14875200.0,2022-10-20 18:00:00
15.977293849182734,16.05939208045822,16.041002054016033,14876100.0,2022-10-20 18:15:00
15.939206359893268,16.03189830591276,16.023233467436583,14877000.0,2022-10-20 18:30:00
15.897823330280657,16.001476528585503,16.00485566462465,14877900.0,2022-10-20 18:45:00
15.855260632260466,15.96892594086083,15.985507063644713,14878800.0,2022-10-20 19:00:00
15.80727946670603,15.934616430120904,15.96510324499586,14879700.0,2022-10-20 19:15:00
15.759721513894451,15.8983551074734,15.943510816145675,14880600.0,2022-10-20 19:30:00
15.711819018707295,15.863892131520544,15.921395873938696,14881500.0,2022-10-20 19:45:00
15.660545971564169,15.826092204195795,15.898393580306571,14882400.0,2022-10-20 20:00:00
15.612861140545911,15.788198950409956,15.87448488215143,14883300.0,2022-10-20 20:15:00
15.568237219867235,15.7517572108899,15.850149396403294,14884200.0,2022-10-20 20:30:00
15.527311018902203,15.711647951057412,15.824819430796357,14885100.0,2022-10-20 20:45:00
15.493387443352557,15.678494115789295,15.799782665395169,14886000.0,2022-10-20 21:00:00
15.46001132916953,15.644787015466688,15.774963090652529,14886900.0,2022-10-20 21:15:00
15.428632030633691,15.612057158651185,15.750483436032695,14887800.0,2022-10-20 21:30:00
15.398240771980351,15.57995000445874,15.72626804114995,14888700.0,2022-10-20 21:45:00
15.371120764369127,15.551398727487353,15.702832006726904,14889600.0,2022-10-20 22:00:00
15.34154640660138,15.524408634171154,15.680195766139008,14890500.0,2022-10-20 22:15:00
15.311576398308755,15.496630687915468,15.658092169541936,14891400.0,2022-10-20 22:30:00
15.281389132714487,15.467624903902838,15.636185334331184,14892300.0,2022-10-20 22:45:00
15.255928054964349,15.440245760336392,15.614546051145396,14893200.0,2022-10-20 23:00:00
15.23201955131389,15.416046996656345,15.593507185470507,14894100.0,2022-10-20 23:15:00
15.204208543368647,15.390556490119293,15.572869463320428,14895000.0,2022-10-20 23:30:00
15.186278884108948,15.367220551217876,15.552734798075273,14895900.0,2022-10-20 23:45:00
15.17337175278046,15.346164617521271,15.53324979488178,14896800.0,2022-10-21 00:00:00
15.15563202248772,15.326843282274526,15.514689681455048,14897700.0,2022-10-21 00:15:00
15.137779692042873,15.3088087647247,15.497032426015476,14898600.0,2022-10-21 00:30:00
15.120346550357382,15.289172769068962,15.479832459645143,14899500.0,2022-10-21 00:45:00
15.092287257450137,15.267826804117666,15.462698405835374,14900400.0,2022-10-21 01:00:00
15.063052378647749,15.246640786956798,15.445498307332905,14901300.0,2022-10-21 01:15:00
15.035511430159849,15.225674489999722,15.42835296106465,14902200.0,2022-10-21 01:30:00
15.009214424636738,15.20185688535137,15.410754004405048,14903100.0,2022-10-21 01:45:00
14.97811268844273,15.178642059519202,15.392770325587689,14904000.0,2022-10-21 02:00:00
14.962024137130664,15.158007907004611,15.374890584485176,14904900.0,2022-10-21 02:15:00
14.9500248273584,15.138231621793745,15.357320115694565,14905800.0,2022-10-21 02:30:00
14.934364616870498,15.12127426845769,15.340353756938551,14906700.0,2022-10-21 02:45:00
14.9252731301362,15.104363318941672,15.32398843755429,14907600.0,2022-10-21 03:00:00
14.920499774782218,15.090509111539594,15.308451510353583,14908500.0,2022-10-21 03:15:00
14.920584537778776,15.07964805050459,15.294008285520944,14909400.0,2022-10-21 03:30:00
14.929730899290846,15.070992683446487,15.280928517089956,14910300.0,2022-10-21 03:45:00
14.941988655701616,15.068441037839586,15.269683258544532,14911200.0,2022-10-21 04:00:00
14.955891670884728,15.067339204017,15.260153803916609,14912100.0,2022-10-21 04:15:00
14.980543287509075,15.072911477556705,15.252965679934588,14913000.0,2022-10-21 04:30:00
15.01513042151165,15.081067862846393,15.247971494520009,14913900.0,2022-10-21 04:45:00
15.058802989221393,15.094852279108938,15.245498668400083,14914800.0,2022-10-21 05:00:00
15.102332429583027,15.112902272232194,15.245774208686043,14915700.0,2022-10-21 05:15:00
15.144437816923844,15.134649842774916,15.248724369936753,14916600.0,2022-10-21 05:30:00
15.19372870311762,15.159901194497971,15.25436205908654,14917500.0,2022-10-21 05:45:00
15.239240449935531,15.188306881069051,15.262584275260629,14918400.0,2022-10-21 06:00:00
15.297037047953395,15.219853726013495,15.273221472289237,14919300.0,2022-10-21 06:15:00
15.351345939363233,15.254751323458375,15.28641880462243,14920200.0,2022-10-21 06:30:00
15.417307760567889,15.293957544342645,15.302219425294936,14921100.0,2022-10-21 06:45:00
15.481212992863451,15.335552370978542,15.320529041448198,14922000.0,2022-10-21 07:00:00
15.5489173422906,15.38054933695408,15.3413096099106,14922900.0,2022-10-21 07:15:00
15.605107376380628,15.425305269187074,15.364123149180475,14923800.0,2022-10-21 07:30:00
15.666173752500658,15.471124068845636,15.3886148862194,14924700.0,2022-10-21 07:45:00
15.73035765693196,15.519340317107591,15.414795910465394,14925600.0,2022-10-21 08:00:00
15.812215545412728,15.569596271693303,15.442621834791192,14926500.0,2022-10-21 08:15:00
15.84235619756635,15.614383475713186,15.471023988158178,14927400.0,2022-10-21 08:30:00
15.868931435101382,15.654571321535794,15.499195428618954,14928300.0,2022-10-21 08:45:00
15.894654684529254,15.689778724305262,15.526199795318655,14929200.0,2022-10-21 09:00:00
15.908478034014829,15.719903823042712,15.55151074184326,14930100.0,2022-10-21 09:15:00
15.912102595485038,15.742484306759849,15.574378010645049,14931000.0,2022-10-21 09:30:00
15.91361124553248,15.762122040504725,15.594856226107147,14931900.0,2022-10-21 09:45:00
15.917197835248578,15.77802916069468,15.613030740228286,14932800.0,2022-10-21 10:00:00
15.924135781011152,15.79092866411696,15.62894663809442,14933700.0,2022-10-21 10:15:00
15.927054302290504,15.803174583582512,15.643128028843211,14934600.0,2022-10-21 10:30:00
15.92319463500583,15.812086017287973,15.655555100177414,14935500.0,2022-10-21 10:45:00
15.917704384999984,15.816944917366849,15.666016988652228,14936400.0,2022-10-21 11:00:00
15.915177475496506,15.822227052467634,15.675047772471853,14937300.0,2022-10-21 11:15:00
15.92049952723735,15.826952741022913,15.683043564144644,14938200.0,2022-10-21 11:30:00
15.925419049454169,15.831876654275788,15.6902308452706,14939100.0,2022-10-21 11:45:00
15.928518251036108,15.836310111972516,15.696731083355893,14940000.0,2022-10-21 12:00:00
15.923387008090009,15.838687020203048,15.702484070986532,14940900.0,2022-10-21 12:15:00
15.90967886243897,15.838045133152146,15.70716209982438,14941800.0,2022-10-21 12:30:00
15.893328791939508,15.837976648264291,15.7112191441853,14942700.0,2022-10-21 12:45:00
15.872578272107836,15.82922994555672,15.71325569705806,14943600.0,2022-10-21 13:00:00
15.852362855359289,15.820571286977188,15.713577370292112,14944500.0,2022-10-21 13:15:00
15.837650206953152,15.813180123662582,15.712894480225268,14945400.0,2022-10-21 13:30:00
15.82181610332402,15.803501078579442,15.711195901936078,14946300.0,2022-10-21 13:45:00
15.80407161769324,15.792005322957207,15.708355450627137,14947200.0,2022-10-21 14:00:00
15.784711316765772,15.780703987675189,15.704635631382718,14948100.0,2022-10-21 14:15:00
15.767950321829176,15.769721418519651,15.700413921196144,14949000.0,2022-10-21 14:30:00
15.753902955433942,15.758765009037074,15.695731769494698,14949900.0,2022-10-21 14:45:00
15.738025168100169,15.746597319665408,15.690453727865284,14950800.0,2022-10-21 15:00:00
15.718537510507543,15.733534236336872,15.684573807899934,14951700.0,2022-10-21 15:15:00
15.699829522307082,15.720412862112626,15.678248600505189,14952600.0,2022-10-21 15:30:00
15.678278759533496,15.705813108049016,15.6713714990965,14953500.0,2022-10-21 15:45:00
15.653161271017431,15.690701871989573,15.663880160320147,14954400.0,2022-10-21 16:00:00
15.621109701136088,15.671651865970333,15.655315003502697,14955300.0,2022-10-21 16:15:00
15.587241517706078,15.652100381041391,15.645782324548891,14956200.0,2022-10-21 16:30:00
15.543917085464903,15.62864553651745,15.634855681541952,14957100.0,2022-10-21 16:45:00
15.502477889701488,15.601832791782584,15.622372045034863,14958000.0,2022-10-21 17:00:00
15.470981108568465,15.575144905455591,15.608554798344548,14958900.0,2022-10-21 17:15:00
15.444707936226076,15.550607441977744,15.59392528845538,14959800.0,2022-10-21 17:30:00
15.411533371317926,15.525728573509095,15.578844285850648,14960700.0,2022-10-21 17:45:00
15.38151507546455,15.50049078684463,15.563375121336358,14961600.0,2022-10-21 18:00:00
15.3599344725368,15.477666651538946,15.547894203879542,14962500.0,2022-10-21 18:15:00
15.337632672648269,15.454601776889724,15.532328068237764,14963400.0,2022-10-21 18:30:00
15.311082893573452,15.432001228820845,15.516771038056374,14964300.0,2022-10-21 18:45:00
15.28068734288588,15.408632050804393,15.501146051575557,14965200.0,2022-10-21 19:00:00
15.246633374842917,15.384920426823886,15.485358054210606,14966100.0,2022-10-21 19:15:00
15.215610519343883,15.359632663471562,15.469226479378426,14967000.0,2022-10-21 19:30:00
15.182227692776054,15.334291381163696,15.452675058739104,14967900.0,2022-10-21 19:45:00
15.153106315390628,15.308961437412572,15.43582188219164,14968800.0,2022-10-21 20:00:00
15.125623943358397,15.282113212681038,15.418399718871347,14969700.0,2022-10-21 20:15:00
15.094694021576776,15.258835135508988,15.401099973066383,14970600.0,2022-10-21 20:30:00
15.06554958194826,15.233481451227048,15.383713641231855,14971500.0,2022-10-21 20:45:00
15.032908168592984,15.206792587206332,15.36597051999584,14972400.0,2022-10-21 21:00:00
14.998791956966132,15.181674976122371,15.347989575273248,14973300.0,2022-10-21 21:15:00
14.961366579256614,15.153853583970797,15.329573500801336,14974200.0,2022-10-21 21:30:00
14.923028823752022,15.125438170519647,15.31065246855644,14975100.0,2022-10-21 21:45:00
14.891708786064834,15.09733300713384,15.291271392187223,14976000.0,2022-10-21 22:00:00
14.857949198524375,15.068544676986852,15.271516439460449,14976900.0,2022-10-21 22:15:00
14.828037173007024,15.041845835796082,15.25164248316783,14977800.0,2022-10-21 22:30:00
14.792346847338289,15.012143278774593,15.231387071510106,14978700.0,2022-10-21 22:45:00
14.76871236353716,14.986485869850464,15.211256141080543,14979600.0,2022-10-21 23:00:00
14.746355022137582,14.961884188686602,15.191458310970631,14980500.0,2022-10-21 23:15:00
14.725906441706474,14.938228330846536,15.172026735390704,14981400.0,2022-10-21 23:30:00
14.706632932382629,14.916164205822636,15.153175545523371,14982300.0,2022-10-21 23:45:00
14.6874849346199,14.895191590561462,15.134920024050302,14983200.0,2022-10-22 00:00:00
14.673037524610496,14.876585723989466,15.1174970710652,14984100.0,2022-10-22 00:15:00
14.662247921032646,14.858945080479025,15.100778342046636,14985000.0,2022-10-22 00:30:00
14.640272951184354,14.841433833416822,15.084666967155108,14985900.0,2022-10-22 00:45:00
14.616757082224677,14.823094558101207,15.068833348074964,14986800.0,2022-10-22 01:00:00
14.5900641906468,14.802000872854888,15.0528610263747,14987700.0,2022-10-22 01:15:00
14.577218845252556,14.784835140926072,15.037104977567353,14988600.0,2022-10-22 01:30:00
14.572084161060763,14.770104530408236,15.02196545850566,14989500.0,2022-10-22 01:45:00
14.570852677846291,14.756760746208954,15.0075443774155,14990400.0,2022-10-22 02:00:00
14.565664776478185,14.745099537235625,14.99402834793552,14991300.0,2022-10-22 02:15:00
14.572376169117206,14.738291355528832,14.981888790410336,14992200.0,2022-10-22 02:30:00
14.567758511213372,14.730725446310808,14.970719039492154,14993100.0,2022-10-22 02:45:00
14.58274321274472,14.728124215047613,14.961024978311746,14994000.0,2022-10-22 03:00:00
14.599361951628008,14.727370372065852,14.952765447746762,14994900.0,2022-10-22 03:15:00
14.622956345491753,14.731661366769972,14.946340416013614,14995800.0,2022-10-22 03:30:00
14.654518974275645,14.741922045482305,14.942157872736688,14996700.0,2022-10-22 03:45:00
14.683299028589472,14.752156248592556,14.939985088582088,14997600.0,2022-10-22 04:00:00
14.7179328515085,14.766598689766214,14.93986145036322,14998500.0,2022-10-22 04:15:00
14.758546589221364,14.785757249441048,14.942054219372016,14999400.0,2022-10-22 04:30:00
14.8045533614059,14.806743298126817,14.946528734877464,15000300.0,2022-10-22 04:45:00
14.853510503539525,14.833794033308529,14.953505045861418,15001200.0,2022-10-22 05:00:00
14.913954552344284,14.864019646198267,14.962961311988597,15002100.0,2022-10-22 05:15:00
14.963816666909688,14.896922688709289,14.974911025181989,15003000.0,2022-10-22 05:30:00
15.02142538688881,14.933247855600968,14.989317760586864,15003900.0,2022-10-22 05:45:00
15.08309447657038,14.972744393228425,15.006080166831152,15004800.0,2022-10-22 06:00:00
15.148448517169973,15.014019231168591,15.025037304380149,15005700.0,2022-10-22 06:15:00
15.22452097152918,15.061526687045738,15.046553255728094,15006600.0,2022-10-22 06:30:00
15.300907354151883,15.111121845453996,15.070545921967389,15007500.0,2022-10-22 06:45:00
15.376885739180558,15.164157155572582,15.09715176845178,15008400.0,2022-10-22 07:00:00
15.448215793934231,15.217484378098506,15.125805464315953,15009300.0,2022-10-22 07:15:00
15.516205777012445,15.273032815886385,15.156474925964542,15010200.0,2022-10-22 07:30:00
15.568036071581565,15.323345566141583,15.188020622742236,15011100.0,2022-10-22 07:45:00
15.615001406698392,15.372679830661207,15.219944079736724,15012000.0,2022-10-22 08:00:00
15.653670691265912,15.415933233105354,15.251188254383209,15012900.0,2022-10-22 08:15:00
15.684814909513191,15.455556267791842,15.281373474374332,15013800.0,2022-10-22 08:30:00
15.725431125546953,15.49493780908156,15.31063575069398,15014700.0,2022-10-22 08:45:00
15.758125239578858,15.53143880552407,15.339013856443248,15015600.0,2022-10-22 09:00:00
15.801530927308203,15.569852689838047,15.367008984411632,15016500.0,2022-10-22 09:15:00
15.83690224506279,15.605444132264292,15.39433523981895,15017400.0,2022-10-22 09:30:00
15.884525897887452,15.641981837948771,15.42137006563546,15018300.0,2022-10-22 09:45:00
15.914178887404574,15.677558176763236,15.448237178763174,15019200.0,2022-10-22 10:00:00
15.949722198499702,15.71113159570953,15.474625412462553,15020100.0,2022-10-22 10:15:00
15.98372655235022,15.743690669003165,15.50042564081166,15021000.0,2022-10-22 10:30:00
16.01474892014321,15.77406131399044,15.525427199767488,15021900.0,2022-10-22 10:45:00
16.03078890058599,15.803021245048052,15.54982427355541,15022800.0,2022-10-22 11:00:00
16.046486759538308,15.828431535865317,15.573160342322389,15023700.0,2022-10-22 11:15:00
16.06464984042579,15.851757724523384,15.595382888589224,15024600.0,2022-10-22 11:30:00
16.07554043481633,15.871802698025316,15.616160608518571,15025500.0,2022-10-22 11:45:00
16.078873798933312,15.888743735475664,15.63539921179837,15026400.0,2022-10-22 12:00:00
16.082594458140868,15.903484644219452,15.653152243749709,15027300.0,2022-10-22 12:15:00
16.092254597878952,15.916332893943483,15.669332942329593,15028200.0,2022-10-22 12:30:00
16.10133052424644,15.928294221990216,15.684198334199538,15029100.0,2022-10-22 12:45:00
16.111443730509972,15.940646328535372,15.698160672126864,15030000.0,2022-10-22 13:00:00
16.119560813823696,15.951396173968616,15.711247606196372,15030900.0,2022-10-22 13:15:00
16.126058842987423,15.962454404572078,15.72382103668514,15031800.0,2022-10-22 13:30:00
16.132360076182014,15.972920267486773,15.735844590810462,15032700.0,2022-10-22 13:45:00
16.138444432674614,15.981980104414273,15.74721039320108,15033600.0,2022-10-22 14:00:00
16.14818019316986,15.991365052044694,15.758193353167115,15034500.0,2022-10-22 14:15:00
16.150859228025013,15.99940509287508,15.768595321273995,15035400.0,2022-10-22 14:30:00
16.15409863890792,16.006773748897995,15.778406805719277,15036300.0,2022-10-22 14:45:00
16.15559580043353,16.013729095127225,15.787808464496107,15037200.0,2022-10-22 15:00:00
16.154901921874835,16.018440568196198,15.796387141098483,15038100.0,2022-10-22 15:15:00
16.150552207899832,16.021698786569345,15.804103636158604,15039000.0,2022-10-22 15:30:00
16.14419128346496,16.023673158052762,15.810928128622416,15039900.0,2022-10-22 15:45:00
16.133156439050016,16.023777484239876,15.816926019298435,15040800.0,2022-10-22 16:00:00
16.11992032670326,16.021649242757643,15.821843483280068,15041700.0,2022-10-22 16:15:00
16.104303501459256,16.01558801062488,15.825139445647814,15042600.0,2022-10-22 16:30:00
16.084672566275724,16.01006144951957,15.827381149388358,15043500.0,2022-10-22 16:45:00
16.06329099266404,16.000863210436332,15.828109430561504,15044400.0,2022-10-22 17:00:00
16.038231972561945,15.989343452710289,15.827367245333257,15045300.0,2022-10-22 17:15:00
16.013812048677444,15.976327948300908,15.825182693749207,15046200.0,2022-10-22 17:30:00
15.989186223518676,15.961286018253965,15.821591074493847,15047100.0,2022-10-22 17:45:00
15.962956956319845,15.9459667529982,15.816828592365438,15048000.0,2022-10-22 18:00:00
15.935333560908358,15.927937338305751,15.81069480369768,15048900.0,2022-10-22 18:15:00
15.909738735032857,15.910504081009869,15.803639816015409,15049800.0,2022-10-22 18:30:00
15.882101362819377,15.891099888820763,15.795603549341257,15050700.0,2022-10-22 18:45:00
15.852861069025597,15.87191561530712,15.786774769235718,15051600.0,2022-10-22 19:00:00
15.825238046185891,15.852477854067992,15.777383679786752,15052500.0,2022-10-22 19:15:00
15.798252358637775,15.831258718343529,15.767203065160572,15053400.0,2022-10-22 19:30:00
15.770619784246042,15.810213382116835,15.756357541495984,15054300.0,2022-10-22 19:45:00
15.743869658914214,15.789359103372586,15.745056074844184,15055200.0,2022-10-22 20:00:00
15.71705074552599,15.767944903447129,15.733271927364282,15056100.0,2022-10-22 20:15:00
15.69287178858166,15.746417509148568,15.72099561147808,15057000.0,2022-10-22 20:30:00
15.663729636255358,15.725490995286975,15.708549303669978,15057900.0,2022-10-22 20:45:00
15.634264220090392,15.704194460996552,15.695858519962108,15058800.0,2022-10-22 21:00:00
15.599929265722835,15.680067074187727,15.682475166788862,15059700.0,2022-10-22 21:15:00
15.562748165808973,15.65458443697014,15.668302833296195,15060600.0,2022-10-22 21:30:00
15.535191272576649,15.629529604133587,15.6535548975652,15061500.0,2022-10-22 21:45:00
15.518127425854358,15.607295878222036,15.638671118825478,15062400.0,2022-10-22 22:00:00
15.474867915736649,15.582902132820571,15.62356207064362,15063300.0,2022-10-22 22:15:00
15.441933584379647,15.558465484101974,15.608200181751307,15064200.0,2022-10-22 22:30:00
15.41614429746271,15.53291525563681,15.59231219626466,15065100.0,2022-10-22 22:45:00
15.40915603341077,15.512625080514033,15.576720137332968,15066000.0,2022-10-22 23:00:00
15.383475420261014,15.492220439612623,15.561533755557091,15066900.0,2022-10-22 23:15:00
15.365056978462263,15.473007225972728,15.546787995053675,15067800.0,2022-10-22 23:30:00
15.354939389212156,15.45542842305152,15.532652545538287,15068700.0,2022-10-22 23:45:00
15.34013768785109,15.439384198746025,15.519140428067832,15069600.0,2022-10-23 00:00:00
15.334094534904091,15.42542179719828,15.506303842357848,15070500.0,2022-10-23 00:15:00
15.311516216616637,15.410264360082872,15.493987703655472,15071400.0,2022-10-23 00:30:00
15.301648530717747,15.39677956874006,15.482228949545188,15072300.0,2022-10-23 00:45:00
15.295947930022368,15.384939677027027,15.471042838674924,15073200.0,2022-10-23 01:00:00
15.291338841546088,15.373931798500978,15.460397709301407,15074100.0,2022-10-23 01:15:00
15.28512635948596,15.3637453471155,15.450439836311194,15075000.0,2022-10-23 01:30:00
15.280189369289769,15.356468862213326,15.441380035433092,15075900.0,2022-10-23 01:45:00
15.273932931505284,15.347865712817722,15.432805235434376,15076800.0,2022-10-23 02:00:00
15.26972687814106,15.340749749431936,15.424749846561406,15077700.0,2022-10-23 02:15:00
15.2663275896546,15.333554312893732,15.417222269246338,15078600.0,2022-10-23 02:30:00
15.26424248897942,15.32851664300454,15.410320465833356,15079500.0,2022-10-23 02:45:00
15.266566821818374,15.324482568512504,15.404021118371306,15080400.0,2022-10-23 03:00:00
15.273529308614032,15.321474984923682,15.398379105418268,15081300.0,2022-10-23 03:15:00
15.274893534511268,15.320371812994749,15.393514174239671,15082200.0,2022-10-23 03:30:00
15.282194640862407,15.320656063180715,15.38958943681577,15083100.0,2022-10-23 03:45:00
15.288810977817652,15.321290747378011,15.386344176112956,15084000.0,2022-10-23 04:00:00
15.308355826662297,15.32631114750118,15.384252153863494,15084900.0,2022-10-23 04:15:00
15.3378981501799,15.337175119304804,15.384073158466878,15085800.0,2022-10-23 04:30:00
15.379218083618094,15.35078803056578,15.385789921961468,15086700.0,2022-10-23 04:45:00
15.429973765214816,15.371446625946495,15.390078414392097,15087600.0,2022-10-23 05:00:00
15.487983356329682,15.399183725654009,15.397495020497324,15088500.0,2022-10-23 05:15:00
15.555456238557532,15.432573415797664,15.408376381703675,15089400.0,2022-10-23 05:30:00
15.621044996817863,15.470316013011228,15.422614468130057,15090300.0,2022-10-23 05:45:00
15.70047023095149,15.51491604360166,15.440523602285676,15091200.0,2022-10-23 06:00:00
15.775199330383558,15.562430243126988,15.461830900701964,15092100.0,2022-10-23 06:15:00
15.84544311543116,15.611842726209414,15.486094157301393,15093000.0,2022-10-23 06:30:00
15.893714237055791,15.657665215823082,15.512095722420652,15093900.0,2022-10-23 06:45:00
15.928696719190674,15.701511583070696,15.539068899944017,15094800.0,2022-10-23 07:00:00
15.952309054065022,15.73852186674906,15.565768274599067,15095700.0,2022-10-23 07:15:00
15.979672464631497,15.772391295380466,15.591595862467132,15096600.0,2022-10-23 07:30:00
16.004063918615394,15.802183821383498,15.615960168749815,15097500.0,2022-10-23 07:45:00
16.032303172165633,15.832710438551707,15.639387989350064,15098400.0,2022-10-23 08:00:00
16.081149959588764,15.86581576575287,15.662682873470404,15099300.0,2022-10-23 08:15:00
16.14027612560671,15.903500092212791,15.6867440109191,15100200.0,2022-10-23 08:30:00
16.19449519148391,15.942121371463642,15.711627675406248,15101100.0,2022-10-23 08:45:00
16.227216511927317,15.978839015296048,15.737078869792567,15102000.0,2022-10-23 09:00:00
16.248995872305173,16.007940135220725,15.761509469168772,15102900.0,2022-10-23 09:15:00
16.259433728079898,16.036398100430958,15.785162224112796,15103800.0,2022-10-23 09:30:00
16.274825731231886,16.061335414570777,15.80774480356812,15104700.0,2022-10-23 09:45:00
16.291145188288215,16.083970925697038,15.829083163740178,15105600.0,2022-10-23 10:00:00
16.304648165640696,16.10410494034196,15.849090371630126,15106500.0,2022-10-23 10:15:00
16.305946980285455,16.11879746417394,15.867078127739054,15107400.0,2022-10-23 10:30:00
16.294057169913575,16.128410440418087,15.882734879572864,15108300.0,2022-10-23 10:45:00
16.26957258765501,16.13195766246645,15.89576271381486,15109200.0,2022-10-23 11:00:00
16.239251810749412,16.127803862547506,15.90532265806705,15110100.0,2022-10-23 11:15:00
16.204277748664705,16.11992692359669,15.911691201452507,15111000.0,2022-10-23 11:30:00
16.171329020454476,16.108154682418302,15.915135483853192,15111900.0,2022-10-23 11:45:00
16.14205770382832,16.095012586766448,15.916103223190484,15112800.0,2022-10-23 12:00:00
16.11801742234133,16.080134913208873,15.914882696250189,15113700.0,2022-10-23 12:15:00
16.098621157092417,16.064517014361925,15.9118576404427,15114600.0,2022-10-23 12:30:00
16.077935656723287,16.0495494169449,15.907605129829978,15115500.0,2022-10-23 12:45:00
16.056251396992142,16.034205524535476,15.902448087234257,15116400.0,2022-10-23 13:00:00
16.028248979533917,16.017562169732116,15.89634645346219,15117300.0,2022-10-23 13:15:00
15.998199270688326,16.000130060690143,15.889492592329114,15118200.0,2022-10-23 13:30:00
15.965667691817,15.97886045070695,15.88127861483539,15119100.0,2022-10-23 13:45:00
15.932664680688417,15.958590105474252,15.872248744424065,15120000.0,2022-10-23 14:00:00
15.901796640023248,15.936230152768362,15.86216614119794,15120900.0,2022-10-23 14:15:00
15.871915530458912,15.912990156824016,15.850984650857791,15121800.0,2022-10-23 14:30:00
15.841273386763447,15.88956636039162,15.839071405370545,15122700.0,2022-10-23 14:45:00
15.8042778308798,15.864660060453335,15.826210668566556,15123600.0,2022-10-23 15:00:00
15.769671823485186,15.839373878837812,15.812635029664072,15124500.0,2022-10-23 15:15:00
15.734904366543768,15.81249425528754,15.79823180543397,15125400.0,2022-10-23 15:30:00
15.697776000638084,15.78616736886052,15.783243106206315,15126300.0,2022-10-23 15:45:00
15.660325883978718,15.75882289567981,15.767603164042512,15127200.0,2022-10-23 16:00:00
15.618108830956494,15.728836900681776,15.751018508508244,15128100.0,2022-10-23 16:15:00
15.57415946614811,15.69880130234036,15.733637399636097,15129000.0,2022-10-23 16:30:00
15.52319807894486,15.664158851845084,15.714858809124948,15129900.0,2022-10-23 16:45:00
15.485699702009535,15.631417574716432,15.695256909459912,15130800.0,2022-10-23 17:00:00
15.453123886734558,15.599321579719716,15.675134529032658,15131700.0,2022-10-23 17:15:00
15.421146046098867,15.569245133882664,15.654909021817472,15132600.0,2022-10-23 17:30:00
15.386453608861093,15.539176946217628,15.6346069848673,15133500.0,2022-10-23 17:45:00
15.350737279754645,15.508919479363472,15.61429103278396,15134400.0,2022-10-23 18:00:00
15.31616772714722,15.480322106244326,15.594114180331044,15135300.0,2022-10-23 18:15:00
15.285667875670702,15.450735769239785,15.573794974797083,15136200.0,2022-10-23 18:30:00
15.25559076198355,15.422026608363952,15.553582355835513,15137100.0,2022-10-23 18:45:00
15.223123707345712,15.394663330806283,15.533608940101244,15138000.0,2022-10-23 19:00:00
15.189643500508415,15.367654648198798,15.513870951644984,15138900.0,2022-10-23 19:15:00
15.156669826415266,15.339191959523834,15.49394390206287,15139800.0,2022-10-23 19:30:00
15.117694236275083,15.310442999603314,15.473885884581373,15140700.0,2022-10-23 19:45:00
15.08801075538857,15.28158694256152,15.453656530469871,15141600.0,2022-10-23 20:00:00
15.05805844534351,15.253722960920726,15.433423574019471,15142500.0,2022-10-23 20:15:00
15.024412627177904,15.225060863765902,15.413057104973252,15143400.0,2022-10-23 20:30:00
14.988309760370695,15.197665011897517,15.392662841519453,15144300.0,2022-10-23 20:45:00
14.95331368850835,15.168112144126049,15.372087259391517,15145200.0,2022-10-23 21:00:00
14.925839369649776,15.14045600201319,15.351473778129163,15146100.0,2022-10-23 21:15:00
14.90850833242397,15.114915641739056,15.33112432966047,15147000.0,2022-10-23 21:30:00
14.87667127739836,15.089154213157013,15.311057013520168,15147900.0,2022-10-23 21:45:00
14.862159087850888,15.066363042969934,15.291455176188023,15148800.0,2022-10-23 22:00:00
14.844903513019796,15.044833117562908,15.272562419884474,15149700.0,2022-10-23 22:15:00
14.825910992929378,15.024366798281685,15.25438671912184,15150600.0,2022-10-23 22:30:00
14.802579089688187,15.004858241664431,15.23695975860198,15151500.0,2022-10-23 22:45:00
14.78684951611111,14.98578168233057,15.220102408399551,15152400.0,2022-10-23 23:00:00
14.76349063751178,14.96623200163741,15.203518014760071,15153300.0,2022-10-23 23:15:00
14.7488677021354,14.948504185388645,15.1873683973125,15154200.0,2022-10-23 23:30:00
14.735484412579144,14.931576921318968,15.171641808244736,15155100.0,2022-10-23 23:45:00
14.723049167521705,14.91509198931022,15.156379952499568,15156000.0,2022-10-24 00:00:00
14.710892422956997,14.900062198102642,15.141633616663626,15156900.0,2022-10-24 00:15:00
14.695395703116075,14.88628554490351,15.127373306202038,15157800.0,2022-10-24 00:30:00
14.681239110699726,14.871812347483706,15.113518021658352,15158700.0,2022-10-24 00:45:00
14.665395160320996,14.857120439496525,15.099955328327308,15159600.0,2022-10-24 01:00:00
14.648442032827996,14.841515011838927,15.086419740166882,15160500.0,2022-10-24 01:15:00
14.6403497104338,14.82678281809704,15.073036163032317,15161400.0,2022-10-24 01:30:00
14.625860677690394,14.813229330725653,15.059911258429672,15162300.0,2022-10-24 01:45:00
14.611948268712109,14.800034106426098,15.04711371010977,15163200.0,2022-10-24 02:00:00
14.602470959073637,14.78746025382232,15.03459617709704,15164100.0,2022-10-24 02:15:00
14.603448485884472,14.778864616848509,15.02283268404686,15165000.0,2022-10-24 02:30:00
14.61224173761862,14.774031633928171,15.01217217057023,15165900.0,2022-10-24 02:45:00
14.624747606486324,14.770241456430387,15.002680269723063,15166800.0,2022-10-24 03:00:00
14.649449915006334,14.770870231765551,14.994740799810357,15167700.0,2022-10-24 03:15:00
14.691859272022866,14.781438495749274,14.989329004241773,15168600.0,2022-10-24 03:30:00
14.733133502983508,14.795344911798692,14.986656326018553,15169500.0,2022-10-24 03:45:00
14.766462578847625,14.810430425753584,14.986462059374007,15170400.0,2022-10-24 04:00:00
14.784528042352411,14.825576863534089,14.988065004478244,15171300.0,2022-10-24 04:15:00
14.791862663199952,14.838509183467266,14.990749615748529,15172200.0,2022-10-24 04:30:00
14.808884261965696,14.849620533473532,14.994013037089555,15173100.0,2022-10-24 04:45:00
14.832885287369784,14.86269605754797,14.997833044517805,15174000.0,2022-10-24 05:00:00
14.873168341578223,14.882825226330825,15.003090579006995,15174900.0,2022-10-24 05:15:00
14.92453076968075,14.90562940585258,15.00993879338643,15175800.0,2022-10-24 05:30:00
14.9897235792261,14.935741017321051,15.019215585648118,15176700.0,2022-10-24 05:45:00
15.048065184593227,14.970889811136464,15.03148284442236,15177600.0,2022-10-24 06:00:00
15.10561692259056,15.00584910992544,15.046038812253292,15178500.0,2022-10-24 06:15:00
15.145507529303588,15.039822040663678,15.062260653778464,15179400.0,2022-10-24 06:30:00
15.17037028138708,15.071827585456976,15.079528360177136,15180300.0,2022-10-24 06:45:00
15.187781118404867,15.09970562718348,15.096904762677216,15181200.0,2022-10-24 07:00:00
15.194960533602584,15.119764006070971,15.113065295524628,15182100.0,2022-10-24 07:15:00
15.199374227549455,15.138088755032136,15.12792256243936,15183000.0,2022-10-24 07:30:00
15.235458129359476,15.158392350846862,15.141900402792096,15183900.0,2022-10-24 07:45:00
15.311393022182552,15.189748019473194,15.157116406759965,15184800.0,2022-10-24 08:00:00
15.399900196310004,15.231967962755949,15.175214298099988,15185700.0,2022-10-24 08:15:00
15.47377858668638,15.276349951499904,15.196195642361369,15186600.0,2022-10-24 08:30:00
15.524307496037505,15.321219350329669,15.219687162259898,15187500.0,2022-10-24 08:45:00
15.57526245799489,15.365383795757095,15.244908744509743,15188400.0,2022-10-24 09:00:00
15.618475420183152,15.405597415225753,15.270780711770712,15189300.0,2022-10-24 09:15:00
15.656517243010272,15.446348068825152,15.297198201575004,15190200.0,2022-10-24 09:30:00
15.697800683342788,15.482897200412053,15.323302183468703,15191100.0,2022-10-24 09:45:00
15.724656706661415,15.518789365048306,15.349149185231244,15192000.0,2022-10-24 10:00:00
15.745587424892149,15.549357755693697,15.374022225066202,15192900.0,2022-10-24 10:15:00
15.750265821630448,15.571279036554415,15.396605563525965,15193800.0,2022-10-24 10:30:00
15.747642436343858,15.591360902740728,15.417224797965282,15194700.0,2022-10-24 10:45:00
15.740131216598645,15.604842706473782,15.435401562452334,15195600.0,2022-10-24 11:00:00
15.729438974467,15.6134510967819,15.450814062599893,15196500.0,2022-10-24 11:15:00
15.729329888652854,15.621314976067405,15.464017617238817,15197400.0,2022-10-24 11:30:00
15.72832722392054,15.6259575227283,15.475102529787923,15198300.0,2022-10-24 11:45:00
15.723879480917851,15.62916999434829,15.484266198768278,15199200.0,2022-10-24 12:00:00
15.717768273783832,15.63271229603712,15.49219794219259,15200100.0,2022-10-24 12:15:00
15.70762955142188,15.633714953184498,15.49897903620322,15201000.0,2022-10-24 12:30:00
15.695169042424228,15.63136630483698,15.504200388920568,15201900.0,2022-10-24 12:45:00
15.677181027273168,15.626356955597206,15.507809112464953,15202800.0,2022-10-24 13:00:00
15.6572828943438,15.620440400678577,15.510060951054234,15203700.0,2022-10-24 13:15:00
15.634796847972414,15.609951957216843,15.51050228403276,15204600.0,2022-10-24 13:30:00
15.6141867261377,15.59870799244124,15.509470933918376,15205500.0,2022-10-24 13:45:00
15.59705934825366,15.586560672356043,15.50708162693347,15206400.0,2022-10-24 14:00:00
15.579486057666486,15.575241888905175,15.503897256354817,15207300.0,2022-10-24 14:15:00
15.564794240692736,15.565651026865924,15.500393583635953,15208200.0,2022-10-24 14:30:00
15.550521762294595,15.553669078894412,15.496297035964288,15209100.0,2022-10-24 14:45:00
15.5359816399623,15.543673122702767,15.491959020006442,15210000.0,2022-10-24 15:00:00
15.520228308804615,15.532695556741803,15.487365914538495,15210900.0,2022-10-24 15:15:00
15.497064123832192,15.519121638149995,15.482109403744165,15211800.0,2022-10-24 15:30:00
15.469996999984616,15.503884160400403,15.47597250499784,15212700.0,2022-10-24 15:45:00
15.43523787103657,15.484925497737644,15.46854483732202,15213600.0,2022-10-24 16:00:00
15.395080354189483,15.465141356822624,15.460028794721245,15214500.0,2022-10-24 16:15:00
15.35294670842826,15.440372408520238,15.4498984598356,15215400.0,2022-10-24 16:30:00
15.30813426495546,15.413491722966562,15.438077241727749,15216300.0,2022-10-24 16:45:00
15.262265412811171,15.385164481425385,15.424668854635,15217200.0,2022-10-24 17:00:00
15.221157716454837,15.353916156483256,15.409620728649312,15218100.0,2022-10-24 17:15:00
15.17704806074461,15.322623842880242,15.393214877852095,15219000.0,2022-10-24 17:30:00
15.129916103419164,15.28954977971466,15.375540323727552,15219900.0,2022-10-24 17:45:00
15.085263596685548,15.25563801229036,15.35678521725104,15220800.0,2022-10-24 18:00:00
15.042491897792182,15.221444545659304,15.337055057062477,15221700.0,2022-10-24 18:15:00
15.001013579230152,15.1887529678936,15.316731811268454,15222600.0,2022-10-24 18:30:00
14.958426801748724,15.155001186973122,15.295985714144718,15223500.0,2022-10-24 18:45:00
14.909407772263986,15.119130368120643,15.27439933135446,15224400.0,2022-10-24 19:00:00
14.860873158445983,15.081805660400876,15.251984661926866,15225300.0,2022-10-24 19:15:00
14.818866782224015,15.04610070013836,15.229117007732665,15226200.0,2022-10-24 19:30:00
14.779846253101786,15.011441533472334,15.20595473274385,15227100.0,2022-10-24 19:45:00
14.738254669286258,14.976569176769788,15.182616390255497,15228000.0,2022-10-24 20:00:00
14.695663358565824,14.941451594101412,15.159010572668112,15228900.0,2022-10-24 20:15:00
14.65840766129272,14.90713672417522,15.135335269093856,15229800.0,2022-10-24 20:30:00
14.62519746522274,14.87489844797818,15.111790945561346,15230700.0,2022-10-24 20:45:00
14.597548246114936,14.844364355245542,15.088663883329312,15231600.0,2022-10-24 21:00:00
14.565857333005583,14.814793074307344,15.065931970516283,15232500.0,2022-10-24 21:15:00
14.545099316870148,14.78477116741241,15.04361074382704,15233400.0,2022-10-24 21:30:00
14.519589982026378,14.759042163070983,15.02208635204539,15234300.0,2022-10-24 21:45:00
14.49252418209864,14.736993122249372,15.001524278395378,15235200.0,2022-10-24 22:00:00
14.47289563149981,14.710579241788391,14.981336655063194,15236100.0,2022-10-24 22:15:00
14.449445159774848,14.688020572084968,14.9617663817005,15237000.0,2022-10-24 22:30:00
14.430204464380996,14.667199946433886,14.942865186839828,15237900.0,2022-10-24 22:45:00
14.40634035050298,14.644788614170096,14.924375555691592,15238800.0,2022-10-24 23:00:00
14.390383513994168,14.623359783312802,14.906237839495777,15239700.0,2022-10-24 23:15:00
14.372515518502308,14.604198948617706,14.888578891132475,15240600.0,2022-10-24 23:30:00
14.3519259990355,14.585752338897674,14.871536908751622,15241500.0,2022-10-24 23:45:00
14.320766011423292,14.563049580675726,14.854538917771638,15242400.0,2022-10-25 00:00:00
14.295916618791248,14.542322114288616,14.837504131828364,15243300.0,2022-10-25 00:15:00
14.275305699682304,14.520558832691576,14.820373442645064,15244200.0,2022-10-25 00:30:00
14.261643096613458,14.501842534683584,14.803460522973188,15245100.0,2022-10-25 00:45:00
14.252321316001876,14.487197122830604,14.787389990078116,15246000.0,2022-10-25 01:00:00
14.242713209236015,14.471751604802012,14.772007057358948,15246900.0,2022-10-25 01:15:00
14.23844793604129,14.45686229860804,14.757174975082036,15247800.0,2022-10-25 01:30:00
14.221806249883931,14.44436129782534,14.743165476391988,15248700.0,2022-10-25 01:45:00
14.212321354233628,14.432311893118996,14.72977209478688,15249600.0,2022-10-25 02:00:00
14.21012805134948,14.420877693477992,14.71688381067622,15250500.0,2022-10-25 02:15:00
14.208004221080463,14.412879944483176,14.7049178538541,15251400.0,2022-10-25 02:30:00
14.209892680097685,14.404621283208527,14.693741310915522,15252300.0,2022-10-25 02:45:00
14.209541098716512,14.39735138138521,14.683230062952603,15253200.0,2022-10-25 03:00:00
14.209484662083012,14.39257547224988,14.673648920609493,15254100.0,2022-10-25 03:15:00
14.211923854928823,14.388339014411812,14.66488222688188,15255000.0,2022-10-25 03:30:00
14.225489073273016,14.387564261592685,14.657205690967793,15255900.0,2022-10-25 03:45:00
14.250356381159827,14.39039269848194,14.651015707898388,15256800.0,2022-10-25 04:00:00
14.276406552225108,14.398264381917215,14.646595131110502,15257700.0,2022-10-25 04:15:00
14.302850000132135,14.405649766844189,14.643777032755905,15258600.0,2022-10-25 04:30:00
14.337493793185285,14.41946043901522,14.642940367529748,15259500.0,2022-10-25 04:45:00
14.375253280736,14.4369462343071,14.644296556087548,15260400.0,2022-10-25 05:00:00
14.418916379093302,14.45904442557384,14.648089031642044,15261300.0,2022-10-25 05:15:00
14.469812062658551,14.483528642943156,14.654121742846987,15262200.0,2022-10-25 05:30:00
14.52068765846337,14.512014628703673,14.662556476503328,15263100.0,2022-10-25 05:45:00
14.581552192919338,14.544715781309526,14.673583530194398,15264000.0,2022-10-25 06:00:00
14.653923855527198,14.582892120413147,14.68737502925674,15264900.0,2022-10-25 06:15:00
14.730749451213809,14.626088344913498,14.704211643433318,15265800.0,2022-10-25 06:30:00
14.780348129327656,14.668993882151716,14.723467187093693,15266700.0,2022-10-25 06:45:00
14.87784298928698,14.719138327684618,14.745629042949073,15267600.0,2022-10-25 07:00:00
14.92419226579959,14.76694740823732,14.769891003241248,15268500.0,2022-10-25 07:15:00
14.972079878728852,14.810763968573813,14.795170150120637,15269400.0,2022-10-25 07:30:00
15.026851980037778,14.857519375576627,14.821593307018778,15270300.0,2022-10-25 07:45:00
15.08207952575584,14.901971097500208,14.84847781768918,15271200.0,2022-10-25 08:00:00
15.136799146457813,14.947250544271716,14.876008642888769,15272100.0,2022-10-25 08:15:00
15.190393943521732,14.99172078495125,14.903931895094429,15273000.0,2022-10-25 08:30:00
15.245154051622276,15.037723409439344,14.932450764179157,15273900.0,2022-10-25 08:45:00
15.288666055473438,15.079870786902193,14.961004714416012,15274800.0,2022-10-25 09:00:00
15.325358493370722,15.119131993412376,14.989029049653944,15275700.0,2022-10-25 09:15:00
15.361606359312333,15.156526713000217,15.016477665672456,15276600.0,2022-10-25 09:30:00
15.390056702521798,15.193375441033044,15.043551025669178,15277500.0,2022-10-25 09:45:00
15.421694155060866,15.225678295270832,15.069553909926928,15278400.0,2022-10-25 10:00:00
15.454741684027905,15.258165541914869,15.094830928885848,15279300.0,2022-10-25 10:15:00
15.483967670582311,15.28842134693287,15.119199320845414,15280200.0,2022-10-25 10:30:00
15.504160957957158,15.31666067444257,15.142719753765686,15281100.0,2022-10-25 10:45:00
15.525467703794748,15.342792837468824,15.165164662908978,15282000.0,2022-10-25 11:00:00
15.543851163003964,15.366097310815867,15.186526065470764,15282900.0,2022-10-25 11:15:00
15.559618506733647,15.388700159198848,15.206942366283206,15283800.0,2022-10-25 11:30:00
15.572082076943913,15.407820698766344,15.226034517391026,15284700.0,2022-10-25 11:45:00
15.581623775209565,15.424449014442684,15.243726049606549,15285600.0,2022-10-25 12:00:00
15.58825122367487,15.438938151996382,15.259961542897676,15286500.0,2022-10-25 12:15:00
15.592148383131988,15.452411259835818,15.275114998865677,15287400.0,2022-10-25 12:30:00
15.5927773997207,15.462470741611794,15.288881821616156,15288300.0,2022-10-25 12:45:00
15.588598953609852,15.469259965884836,15.30093184098039,15289200.0,2022-10-25 13:00:00
15.591762384019653,15.477726342491367,15.312114752989928,15290100.0,2022-10-25 13:15:00
15.586550047380983,15.48213136485321,15.322007923004373,15291000.0,2022-10-25 13:30:00
15.577718149414798,15.485789466785452,15.330751139954868,15291900.0,2022-10-25 13:45:00
15.564682541380002,15.486064087422536,15.338071402399455,15292800.0,2022-10-25 14:00:00
15.546396173402586,15.480963054686542,15.343321295698752,15293700.0,2022-10-25 14:15:00
15.53203206141314,15.477033579098322,15.347204357961097,15294600.0,2022-10-25 14:30:00
15.516422169238128,15.470524819416864,15.349699216775694,15295500.0,2022-10-25 14:45:00
15.4990512613821,15.462870681061837,15.350974213345582,15296400.0,2022-10-25 15:00:00
15.478779736494488,15.4534243440175,15.35093509649521,15297300.0,2022-10-25 15:15:00
15.458457341513094,15.443494551271504,15.349885246249777,15298200.0,2022-10-25 15:30:00
15.434837912996,15.429599306703055,15.347353823625786,15299100.0,2022-10-25 15:45:00
15.410695597228893,15.41647996041382,15.343751625120772,15300000.0,2022-10-25 16:00:00
15.381568311107944,15.400297247430768,15.339023945058528,15300900.0,2022-10-25 16:15:00
15.35288463670596,15.381602133388729,15.332759460032854,15301800.0,2022-10-25 16:30:00
15.323175001191286,15.365408565354326,15.325865813906026,15302700.0,2022-10-25 16:45:00
15.293175289328964,15.344236061021872,15.317697041045903,15303600.0,2022-10-25 17:00:00
15.260876185746673,15.32255145455918,15.308327254685704,15304500.0,2022-10-25 17:15:00
15.230317311831271,15.30105443140116,15.29816867002431,15305400.0,2022-10-25 17:30:00
15.202409098541615,15.279353906768783,15.287307598088784,15306300.0,2022-10-25 17:45:00
15.172688984241365,15.256432532748198,15.275625514624654,15307200.0,2022-10-25 18:00:00
15.141521455173976,15.234818127715862,15.263535970445956,15308100.0,2022-10-25 18:15:00
15.113684155627306,15.21326894777703,15.251130551647524,15309000.0,2022-10-25 18:30:00
15.088233962522988,15.189805605992088,15.238206066519934,15309900.0,2022-10-25 18:45:00
15.061337206489238,15.166430689891977,15.224755703164815,15310800.0,2022-10-25 19:00:00
15.030206911079317,15.143885710302104,15.211054594235511,15311700.0,2022-10-25 19:15:00
15.0022189792547,15.120896081299772,15.197130612896853,15312600.0,2022-10-25 19:30:00
14.969921100974158,15.097183403965596,15.182803753527203,15313500.0,2022-10-25 19:45:00
14.944830922558484,15.075470735333028,15.16847212213635,15314400.0,2022-10-25 20:00:00
14.91341116180872,15.051620118213048,15.153824868632803,15315300.0,2022-10-25 20:15:00
14.883471413139125,15.02691327242756,15.13874225694476,15316200.0,2022-10-25 20:30:00
14.855763916846133,15.00412165923844,15.123599190632108,15317100.0,2022-10-25 20:45:00
14.823422237566728,14.980012227391418,15.108145768017764,15318000.0,2022-10-25 21:00:00
14.792530405011767,14.954884594130544,15.092297279341912,15318900.0,2022-10-25 21:15:00
14.763447584588912,14.929404276118795,15.07609588721408,15319800.0,2022-10-25 21:30:00
14.73936264287582,14.9067147680453,15.05989054871632,15320700.0,2022-10-25 21:45:00
14.711586661714977,14.882831188812842,15.04362670166593,15321600.0,2022-10-25 22:00:00
14.691740288212056,14.85986736236416,15.027302218735864,15322500.0,2022-10-25 22:15:00
14.663729898395026,14.838177810551374,15.011187891944722,15323400.0,2022-10-25 22:30:00
14.642502862603497,14.81797208508643,14.995414523017647,15324300.0,2022-10-25 22:45:00
14.621178910433148,14.796452448561595,14.979730092243726,15325200.0,2022-10-25 23:00:00
14.597797476708,14.77722181384718,14.964386525108106,15326100.0,2022-10-25 23:15:00
14.572630492748567,14.754672582067524,14.94891633504826,15327000.0,2022-10-25 23:30:00
14.547031408703631,14.733479108270702,14.93338199462544,15327900.0,2022-10-25 23:45:00
14.525093031247089,14.713921757470628,14.918080125640753,15328800.0,2022-10-26 00:00:00
14.5011129483696,14.692621949159047,14.902654048255688,15329700.0,2022-10-26 00:15:00
14.47748490832186,14.672869884592458,14.887308114162051,15330600.0,2022-10-26 00:30:00
14.449894694547163,14.65114497296147,14.871753880816426,15331500.0,2022-10-26 00:45:00
14.423951432676333,14.629061105210086,14.855994634435174,15332400.0,2022-10-26 01:00:00
14.40186913086273,14.608484709878123,14.840208687231025,15333300.0,2022-10-26 01:15:00
14.379184269700668,14.588960715094837,14.824549786629609,15334200.0,2022-10-26 01:30:00
14.357903911999312,14.568258999573926,14.808871041581272,15335100.0,2022-10-26 01:45:00
14.334061213584336,14.54699611654862,14.793025632846646,15336000.0,2022-10-26 02:00:00
14.314725007584196,14.52693432603637,14.777175512342836,15336900.0,2022-10-26 02:15:00
14.297622841188408,14.508916941472576,14.761613962652223,15337800.0,2022-10-26 02:30:00
14.285088930272828,14.492381680771627,14.746522255858048,15338700.0,2022-10-26 02:45:00
14.278152564093697,14.477471515737273,14.732052073349893,15339600.0,2022-10-26 03:00:00
14.27705960772922,14.465281964011442,14.718467762768892,15340500.0,2022-10-26 03:15:00
14.282114850005714,14.457769306451736,14.706228252060397,15341400.0,2022-10-26 03:30:00
14.297872432896574,14.452388543985435,14.695455009252818,15342300.0,2022-10-26 03:45:00
14.323125213999516,14.454276907237078,14.686796448924143,15343200.0,2022-10-26 04:00:00
14.357129904361685,14.461977021007105,14.680633100126055,15344100.0,2022-10-26 04:15:00
14.390572677379808,14.47191603375658,14.676908786351202,15345000.0,2022-10-26 04:30:00
14.423579153563953,14.485424273228444,14.675594100868343,15345900.0,2022-10-26 04:45:00
14.457716515373676,14.502223168961326,14.676609954738815,15346800.0,2022-10-26 05:00:00
14.498307066964054,14.522441294012664,14.680028074810917,15347700.0,2022-10-26 05:15:00
14.542808349147444,14.545220047250863,14.68564296559332,15348600.0,2022-10-26 05:30:00
14.58788312919482,14.571386643254218,14.693465417063898,15349500.0,2022-10-26 05:45:00
14.632080627614506,14.599045888764165,14.703172190480332,15350400.0,2022-10-26 06:00:00
14.678869468995416,14.627760799464689,14.714564283326384,15351300.0,2022-10-26 06:15:00
14.723485439076816,14.658832672349742,14.72774807672386,15352200.0,2022-10-26 06:30:00
14.773418472498452,14.69216289075614,14.742619144468955,15353100.0,2022-10-26 06:45:00
14.839739218968385,14.729441937513633,14.759369822241585,15354000.0,2022-10-26 07:00:00
14.908989257364729,14.77100903197881,14.778326807231146,15354900.0,2022-10-26 07:15:00
14.975424045148255,14.817203901396269,14.799871807298324,15355800.0,2022-10-26 07:30:00
15.04323513290867,14.864422615544752,14.823718447287124,15356700.0,2022-10-26 07:45:00
15.121996871099402,14.914903678900892,14.849693673635334,15357600.0,2022-10-26 08:00:00
15.20428204079468,14.969338963038547,14.87815045312088,15358500.0,2022-10-26 08:15:00
15.266147538998808,15.022486556758942,14.908421653203945,15359400.0,2022-10-26 08:30:00
15.313403972578556,15.071753611419554,14.93947796781742,15360300.0,2022-10-26 08:45:00
15.36281910460174,15.120849519774566,14.971089474175283,15361200.0,2022-10-26 09:00:00
15.410727714711252,15.166339018570344,15.002547152843546,15362100.0,2022-10-26 09:15:00
15.449141201600748,15.210989695203308,15.033907349048048,15363000.0,2022-10-26 09:30:00
15.482456156580266,15.248946244000058,15.064067696318238,15363900.0,2022-10-26 09:45:00
15.521368617905871,15.287296935669678,15.093399838579383,15364800.0,2022-10-26 10:00:00
15.554829987072326,15.323187954743643,15.121722252049398,15365700.0,2022-10-26 10:15:00
15.58282553286095,15.357779556837723,15.149249464803336,15366600.0,2022-10-26 10:30:00
15.60007673230676,15.386772939171417,15.17530680839868,15367500.0,2022-10-26 10:45:00
15.607579456196584,15.410207363870862,15.199260212896094,15368400.0,2022-10-26 11:00:00
15.611789980552864,15.429847001759969,15.221024514020932,15369300.0,2022-10-26 11:15:00
15.611170753612782,15.445945356485211,15.240681005015512,15370200.0,2022-10-26 11:30:00
15.60908532524644,15.458288010327763,15.258090452370825,15371100.0,2022-10-26 11:45:00
15.606927619608408,15.468790895160796,15.273578393695315,15372000.0,2022-10-26 12:00:00
15.599803066996047,15.474978844641964,15.286859872229703,15372900.0,2022-10-26 12:15:00
15.589654625128269,15.478016991031955,15.297976818797013,15373800.0,2022-10-26 12:30:00
15.577825062113968,15.4805312302837,15.307573958626753,15374700.0,2022-10-26 12:45:00
15.568612619679277,15.47845876196116,15.315103589489077,15375600.0,2022-10-26 13:00:00
15.554603279399286,15.475808973343996,15.320869311264376,15376500.0,2022-10-26 13:15:00
15.535830141422627,15.471551652480278,15.325275934988444,15377400.0,2022-10-26 13:30:00
15.51468077128246,15.4642072619242,15.328098381090776,15378300.0,2022-10-26 13:45:00
15.4906274186602,15.454425327034302,15.329349742571535,15379200.0,2022-10-26 14:00:00
15.46537394480588,15.442367029432306,15.328853732194275,15380100.0,2022-10-26 14:15:00
15.441644815312458,15.428321217479766,15.326754201549749,15381000.0,2022-10-26 14:30:00
15.42202902159872,15.416273145676854,15.32381582624132,15381900.0,2022-10-26 14:45:00
15.401113796865094,15.401635716683108,15.319787175259982,15382800.0,2022-10-26 15:00:00
15.378730934923649,15.387465481627478,15.315071535329542,15383700.0,2022-10-26 15:15:00
15.355034973135794,15.371380534364704,15.30944297033556,15384600.0,2022-10-26 15:30:00
15.327798718661908,15.354360206934778,15.302938876617302,15385500.0,2022-10-26 15:45:00
15.298514936545962,15.336036094595368,15.29544684617202,15386400.0,2022-10-26 16:00:00
15.265499944471308,15.316215594058871,15.287017642496988,15387300.0,2022-10-26 16:15:00
15.230181475051593,15.293562220352246,15.277370094755447,15388200.0,2022-10-26 16:30:00
15.194368223261154,15.272143190531322,15.266938658198534,15389100.0,2022-10-26 16:45:00
15.154016564241727,15.24563722261994,15.255110154098936,15390000.0,2022-10-26 17:00:00
15.117321618815131,15.218902669392536,15.242095019254156,15390900.0,2022-10-26 17:15:00
15.075438314673514,15.191217184463571,15.228030699308777,15391800.0,2022-10-26 17:30:00
15.032196876042269,15.161565036836604,15.212806161209976,15392700.0,2022-10-26 17:45:00
14.986036127617425,15.129678616675948,15.196400345012153,15393600.0,2022-10-26 18:00:00
14.939679059840795,15.096380627989207,15.178761410791642,15394500.0,2022-10-26 18:15:00
14.892578304531618,15.06305481915429,15.16002092943918,15395400.0,2022-10-26 18:30:00
14.846116934131976,15.028539419510224,15.140387219043191,15396300.0,2022-10-26 18:45:00
14.796965839655725,14.992813326722954,15.1197482519658,15397200.0,2022-10-26 19:00:00
14.753848887365477,14.956857348695973,15.098373387597867,15398100.0,2022-10-26 19:15:00
14.708222344193528,14.919825096525573,15.076224697994002,15399000.0,2022-10-26 19:30:00
14.663730673733731,14.884140220312332,15.053518867266693,15399900.0,2022-10-26 19:45:00
14.619784791001994,14.847004313188124,15.030267395663358,15400800.0,2022-10-26 20:00:00
14.580806985058349,14.812350339100869,15.006891208275231,15401700.0,2022-10-26 20:15:00
14.539360189767036,14.7782132327705,14.983490620892232,15402600.0,2022-10-26 20:30:00
14.496650089619024,14.742740970174935,14.959898423969168,15403500.0,2022-10-26 20:45:00
14.456582262465869,14.707252754846868,14.936138270690238,15404400.0,2022-10-26 21:00:00
14.41612543753078,14.673627636159448,14.912437000770128,15405300.0,2022-10-26 21:15:00
14.37628339329123,14.639487104749708,14.88860119710116,15406200.0,2022-10-26 21:30:00
14.337209704468432,14.604500362152043,14.864578819016524,15407100.0,2022-10-26 21:45:00
14.302473406609389,14.573448329952624,14.84082829179706,15408000.0,2022-10-26 22:00:00
14.27356348856886,14.541727793815207,14.817376601029675,15408900.0,2022-10-26 22:15:00
14.254204661179372,14.512942787484867,14.794361256374284,15409800.0,2022-10-26 22:30:00
14.242049984927474,14.489002963119155,14.772400401326488,15410700.0,2022-10-26 22:45:00
14.229816261745734,14.469443047019135,14.75188768921898,15411600.0,2022-10-26 23:00:00
14.218072347484505,14.44986971102113,14.732688746532082,15412500.0,2022-10-26 23:15:00
14.200577672896634,14.432068891107136,14.714649599660484,15413400.0,2022-10-26 23:30:00
14.190606704128507,14.415020664348685,14.697509053859346,15414300.0,2022-10-26 23:45:00
14.184096142827562,14.40120362385507,14.681541954796758,15415200.0,2022-10-27 00:00:00
14.177446289674435,14.387286162417952,14.666463694198631,15416100.0,2022-10-27 00:15:00
14.170942044073962,14.374239607146004,14.652216026390867,15417000.0,2022-10-27 00:30:00
14.165756573178372,14.363957425495226,14.638889746684388,15417900.0,2022-10-27 00:45:00
14.1569083690453,14.353641261639773,14.62644535564344,15418800.0,2022-10-27 01:00:00
14.152375450783383,14.344152762189704,14.61465582820898,15419700.0,2022-10-27 01:15:00
14.147174313598496,14.33520825045106,14.603531394787865,15420600.0,2022-10-27 01:30:00
14.138299335518212,14.325649928485374,14.592825492739712,15421500.0,2022-10-27 01:45:00
14.134094115132292,14.31845075592168,14.582718507361884,15422400.0,2022-10-27 02:00:00
14.128916591112189,14.31072201325996,14.573001548080711,15423300.0,2022-10-27 02:15:00
14.127288288988868,14.303440552721742,14.563670895165346,15424200.0,2022-10-27 02:30:00
14.124407725417118,14.298079047469898,14.554957942217802,15425100.0,2022-10-27 02:45:00
14.127524110848857,14.293419847152547,14.546738242701938,15426000.0,2022-10-27 03:00:00
14.137318901132735,14.290903513652331,14.53928167017424,15426900.0,2022-10-27 03:15:00
14.15205847619892,14.290911626250493,14.532783498640164,15427800.0,2022-10-27 03:30:00
14.173722396238508,14.29525311572466,14.527702367848727,15428700.0,2022-10-27 03:45:00
14.200526641512058,14.304033157475429,14.52441159056618,15429600.0,2022-10-27 04:00:00
14.23560151808301,14.316024974877903,14.523109284035,15430500.0,2022-10-27 04:15:00
14.28324195568982,14.334301384971134,14.524169935632912,15431400.0,2022-10-27 04:30:00
14.343284706947475,14.35833991948176,14.5280871416449,15432300.0,2022-10-27 04:45:00
14.409832796723157,14.388886510275167,14.535272574474702,15433200.0,2022-10-27 05:00:00
14.48378962765958,14.427805884072509,14.54618028636367,15434100.0,2022-10-27 05:15:00
14.55489847959352,14.46774266310232,14.56040157746895,15435000.0,2022-10-27 05:30:00
14.62480137996866,14.51193074578296,14.577769402306624,15435900.0,2022-10-27 05:45:00
14.692014070348112,14.558224542551812,14.59788158308519,15436800.0,2022-10-27 06:00:00
14.759832623603884,14.605117406569574,14.620346129516983,15437700.0,2022-10-27 06:15:00
14.827318041822004,14.655287759109084,14.645104287047364,15438600.0,2022-10-27 06:30:00
14.910025548954792,14.709649654954967,14.672367765545674,15439500.0,2022-10-27 06:45:00
14.983299670005612,14.763235782556048,14.701435539108914,15440400.0,2022-10-27 07:00:00
15.067736396623172,14.822634401767807,14.73282042044914,15441300.0,2022-10-27 07:15:00
15.143522137493878,14.882496154276792,14.76634984535403,15442200.0,2022-10-27 07:30:00
15.224201834354268,14.943095400092576,14.801693977912985,15443100.0,2022-10-27 07:45:00
15.308918545128291,15.006187517657215,14.838788694069068,15444000.0,2022-10-27 08:00:00
15.3758156310707,15.06723959462142,14.877011333876128,15444900.0,2022-10-27 08:15:00
15.436439500090795,15.126126316616824,14.915863192447642,15445800.0,2022-10-27 08:30:00
15.4919373545066,15.181788067759124,14.954782009999809,15446700.0,2022-10-27 08:45:00
15.55260134354716,15.237178000525764,14.993610217643813,15447600.0,2022-10-27 09:00:00
15.618644057696557,15.29219687148627,15.032358105361586,15448500.0,2022-10-27 09:15:00
15.662389344446217,15.342667917343723,15.07043546342549,15449400.0,2022-10-27 09:30:00
15.684370916956812,15.386868350465592,15.107129350668888,15450300.0,2022-10-27 09:45:00
15.71211417096816,15.427373211772917,15.14221312179372,15451200.0,2022-10-27 10:00:00
15.750366396004452,15.465518442531822,15.17557204029985,15452100.0,2022-10-27 10:15:00
15.779337707882627,15.501396631450064,15.207334247962276,15453000.0,2022-10-27 10:30:00
15.800403804165892,15.53305917581698,15.237298592692378,15453900.0,2022-10-27 10:45:00
15.82013841611608,15.562208389541093,15.265595608099856,15454800.0,2022-10-27 11:00:00
15.84048959492176,15.589148239316495,15.292166289126667,15455700.0,2022-10-27 11:15:00
15.86091469142978,15.615214083991042,15.317434286431672,15456600.0,2022-10-27 11:30:00
15.879331422062831,15.639267270557696,15.341464602544978,15457500.0,2022-10-27 11:45:00
15.8947275173703,15.660562020643248,15.364072642033964,15458400.0,2022-10-27 12:00:00
15.901030436370048,15.67909685825892,15.385181778146928,15459300.0,2022-10-27 12:15:00
15.9004323651442,15.694106524050564,15.40462070960138,15460200.0,2022-10-27 12:30:00
15.898154048236623,15.704840945442706,15.422017015452148,15461100.0,2022-10-27 12:45:00
15.890694161523166,15.714211261916828,15.437745153902364,15462000.0,2022-10-27 13:00:00
15.876956968796186,15.71836625168833,15.451354318606349,15462900.0,2022-10-27 13:15:00
15.862749534769318,15.719092800805596,15.462583176232028,15463800.0,2022-10-27 13:30:00
15.84757210648875,15.717743969527168,15.4717736114038,15464700.0,2022-10-27 13:45:00
15.829487738836246,15.713880705996296,15.479035079494905,15465600.0,2022-10-27 14:00:00
15.81190661783214,15.707435677196829,15.484311948738958,15466500.0,2022-10-27 14:15:00
15.795446169276827,15.700903675837075,15.488046209869648,15467400.0,2022-10-27 14:30:00
15.77991218849376,15.6941655724674,15.490734457399093,15468300.0,2022-10-27 14:45:00
15.75959513401031,15.684610452276528,15.49214082148651,15469200.0,2022-10-27 15:00:00
15.73826510877028,15.674061080247071,15.4923370853207,15470100.0,2022-10-27 15:15:00
15.7123173083129,15.661777976053571,15.491297301989968,15471000.0,2022-10-27 15:30:00
15.682993623156142,15.645618909097344,15.488677088675416,15471900.0,2022-10-27 15:45:00
15.653864496513371,15.629538400891075,15.484794818641811,15472800.0,2022-10-27 16:00:00
15.62436084625617,15.611320070473871,15.479598548081166,15473700.0,2022-10-27 16:15:00
15.596739051944466,15.59289461308304,15.473384804337933,15474600.0,2022-10-27 16:30:00
15.567183275986842,15.572745897994697,15.466003247913038,15475500.0,2022-10-27 16:45:00
15.53952545501972,15.553004022439373,15.457713645433891,15476400.0,2022-10-27 17:00:00
15.510052850403076,15.532473460387369,15.448706493413836,15477300.0,2022-10-27 17:15:00
15.475117633804365,15.510588884094592,15.438879123694203,15478200.0,2022-10-27 17:30:00
15.441681251700006,15.488087435659294,15.428375938654655,15479100.0,2022-10-27 17:45:00
15.40605114097928,15.462529085294747,15.416713607098368,15480000.0,2022-10-27 18:00:00
15.369520514486018,15.435893145227256,15.403838189886898,15480900.0,2022-10-27 18:15:00
15.33585267365008,15.410253287424938,15.390354335360692,15481800.0,2022-10-27 18:30:00
15.301370301939077,15.38453096933126,15.376254211372842,15482700.0,2022-10-27 18:45:00
15.264819495719726,15.357103936121522,15.361484278145392,15483600.0,2022-10-27 19:00:00
15.225611490250303,15.329112720055711,15.346095803569856,15484500.0,2022-10-27 19:15:00
15.181582599454517,15.2989199031116,15.32976649229668,15485400.0,2022-10-27 19:30:00
15.140304363179531,15.26963105171548,15.312809642746148,15486300.0,2022-10-27 19:45:00
15.093021832797872,15.235859546839617,15.294703094276676,15487200.0,2022-10-27 20:00:00
15.04488845642466,15.201581494683651,15.275593058122071,15488100.0,2022-10-27 20:15:00
14.997590332058062,15.167033650639826,15.255576722496103,15489000.0,2022-10-27 20:30:00
14.947341434078709,15.130235106585625,15.234443631267736,15489900.0,2022-10-27 20:45:00
14.90135457652678,15.092650268616984,15.212424620669047,15490800.0,2022-10-27 21:00:00
14.853975788661366,15.0554510243701,15.18959472075436,15491700.0,2022-10-27 21:15:00
14.806752337515446,15.019373266906044,15.166420856209127,15492600.0,2022-10-27 21:30:00
14.764469675240289,14.982264764329594,15.142844499144571,15493500.0,2022-10-27 21:45:00
14.727971466254418,14.946556423063967,15.118989588539108,15494400.0,2022-10-27 22:00:00
14.693975861851346,14.9139750417097,15.095367962632547,15495300.0,2022-10-27 22:15:00
14.66788565742552,14.882522770110336,15.07216889121705,15496200.0,2022-10-27 22:30:00
14.64982036639433,14.855375880174677,15.049933599762728,15497100.0,2022-10-27 22:45:00
14.6288646606622,14.831181358957643,15.028901677324251,15498000.0,2022-10-27 23:00:00
14.6074414897604,14.80649839812214,15.008637453133677,15498900.0,2022-10-27 23:15:00
14.58277744731641,14.783112994495962,14.98912569176723,15499800.0,2022-10-27 23:30:00
14.567764367118809,14.761677847182703,14.970393567558665,15500700.0,2022-10-27 23:45:00
14.547079495121958,14.741072174333873,14.95238878812639,15501600.0,2022-10-28 00:00:00
14.52790658849147,14.720956532296375,14.93500898796064,15502500.0,2022-10-28 00:15:00
14.516132491667342,14.703217177411014,14.918402957826192,15503400.0,2022-10-28 00:30:00
14.500073642941276,14.685140065828614,14.902408430398276,15504300.0,2022-10-28 00:45:00
14.48401672681226,14.6679388885799,14.886988354598488,15505200.0,2022-10-28 01:00:00
14.469035259302048,14.652289198047193,14.872139509448472,15506100.0,2022-10-28 01:15:00
14.461989608214012,14.637773152428483,14.857938252647129,15507000.0,2022-10-28 01:30:00
14.447715070159626,14.624985481852088,14.844499276764209,15507900.0,2022-10-28 01:45:00
14.4487357008894,14.612900933839017,14.831694661960691,15508800.0,2022-10-28 02:00:00
14.445760376216516,14.604045294083852,14.819857643497686,15509700.0,2022-10-28 02:15:00
14.455896442755586,14.59787832526382,14.809215522036938,15510600.0,2022-10-28 02:30:00
14.46460053117884,14.596050981402936,14.800127736275137,15511500.0,2022-10-28 02:45:00
14.478207940119033,14.594843685966245,14.79242606733268,15512400.0,2022-10-28 03:00:00
14.493309900454497,14.596251085542688,14.786137828958198,15513300.0,2022-10-28 03:15:00
14.511608174386236,14.601602488350144,14.781490890703692,15514200.0,2022-10-28 03:30:00
14.534103980999795,14.60733938653978,14.77823804986779,15515100.0,2022-10-28 03:45:00
14.564794412866917,14.618927128377663,14.776807681385176,15516000.0,2022-10-28 04:00:00
14.597662374916908,14.63353104495765,14.777377545518268,15516900.0,2022-10-28 04:15:00
14.640723206917489,14.652419596117255,14.780203773106864,15517800.0,2022-10-28 04:30:00
14.684446052771037,14.674468626056353,14.785231998748069,15518700.0,2022-10-28 04:45:00
14.72662303606776,14.698876071280807,14.792443312731091,15519600.0,2022-10-28 05:00:00
14.777661216417322,14.725875461058497,14.801732428527108,15520500.0,2022-10-28 05:15:00
14.830653097378809,14.757865654324323,14.8133464793364,15521400.0,2022-10-28 05:30:00
14.863574921100987,14.786664006545598,14.82638818409804,15522300.0,2022-10-28 05:45:00
14.901038151689177,14.815520742054346,14.840656925173995,15523200.0,2022-10-28 06:00:00
14.953239706520293,14.848188015322208,14.85621283770436,15524100.0,2022-10-28 06:15:00
15.018756374094382,14.885231470404396,14.873482858965811,15525000.0,2022-10-28 06:30:00
15.08652891123688,14.92829915273378,14.893251837737589,15525900.0,2022-10-28 06:45:00
15.15690411683716,14.973502327318634,14.915351509136627,15526800.0,2022-10-28 07:00:00
15.226954976461228,15.022144593018206,14.939898053858164,15527700.0,2022-10-28 07:15:00
15.302165131085754,15.072363761739172,14.96657857109746,15528600.0,2022-10-28 07:30:00
15.37194079190284,15.125745189690392,14.995547814060725,15529500.0,2022-10-28 07:45:00
15.444679013146166,15.17929326454448,15.02624342765166,15530400.0,2022-10-28 08:00:00
15.506338602800572,15.233671207398842,15.058515280320988,15531300.0,2022-10-28 08:15:00
15.555086276903456,15.282666705399029,15.091107451459896,15532200.0,2022-10-28 08:30:00
15.586924513620232,15.32591371731074,15.122939955134516,15533100.0,2022-10-28 08:45:00
15.60843497871156,15.366762699295466,15.154004866610236,15534000.0,2022-10-28 09:00:00
15.63741966154734,15.402760056805166,15.183658135709106,15534900.0,2022-10-28 09:15:00
15.664641570236942,15.43482039769514,15.211570408910829,15535800.0,2022-10-28 09:30:00
15.686469778589508,15.464357864895684,15.237699685096654,15536700.0,2022-10-28 09:45:00
15.700554127143732,15.489646314321154,15.261913309618018,15537600.0,2022-10-28 10:00:00
15.711628930918224,15.51263923765004,15.284392190690347,15538500.0,2022-10-28 10:15:00
15.729429971407969,15.534059898051522,15.305444848770255,15539400.0,2022-10-28 10:30:00
15.74492722611769,15.55468571163382,15.325260265875814,15540300.0,2022-10-28 10:45:00
15.762409690031404,15.571944697149103,15.343512945877244,15541200.0,2022-10-28 11:00:00
15.775465127552348,15.591321342626834,15.3611617735172,15542100.0,2022-10-28 11:15:00
15.785876212675683,15.607675488197977,15.377833565283977,15543000.0,2022-10-28 11:30:00
15.791470541282216,15.620799843951492,15.393182478835072,15543900.0,2022-10-28 11:45:00
15.789810170009314,15.631984481604851,15.407335853445684,15544800.0,2022-10-28 12:00:00
15.785534430164947,15.63929255876628,15.419884617456328,15545700.0,2022-10-28 12:15:00
15.781962171152797,15.644601985221476,15.430818378863506,15546600.0,2022-10-28 12:30:00
15.775953296001672,15.649656332515615,15.44065821527172,15547500.0,2022-10-28 12:45:00
15.775729527122122,15.653422438528247,15.449430410567546,15548400.0,2022-10-28 13:00:00
15.776533099101403,15.655996631238317,15.45705257198522,15549300.0,2022-10-28 13:15:00
15.776851877701985,15.659656211270647,15.464160900004734,15550200.0,2022-10-28 13:30:00
15.775968419149248,15.661987026419393,15.47061517238769,15551100.0,2022-10-28 13:45:00
15.774409578498604,15.664998633125233,15.47677315435832,15552000.0,2022-10-28 14:00:00
15.780798862695434,15.669106112855903,15.48286320863523,15552900.0,2022-10-28 14:15:00
15.782761408589186,15.671348985519174,15.48852516185468,15553800.0,2022-10-28 14:30:00
15.780630659462233,15.675050159998246,15.494179152469368,15554700.0,2022-10-28 14:45:00
15.77129704090696,15.674391497074968,15.499029145487365,15555600.0,2022-10-28 15:00:00
15.759759412571496,15.671093926564472,15.502685137622496,15556500.0,2022-10-28 15:15:00
15.741298167533856,15.667323358675777,15.505439501583163,15557400.0,2022-10-28 15:30:00
15.720343292972773,15.660877451661973,15.507071746987965,15558300.0,2022-10-28 15:45:00
15.697172254736628,15.6513160034937,15.50734881481672,15559200.0,2022-10-28 16:00:00
15.672766677672682,15.638899615551692,15.506019519283235,15560100.0,2022-10-28 16:15:00
15.646769248829214,15.626186397705354,15.503523961000152,15561000.0,2022-10-28 16:30:00
15.622902386089816,15.6110222083429,15.499631380795677,15561900.0,2022-10-28 16:45:00
15.598268873735146,15.594708271186116,15.4944235628384,15562800.0,2022-10-28 17:00:00
15.57740003426416,15.579428530747716,15.48843192055124,15563700.0,2022-10-28 17:15:00
15.554571638992096,15.56238121506358,15.481461483880432,15564600.0,2022-10-28 17:30:00
15.533954480534804,15.5474104203463,15.474233703140651,15565500.0,2022-10-28 17:45:00
15.511980075142166,15.530147034962386,15.46631183410746,15566400.0,2022-10-28 18:00:00
15.491097078739967,15.513333168531664,15.457979690783612,15567300.0,2022-10-28 18:15:00
15.475111619084926,15.49933421703194,15.449765822671305,15568200.0,2022-10-28 18:30:00
15.454461176087902,15.483634777826952,15.441392426005669,15569100.0,2022-10-28 18:45:00
15.43262401645904,15.466575759424986,15.432619443911374,15570000.0,2022-10-28 19:00:00
15.412019577081944,15.451161940475773,15.423677628644906,15570900.0,2022-10-28 19:15:00
15.384020367234903,15.433776651910668,15.414385358988136,15571800.0,2022-10-28 19:30:00
15.358969890460765,15.414477078182326,15.404403229521092,15572700.0,2022-10-28 19:45:00
15.336006422061864,15.395563032799448,15.393964144234277,15573600.0,2022-10-28 20:00:00
15.314251410496292,15.37800186516478,15.383325348497277,15574500.0,2022-10-28 20:15:00
15.295072260177806,15.360485556509806,15.372532047785851,15575400.0,2022-10-28 20:30:00
15.278035157130288,15.344485760095685,15.36186659913869,15576300.0,2022-10-28 20:45:00
15.2653822195126,15.328814135835565,15.3513599360075,15577200.0,2022-10-28 21:00:00
15.254835240620682,15.314186967564616,15.340986975808926,15578100.0,2022-10-28 21:15:00
15.243978045979585,15.302402175831851,15.33123039702501,15579000.0,2022-10-28 21:30:00
15.236482089779688,15.29130994908601,15.322052494055368,15579900.0,2022-10-28 21:45:00
15.228614443896282,15.282429323952543,15.313724140308777,15580800.0,2022-10-28 22:00:00
15.223023329249024,15.272899931916186,15.305895514756628,15581700.0,2022-10-28 22:15:00
15.216532602717551,15.262501238797068,15.298151677289448,15582600.0,2022-10-28 22:30:00
15.21182202917718,15.256734576327224,15.29115853349662,15583500.0,2022-10-28 22:45:00
15.205606147496118,15.24922097104526,15.284694477969596,15584400.0,2022-10-28 23:00:00
15.201577937596744,15.243765324275149,15.278810257079275,15585300.0,2022-10-28 23:15:00
15.19631079322461,15.23681099448355,15.273096467152582,15586200.0,2022-10-28 23:30:00
15.192293760157469,15.23154192821114,15.267714071749994,15587100.0,2022-10-28 23:45:00
15.188906311359016,15.225483681406864,15.262473745866991,15588000.0,2022-10-29 00:00:00
15.183968686189813,15.21995001336088,15.257474173061285,15588900.0,2022-10-29 00:15:00
15.177591165266747,15.216562857418849,15.252987373917462,15589800.0,2022-10-29 00:30:00
15.16683536960076,15.209729675898386,15.248372852463469,15590700.0,2022-10-29 00:45:00
15.15437223928779,15.202679787804982,15.24353285370002,15591600.0,2022-10-29 01:00:00
15.14058968569427,15.193602395225838,15.23818820143307,15592500.0,2022-10-29 01:15:00
15.128192895741956,15.186662409892564,15.232763345348989,15593400.0,2022-10-29 01:30:00
15.1168469939793,15.176671542627393,15.226838304648204,15594300.0,2022-10-29 01:45:00
15.109633202074754,15.168572752804945,15.22088867848427,15595200.0,2022-10-29 02:00:00
15.105809640209234,15.159818127426986,15.214763153535332,15596100.0,2022-10-29 02:15:00
15.10541637529886,15.154243863900897,15.20894589191336,15597000.0,2022-10-29 02:30:00
15.109746303756744,15.151159464540838,15.203816464382903,15597900.0,2022-10-29 02:45:00
15.116106888346492,15.14958902707771,15.199494348855088,15598800.0,2022-10-29 03:00:00
15.127229158528746,15.150434808213122,15.196164679877691,15599700.0,2022-10-29 03:15:00
15.142198754166031,15.153248506812588,15.193909039290263,15600600.0,2022-10-29 03:30:00
15.162397669097905,15.16071901485926,15.193205161321805,15601500.0,2022-10-29 03:45:00
15.184067554839892,15.167680600275984,15.193651585118127,15602400.0,2022-10-29 04:00:00
15.208837392976337,15.18133266757214,15.19598206979756,15603300.0,2022-10-29 04:15:00
15.238378956636332,15.19497264985551,15.199826643478032,15604200.0,2022-10-29 04:30:00
15.267450354105758,15.209790544618793,15.204929112186,15605100.0,2022-10-29 04:45:00
15.301564383871824,15.229012860435944,15.211724243771943,15606000.0,2022-10-29 05:00:00
15.334783890657338,15.248987471648014,15.220073628473813,15606900.0,2022-10-29 05:15:00
15.370346109325588,15.27281645221634,15.23016583357096,15607800.0,2022-10-29 05:30:00
15.411006472659412,15.297373443033468,15.241740375188751,15608700.0,2022-10-29 05:45:00
15.448815847734974,15.324521462982172,15.25492794796765,15609600.0,2022-10-29 06:00:00
15.494227435151322,15.352448185063666,15.269447908982707,15610500.0,2022-10-29 06:15:00
15.54617996605296,15.386138443782954,15.285894356635152,15611400.0,2022-10-29 06:30:00
15.601537276518677,15.420512667881177,15.303936207674589,15612300.0,2022-10-29 06:45:00
15.662860269533486,15.458487014284067,15.323760151618458,15613200.0,2022-10-29 07:00:00
15.707677154480963,15.496779383650528,15.345254791123594,15614100.0,2022-10-29 07:15:00
15.747366791985856,15.53508312151878,15.368129682238752,15615000.0,2022-10-29 07:30:00
15.786184771221413,15.570400259973924,15.391469838532595,15615900.0,2022-10-29 07:45:00
15.820469786790598,15.603863974820774,15.414855215656432,15616800.0,2022-10-29 08:00:00
15.8522339222658,15.63810938531364,15.438418131010671,15617700.0,2022-10-29 08:15:00
15.884622918999918,15.667449848721589,15.461296426036547,15618600.0,2022-10-29 08:30:00
15.922459150593792,15.700394556116066,15.484267627340436,15619500.0,2022-10-29 08:45:00
15.964626997802505,15.733491457093656,15.507400201725996,15620400.0,2022-10-29 09:00:00
16.012497871751208,15.768168792987678,15.531020224761471,15621300.0,2022-10-29 09:15:00
16.057183916161335,15.803703386204605,15.555164940682472,15622200.0,2022-10-29 09:30:00
16.090187399217978,15.838287747606904,15.579693192862852,15623100.0,2022-10-29 09:45:00
16.109558803294842,15.867521069340713,15.603674642160048,15624000.0,2022-10-29 10:00:00
16.125643116008156,15.89421566768813,15.626788388340987,15624900.0,2022-10-29 10:15:00
16.146724387331254,15.919564053300387,15.648988789522829,15625800.0,2022-10-29 10:30:00
16.17060738321545,15.94415188593161,15.67041386999392,15626700.0,2022-10-29 10:45:00
16.178477568220558,15.965632223404072,15.690853097316126,15627600.0,2022-10-29 11:00:00
16.191107606223504,15.98233252046456,15.709630849431154,15628500.0,2022-10-29 11:15:00
16.200225923696095,16.000353270007324,15.727426782799148,15629400.0,2022-10-29 11:30:00
16.20397595095038,16.01411362779653,15.743857861413398,15630300.0,2022-10-29 11:45:00
16.21013859605534,16.02616426096688,15.75885421364633,15631200.0,2022-10-29 12:00:00
16.214627911332855,16.03716782018583,15.772666499272692,15632100.0,2022-10-29 12:15:00
16.21488551232008,16.04387511365027,15.784724108754308,15633000.0,2022-10-29 12:30:00
16.21600112001332,16.054192102186054,15.79640319377036,15633900.0,2022-10-29 12:45:00
16.21605141043937,16.06009600294599,15.807053248202903,15634800.0,2022-10-29 13:00:00
16.21628454868461,16.065238285977742,15.816631247573902,15635700.0,2022-10-29 13:15:00
16.21319802933049,16.070750089229712,15.825556253479425,15636600.0,2022-10-29 13:30:00
16.20463892504274,16.07106252713531,15.833099115162272,15637500.0,2022-10-29 13:45:00
16.19454795994612,16.071476701167057,15.8395882121396,15638400.0,2022-10-29 14:00:00
16.179612950123982,16.06956491240068,15.844891935942725,15639300.0,2022-10-29 14:15:00
16.16557811396832,16.063203127601618,15.848509341935335,15640200.0,2022-10-29 14:30:00
16.152070647837842,16.057435581424667,15.850863474395796,15641100.0,2022-10-29 14:45:00
16.135875985254778,16.051178043637737,15.852279867903938,15642000.0,2022-10-29 15:00:00
16.120394359176252,16.044368486517353,15.852836032093698,15642900.0,2022-10-29 15:15:00
16.103619113683575,16.034819062700862,15.852324446685811,15643800.0,2022-10-29 15:30:00
16.08787261589498,16.02513964793798,15.850870251256785,15644700.0,2022-10-29 15:45:00
16.06960936255437,16.015539084364725,15.848841650429758,15645600.0,2022-10-29 16:00:00
16.049749054384243,16.00256529781634,15.845722840452764,15646500.0,2022-10-29 16:15:00
16.031179758235016,15.990712455282567,15.841884783704169,15647400.0,2022-10-29 16:30:00
16.01063511357551,15.977675025980208,15.837341140892685,15648300.0,2022-10-29 16:45:00
15.989834584966149,15.963131936092433,15.831988054626043,15649200.0,2022-10-29 17:00:00
15.96670509147593,15.949434964329877,15.826240491435684,15650100.0,2022-10-29 17:15:00
15.94375623863505,15.932904494837404,15.819644737210396,15651000.0,2022-10-29 17:30:00
15.91767610556979,15.916917452071567,15.81242543360967,15651900.0,2022-10-29 17:45:00
15.8920207367265,15.899449204771432,15.804562626901166,15652800.0,2022-10-29 18:00:00
15.867986664323803,15.880586939741011,15.795814591505934,15653700.0,2022-10-29 18:15:00
15.846178509474967,15.863248324516348,15.786619487981223,15654600.0,2022-10-29 18:30:00
15.822305584805086,15.84418066476802,15.776829843089256,15655500.0,2022-10-29 18:45:00
15.795259299056353,15.82637479723368,15.766722004630742,15656400.0,2022-10-29 19:00:00
15.770249045698865,15.80679307061358,15.756192098716246,15657300.0,2022-10-29 19:15:00
15.626371910719053,15.763752342610498,15.742009594685728,15658200.0,2022-10-29 19:30:00
15.589943437188012,15.723291798467216,15.724456338293784,15659100.0,2022-10-29 19:45:00
15.566922957456692,15.68927678126949,15.705128476190476,15660000.0,2022-10-29 20:00:00
15.533319610544964,15.6570017364879,15.685043534148136,15660900.0,2022-10-29 20:15:00
15.50844953633022,15.62769989684842,15.664964592022098,15661800.0,2022-10-29 20:30:00
15.483991620317015,15.599849769380173,15.645154046154076,15662700.0,2022-10-29 20:45:00
15.462685924590518,15.575353714205717,15.62626130685426,15663600.0,2022-10-29 21:00:00
15.444024016567123,15.551810729063597,15.60818975422187,15664500.0,2022-10-29 21:15:00
15.42653865004,15.529754488556751,15.590787153203136,15665400.0,2022-10-29 21:30:00
15.406846112467138,15.5102183017254,15.574404085611432,15666300.0,2022-10-29 21:45:00
15.387715123306478,15.490741227825795,15.558816501555146,15667200.0,2022-10-29 22:00:00
15.36530329078952,15.47232498620405,15.543898385232492,15668100.0,2022-10-29 22:15:00
15.343135420958328,15.451936215160975,15.529199051060449,15669000.0,2022-10-29 22:30:00
15.319478345068848,15.4320748296798,15.514629473473592,15669900.0,2022-10-29 22:45:00
15.298470892527918,15.413032863829066,15.500325822517173,15670800.0,2022-10-29 23:00:00
15.27485101174914,15.393710146882672,15.486081710030897,15671700.0,2022-10-29 23:15:00
15.25011564932712,15.373572047192305,15.471766563355644,15672600.0,2022-10-29 23:30:00
15.228081407340223,15.353886387386012,15.45737886180646,15673500.0,2022-10-29 23:45:00
15.207789544974936,15.33379742959931,15.442852057334312,15674400.0,2022-10-30 00:00:00
15.188655528457558,15.314617162280742,15.428419166651793,15675300.0,2022-10-30 00:15:00
15.168023456022098,15.296764032167486,15.414256932180056,15676200.0,2022-10-30 00:30:00
15.147865479437478,15.277754178756991,15.400142257325456,15677100.0,2022-10-30 00:45:00
15.1327748780329,15.261994560272743,15.386495491467416,15678000.0,2022-10-30 01:00:00
15.11822550320542,15.244738294312638,15.3730504153826,15678900.0,2022-10-30 01:15:00
15.10350177034888,15.230341167397814,15.360000310922535,15679800.0,2022-10-30 01:30:00
15.089110746899632,15.214408608647863,15.347175767629986,15680700.0,2022-10-30 01:45:00
15.074188743764823,15.199581510437216,15.33462063516733,15681600.0,2022-10-30 02:00:00
15.06653714520382,15.187063956031317,15.32266324972812,15682500.0,2022-10-30 02:15:00
15.062722845889716,15.17578788783152,15.311263568744176,15683400.0,2022-10-30 02:30:00
15.057623256218992,15.166490907913603,15.300625883118146,15684300.0,2022-10-30 02:45:00
15.058553833895497,15.158114318776128,15.290677965278071,15685200.0,2022-10-30 03:00:00
15.050363696036191,15.1510836605313,15.28153187289441,15686100.0,2022-10-30 03:15:00
15.041550618232243,15.143511499807667,15.273031120409316,15687000.0,2022-10-30 03:30:00
15.044317739740483,15.13759870837775,15.265143217660812,15687900.0,2022-10-30 03:45:00
15.065941478019592,15.137579683267557,15.258441197473529,15688800.0,2022-10-30 04:00:00
15.090488778272348,15.141834828374984,15.253435068223537,15689700.0,2022-10-30 04:15:00
15.11161947019213,15.147478994385654,15.250141164736752,15690600.0,2022-10-30 04:30:00
15.130405321705217,15.156032421815286,15.24849838081836,15691500.0,2022-10-30 04:45:00
15.152364301721004,15.16506562419073,15.248296121781092,15692400.0,2022-10-30 05:00:00
15.182093436476736,15.178126713823104,15.249772048466712,15693300.0,2022-10-30 05:15:00
15.213010061502777,15.1929316196221,15.252838044515515,15694200.0,2022-10-30 05:30:00
15.239149716072388,15.210568262610574,15.25756384783922,15695100.0,2022-10-30 05:45:00
15.257429919120838,15.225943340870922,15.263392300923462,15696000.0,2022-10-30 06:00:00
15.291818908484686,15.244938487844587,15.270435520711958,15696900.0,2022-10-30 06:15:00
15.333128201546412,15.266389706061634,15.278822227126987,15697800.0,2022-10-30 06:30:00
15.39511077793644,15.295445623314668,15.289317730511684,15698700.0,2022-10-30 06:45:00
15.446631528979792,15.32739022214516,15.302166582367482,15699600.0,2022-10-30 07:00:00
15.508714344655113,15.363762449361088,15.31756536016715,15700500.0,2022-10-30 07:15:00
15.54367769618574,15.399000500212512,15.335023436493293,15701400.0,2022-10-30 07:30:00
15.57653229801562,15.42919033992428,15.353104940324233,15702300.0,2022-10-30 07:45:00
15.58795842438303,15.455177581447009,15.370982738659643,15703200.0,2022-10-30 08:00:00
15.576288901352608,15.472622651493207,15.387340309182512,15704100.0,2022-10-30 08:15:00
15.569105415738663,15.483580065770544,15.401270434578366,15705000.0,2022-10-30 08:30:00
15.565892497568193,15.493423574948272,15.413198474042826,15705900.0,2022-10-30 08:45:00
15.563397291745886,15.500739309004468,15.423212532154054,15706800.0,2022-10-30 09:00:00
15.547982058376814,15.502485281142093,15.431028976920812,15707700.0,2022-10-30 09:15:00
15.530184970345916,15.50120861839004,15.436653312234888,15708600.0,2022-10-30 09:30:00
15.52030265571161,15.499594653545246,15.44062206317639,15709500.0,2022-10-30 09:45:00
15.514658343435173,15.495214262491888,15.442897154068408,15710400.0,2022-10-30 10:00:00
15.506020795902494,15.490897767354577,15.443919706072927,15711300.0,2022-10-30 10:15:00
15.491194847514254,15.48647598633458,15.44412264888592,15712200.0,2022-10-30 10:30:00
15.473724744694517,15.478563423090511,15.443198212301576,15713100.0,2022-10-30 10:45:00
15.45633812440204,15.470208955505214,15.441324739727587,15714000.0,2022-10-30 11:00:00
15.43581861517752,15.458765889280834,15.43810968564547,15714900.0,2022-10-30 11:15:00
15.408939735314185,15.445135590226815,15.433611576391243,15715800.0,2022-10-30 11:30:00
15.372628066131972,15.428001614449052,15.427605675715526,15716700.0,2022-10-30 11:45:00
15.333026102114944,15.407883808598225,15.419899297237464,15717600.0,2022-10-30 12:00:00
15.29622178295465,15.388220157063188,15.411028031513643,15718500.0,2022-10-30 12:15:00
15.259260824510816,15.362538178298673,15.400273970525692,15719400.0,2022-10-30 12:30:00
15.22379557638162,15.337450021736808,15.388000401922207,15720300.0,2022-10-30 12:45:00
15.192861947139397,15.31302202712012,15.37485689671041,15721200.0,2022-10-30 13:00:00
15.16284564044616,15.287870785259017,15.360778555121772,15722100.0,2022-10-30 13:15:00
15.135777480723098,15.263834609831,15.346231703319884,15723000.0,2022-10-30 13:30:00
15.105910032217867,15.23846123227203,15.331165005773505,15723900.0,2022-10-30 13:45:00
15.076084749693866,15.213309557661477,15.315665261086224,15724800.0,2022-10-30 14:00:00
15.048359606985091,15.190119990674388,15.300215464421097,15725700.0,2022-10-30 14:15:00
15.021414467239705,15.166770973582784,15.284727546303094,15726600.0,2022-10-30 14:30:00
14.991916075874286,15.143426030938231,15.269173688289229,15727500.0,2022-10-30 14:45:00
14.956740728207729,15.11821971699356,15.253305055838814,15728400.0,2022-10-30 15:00:00
14.918397888581689,15.090618658567744,15.236673397703113,15729300.0,2022-10-30 15:15:00
14.87742896033167,15.062644367527747,15.219380002377102,15730200.0,2022-10-30 15:30:00
14.837918558891534,15.033609195660382,15.201375090351776,15731100.0,2022-10-30 15:45:00
14.796507348376087,15.002871545016324,15.182484319160627,15732000.0,2022-10-30 16:00:00
14.752091801494329,14.969676441336269,15.162680532674688,15732900.0,2022-10-30 16:15:00
14.706089057490788,14.936822907840307,15.141967162034696,15733800.0,2022-10-30 16:30:00
14.665382122579755,14.904818311623472,15.120730534055737,15734700.0,2022-10-30 16:45:00
14.628141723762148,14.871837994929528,15.09896711572816,15735600.0,2022-10-30 17:00:00
14.584573990171725,14.836249666431383,15.076479817217953,15736500.0,2022-10-30 17:15:00
14.5197317939712,14.798598771664407,15.053088869215753,15737400.0,2022-10-30 17:30:00
14.458766614562776,14.758018022659815,15.028454540385384,15738300.0,2022-10-30 17:45:00
14.40957266821656,14.717981321703611,15.002779524419292,15739200.0,2022-10-30 18:00:00
14.364212719751622,14.67716154544639,14.976250033510066,15740100.0,2022-10-30 18:15:00
14.316720186601591,14.637310925796625,14.949236312874095,15741000.0,2022-10-30 18:30:00
14.26614710336352,14.595731778796631,14.921687885093196,15741900.0,2022-10-30 18:45:00
14.217529538097867,14.555249026798398,14.89369162164036,15742800.0,2022-10-30 19:00:00
14.169949688966138,14.515606134577736,14.865506163781731,15743700.0,2022-10-30 19:15:00
14.122398798206843,14.476148961014784,14.83717330824636,15744600.0,2022-10-30 19:30:00
14.077330343850036,14.436126723636878,14.808750024018924,15745500.0,2022-10-30 19:45:00
14.033079086566977,14.3950788775771,14.780027198063266,15746400.0,2022-10-30 20:00:00
13.9906492242838,14.358262824819365,14.75149236913486,15747300.0,2022-10-30 20:15:00
13.943400130280583,14.3202133522562,14.72302135851686,15748200.0,2022-10-30 20:30:00
13.903871669188057,14.28235020742522,14.694659271013633,15749100.0,2022-10-30 20:45:00
13.868691623872374,14.24738144095878,14.66655297546923,15750000.0,2022-10-30 21:00:00
13.816254942433172,14.208554151143844,14.638316422909408,15750900.0,2022-10-30 21:15:00
13.782027039919376,14.172053765277568,14.61011800159534,15751800.0,2022-10-30 21:30:00
13.756779704004163,14.138577067932884,14.582388867868207,15752700.0,2022-10-30 21:45:00
13.742866710613116,14.108915132425995,14.555592286712786,15753600.0,2022-10-30 22:00:00
13.710452921128066,14.081160452023935,14.529764440101994,15754500.0,2022-10-30 22:15:00
13.699381716667704,14.056664427966632,14.50521024983902,15755400.0,2022-10-30 22:30:00
13.670397377397803,14.03060673758042,14.481619803316976,15756300.0,2022-10-30 22:45:00
13.63902344197746,14.004592992321207,14.458602791645523,15757200.0,2022-10-30 23:00:00
13.606517712276894,13.97807191700592,14.435933915465336,15758100.0,2022-10-30 23:15:00
13.574073687569204,13.951989760931705,14.413386040473927,15759000.0,2022-10-30 23:30:00
13.547567348962312,13.925429567488347,14.390844628889322,15759900.0,2022-10-30 23:45:00
13.525002927013103,13.899774547668764,14.368412674368704,15760800.0,2022-10-31 00:00:00
13.507371194382133,13.87658038335435,14.346437895549531,15761700.0,2022-10-31 00:15:00
13.491156243751586,13.8560206414429,14.3250918809275,15762600.0,2022-10-31 00:30:00
13.475431915822057,13.834347969901469,14.304230174962887,15763500.0,2022-10-31 00:45:00
13.465545725431603,13.815479170420073,14.284162036117234,15764400.0,2022-10-31 01:00:00
13.453574372922578,13.799123409310564,14.264992153686688,15765300.0,2022-10-31 01:15:00
13.444821520872669,13.783051195028431,14.246579167701656,15766200.0,2022-10-31 01:30:00
13.445659535561171,13.77119896970412,14.229262160820408,15767100.0,2022-10-31 01:45:00
13.448636489504716,13.761073131999396,14.213192331972715,15768000.0,2022-10-31 02:00:00
13.458025905908633,13.753031172790898,14.19840345180339,15768900.0,2022-10-31 02:15:00
13.471932919870769,13.749885579536206,14.185214623527878,15769800.0,2022-10-31 02:30:00
13.48959249966916,13.749306276569628,14.173673968180111,15770700.0,2022-10-31 02:45:00
13.51379350281858,13.751577177605386,14.163992667508476,15771600.0,2022-10-31 03:00:00
13.537371360307498,13.759373661718811,14.156378052436304,15772500.0,2022-10-31 03:15:00
13.561058334405487,13.765977392676817,14.150496522496455,15773400.0,2022-10-31 03:30:00
13.586329460806036,13.77603124860318,14.14624822273312,15774300.0,2022-10-31 03:45:00
13.616110798299127,13.788284550923416,14.14371190951532,15775200.0,2022-10-31 04:00:00
13.651703658985529,13.803752927932774,14.142949808457011,15776100.0,2022-10-31 04:15:00
13.687367574533823,13.819847625619692,14.143860292219957,15777000.0,2022-10-31 04:30:00
13.722824544945622,13.839723094190884,14.146487747783883,15777900.0,2022-10-31 04:45:00
13.768766465957846,13.861847559962603,14.150806961691233,15778800.0,2022-10-31 05:00:00
13.833932367158791,13.892337722391543,14.157493796789304,15779700.0,2022-10-31 05:15:00
13.9007285566398,13.926051682244916,14.166801514744586,15780600.0,2022-10-31 05:30:00
13.96880585566954,13.963047896229206,14.178798553497574,15781500.0,2022-10-31 05:45:00
14.031346093331075,14.004208382776737,14.193555188061827,15782400.0,2022-10-31 06:00:00
14.084197883404492,14.043583587916174,14.210408496809627,15783300.0,2022-10-31 06:15:00
14.132401737768037,14.083239731976764,14.22872488020204,15784200.0,2022-10-31 06:30:00
14.1754633954574,14.120339476901597,14.24800915889234,15785100.0,2022-10-31 06:45:00
14.209196630959744,14.154431632466087,14.26752833412246,15786000.0,2022-10-31 07:00:00
14.240830484572069,14.187639451185817,14.287009781417522,15786900.0,2022-10-31 07:15:00
14.273762314074483,14.218822507034696,14.3062715624374,15787800.0,2022-10-31 07:30:00
14.306708575344295,14.248952419981103,14.325270438706031,15788700.0,2022-10-31 07:45:00
14.336763829478874,14.277093521449936,14.343726868818498,15789600.0,2022-10-31 08:00:00
14.365847972155054,14.304459425740328,14.361738104192614,15790500.0,2022-10-31 08:15:00
14.393988696434192,14.331300825517287,14.379526077649317,15791400.0,2022-10-31 08:30:00
14.42014567749829,14.356819795462034,14.39695277475952,15792300.0,2022-10-31 08:45:00
14.445167556837498,14.380826179666068,14.413914804479209,15793200.0,2022-10-31 09:00:00
14.47366925109148,14.40447540038964,14.430524709479982,15794100.0,2022-10-31 09:15:00
14.499770388515673,14.428170635317496,14.446776371531517,15795000.0,2022-10-31 09:30:00
14.525673785723995,14.451326949625884,14.46293435451417,15795900.0,2022-10-31 09:45:00
14.547942444878975,14.473455478759114,14.478838541801345,15796800.0,2022-10-31 10:00:00
14.569112826740794,14.494771576193251,14.49445217793872,15797700.0,2022-10-31 10:15:00
14.584829604068323,14.514733600815353,14.509738229194172,15798600.0,2022-10-31 10:30:00
14.596485958999882,14.532299153890085,14.524359498846891,15799500.0,2022-10-31 10:45:00
14.603390205220252,14.547650217168703,14.538153941313146,15800400.0,2022-10-31 11:00:00
14.609620903139692,14.559614492770672,14.55069902565217,15801300.0,2022-10-31 11:15:00
14.617158131637767,14.572509327296194,14.56244250772652,15802200.0,2022-10-31 11:30:00
14.625952683396832,14.58287619128758,14.573316046925616,15803100.0,2022-10-31 11:45:00
14.634126542025832,14.59304987469797,14.58350715539016,15804000.0,2022-10-31 12:00:00
14.640387570399586,14.602227498637037,14.59292356645728,15804900.0,2022-10-31 12:15:00
14.643699367882132,14.609533536649312,14.601562020143486,15805800.0,2022-10-31 12:30:00
14.642602880192218,14.616302340011169,14.609519139010107,15806700.0,2022-10-31 12:45:00
14.644447755890324,14.621043742672052,14.616695557114696,15807600.0,2022-10-31 13:00:00
14.64499856033564,14.626508997743194,14.623264714831814,15808500.0,2022-10-31 13:15:00
14.642625298743589,14.63078566910012,14.629340576501193,15809400.0,2022-10-31 13:30:00
14.634348970208082,14.631559951673603,14.634476193899612,15810300.0,2022-10-31 13:45:00
14.623689589431956,14.62880785526953,14.638332758334418,15811200.0,2022-10-31 14:00:00
14.61268629638908,14.62777140908862,14.641345522607136,15812100.0,2022-10-31 14:15:00
14.59841690016512,14.623958418976326,14.643399835671914,15813000.0,2022-10-31 14:30:00
14.575857432122111,14.617133645970284,14.644207260246588,15813900.0,2022-10-31 14:45:00
14.543352071054208,14.604255449319314,14.64302586923204,15814800.0,2022-10-31 15:00:00
14.506153306997351,14.589194365373022,14.639974183314598,15815700.0,2022-10-31 15:15:00
14.467227068627068,14.569687623389823,14.634783500172931,15816600.0,2022-10-31 15:30:00
14.429313754541464,14.5492831454401,14.627912555282736,15817500.0,2022-10-31 15:45:00
14.388257028100782,14.525211369011222,14.619169124924522,15818400.0,2022-10-31 16:00:00
14.339882773994898,14.498115293905292,14.60836676305828,15819300.0,2022-10-31 16:15:00
14.290229447956,14.4690743930943,14.595718990190974,15820200.0,2022-10-31 16:30:00
14.23904062192002,14.435869888130435,14.581028405001286,15821100.0,2022-10-31 16:45:00
14.193211574372931,14.401870115481543,14.56467960041926,15822000.0,2022-10-31 17:00:00
14.149650767937173,14.368825789905545,14.547136420819369,15822900.0,2022-10-31 17:15:00
14.101755390262944,14.335378020769728,14.528536533752227,15823800.0,2022-10-31 17:30:00
14.049413013633313,14.297530414614746,14.508615977447292,15824700.0,2022-10-31 17:45:00
13.993897871621035,14.260348572830624,14.487664685381834,15825600.0,2022-10-31 18:00:00
13.942208815316512,14.221403258780247,14.465648531809093,15826500.0,2022-10-31 18:15:00
13.894354200971208,14.182645678223816,14.442807649953496,15827400.0,2022-10-31 18:30:00
13.846931850033032,14.145135359843657,14.41945497798835,15828300.0,2022-10-31 18:45:00
13.792083831240545,14.105372870255474,14.395415171845778,15829200.0,2022-10-31 19:00:00
13.73859768884322,14.064399186434738,14.3706472722133,15830100.0,2022-10-31 19:15:00
13.68677446371404,14.022258196325152,14.344981345678557,15831000.0,2022-10-31 19:30:00
13.630255911394896,13.981738468664783,14.318849734204775,15831900.0,2022-10-31 19:45:00
13.581991510339495,13.940659319285547,14.292176760897862,15832800.0,2022-10-31 20:00:00
13.533466598557029,13.900571649526745,14.265269963901993,15833700.0,2022-10-31 20:15:00
13.485505192420703,13.859253632738682,14.237887252508692,15834600.0,2022-10-31 20:30:00
13.435108988328832,13.818132976517528,14.210225435163466,15835500.0,2022-10-31 20:45:00
13.380210034895466,13.776733723010468,14.182297818469229,15836400.0,2022-10-31 21:00:00
13.3266044421665,13.733979943153845,14.153873902430698,15837300.0,2022-10-31 21:15:00
13.279438036986646,13.692296337464816,14.125176968618044,15838200.0,2022-10-31 21:30:00
13.218584592375011,13.65041620608454,14.096087522256934,15839100.0,2022-10-31 21:45:00
13.169802634237463,13.606690492579895,14.066581665451872,15840000.0,2022-10-31 22:00:00
13.125558060132416,13.565067216786836,14.036830044673138,15840900.0,2022-10-31 22:15:00
13.079645205169449,13.52344775049098,14.007088570708628,15841800.0,2022-10-31 22:30:00
13.033944319635753,13.48322880814426,13.97750422218472,15842700.0,2022-10-31 22:45:00
12.994822364847604,13.446112350930614,13.948235454432158,15843600.0,2022-10-31 23:00:00
12.953104768417449,13.408800240082806,13.919268288426172,15844500.0,2022-10-31 23:15:00
12.913956030676244,13.371846011983786,13.890526239630754,15845400.0,2022-10-31 23:30:00
12.874916125494028,13.335120194619734,13.86210241189003,15846300.0,2022-10-31 23:45:00
12.837643771104478,13.298710516364528,13.834023553246723,15847200.0,2022-11-01 00:00:00
12.804601547252089,13.265912403287542,13.806396334351373,15848100.0,2022-11-01 00:15:00
12.776216706414512,13.2352363102907,13.77941808230758,15849000.0,2022-11-01 00:30:00
12.749378968171584,13.203537731743214,13.752990001774618,15849900.0,2022-11-01 00:45:00
12.722273913414654,13.174218351476949,13.727258842210468,15850800.0,2022-11-01 01:00:00
12.701700510214597,13.148304082669476,13.702342332601988,15851700.0,2022-11-01 01:15:00
12.682325433848955,13.124063927120254,13.678437378613385,15852600.0,2022-11-01 01:30:00
12.667496082378372,13.1013979073771,13.655461253994192,15853500.0,2022-11-01 01:45:00
12.658319694959454,13.08080727499248,13.63348305724883,15854400.0,2022-11-01 02:00:00
12.654178111185413,13.063455969505462,13.61276778003558,15855300.0,2022-11-01 02:15:00
12.66227691378327,13.051292620079856,13.593578867016731,15856200.0,2022-11-01 02:30:00
12.673249421452958,13.044307232468691,13.576125419751705,15857100.0,2022-11-01 02:45:00
12.692969053858857,13.039368046656328,13.560695377075016,15858000.0,2022-11-01 03:00:00
12.72594835676018,13.039360365100665,13.547482680196742,15858900.0,2022-11-01 03:15:00
12.777519533736308,13.049303594252176,13.537150067786412,15859800.0,2022-11-01 03:30:00
12.83207132179984,13.065647694715746,13.530200221690748,15860700.0,2022-11-01 03:45:00
12.878957342741696,13.084955648561415,13.526605674689153,15861600.0,2022-11-01 04:00:00
12.917599459897112,13.105488105143255,13.525788459044188,15862500.0,2022-11-01 04:15:00
12.943983687164684,13.123994547739205,13.527037225803896,15863400.0,2022-11-01 04:30:00
12.96850218094341,13.144159918427126,13.529686486938578,15864300.0,2022-11-01 04:45:00
12.999361933976015,13.162843132590371,13.5334150237831,15865200.0,2022-11-01 05:00:00
13.032535015910067,13.182654340762625,13.538061728197992,15866100.0,2022-11-01 05:15:00
13.066809583216846,13.203644623830568,13.543545653810735,15867000.0,2022-11-01 05:30:00
13.096539176317195,13.223907190462526,13.549794464092455,15867900.0,2022-11-01 05:45:00
13.13351487930706,13.246568143064808,13.556957017533108,15868800.0,2022-11-01 06:00:00
13.185379569531142,13.273885109823553,13.565402746756972,15869700.0,2022-11-01 06:15:00
13.245982980424833,13.304614858983264,13.575504023241894,15870600.0,2022-11-01 06:30:00
13.309770019951172,13.33785812265286,13.587499523326736,15871500.0,2022-11-01 06:45:00
13.379235533085888,13.37835151113854,13.601831420789294,15872400.0,2022-11-01 07:00:00
13.446641427082838,13.419239087739612,13.618407843728692,15873300.0,2022-11-01 07:15:00
13.509102703185729,13.462379262043958,13.637193853742904,15874200.0,2022-11-01 07:30:00
13.558103262185195,13.50559990108806,13.657676634034864,15875100.0,2022-11-01 07:45:00
13.600023296774282,13.542732565476506,13.67877870737521,15876000.0,2022-11-01 08:00:00
13.63509662081882,13.579723017082603,13.700260490245167,15876900.0,2022-11-01 08:15:00
13.66018862831814,13.61167214395828,13.721291065816509,15877800.0,2022-11-01 08:30:00
13.682097514690517,13.640870328229056,13.741542795913247,15878700.0,2022-11-01 08:45:00
13.707371452273508,13.669128632585236,13.760991968505706,15879600.0,2022-11-01 09:00:00
13.730615332871984,13.694641626233828,13.779577133265311,15880500.0,2022-11-01 09:15:00
13.74990335674942,13.716819948967574,13.796980749727377,15881400.0,2022-11-01 09:30:00
13.762743802791972,13.736444310142533,13.813207971863957,15882300.0,2022-11-01 09:45:00
13.777229963936604,13.755880133973958,13.828523107570163,15883200.0,2022-11-01 10:00:00
13.793350690943797,13.774265922051224,13.84302075736516,15884100.0,2022-11-01 10:15:00
13.802750856429387,13.788389250663784,13.856454092355262,15885000.0,2022-11-01 10:30:00
13.804036603809823,13.800530634403758,13.868724320112271,15885900.0,2022-11-01 10:45:00
13.80499268317379,13.811896090972631,13.87988616861767,15886800.0,2022-11-01 11:00:00
13.804318445538582,13.819034120708514,13.889714900905457,15887700.0,2022-11-01 11:15:00
13.800012338975424,13.823801273896,13.898098878686692,15888600.0,2022-11-01 11:30:00
13.796724030691662,13.828996042097128,13.905475240138532,15889500.0,2022-11-01 11:45:00
13.792087097338625,13.831514089503848,13.911702513550583,15890400.0,2022-11-01 12:00:00
13.791055453394542,13.833769622992726,13.917025691674532,15891300.0,2022-11-01 12:15:00
13.786300166125947,13.833655857462634,13.921309849534955,15892200.0,2022-11-01 12:30:00
13.775462345421426,13.833167747694384,13.924802645852724,15893100.0,2022-11-01 12:45:00
13.75807957728122,13.831377475974852,13.927497225032027,15894000.0,2022-11-01 13:00:00
13.735844406164192,13.823381902784815,13.928599180269847,15894900.0,2022-11-01 13:15:00
13.712231894709412,13.815698527472833,13.928499950614135,15895800.0,2022-11-01 13:30:00
13.686562611256482,13.802184078640442,13.926605863860058,15896700.0,2022-11-01 13:45:00
13.66195609747254,13.78754548596347,13.923044546892433,15897600.0,2022-11-01 14:00:00
13.632456423203935,13.773557129093769,13.918323026514711,15898500.0,2022-11-01 14:15:00
13.601980029094424,13.755702993120746,13.912262884218377,15899400.0,2022-11-01 14:30:00
13.569728665458507,13.736160644427551,13.904760317797558,15900300.0,2022-11-01 14:45:00
13.52939673600911,13.714727374169511,13.895927550644045,15901200.0,2022-11-01 15:00:00
13.48926020802702,13.69072641960532,13.885672772860316,15902100.0,2022-11-01 15:15:00
13.445461346733673,13.664526265418392,13.873914325702122,15903000.0,2022-11-01 15:30:00
13.400404219303878,13.636044778440285,13.860657904497057,15903900.0,2022-11-01 15:45:00
13.349839542025853,13.605176813380526,13.845932269644631,15904800.0,2022-11-01 16:00:00
13.301642006953116,13.573187511749373,13.829904200483725,15905700.0,2022-11-01 16:15:00
13.254115011527947,13.53905596667586,13.81256292594629,15906600.0,2022-11-01 16:30:00
13.200827338327567,13.505237543122616,13.79403164282962,15907500.0,2022-11-01 16:45:00
13.154881985070674,13.47027448771028,13.774403568487775,15908400.0,2022-11-01 17:00:00
13.10798327728887,13.432672580061352,13.753681686442864,15909300.0,2022-11-01 17:15:00
13.066275452542058,13.398357016720816,13.732308442355682,15910200.0,2022-11-01 17:30:00
13.028269771646675,13.365228581208305,13.710701945326765,15911100.0,2022-11-01 17:45:00
12.989106326012994,13.330172329892315,13.68873117471491,15912000.0,2022-11-01 18:00:00
12.95490336037748,13.297743938057453,13.66672656689521,15912900.0,2022-11-01 18:15:00
12.917175346664784,13.26496673333518,13.644809523987044,15913800.0,2022-11-01 18:30:00
12.877219664390108,13.234664574013532,13.623019838295091,15914700.0,2022-11-01 18:45:00
12.838218991147658,13.201968644132128,13.601195441027684,15915600.0,2022-11-01 19:00:00
12.799610676025814,13.170149962396293,13.579231034916226,15916500.0,2022-11-01 19:15:00
12.763731805195064,13.139216378268085,13.557269506285213,15917400.0,2022-11-01 19:30:00
12.723783637433849,13.105006985305966,13.535024512423751,15918300.0,2022-11-01 19:45:00
12.690059207779214,13.075530463643515,13.512892058317613,15919200.0,2022-11-01 20:00:00
12.655175666897968,13.045063763774673,13.490778780363906,15920100.0,2022-11-01 20:15:00
12.626052278916358,13.017231007927666,13.468890801581969,15921000.0,2022-11-01 20:30:00
12.593149349408115,12.9876289790883,13.44710488228666,15921900.0,2022-11-01 20:45:00
12.55747057837438,12.957309744135609,13.425418852779686,15922800.0,2022-11-01 21:00:00
12.527423363495243,12.92955142543946,13.403859591336987,15923700.0,2022-11-01 21:15:00
12.490835800509345,12.899229507529489,13.382290656744264,15924600.0,2022-11-01 21:30:00
12.452644440321851,12.869969855686978,13.360694139235587,15925500.0,2022-11-01 21:45:00
12.417943637169744,12.841627003490078,13.338940195664232,15926400.0,2022-11-01 22:00:00
12.382368806258633,12.812811532677316,13.317096904493514,15927300.0,2022-11-01 22:15:00
12.342027476887584,12.78179173804592,13.294988818395352,15928200.0,2022-11-01 22:30:00
12.300770062671424,12.750694732344012,13.272609375811694,15929100.0,2022-11-01 22:45:00
12.253827034301612,12.717310951496716,13.24967900112869,15930000.0,2022-11-01 23:00:00
12.202838552203696,12.68133427443894,13.225926798557667,15930900.0,2022-11-01 23:15:00
12.160920607517566,12.647216187112244,13.201616398013265,15931800.0,2022-11-01 23:30:00
12.121134819860137,12.61368705217925,13.176895711862432,15932700.0,2022-11-01 23:45:00
12.076359570626805,12.576508263099324,13.151734162554147,15933600.0,2022-11-02 00:00:00
12.03564252584153,12.541916859761349,13.126284834297527,15934500.0,2022-11-02 00:15:00
11.995028507558228,12.507905564443536,13.100704599995844,15935400.0,2022-11-02 00:30:00
11.958919701833974,12.474885930630784,13.075116571639157,15936300.0,2022-11-02 00:45:00
11.921036690114232,12.441067483489736,13.049529774906151,15937200.0,2022-11-02 01:00:00
11.886463542847244,12.410774430099266,13.024029643176611,15938100.0,2022-11-02 01:15:00
11.861852057224366,12.379045597757235,12.998733182510762,15939000.0,2022-11-02 01:30:00
11.842923815506408,12.351368750201766,12.974002350844271,15939900.0,2022-11-02 01:45:00
11.824348072390048,12.325763787318134,12.950079264815576,15940800.0,2022-11-02 02:00:00
11.808838259430308,12.303266934488295,12.927005602419792,15941700.0,2022-11-02 02:15:00
11.793488301290491,12.282255213985724,12.904946785853614,15942600.0,2022-11-02 02:30:00
11.786202708236564,12.263315418862993,12.883944614735531,15943500.0,2022-11-02 02:45:00
11.787609902701792,12.24807403013224,12.864091475546886,15944400.0,2022-11-02 03:00:00
11.789672785656874,12.235744358636476,12.845597910496757,15945300.0,2022-11-02 03:15:00
11.795403576069845,12.225613225254335,12.828669687347253,15946200.0,2022-11-02 03:30:00
11.810562114446274,12.219635360474904,12.813397365641348,15947100.0,2022-11-02 03:45:00
11.834736574320672,12.219484375808731,12.800023880602028,15948000.0,2022-11-02 04:00:00
11.867097476142416,12.221889653048516,12.788755016275283,15948900.0,2022-11-02 04:15:00
11.908679610023835,12.230888789913855,12.779909436289165,15949800.0,2022-11-02 04:30:00
11.95754137877228,12.24677781615054,12.773820236688444,15950700.0,2022-11-02 04:45:00
12.015430281930437,12.266057108143784,12.770535580078906,15951600.0,2022-11-02 05:00:00
12.079151540802844,12.292589302807604,12.770461373587128,15952500.0,2022-11-02 05:15:00
12.144705900898083,12.32175891955621,12.773588656471407,15953400.0,2022-11-02 05:30:00
12.216598541063563,12.357720263326827,12.779950560378994,15954300.0,2022-11-02 05:45:00
12.292444351794211,12.397971599896051,12.789549786748053,15955200.0,2022-11-02 06:00:00
12.354147053198236,12.438198379681047,12.801945925995856,15956100.0,2022-11-02 06:15:00
12.400999665983926,12.4770656178186,12.816375270526828,15957000.0,2022-11-02 06:30:00
12.44266132762112,12.514872306046875,12.832102740711242,15957900.0,2022-11-02 06:45:00
12.47902213071174,12.54897010389288,12.848297707044097,15958800.0,2022-11-02 07:00:00
12.507149120628185,12.5764776774483,12.864279295559864,15959700.0,2022-11-02 07:15:00
12.53587471798417,12.60613911833377,12.880015481635423,15960600.0,2022-11-02 07:30:00
12.578296124070478,12.635695895506856,12.89563862191134,15961500.0,2022-11-02 07:45:00
12.624114623315895,12.666138039358067,12.911489615195276,15962400.0,2022-11-02 08:00:00
12.668744522688907,12.698761509929486,12.927865167721617,15963300.0,2022-11-02 08:15:00
12.712091755125448,12.73047264173184,12.944817360716696,15964200.0,2022-11-02 08:30:00
12.751005850047488,12.761704461279054,12.962138848139196,15965100.0,2022-11-02 08:45:00
12.788522785585176,12.79116883096536,12.979595709680805,15966000.0,2022-11-02 09:00:00
12.823524289004112,12.82074195358008,12.997278908624397,15966900.0,2022-11-02 09:15:00
12.854406321872208,12.851999849431987,13.01526243805171,15967800.0,2022-11-02 09:30:00
12.884125795849744,12.879079874070134,13.033129307867242,15968700.0,2022-11-02 09:45:00
12.911749912139516,12.907305744267344,13.050862017706333,15969600.0,2022-11-02 10:00:00
12.932360993117085,12.931681376602086,13.068148078433628,15970500.0,2022-11-02 10:15:00
12.949152632088092,12.954236725994042,13.084790889445724,15971400.0,2022-11-02 10:30:00
12.961417544203314,12.971530291473451,13.100231734137653,15972300.0,2022-11-02 10:45:00
12.974018734137148,12.989272989628606,13.114662070842597,15973200.0,2022-11-02 11:00:00
12.983604780057508,13.004893479776507,13.128211972356358,15974100.0,2022-11-02 11:15:00
12.991885513213022,13.017945679843566,13.14070898586631,15975000.0,2022-11-02 11:30:00
12.999401618978808,13.030638420211751,13.152355712821306,15975900.0,2022-11-02 11:45:00
13.005759924474985,13.04173702840012,13.163102012804782,15976800.0,2022-11-02 12:00:00
13.008074611033631,13.049394192567217,13.1727536101842,15977700.0,2022-11-02 12:15:00
13.007073790277936,13.05718085108566,13.181471283086529,15978600.0,2022-11-02 12:30:00
13.00458754106712,13.062513432510308,13.189297864571063,15979500.0,2022-11-02 12:45:00
12.998847400461797,13.06376863749553,13.195862449768136,15980400.0,2022-11-02 13:00:00
12.991433516566458,13.068634029287558,13.201739287434654,15981300.0,2022-11-02 13:15:00
12.980069031411572,13.068353579941531,13.206554766517648,15982200.0,2022-11-02 13:30:00
12.970140638630037,13.065247574195212,13.210024301195332,15983100.0,2022-11-02 13:45:00
12.959598052475869,13.06182241064388,13.212422254991576,15984000.0,2022-11-02 14:00:00
12.9504018721324,13.056235046478498,13.213718808812498,15984900.0,2022-11-02 14:15:00
12.944055445863029,13.054952421167792,13.214598823268476,15985800.0,2022-11-02 14:30:00
12.936035243801047,13.050553055450155,13.215020740368375,15986700.0,2022-11-02 14:45:00
12.927162814538306,13.04525833136986,13.214844023628888,15987600.0,2022-11-02 15:00:00
12.91681066942632,13.041014189903896,13.214281068575035,15988500.0,2022-11-02 15:15:00
12.90521495392483,13.035542981578136,13.21329304106126,15989400.0,2022-11-02 15:30:00
12.893436543226311,13.028878038571502,13.211657658664118,15990300.0,2022-11-02 15:45:00
12.883852309199977,13.024041453973538,13.209797041122972,15991200.0,2022-11-02 16:00:00
12.874206836561084,13.01469358553382,13.207265343636989,15992100.0,2022-11-02 16:15:00
12.862801285106691,13.007706164135405,13.204335572219073,15993000.0,2022-11-02 16:30:00
12.8545517576471,13.00041031072843,13.201188075315226,15993900.0,2022-11-02 16:45:00
12.847692511681476,12.99490226080602,13.198048881412396,15994800.0,2022-11-02 17:00:00
12.842726780534123,12.990557131085502,13.194996885023317,15995700.0,2022-11-02 17:15:00
12.83551321754144,12.98366284782322,13.191874946204033,15996600.0,2022-11-02 17:30:00
12.833356403179849,12.979894503805472,13.188908607930976,15997500.0,2022-11-02 17:45:00
12.830347901528818,12.976345391928149,13.186118012421852,15998400.0,2022-11-02 18:00:00
12.827730026220056,12.97065806856476,13.183244332479807,15999300.0,2022-11-02 18:15:00
12.824871235027938,12.967219229638088,13.180535898711907,16000200.0,2022-11-02 18:30:00
12.822189957497343,12.965618950318913,13.17806524777028,16001100.0,2022-11-02 18:45:00
12.818130421502511,12.962169445608842,13.175695833580892,16002000.0,2022-11-02 19:00:00
12.81282101767041,12.956408529386788,13.173083596558936,16002900.0,2022-11-02 19:15:00
12.806439765881692,12.95334463597712,13.170585752915112,16003800.0,2022-11-02 19:30:00
12.801316449107398,12.949188174496364,13.167987361890503,16004700.0,2022-11-02 19:45:00
12.798503019788374,12.947229335577012,13.16561106955824,16005600.0,2022-11-02 20:00:00
12.794373360748642,12.943368555136455,13.163209170172118,16006500.0,2022-11-02 20:15:00
12.791253711746831,12.939747016592044,13.160678275678324,16007400.0,2022-11-02 20:30:00
12.789107171513429,12.936538564925806,13.158148283643772,16008300.0,2022-11-02 20:45:00
12.788502203018163,12.932306154141642,13.155501909447118,16009200.0,2022-11-02 21:00:00
12.78773127162382,12.930839274280268,13.153126395067188,16010100.0,2022-11-02 21:15:00
12.787693151183532,12.929834803345504,13.151032299721168,16011000.0,2022-11-02 21:30:00
12.788015878431462,12.930709903694945,13.149401221426242,16011900.0,2022-11-02 21:45:00
12.787707055817933,12.929126382905178,13.14782472700266,16012800.0,2022-11-02 22:00:00
12.782792743122808,12.92537770044154,13.146041439503383,16013700.0,2022-11-02 22:15:00
12.777174480853429,12.922602322070633,13.144098427318292,16014600.0,2022-11-02 22:30:00
12.770665563529636,12.920254649101066,13.142132128765194,16015500.0,2022-11-02 22:45:00
12.762494604065454,12.914260879345882,13.139703509680766,16016400.0,2022-11-02 23:00:00
12.754313513819412,12.911463683443918,13.137209828001785,16017300.0,2022-11-02 23:15:00
12.744957198188548,12.903992667610284,13.134177057670048,16018200.0,2022-11-02 23:30:00
12.736634971695116,12.900062127735245,13.130897813874022,16019100.0,2022-11-02 23:45:00
12.728508747226131,12.8938861746506,13.127374346516408,16020000.0,2022-11-03 00:00:00
12.718843336519235,12.887698799454167,13.123592295793948,16020900.0,2022-11-03 00:15:00
12.71509108204178,12.881052174658702,13.119637173322715,16021800.0,2022-11-03 00:30:00
12.707633147697107,12.876034384969657,13.115610794540764,16022700.0,2022-11-03 00:45:00
12.704178274584637,12.870748418704927,13.111578983187394,16023600.0,2022-11-03 01:00:00
12.698515493361477,12.866468008108503,13.10759669747132,16024500.0,2022-11-03 01:15:00
12.692446174825186,12.861013534003876,13.103679044419424,16025400.0,2022-11-03 01:30:00
12.691947686728748,12.857086378425794,13.099859702371946,16026300.0,2022-11-03 01:45:00
12.693391941106968,12.853610845183756,13.096256815384992,16027200.0,2022-11-03 02:00:00
12.689176462992632,12.851884541310696,13.092968014035916,16028100.0,2022-11-03 02:15:00
12.687550535970306,12.847726888559572,13.08968292940778,16029000.0,2022-11-03 02:30:00
12.685686821242951,12.845294464295796,13.086671206123423,16029900.0,2022-11-03 02:45:00
12.684173923581897,12.841022152748868,13.083645403567887,16030800.0,2022-11-03 03:00:00
12.677244084774983,12.83919734183742,13.080765030341436,16031700.0,2022-11-03 03:15:00
12.670327978099367,12.835260419179766,13.077784619596104,16032600.0,2022-11-03 03:30:00
12.662471988192818,12.830177375622872,13.074605805922811,16033500.0,2022-11-03 03:45:00
12.659372767689367,12.826955032588009,13.07137396980705,16034400.0,2022-11-03 04:00:00
12.664254562652015,12.824312401460425,13.068204641367844,16035300.0,2022-11-03 04:15:00
12.672572770439922,12.824304016556798,13.065576374857317,16036200.0,2022-11-03 04:30:00
12.680758588747018,12.823903984868046,13.063372135887024,16037100.0,2022-11-03 04:45:00
12.68691843238736,12.826297642798783,13.061775577285788,16038000.0,2022-11-03 05:00:00
12.697370874255244,12.83014745643074,13.060865056228248,16038900.0,2022-11-03 05:15:00
12.71413451367393,12.835013366447768,13.060724673430265,16039800.0,2022-11-03 05:30:00
12.733514120403822,12.84341062937705,13.061565078146169,16040700.0,2022-11-03 05:45:00
12.759898311598304,12.853089686888868,13.063407730098506,16041600.0,2022-11-03 06:00:00
12.791576217827735,12.866719890223807,13.06669241920026,16042500.0,2022-11-03 06:15:00
12.831159566990326,12.885788583408868,13.071751676199208,16043400.0,2022-11-03 06:30:00
12.875983020942185,12.905726181495767,13.078496945387126,16044300.0,2022-11-03 06:45:00
12.91816768056974,12.929249979914076,13.087119435280544,16045200.0,2022-11-03 07:00:00
12.954978386252192,12.954175812742053,13.097404320707762,16046100.0,2022-11-03 07:15:00
12.986157314272685,12.9789992777109,13.109001269817922,16047000.0,2022-11-03 07:30:00
13.004171537497118,13.000139802338396,13.121174811471828,16047900.0,2022-11-03 07:45:00
13.0097586373856,13.017057782563594,13.133112821556225,16048800.0,2022-11-03 08:00:00
13.005965868620374,13.031572779832704,13.144365114275963,16049700.0,2022-11-03 08:15:00
12.99248536806708,13.03767846958046,13.153934213304382,16050600.0,2022-11-03 08:30:00
12.986757015976792,13.042184884647597,13.161684058289554,16051500.0,2022-11-03 08:45:00
12.985433037261496,13.04448071458736,13.167899849336804,16052400.0,2022-11-03 09:00:00
12.978930271100802,13.0490349559934,13.173238633269566,16053300.0,2022-11-03 09:15:00
12.962338181113209,13.048174089655674,13.177209161952977,16054200.0,2022-11-03 09:30:00
12.948994105476352,13.041747963271533,13.179409263074492,16055100.0,2022-11-03 09:45:00
12.944315789747064,13.041015550640642,13.180845891826069,16056000.0,2022-11-03 10:00:00
12.943495999170214,13.037986343241126,13.181638142729929,16056900.0,2022-11-03 10:15:00
12.937964295312357,13.035429188964407,13.18188885527298,16057800.0,2022-11-03 10:30:00
12.924981121686058,13.031364866340592,13.181608013104244,16058700.0,2022-11-03 10:45:00
12.898878759034297,13.02333159093598,13.180345507350848,16059600.0,2022-11-03 11:00:00
12.873633839760268,13.01216862542728,13.17786816855082,16060500.0,2022-11-03 11:15:00
12.847577103724806,12.999801663541447,13.174162114216069,16061400.0,2022-11-03 11:30:00
12.822334805685424,12.986657340485186,13.169427082205017,16062300.0,2022-11-03 11:45:00
12.79757854927507,12.970895843861673,13.163523981786357,16063200.0,2022-11-03 12:00:00
12.763323714009116,12.953954089560565,13.156437472118464,16064100.0,2022-11-03 12:15:00
12.760002041668947,12.937138099062745,13.148578687694606,16065000.0,2022-11-03 12:30:00
12.685085120036142,12.915084063278195,13.139480287318696,16065900.0,2022-11-03 12:45:00
12.656553190433511,12.891185653327948,13.128800371835544,16066800.0,2022-11-03 13:00:00
12.630367388137277,12.868569158556538,13.1170611765155,16067700.0,2022-11-03 13:15:00
12.602475850678823,12.845427385134878,13.104524980189105,16068600.0,2022-11-03 13:30:00
12.570755280068374,12.820417483585576,13.09117589810828,16069500.0,2022-11-03 13:45:00
12.538670725502843,12.79796889597834,13.077516782062249,16070400.0,2022-11-03 14:00:00
12.505784658777396,12.77253845302922,13.063355577365645,16071300.0,2022-11-03 14:15:00
12.469735169129402,12.747585596328808,13.04870056088084,16072200.0,2022-11-03 14:30:00
12.434075914108467,12.721061661208164,13.033490686890357,16073100.0,2022-11-03 14:45:00
12.4014066459049,12.695750641355888,13.017934267811036,16074000.0,2022-11-03 15:00:00
12.365928707845956,12.66912196320508,13.001951872118417,16074900.0,2022-11-03 15:15:00
12.336731196363877,12.643600107450627,12.985789340163572,16075800.0,2022-11-03 15:30:00
12.301558681204618,12.617545189629125,12.969355468391957,16076700.0,2022-11-03 15:45:00
12.288540941025252,12.595001702558893,12.952968894045538,16077600.0,2022-11-03 16:00:00
12.246389163179744,12.570581297661176,12.936646926480211,16078500.0,2022-11-03 16:15:00
12.230998301269825,12.546885212904211,12.920373694926369,16079400.0,2022-11-03 16:30:00
12.19052794941139,12.522403899988912,12.904026614977484,16080300.0,2022-11-03 16:45:00
12.159499821504484,12.498114305453209,12.887403476823833,16081200.0,2022-11-03 17:00:00
12.123938706296846,12.471028493318652,12.870431482879056,16082100.0,2022-11-03 17:15:00
12.09512990985244,12.447158947556783,12.853237592593484,16083000.0,2022-11-03 17:30:00
12.04365964702944,12.41797214303798,12.83546441141826,16083900.0,2022-11-03 17:45:00
11.992730451026832,12.385626341327304,12.816704159270028,16084800.0,2022-11-03 18:00:00
11.962739710669643,12.357086333740632,12.79735643243351,16085700.0,2022-11-03 18:15:00
11.923170359849424,12.325004410494143,12.777351438056996,16086600.0,2022-11-03 18:30:00
11.886506088365993,12.2948826064245,12.756894857829248,16087500.0,2022-11-03 18:45:00
11.850477399097093,12.263751589550631,12.736151230975366,16088400.0,2022-11-03 19:00:00
11.819463802274209,12.23543472019376,12.715400519367025,16089300.0,2022-11-03 19:15:00
11.7967193834034,12.209432627173992,12.694939367347462,16090200.0,2022-11-03 19:30:00
11.771280506197517,12.182061807153046,12.674722451264197,16091100.0,2022-11-03 19:45:00
11.750072073516453,12.158567097514176,12.655016563437412,16092000.0,2022-11-03 20:00:00
11.728880933573976,12.135834288944856,12.635874908834923,16092900.0,2022-11-03 20:15:00
11.707572350793605,12.112928411500462,12.617361265040511,16093800.0,2022-11-03 20:30:00
11.692275998419644,12.094135157992362,12.599533652101412,16094700.0,2022-11-03 20:45:00
11.667140479129058,12.074150407646046,12.582288232569882,16095600.0,2022-11-03 21:00:00
11.64234026829677,12.05328421622011,12.565245667627345,16096500.0,2022-11-03 21:15:00
11.618334565564538,12.031827124681648,12.548237027159267,16097400.0,2022-11-03 21:30:00
11.595657378134872,12.012253270333945,12.531327770424726,16098300.0,2022-11-03 21:45:00
11.574292511205034,11.991046730807906,12.514464776052831,16099200.0,2022-11-03 22:00:00
11.558597930384078,11.971317436977808,12.497771299326226,16100100.0,2022-11-03 22:15:00
11.538062224594166,11.952675365971768,12.481333889858158,16101000.0,2022-11-03 22:30:00
11.51108737884448,11.933594679516114,12.465091712274411,16101900.0,2022-11-03 22:45:00
11.492459186522217,11.914301293652624,12.448923480791777,16102800.0,2022-11-03 23:00:00
11.47169903276798,11.895485705095398,12.432789879370272,16103700.0,2022-11-03 23:15:00
11.453445980203576,11.87680325243812,12.416728011209488,16104600.0,2022-11-03 23:30:00
11.43433923565006,11.857741747496055,12.40078877041509,16105500.0,2022-11-03 23:45:00
11.41904002336536,11.840431450704545,12.38507306563613,16106400.0,2022-11-04 00:00:00
11.40662697982007,11.824428019907268,12.36970350807111,16107300.0,2022-11-04 00:15:00
11.399797217764725,11.810245727173506,12.35483477810834,16108200.0,2022-11-04 00:30:00
11.391529364149651,11.79707101790616,12.340633013284965,16109100.0,2022-11-04 00:45:00
11.376712638815818,11.782302451323204,12.326972932871444,16110000.0,2022-11-04 01:00:00
11.352348680559093,11.76830457254844,12.3135187250842,16110900.0,2022-11-04 01:15:00
11.321692800344914,11.751334034729558,12.299834335103403,16111800.0,2022-11-04 01:30:00
11.307355126745588,11.734049722873827,12.285850311095714,16112700.0,2022-11-04 01:45:00
11.297466574112017,11.718000546145474,12.271821137896309,16113600.0,2022-11-04 02:00:00
11.28647784879397,11.704366693194752,12.258133090909178,16114500.0,2022-11-04 02:15:00
11.282617656990404,11.692854428269085,12.244869910106432,16115400.0,2022-11-04 02:30:00
11.281545537112528,11.68168545368547,12.2321835093919,16116300.0,2022-11-04 02:45:00
11.299031444379882,11.676257020818,12.220492820270966,16117200.0,2022-11-04 03:00:00
11.31847440313561,11.674551556887748,12.210309350507362,16118100.0,2022-11-04 03:15:00
11.301749977721071,11.670566448477508,12.201151592841573,16119000.0,2022-11-04 03:30:00
11.31879979899628,11.669597632760324,12.19292589287662,16119900.0,2022-11-04 03:45:00
11.33813493430842,11.670033858368248,12.185732586068236,16120800.0,2022-11-04 04:00:00
11.368315222781233,11.6768818449098,12.180016471108551,16121700.0,2022-11-04 04:15:00
11.398262724727138,11.687126940064523,12.175850099924649,16122600.0,2022-11-04 04:30:00
11.434179282203743,11.69855247966074,12.17335263263294,16123500.0,2022-11-04 04:45:00
11.480296738147697,11.717040101730497,12.172830074194705,16124400.0,2022-11-04 05:00:00
11.528218583759656,11.73677630994426,12.174336501217535,16125300.0,2022-11-04 05:15:00
11.581106789020325,11.760099066323424,12.178075150183297,16126200.0,2022-11-04 05:30:00
11.63239308541355,11.788991638595226,12.18411705633858,16127100.0,2022-11-04 05:45:00
11.692663908445956,11.81819958978934,12.192337867979129,16128000.0,2022-11-04 06:00:00
11.736586382536268,11.850736796987274,12.20252921935452,16128900.0,2022-11-04 06:15:00
11.77208007387579,11.881002223371846,12.2141276613517,16129800.0,2022-11-04 06:30:00
11.817411959870787,11.909937490037278,12.226560649088052,16130700.0,2022-11-04 06:45:00
11.856724552057749,11.940953884842,12.239942636001553,16131600.0,2022-11-04 07:00:00
11.897439055804496,11.972485705328385,12.254103890575436,16132500.0,2022-11-04 07:15:00
11.940836289547528,12.000264545837462,12.26866751917458,16133400.0,2022-11-04 07:30:00
11.978031334829431,12.029654740054651,12.283684239320795,16134300.0,2022-11-04 07:45:00
11.996965137748552,12.056382495388227,12.298769568028623,16135200.0,2022-11-04 08:00:00
12.010031709386697,12.078480007512091,12.31332940551826,16136100.0,2022-11-04 08:15:00
12.017847360391354,12.095576402575029,12.326839327760684,16137000.0,2022-11-04 08:30:00
12.023918843046769,12.111669802205196,12.339281823588308,16137900.0,2022-11-04 08:45:00
12.028336117116195,12.1236495121533,12.350420386912417,16138800.0,2022-11-04 09:00:00
12.028565341259103,12.134837395110592,12.360303668216948,16139700.0,2022-11-04 09:15:00
12.02619951768483,12.142101406244036,12.368824365030129,16140600.0,2022-11-04 09:30:00
12.016673069905837,12.1470252222499,12.376007381325898,16141500.0,2022-11-04 09:45:00
12.007056258782592,12.14760198688782,12.381583952335902,16142400.0,2022-11-04 10:00:00
11.99404658813028,12.14664306629008,12.385690355633184,16143300.0,2022-11-04 10:15:00
11.97754014478862,12.145390567056232,12.388637463793932,16144200.0,2022-11-04 10:30:00
11.966142776390011,12.139808166121224,12.390127310428309,16145100.0,2022-11-04 10:45:00
11.946217635019329,12.131875950802565,12.390202815120649,16146000.0,2022-11-04 11:00:00
11.92368956628144,12.124568578734838,12.389101359709654,16146900.0,2022-11-04 11:15:00
11.8955523762896,12.11154314953976,12.386580945143784,16147800.0,2022-11-04 11:30:00
11.862328953703232,12.0978621508115,12.382651940004104,16148700.0,2022-11-04 11:45:00
11.830831110534236,12.080480136274698,12.377122487497791,16149600.0,2022-11-04 12:00:00
11.802367515881311,12.063238211719472,12.370385293591283,16150500.0,2022-11-04 12:15:00
11.759331959448051,12.041541353759987,12.36219553598194,16151400.0,2022-11-04 12:30:00
11.72206133559934,12.01955350154341,12.35265555591564,16152300.0,2022-11-04 12:45:00
11.683867973634133,11.99577755453402,12.341705563763744,16153200.0,2022-11-04 13:00:00
11.64601818000848,11.96863964090301,12.329495004015527,16154100.0,2022-11-04 13:15:00
11.611358065538314,11.942884821450123,12.316393832899234,16155000.0,2022-11-04 13:30:00
11.571835468451749,11.918397124430811,12.302533301425518,16155900.0,2022-11-04 13:45:00
11.534150765562291,11.891493946807516,12.287854575796146,16156800.0,2022-11-04 14:00:00
11.497710464247389,11.865057306791575,12.272483452106318,16157700.0,2022-11-04 14:15:00
11.459992479797725,11.8363549506442,12.25645970608055,16158600.0,2022-11-04 14:30:00
11.42766422459446,11.80793287771446,12.23985715808147,16159500.0,2022-11-04 14:45:00
11.405038155361162,11.783541810014087,12.22321354998485,16160400.0,2022-11-04 15:00:00
11.376722895185956,11.760295047912251,12.206621348569447,16161300.0,2022-11-04 15:15:00
11.351263027054427,11.735672687443946,12.190145920160331,16162200.0,2022-11-04 15:30:00
11.322740727347302,11.711999932730956,12.173782430717894,16163100.0,2022-11-04 15:45:00
11.29397051146254,11.688148306021626,12.15744585349421,16164000.0,2022-11-04 16:00:00
11.260368302772775,11.661885939611048,12.14095922036836,16164900.0,2022-11-04 16:15:00
11.23467654336725,11.640598295014216,12.12461886409992,16165800.0,2022-11-04 16:30:00
11.196128383653877,11.61584946302744,12.108120255121746,16166700.0,2022-11-04 16:45:00
11.169249475160075,11.590313305168753,12.09130459523502,16167600.0,2022-11-04 17:00:00
11.13987308622544,11.56677634694833,12.074421185126647,16168500.0,2022-11-04 17:15:00
11.109176205565875,11.542153001973324,12.057400369231813,16169400.0,2022-11-04 17:30:00
11.07241509737741,11.517345869003556,12.040092592295796,16170300.0,2022-11-04 17:45:00
10.996653865157436,11.484901308276656,12.021719172557756,16171200.0,2022-11-04 18:00:00
10.95956924613513,11.452349925415032,12.002119245462548,16172100.0,2022-11-04 18:15:00
10.92078866182653,11.420149326222038,11.981396230068848,16173000.0,2022-11-04 18:30:00
10.88585494499111,11.385604546891347,11.960169957347658,16173900.0,2022-11-04 18:45:00
10.862163740842984,11.357700836555482,11.938862959964732,16174800.0,2022-11-04 19:00:00
10.833085066042113,11.328891649378532,11.917951864510368,16175700.0,2022-11-04 19:15:00
10.806529099462688,11.304710583132302,11.897424028764704,16176600.0,2022-11-04 19:30:00
10.78561339473754,11.279834842788633,11.877334758295843,16177500.0,2022-11-04 19:45:00
10.795329912222812,11.259682120511505,11.858485365929017,16178400.0,2022-11-04 20:00:00
10.765033385078873,11.24219717815016,11.840659162764815,16179300.0,2022-11-04 20:15:00
10.743601195891568,11.222630147494264,11.823562386693638,16180200.0,2022-11-04 20:30:00
10.726568767679336,11.205457113506,11.806822850325704,16181100.0,2022-11-04 20:45:00
10.716572280744607,11.188822110553904,11.79052868781031,16182000.0,2022-11-04 21:00:00
10.697698297196222,11.169898072845438,11.774766327191944,16182900.0,2022-11-04 21:15:00
10.687326065570256,11.155521434055522,11.759479500150183,16183800.0,2022-11-04 21:30:00
10.666240936297685,11.139545572553356,11.74457279687814,16184700.0,2022-11-04 21:45:00
10.658348893296182,11.126276122752971,11.7298470451114,16185600.0,2022-11-04 22:00:00
10.633398907652706,11.10835576294927,11.715221380703545,16186500.0,2022-11-04 22:15:00
10.611723287020988,11.091377090618488,11.70055823653697,16187400.0,2022-11-04 22:30:00
10.588116142547944,11.073208548299284,11.685810110954392,16188300.0,2022-11-04 22:45:00
10.560161558931323,11.054802080690736,11.67076788047782,16189200.0,2022-11-04 23:00:00
10.539657243064871,11.03555485232279,11.655439141355764,16190100.0,2022-11-04 23:15:00
10.518517907485366,11.015530567116446,11.639882096307804,16191000.0,2022-11-04 23:30:00
10.506707782679094,10.99853880550342,11.624265705831489,16191900.0,2022-11-04 23:45:00
10.496860496856332,10.981855590016838,11.609038583794746,16192800.0,2022-11-05 00:00:00
10.490194089579974,10.9677406056476,11.594450151108372,16193700.0,2022-11-05 00:15:00
10.479565487647916,10.955729691270546,11.5804868349196,16194600.0,2022-11-05 00:30:00
10.4711380880578,10.943551208844454,11.567128100379485,16195500.0,2022-11-05 00:45:00
10.46897692288713,10.932105780826875,11.554470343193628,16196400.0,2022-11-05 01:00:00
10.467003618369503,10.924754664798456,11.542421031540052,16197300.0,2022-11-05 01:15:00
10.465456173433408,10.91682607442092,11.531022276407256,16198200.0,2022-11-05 01:30:00
10.470306034994806,10.91042263634126,11.52032138612788,16199100.0,2022-11-05 01:45:00
10.471508498715911,10.906593727978048,11.510210838303768,16200000.0,2022-11-05 02:00:00
10.486380709495426,10.903782277970215,11.500878643620892,16200900.0,2022-11-05 02:15:00
10.499537988834318,10.902938641889977,11.492548805320077,16201800.0,2022-11-05 02:30:00
10.513370077865089,10.902451424360192,11.485338084016854,16202700.0,2022-11-05 02:45:00
10.529779428295369,10.90627051289874,11.47918341231602,16203600.0,2022-11-05 03:00:00
10.549005486765669,10.912412055904946,11.474130540544651,16204500.0,2022-11-05 03:15:00
10.578966911059906,10.920775043950288,11.470377321038006,16205400.0,2022-11-05 03:30:00
10.608191641889675,10.932691979856331,11.467863411743537,16206300.0,2022-11-05 03:45:00
10.645662098154697,10.944417651759895,11.466767933230386,16207200.0,2022-11-05 04:00:00
10.688892376299403,10.961597531933007,11.4674085257277,16208100.0,2022-11-05 04:15:00
10.740032470297896,10.984632044720264,11.469946867530007,16209000.0,2022-11-05 04:30:00
10.795566149976162,11.00894397968421,11.474604961244712,16209900.0,2022-11-05 04:45:00
10.852449028986165,11.039659453286726,11.48147715865943,16210800.0,2022-11-05 05:00:00
10.895393467318431,11.068319210043184,11.49031675346978,16211700.0,2022-11-05 05:15:00
10.929105309701894,11.096697353632642,11.500418124473333,16212600.0,2022-11-05 05:30:00
10.964172606447184,11.125484033337647,11.511384855578443,16213500.0,2022-11-05 05:45:00
11.005396551494885,11.150715002616174,11.522894646897056,16214400.0,2022-11-05 06:00:00
11.04478775682816,11.177090557984402,11.534927848696434,16215300.0,2022-11-05 06:15:00
11.079878423477036,11.204437884870716,11.547605589432925,16216200.0,2022-11-05 06:30:00
11.114807084966428,11.232370724628549,11.560839420940558,16217100.0,2022-11-05 06:45:00
11.152788186390476,11.258715722326286,11.574422646095806,16218000.0,2022-11-05 07:00:00
11.186686890309188,11.285069884229983,11.588380202352742,16218900.0,2022-11-05 07:15:00
11.215925985340023,11.310695483027356,11.602503985804567,16219800.0,2022-11-05 07:30:00
11.24219227228066,11.335258206417253,11.616711045178766,16220700.0,2022-11-05 07:45:00
11.269911418837756,11.358740197351104,11.63086529946204,16221600.0,2022-11-05 08:00:00
11.3042283521896,11.38413365409372,11.645089182078026,16222500.0,2022-11-05 08:15:00
11.340971618205105,11.40800757687829,11.659348764403829,16223400.0,2022-11-05 08:30:00
11.373153986866429,11.43381209107573,11.673951886406565,16224300.0,2022-11-05 08:45:00
11.399727538069294,11.459332677046902,11.688943632050448,16225200.0,2022-11-05 09:00:00
11.42278517274208,11.481525491894432,11.703766203891885,16226100.0,2022-11-05 09:15:00
11.445754106455098,11.50280228218388,11.718337941149272,16227000.0,2022-11-05 09:30:00
11.467302709681992,11.525252177148078,11.732786230950692,16227900.0,2022-11-05 09:45:00
11.488406265104624,11.546218831101465,11.746982585827084,16228800.0,2022-11-05 10:00:00
11.507921125913295,11.563096193178868,11.760541343340616,16229700.0,2022-11-05 10:15:00
11.528916250355003,11.581673747418856,11.773835782851014,16230600.0,2022-11-05 10:30:00
11.551835544353867,11.601477688135192,11.787001545433386,16231500.0,2022-11-05 10:45:00
11.572677347894256,11.619575910550116,11.799963649539905,16232400.0,2022-11-05 11:00:00
11.591807312073612,11.637513022639704,11.812808846660378,16233300.0,2022-11-05 11:15:00
11.60702442284598,11.653531306188954,11.825384321219827,16234200.0,2022-11-05 11:30:00
11.620722960837828,11.6706651941284,11.8377246696132,16235100.0,2022-11-05 11:45:00
11.63191334929336,11.684715283680092,11.849663367822847,16236000.0,2022-11-05 12:00:00
11.643144584918607,11.698245815680185,11.861115056643705,16236900.0,2022-11-05 12:15:00
11.652189181815755,11.709245271053105,11.871947486422654,16237800.0,2022-11-05 12:30:00
11.660074814919357,11.722446824623264,11.88234424070798,16238700.0,2022-11-05 12:45:00
11.667883985057948,11.732017838929076,11.892137474125509,16239600.0,2022-11-05 13:00:00
11.673386273374753,11.741530984429712,11.901346812778913,16240500.0,2022-11-05 13:15:00
11.676725731949237,11.749284879072333,11.909959617467884,16241400.0,2022-11-05 13:30:00
11.67800701784656,11.75509747342368,11.91773341089652,16242300.0,2022-11-05 13:45:00
11.680355777643262,11.761499217664651,11.924981026312924,16243200.0,2022-11-05 14:00:00
11.680974129575867,11.767813852661012,11.9317951659573,16244100.0,2022-11-05 14:15:00
11.679133232901991,11.77075390229051,11.937949017957358,16245000.0,2022-11-05 14:30:00
11.67855328353854,11.774784896096532,11.943581529747712,16245900.0,2022-11-05 14:45:00
11.67400704519215,11.776377273806286,11.94846017460964,16246800.0,2022-11-05 15:00:00
11.670414846188043,11.77819497923002,11.952841718491063,16247700.0,2022-11-05 15:15:00
11.665443616819145,11.777275417262707,11.956526995659337,16248600.0,2022-11-05 15:30:00
11.660825216518928,11.777213852919592,11.959628403371465,16249500.0,2022-11-05 15:45:00
11.65425524712474,11.7762147801003,11.962093625723762,16250400.0,2022-11-05 16:00:00
11.648185880889075,11.773361315635713,11.96398199456604,16251300.0,2022-11-05 16:15:00
11.643044058771835,11.774211020458749,11.965760029045583,16252200.0,2022-11-05 16:30:00
11.639393107831518,11.7707334518944,11.9669821077347,16253100.0,2022-11-05 16:45:00
11.63759235367594,11.770051836317371,11.967963685522244,16254000.0,2022-11-05 17:00:00
11.636585851950883,11.769638212182418,11.968857847162184,16254900.0,2022-11-05 17:15:00
11.636087378973771,11.767333534479995,11.9695269213086,16255800.0,2022-11-05 17:30:00
11.636170496502723,11.767048646051222,11.970227185506776,16256700.0,2022-11-05 17:45:00
11.638689497272235,11.766628102643164,11.971093907072715,16257600.0,2022-11-05 18:00:00
11.637309398830917,11.767769727877312,11.97221885968536,16258500.0,2022-11-05 18:15:00
11.63704863987004,11.767341468315172,11.97323180070833,16259400.0,2022-11-05 18:30:00
11.639192923580758,11.769448971022468,11.974460539622823,16260300.0,2022-11-05 18:45:00
11.63898672117998,11.768963538375283,11.975613081148454,16261200.0,2022-11-05 19:00:00
11.63737271582613,11.76955734116902,11.976664190216288,16262100.0,2022-11-05 19:15:00
11.638976612793774,11.769679907599826,11.977652974165151,16263000.0,2022-11-05 19:30:00
11.639976764613053,11.770216806316132,11.978589157655028,16263900.0,2022-11-05 19:45:00
11.641939647037312,11.771496753165057,11.979633436825084,16264800.0,2022-11-05 20:00:00
11.643228891730976,11.773819185553554,11.980828533490772,16265700.0,2022-11-05 20:15:00
11.644526743832472,11.772463502936851,11.981846685512997,16266600.0,2022-11-05 20:30:00
11.6484845062603,11.774280063010432,11.982946871792896,16267500.0,2022-11-05 20:45:00
11.651774962936472,11.77774368561028,11.98440627279914,16268400.0,2022-11-05 21:00:00
11.65369072162262,11.779472101009102,11.985868964765285,16269300.0,2022-11-05 21:15:00
11.654685689390565,11.780586737861956,11.987243551112424,16270200.0,2022-11-05 21:30:00
11.66047471844298,11.783991642771614,11.988861926989864,16271100.0,2022-11-05 21:45:00
11.665264498433118,11.786599251012232,11.990526791016451,16272000.0,2022-11-05 22:00:00
11.66820886292052,11.788521255184982,11.992173531254648,16272900.0,2022-11-05 22:15:00
11.6730397627846,11.79137523876332,11.993992590878994,16273800.0,2022-11-05 22:30:00
11.67697665481467,11.794073390491976,11.99584229122428,16274700.0,2022-11-05 22:45:00
11.680147026798046,11.797394342722852,11.997798991299724,16275600.0,2022-11-05 23:00:00
11.680408880366189,11.79960316845856,11.99966468603766,16276500.0,2022-11-05 23:15:00
11.685335599532849,11.803692834202856,12.00173770142597,16277400.0,2022-11-05 23:30:00
11.68818311764472,11.80581367852608,12.003774048098045,16278300.0,2022-11-05 23:45:00
11.689362375827676,11.807881466371096,12.005634432607067,16279200.0,2022-11-06 00:00:00
11.691580377071572,11.81115728053012,12.007587862188176,16280100.0,2022-11-06 00:15:00
11.694302744555888,11.812891830086134,12.009449768441897,16281000.0,2022-11-06 00:30:00
11.698062493757886,11.814742237010714,12.01113342996904,16281900.0,2022-11-06 00:45:00
11.700832978819014,11.81578393891164,12.012738600571362,16282800.0,2022-11-06 01:00:00
11.705809206307858,11.819055532276575,12.014505241787262,16283700.0,2022-11-06 01:15:00
11.704907780999326,11.823642777312704,12.016473136778934,16284600.0,2022-11-06 01:30:00
11.711796029539803,11.825718816238592,12.018450689457072,16285500.0,2022-11-06 01:45:00
11.717133588556038,11.826093781590409,12.02020068899538,16286400.0,2022-11-06 02:00:00
11.714361555341922,11.828766676122529,12.021907980691855,16287300.0,2022-11-06 02:15:00
11.722356495121533,11.831685254244489,12.023783577551136,16288200.0,2022-11-06 02:30:00
11.72065402886683,11.835882512783405,12.025896517459636,16289100.0,2022-11-06 02:45:00
11.72407377453448,11.837956116483731,12.027864137135124,16290000.0,2022-11-06 03:00:00
11.729087589353954,11.841789562053568,12.029957864920794,16290900.0,2022-11-06 03:15:00
11.735272731313614,11.843135346897707,12.031910102037232,16291800.0,2022-11-06 03:30:00
11.740731203650396,11.848210285745076,12.034026874121714,16292700.0,2022-11-06 03:45:00
11.747112384148004,11.850891453571588,12.036225334796438,16293600.0,2022-11-06 04:00:00
11.757641932669332,11.855869995622808,12.038686916507832,16294500.0,2022-11-06 04:15:00
11.773776015203945,11.86290808062716,12.041562173810698,16295400.0,2022-11-06 04:30:00
11.797883097980804,11.874760508697577,12.045488866463412,16296300.0,2022-11-06 04:45:00
11.831842029660908,11.884186799434657,12.050118036775396,16297200.0,2022-11-06 05:00:00
11.862067742131392,11.90216132930258,12.056338647230042,16298100.0,2022-11-06 05:15:00
11.88618111280572,11.919917454745196,12.063930681329117,16299000.0,2022-11-06 05:30:00
11.914158708629156,11.936893142216205,12.072510556228966,16299900.0,2022-11-06 05:45:00
11.952838892978209,11.95454469137265,12.081836500263448,16300800.0,2022-11-06 06:00:00
12.000639519465398,11.981148575382258,12.092900646622674,16301700.0,2022-11-06 06:15:00
12.049320685147904,12.0095312018616,12.105866994101955,16302600.0,2022-11-06 06:30:00
12.078508968986467,12.036468971217124,12.120209769117784,16303500.0,2022-11-06 06:45:00
12.100805095231614,12.058902314945852,12.134943024861029,16304400.0,2022-11-06 07:00:00
12.127482118732267,12.081621621613792,12.149818675220573,16305300.0,2022-11-06 07:15:00
12.150211944919562,12.105528217158252,12.164922794698024,16306200.0,2022-11-06 07:30:00
12.172019491792922,12.126135572112965,12.179905692529427,16307100.0,2022-11-06 07:45:00
12.204045136331253,12.149101932380209,12.194981215454224,16308000.0,2022-11-06 08:00:00
12.240814537274447,12.172831556864049,12.210323260135066,16308900.0,2022-11-06 08:15:00
12.25795210853563,12.19721505295977,12.226147075071008,16309800.0,2022-11-06 08:30:00
12.274487452592924,12.21885375504534,12.242011124026549,16310700.0,2022-11-06 08:45:00
12.290002477138213,12.234595128451785,12.25695468803604,16311600.0,2022-11-06 09:00:00
12.303008645998704,12.25293251512932,12.271429509539594,16312500.0,2022-11-06 09:15:00
12.317222742917984,12.265745100744317,12.284801383209702,16313400.0,2022-11-06 09:30:00
12.328276633019293,12.28183427598915,12.29772803478955,16314300.0,2022-11-06 09:45:00
12.335292366646588,12.29697899478144,12.310459923286803,16315200.0,2022-11-06 10:00:00
12.338709106339202,12.307558980016916,12.322283609502334,16316100.0,2022-11-06 10:15:00
12.341374391969424,12.317625491735503,12.333267330836854,16317000.0,2022-11-06 10:30:00
12.337509438468627,12.325210530720696,12.343365271641344,16317900.0,2022-11-06 10:45:00
12.329325834034291,12.328780394854771,12.3520622167354,16318800.0,2022-11-06 11:00:00
12.315729496217989,12.330489173529916,12.359398432480452,16319700.0,2022-11-06 11:15:00
12.298397340542946,12.326726858956867,12.364989859478232,16320600.0,2022-11-06 11:30:00
12.281912721882993,12.32570445804277,12.369473622211176,16321500.0,2022-11-06 11:45:00
12.26187591749098,12.31617298556916,12.371999205283872,16322400.0,2022-11-06 12:00:00
12.244953033579913,12.31074696941764,12.373428905864374,16323300.0,2022-11-06 12:15:00
12.227962576021168,12.305773828948263,12.374357502230565,16324200.0,2022-11-06 12:30:00
12.209392660337514,12.292789788225845,12.373706947601208,16325100.0,2022-11-06 12:45:00
12.193238287576031,12.284616294029725,12.372254572400248,16326000.0,2022-11-06 13:00:00
12.174602507016829,12.269493221540074,12.369424501433882,16326900.0,2022-11-06 13:15:00
12.157737844574196,12.260891274730728,12.366226126964987,16327800.0,2022-11-06 13:30:00
12.140039960020934,12.25021664431473,12.362678121968155,16328700.0,2022-11-06 13:45:00
12.117550621676068,12.236500145259052,12.358389303632224,16329600.0,2022-11-06 14:00:00
12.094769062997887,12.221108133717824,12.353319698495907,16330500.0,2022-11-06 14:15:00
12.066041397632844,12.205634895977353,12.347524830515772,16331400.0,2022-11-06 14:30:00
12.045674696485968,12.19418509065196,12.341628324099998,16332300.0,2022-11-06 14:45:00
12.028289128585648,12.180027045359072,12.335374965642574,16333200.0,2022-11-06 15:00:00
12.01469304608281,12.165630730806315,12.328613770582104,16334100.0,2022-11-06 15:15:00
12.003522428975243,12.153690284017925,12.321886122619064,16335000.0,2022-11-06 15:30:00
11.984705123570915,12.142866423046856,12.3153861282733,16335900.0,2022-11-06 15:45:00
11.96927682712112,12.129439972157764,12.308681552025217,16336800.0,2022-11-06 16:00:00
11.96761555758227,12.118211339927589,12.301923688095348,16337700.0,2022-11-06 16:15:00
11.958156045475477,12.10909928076312,12.295443705172476,16338600.0,2022-11-06 16:30:00
11.946276196562971,12.103341193723043,12.28977177458684,16339500.0,2022-11-06 16:45:00
11.936036074436556,12.090463014970643,12.283879202135564,16340400.0,2022-11-06 17:00:00
11.925233669067298,12.084696163292335,12.278398106456068,16341300.0,2022-11-06 17:15:00
11.914481513142356,12.073422114084655,12.272595635919892,16342200.0,2022-11-06 17:30:00
11.90883340338349,12.063855702950834,12.266740869764934,16343100.0,2022-11-06 17:45:00
11.903831398572516,12.061405229338524,12.261727045287127,16344000.0,2022-11-06 18:00:00
11.899989203790764,12.054407370490113,12.256948578071109,16344900.0,2022-11-06 18:15:00
11.892336143169734,12.048040482787592,12.25220786174331,16345800.0,2022-11-06 18:30:00
11.893797300690608,12.027908347901189,12.246277810816926,16346700.0,2022-11-06 18:45:00
11.898125599193929,12.03175045097182,12.241837804472285,16347600.0,2022-11-06 19:00:00
11.896272868286404,12.030883142132554,12.238520036746264,16348500.0,2022-11-06 19:15:00
11.897273116582936,12.026680434411494,12.23565713122824,16349400.0,2022-11-06 19:30:00
11.89577699563506,12.029861982686558,12.233721365165447,16350300.0,2022-11-06 19:45:00
11.890108658214668,12.028742782812577,12.232165816770046,16351200.0,2022-11-06 20:00:00
11.880883898559835,12.030795492007831,12.23096506302068,16352100.0,2022-11-06 20:15:00
11.870924600341285,12.022648752732987,12.228959727602597,16353000.0,2022-11-06 20:30:00
11.85987313089074,12.018127930244765,12.226400247942673,16353900.0,2022-11-06 20:45:00
11.848694820735506,12.010202926459966,12.22317190323154,16354800.0,2022-11-06 21:00:00
11.841896508742977,12.00541775331314,12.21965107761948,16355700.0,2022-11-06 21:15:00
11.835030763819631,12.00917998921267,12.216858685944583,16356600.0,2022-11-06 21:30:00
11.830624231212829,11.99815893696516,12.213145766140382,16357500.0,2022-11-06 21:45:00
11.830618198521394,11.994161106393214,12.209220781570531,16358400.0,2022-11-06 22:00:00
11.82742595080802,11.988911435707092,12.205152103371072,16359300.0,2022-11-06 22:15:00
11.828026427319324,11.981083255135838,12.200679331765205,16360200.0,2022-11-06 22:30:00
11.829718000635031,11.981253998539453,12.196867537591029,16361100.0,2022-11-06 22:45:00
11.826230733619592,11.980097350196134,12.193582216850336,16362000.0,2022-11-06 23:00:00
11.828316559153889,11.972814095361684,12.189948305232033,16362900.0,2022-11-06 23:15:00
11.835347041388165,11.982509620912396,12.187804260438597,16363800.0,2022-11-06 23:30:00
11.839376506929357,11.973961974152123,12.185213361766912,16364700.0,2022-11-06 23:45:00
11.842526336911115,11.971960548683803,12.182563586425053,16365600.0,2022-11-07 00:00:00
11.840947432668251,11.966465870579867,12.179839365945195,16366500.0,2022-11-07 00:15:00
11.843655114296192,11.977825333080098,12.17875814239029,16367400.0,2022-11-07 00:30:00
11.839202705816025,11.972072517145763,12.177449923945208,16368300.0,2022-11-07 00:45:00
11.840856694581497,11.965816284729032,12.175488817867306,16369200.0,2022-11-07 01:00:00
11.845362935179406,11.968028814083649,12.174011113050398,16370100.0,2022-11-07 01:15:00
11.84840007605304,11.969830886522422,12.173042284804549,16371000.0,2022-11-07 01:30:00
11.854462669327454,11.969636139005813,12.172313568918314,16371900.0,2022-11-07 01:45:00
11.86208469030744,11.97593002419062,12.172514268949708,16372800.0,2022-11-07 02:00:00
11.872670099239487,11.977614712854772,12.172959936684942,16373700.0,2022-11-07 02:15:00
11.888198989034167,11.988682781342828,12.17446616534985,16374600.0,2022-11-07 02:30:00
11.902395712680796,11.99139486289147,12.176218223798449,16375500.0,2022-11-07 02:45:00
11.919863790281385,11.998901462436114,12.178538969069988,16376400.0,2022-11-07 03:00:00
11.939974961532316,12.007911661950798,12.181530929395224,16377300.0,2022-11-07 03:15:00
11.965995509690396,12.024950226857024,12.186141996097106,16378200.0,2022-11-07 03:30:00
11.993097191238371,12.032062498622045,12.191117012857406,16379100.0,2022-11-07 03:45:00
12.024573622218076,12.048388994439842,12.197289278991654,16380000.0,2022-11-07 04:00:00
12.065654531842114,12.076668706657593,12.206048429146962,16380900.0,2022-11-07 04:15:00
12.103052798144024,12.098043242278498,12.216242565606295,16381800.0,2022-11-07 04:30:00
12.141194931168863,12.12145778752352,12.227593723336009,16382700.0,2022-11-07 04:45:00
12.180470117414446,12.147138898358545,12.240134688998095,16383600.0,2022-11-07 05:00:00
12.213201326806328,12.171255746124896,12.253577045139414,16384500.0,2022-11-07 05:15:00
12.244948421873724,12.204596392911837,12.268878827000032,16385400.0,2022-11-07 05:30:00
12.271907391596397,12.222210275620068,12.283664898526146,16386300.0,2022-11-07 05:45:00
12.3049609935851,12.25240877823028,12.299470859393738,16387200.0,2022-11-07 06:00:00
12.34553195861128,12.271736209826663,12.314791717651676,16388100.0,2022-11-07 06:15:00
12.400889256212732,12.302761336006876,12.331139655534662,16389000.0,2022-11-07 06:30:00
12.449877378057398,12.342598674359833,12.349921271703572,16389900.0,2022-11-07 06:45:00
12.492742435218792,12.374039156079284,12.369693622957886,16390800.0,2022-11-07 07:00:00
12.542078169875364,12.410218228007952,12.390640805758771,16391700.0,2022-11-07 07:15:00
12.580630828800938,12.44524344229681,12.412457459511415,16392600.0,2022-11-07 07:30:00
12.626623012770471,12.475937558964011,12.434229587820026,16393500.0,2022-11-07 07:45:00
12.657503972524449,12.510348019007878,12.456381801068355,16394400.0,2022-11-07 08:00:00
12.691356951133626,12.542677449825778,12.478832503437156,16395300.0,2022-11-07 08:15:00
12.715733292070604,12.574038370340848,12.50131793739538,16396200.0,2022-11-07 08:30:00
12.741977555750044,12.598876650557369,12.522716521088489,16397100.0,2022-11-07 08:45:00
12.772798296174091,12.635343836919152,12.545257213505998,16398000.0,2022-11-07 09:00:00
12.792862080553103,12.651306888602724,12.565368688562073,16398900.0,2022-11-07 09:15:00
12.811686451768772,12.672517555373384,12.584246134876,16399800.0,2022-11-07 09:30:00
12.8256812915849,12.702612372784747,12.603948706137656,16400700.0,2022-11-07 09:45:00
12.827839665602069,12.716593197392228,12.621896161984408,16401600.0,2022-11-07 10:00:00
12.831569861267273,12.730224843740436,12.638126597902964,16402500.0,2022-11-07 10:15:00
12.829631613194188,12.7408754862917,12.652768462326344,16403400.0,2022-11-07 10:30:00
12.825906422740886,12.751061681514315,12.666119412479643,16404300.0,2022-11-07 10:45:00
12.824675771971387,12.751685505201364,12.676765065794324,16405200.0,2022-11-07 11:00:00
12.818401430588567,12.76190571243514,12.686984140555335,16406100.0,2022-11-07 11:15:00
12.80240697449894,12.762613603282784,12.69570146050186,16407000.0,2022-11-07 11:30:00
12.786293023695777,12.75635060193745,12.701919182941356,16407900.0,2022-11-07 11:45:00
12.769972526588482,12.755043560222886,12.706982139260308,16408800.0,2022-11-07 12:00:00
12.75219025523936,12.74797220799123,12.71037835430088,16409700.0,2022-11-07 12:15:00
12.736358067750936,12.744285046119902,12.712903675850027,16410600.0,2022-11-07 12:30:00
12.716050293818595,12.736184920896246,12.71426980553505,16411500.0,2022-11-07 12:45:00
12.694666182570447,12.721500286873086,12.713548561552868,16412400.0,2022-11-07 13:00:00
12.672470370861548,12.708960238225115,12.711433996983402,16413300.0,2022-11-07 13:15:00
12.646644686195565,12.696440379314518,12.70848941540928,16414200.0,2022-11-07 13:30:00
12.62092736991764,12.680674307878926,12.704351550193463,16415100.0,2022-11-07 13:45:00
12.597978157365452,12.66882285731876,12.699860845427883,16416000.0,2022-11-07 14:00:00
12.575740798042832,12.652538150215646,12.69449820484046,16416900.0,2022-11-07 14:15:00
12.554316106044062,12.638363200372805,12.688721743023068,16417800.0,2022-11-07 14:30:00
12.537779391566977,12.62311953953058,12.6824423851132,16418700.0,2022-11-07 14:45:00
12.521289099152646,12.610960047245904,12.676152851291883,16419600.0,2022-11-07 15:00:00
12.502226032556536,12.59562397796184,12.669363597987696,16420500.0,2022-11-07 15:15:00
12.483718657961548,12.582423538382455,12.662568955688826,16421400.0,2022-11-07 15:30:00
12.459360937977452,12.562164933808033,12.654713377288834,16422300.0,2022-11-07 15:45:00
12.442241042555382,12.550749668072324,12.647008829128993,16423200.0,2022-11-07 16:00:00
12.41930480047436,12.533673647320777,12.638920308367991,16424100.0,2022-11-07 16:15:00
12.401720126084188,12.520759109564016,12.63097767203803,16425000.0,2022-11-07 16:30:00
12.383081926642127,12.502948560820125,12.622459187648074,16425900.0,2022-11-07 16:45:00
12.362792900847849,12.488195126238184,12.61388209879142,16426800.0,2022-11-07 17:00:00
12.342145161816626,12.473175845500124,12.605192449048122,16427700.0,2022-11-07 17:15:00
12.322745358982305,12.460085304858747,12.596692018381908,16428600.0,2022-11-07 17:30:00
12.303128475598593,12.441945314782568,12.587638780408868,16429500.0,2022-11-07 17:45:00
12.28975705244108,12.431566360867272,12.57903975577646,16430400.0,2022-11-07 18:00:00
12.273220220816745,12.411135205337676,12.569671986405291,16431300.0,2022-11-07 18:15:00
12.26145282011632,12.398378061710885,12.560462525691138,16432200.0,2022-11-07 18:30:00
12.24527518122934,12.387245809804517,12.551698091029373,16433100.0,2022-11-07 18:45:00
12.231871584879336,12.37421653899964,12.543196230268158,16434000.0,2022-11-07 19:00:00
12.22483143222452,12.365849126143804,12.535387299676051,16434900.0,2022-11-07 19:15:00
12.2207761840975,12.35550038944085,12.527868891638532,16435800.0,2022-11-07 19:30:00
12.21555298094734,12.350986313264372,12.521140860000994,16436700.0,2022-11-07 19:45:00
12.207555996192465,12.339418028767208,12.514394167738146,16437600.0,2022-11-07 20:00:00
12.194134735941434,12.32902620918344,12.507616060563423,16438500.0,2022-11-07 20:15:00
12.19073690831724,12.322826125824578,12.501255685824908,16439400.0,2022-11-07 20:30:00
12.183018707152913,12.311819526397851,12.494734995409496,16440300.0,2022-11-07 20:45:00
12.176572863319407,12.310656073827635,12.489302145044316,16441200.0,2022-11-07 21:00:00
12.166558080208194,12.299527228165406,12.483628384089943,16442100.0,2022-11-07 21:15:00
12.156526315597532,12.293978689197925,12.478137121495974,16443000.0,2022-11-07 21:30:00
12.149872160499996,12.28585032856955,12.47264487554568,16443900.0,2022-11-07 21:45:00
12.145733443627664,12.279904057045837,12.467314935516455,16444800.0,2022-11-07 22:00:00
12.14051141572608,12.277546770104845,12.462544180064214,16445700.0,2022-11-07 22:15:00
12.136857491699676,12.267246047662468,12.457354063609133,16446600.0,2022-11-07 22:30:00
12.131183204997749,12.265197033835936,12.452635429428453,16447500.0,2022-11-07 22:45:00
12.12550066008547,12.25805340098976,12.44794538338912,16448400.0,2022-11-07 23:00:00
12.103804252727056,12.25124596266144,12.443137420011496,16449300.0,2022-11-07 23:15:00
12.101970035848428,12.243350801590111,12.438042041208412,16450200.0,2022-11-07 23:30:00
12.091716195555692,12.236377278408575,12.43280678187179,16451100.0,2022-11-07 23:45:00
12.095086078077305,12.23017202088736,12.4276061288615,16452000.0,2022-11-08 00:00:00
12.084335042757372,12.224427396466366,12.422550654336847,16452900.0,2022-11-08 00:15:00
12.084574452015543,12.220487372769586,12.41783246745922,16453800.0,2022-11-08 00:30:00
12.051839585517332,12.210429455021414,12.41268357174707,16454700.0,2022-11-08 00:45:00
12.076653151622908,12.206875765298658,12.40776968850638,16455600.0,2022-11-08 01:00:00
12.079775067071171,12.206500646080242,12.403769899682574,16456500.0,2022-11-08 01:15:00
12.087909932596668,12.206391208965382,12.400557645034413,16457400.0,2022-11-08 01:30:00
12.092729402986231,12.202015806293955,12.397482679737172,16458300.0,2022-11-08 01:45:00
12.100468627170947,12.207109324756752,12.395506216206318,16459200.0,2022-11-08 02:00:00
12.110058664846855,12.207315531635688,12.394047409359784,16460100.0,2022-11-08 02:15:00
12.124966850076111,12.214612908397257,12.39369844158219,16461000.0,2022-11-08 02:30:00
12.141117340591096,12.221218131810453,12.394354898587984,16461900.0,2022-11-08 02:45:00
12.161224522068876,12.229852859868693,12.395967721427116,16462800.0,2022-11-08 03:00:00
12.181496835984577,12.239411371999376,12.398452607194628,16463700.0,2022-11-08 03:15:00
12.205095289388147,12.253086888319343,12.402266424168683,16464600.0,2022-11-08 03:30:00
12.235321352551926,12.266311626327784,12.407127481343045,16465500.0,2022-11-08 03:45:00
12.263840554432026,12.282564054389688,12.413221613901834,16466400.0,2022-11-08 04:00:00
12.313962115658605,12.304569397101716,12.421001414681877,16467300.0,2022-11-08 04:15:00
12.349193532417704,12.327964358020072,12.430477169049034,16468200.0,2022-11-08 04:30:00
12.390396578273789,12.354800714768622,12.441674752342408,16469100.0,2022-11-08 04:45:00
12.4359094534928,12.382012692068738,12.45439921298996,16470000.0,2022-11-08 05:00:00
12.481842166450209,12.410763444591131,12.468521286943853,16470900.0,2022-11-08 05:15:00
12.537843217060548,12.447326274753832,12.48480939710032,16471800.0,2022-11-08 05:30:00
12.57736911660634,12.480708139501024,12.50250096733494,16472700.0,2022-11-08 05:45:00
12.639058882463852,12.514685649196052,12.5212963248396,16473600.0,2022-11-08 06:00:00
12.686288154867809,12.550161102692952,12.541119197022477,16474500.0,2022-11-08 06:15:00
12.738928398955776,12.590490815765405,12.562618733428376,16475400.0,2022-11-08 06:30:00
12.791767798869849,12.628545207980032,12.5851661522863,16476300.0,2022-11-08 06:45:00
12.864153155262793,12.672572359440627,12.6092704479643,16477200.0,2022-11-08 07:00:00
12.899511407920528,12.716292355097792,12.634931670616592,16478100.0,2022-11-08 07:15:00
12.948596113762852,12.754097359659628,12.660706694982167,16479000.0,2022-11-08 07:30:00
12.988135901311436,12.79128585874707,12.686395711273205,16479900.0,2022-11-08 07:45:00
13.02264372166466,12.831194973238116,12.712607411710088,16480800.0,2022-11-08 08:00:00
13.067555346130549,12.864488974412325,12.738060729027366,16481700.0,2022-11-08 08:15:00
13.081577432894488,12.894446064012344,12.762486981081173,16482600.0,2022-11-08 08:30:00
13.101831048542824,12.926212078858564,12.786666252036689,16483500.0,2022-11-08 08:45:00
13.144343908611992,12.955999319457485,12.810139624833948,16484400.0,2022-11-08 09:00:00
13.164152157575815,12.983500138175454,12.832878923665367,16485300.0,2022-11-08 09:15:00
13.18207273139148,13.0096000774129,12.854894789117536,16486200.0,2022-11-08 09:30:00
13.193190396236576,13.027354970000635,12.87492331583896,16487100.0,2022-11-08 09:45:00
13.198727300582933,13.045593345362889,12.893585553075177,16488000.0,2022-11-08 10:00:00
13.202020408403618,13.062560110489288,12.911075198501106,16488900.0,2022-11-08 10:15:00
13.200933722445262,13.074681287153712,12.926925442000318,16489800.0,2022-11-08 10:30:00
13.201059917617355,13.082897726972528,12.940851988688728,16490700.0,2022-11-08 10:45:00
13.203420680035848,13.09160062570718,12.953361706557718,16491600.0,2022-11-08 11:00:00
13.202361328452133,13.100026797689956,12.964955379049533,16492500.0,2022-11-08 11:15:00
13.206970542104608,13.10682212898875,12.975618895347305,16493400.0,2022-11-08 11:30:00
13.190915840002411,13.107854342267954,12.98458310953197,16494300.0,2022-11-08 11:45:00
13.181441661019852,13.109123099256468,12.992328699385071,16495200.0,2022-11-08 12:00:00
13.172931355835685,13.109528534275858,12.999040295769056,16496100.0,2022-11-08 12:15:00
13.16374134997498,13.11013045249756,13.004990233921944,16497000.0,2022-11-08 12:30:00
13.144425918570064,13.103263970818029,13.009068852086823,16497900.0,2022-11-08 12:45:00
13.118283371652506,13.096049166670472,13.011651878486198,16498800.0,2022-11-08 13:00:00
13.094731016698208,13.085574245807353,13.012617183199817,16499700.0,2022-11-08 13:15:00
13.071176950751552,13.073004607622975,13.011991141287115,16500600.0,2022-11-08 13:30:00
13.048925269343908,13.061589569733824,13.010336547297284,16501500.0,2022-11-08 13:45:00
13.022340841115486,13.045664682190592,13.00713063873686,16502400.0,2022-11-08 14:00:00
12.99736197895774,13.03252515109468,13.003259226193338,16503300.0,2022-11-08 14:15:00
12.970942864296475,13.017108840197029,12.998658487958837,16504200.0,2022-11-08 14:30:00
12.945787131304764,12.998500291771416,12.992793688953991,16505100.0,2022-11-08 14:45:00
12.920309905399186,12.980990717820289,12.986065704655744,16506000.0,2022-11-08 15:00:00
12.894000819431056,12.964023496057296,12.97871429594706,16506900.0,2022-11-08 15:15:00
12.87612400557841,12.946108772550591,12.970760899005835,16507800.0,2022-11-08 15:30:00
12.85329535324894,12.93161385767264,12.962880817931138,16508700.0,2022-11-08 15:45:00
12.831200760417614,12.91435619284878,12.954768321978817,16509600.0,2022-11-08 16:00:00
12.80120563085976,12.895351867180128,12.94605984815629,16510500.0,2022-11-08 16:15:00
12.771907036195463,12.876498455593234,12.936853422724022,16511400.0,2022-11-08 16:30:00
12.74481169226864,12.855483269542876,12.926789442029442,16512300.0,2022-11-08 16:45:00
12.716433369228456,12.835322141840088,12.916269950896105,16513200.0,2022-11-08 17:00:00
12.688919960154625,12.815677418060943,12.905506257663449,16514100.0,2022-11-08 17:15:00
12.662710732014697,12.793773860259586,12.894085134316908,16515000.0,2022-11-08 17:30:00
12.63889868611398,12.773996621595924,12.88244541413092,16515900.0,2022-11-08 17:45:00
12.612294494580691,12.753485514596152,12.87056135506465,16516800.0,2022-11-08 18:00:00
12.59195988611606,12.734273060934012,12.858642624834038,16517700.0,2022-11-08 18:15:00
12.566171850401348,12.71290565696887,12.846453286335755,16518600.0,2022-11-08 18:30:00
12.539948114744856,12.694029207136865,12.834303254047924,16519500.0,2022-11-08 18:45:00
12.517563112726474,12.673748051058556,12.821949824470508,16520400.0,2022-11-08 19:00:00
12.497550971396077,12.655308000692472,12.809700267284349,16521300.0,2022-11-08 19:15:00
12.46842078810704,12.634749466943797,12.797272900535102,16522200.0,2022-11-08 19:30:00
12.444492944525628,12.615357219438478,12.784715345338851,16523100.0,2022-11-08 19:45:00
12.41048319099569,12.592568348478393,12.771778489725024,16524000.0,2022-11-08 20:00:00
12.365731934595235,12.56887078702035,12.758261195103778,16524900.0,2022-11-08 20:15:00
12.333503278922937,12.544773804597236,12.74397063353532,16525800.0,2022-11-08 20:30:00
12.303369215415184,12.519542653164455,12.729001040482547,16526700.0,2022-11-08 20:45:00
12.279143649256056,12.49674847082621,12.713771059923085,16527600.0,2022-11-08 21:00:00
12.247360189409102,12.470334063005527,12.698097484426103,16528500.0,2022-11-08 21:15:00
12.22094460923102,12.449306993792952,12.682526008343574,16529400.0,2022-11-08 21:30:00
12.193771515510957,12.42541074515352,12.666716151807073,16530300.0,2022-11-08 21:45:00
12.180149499631003,12.403307593591787,12.651025340620716,16531200.0,2022-11-08 22:00:00
12.157738806436305,12.382701187320086,12.635690753978835,16532100.0,2022-11-08 22:15:00
12.134443782872452,12.36444794803012,12.620848311584323,16533000.0,2022-11-08 22:30:00
12.10313968283962,12.342037699451932,12.605939866218124,16533900.0,2022-11-08 22:45:00
12.071176275971256,12.32087485400942,12.590936920606003,16534800.0,2022-11-08 23:00:00
12.045635802255758,12.297832024948171,12.575648918639724,16535700.0,2022-11-08 23:15:00
12.018929721976,12.275448288427828,12.560018850031447,16536600.0,2022-11-08 23:30:00
11.987600844728576,12.25200263135986,12.544128951481026,16537500.0,2022-11-08 23:45:00
11.948045829555856,12.22696661700861,12.527794162107032,16538400.0,2022-11-09 00:00:00
11.922220767234435,12.202428534485268,12.511012470738228,16539300.0,2022-11-09 00:15:00
11.891288829995032,12.175536869505144,12.493771597700665,16540200.0,2022-11-09 00:30:00
11.85746871348412,12.151555825847357,12.476348252605908,16541100.0,2022-11-09 00:45:00
11.829035910029177,12.125927874262237,12.458767599212834,16542000.0,2022-11-09 01:00:00
11.806352150008395,12.1012576927683,12.441067807165108,16542900.0,2022-11-09 01:15:00
11.785323949338869,12.079593356702397,12.423652214105276,16543800.0,2022-11-09 01:30:00
11.765125859166472,12.058515312473938,12.40658644360374,16544700.0,2022-11-09 01:45:00
11.753824574217374,12.038726312348112,12.390008919686736,16545600.0,2022-11-09 02:00:00
11.74154905176265,12.02139086468502,12.374227973423007,16546500.0,2022-11-09 02:15:00
11.73797017393784,12.009741412701851,12.35959570594092,16547400.0,2022-11-09 02:30:00
11.73115086788646,11.995390218072751,12.345834708478185,16548300.0,2022-11-09 02:45:00
11.728622319172056,11.984949379268157,12.333071007509792,16549200.0,2022-11-09 03:00:00
11.734820370797522,11.975652177762678,12.321396309216448,16550100.0,2022-11-09 03:15:00
11.74892462877894,11.974204253992944,12.311261814764755,16551000.0,2022-11-09 03:30:00
11.77002995681994,11.974610886332872,12.302846130281225,16551900.0,2022-11-09 03:45:00
11.796505034217194,11.97962740413836,12.296365751682265,16552800.0,2022-11-09 04:00:00
11.82109623087082,11.98484198137688,12.29166414251624,16553700.0,2022-11-09 04:15:00
11.85620869647054,11.99579524799071,12.28897831506944,16554600.0,2022-11-09 04:30:00
11.899304485632475,12.012324742537997,12.28868511882254,16555500.0,2022-11-09 04:45:00
11.94045775213735,12.032865282819662,12.290780743365817,16556400.0,2022-11-09 05:00:00
11.975066668498092,12.053376832556326,12.294878797788856,16557300.0,2022-11-09 05:15:00
12.0120166240503,12.074441199085014,12.300650645403666,16558200.0,2022-11-09 05:30:00
12.059188017264034,12.099055874661044,12.308189619681258,16559100.0,2022-11-09 05:45:00
12.106347035531993,12.127360250345276,12.317461860761544,16560000.0,2022-11-09 06:00:00
12.150743912428045,12.156523164409467,12.328501571809912,16560900.0,2022-11-09 06:15:00
12.19655330387662,12.185329509585408,12.34083068228483,16561800.0,2022-11-09 06:30:00
12.239324987721794,12.216117237933585,12.354526106268274,16562700.0,2022-11-09 06:45:00
12.269701840127423,12.24289755774768,12.368734461448936,16563600.0,2022-11-09 07:00:00
12.29123863432764,12.270084893173593,12.383317022146947,16564500.0,2022-11-09 07:15:00
12.330930375151086,12.295006350668771,12.398017637961695,16565400.0,2022-11-09 07:30:00
12.366278783465392,12.323789096177173,12.413215493339615,16566300.0,2022-11-09 07:45:00
12.401775897241224,12.351326054867927,12.428779525369768,16567200.0,2022-11-09 08:00:00
12.4292516320255,12.377298634072648,12.444487412028796,16568100.0,2022-11-09 08:15:00
12.450202805059268,12.40216239060006,12.460215116588556,16569000.0,2022-11-09 08:30:00
12.46822199158546,12.422034975332895,12.475176835235482,16569900.0,2022-11-09 08:45:00
12.488501453179913,12.443207358614384,12.489713950510833,16570800.0,2022-11-09 09:00:00
12.509475931145674,12.463477662472512,12.503955290037004,16571700.0,2022-11-09 09:15:00
12.530069010382556,12.481176792956084,12.517480746091486,16572600.0,2022-11-09 09:30:00
12.546406899485804,12.502641995791889,12.53107810391066,16573500.0,2022-11-09 09:45:00
12.562718707713504,12.517593569767383,12.543920974343015,16574400.0,2022-11-09 10:00:00
12.579138749549823,12.534852942479269,12.556538292840886,16575300.0,2022-11-09 10:15:00
12.583585799828354,12.5493913509034,12.568603082257018,16576200.0,2022-11-09 10:30:00
12.580730623454745,12.55913287392242,12.579537095093428,16577100.0,2022-11-09 10:45:00
12.57634106661476,12.565143216796,12.588892256481746,16578000.0,2022-11-09 11:00:00
12.575522973972824,12.570384107091463,12.596975568598658,16578900.0,2022-11-09 11:15:00
12.57306929307962,12.574806315342103,12.60397999822386,16579800.0,2022-11-09 11:30:00
12.567585983815947,12.576845228571452,12.609902262286315,16580700.0,2022-11-09 11:45:00
12.560350544605566,12.578353252770505,12.614872528871809,16581600.0,2022-11-09 12:00:00
12.552100085564264,12.579173425830929,12.619098373305704,16582500.0,2022-11-09 12:15:00
12.537793837242823,12.575459133104186,12.622058962544902,16583400.0,2022-11-09 12:30:00
12.515627429253152,12.57084391831954,12.623929082964857,16584300.0,2022-11-09 12:45:00
12.482977990468864,12.5582304056511,12.623779826750898,16585200.0,2022-11-09 13:00:00
12.442242798108923,12.543145076923505,12.621669396581884,16586100.0,2022-11-09 13:15:00
12.400774659354342,12.524948971525042,12.617484385328249,16587000.0,2022-11-09 13:30:00
12.359474984381349,12.50184923751805,12.611085012254806,16587900.0,2022-11-09 13:45:00
12.314203519063556,12.478272776747218,12.602783015905318,16588800.0,2022-11-09 14:00:00
12.272618898680737,12.451746278379543,12.592616085187668,16589700.0,2022-11-09 14:15:00
12.22502711933998,12.423249791513198,12.580606549603568,16590600.0,2022-11-09 14:30:00
12.183255604697024,12.39373306784225,12.567076471053973,16591500.0,2022-11-09 14:45:00
12.131604741343116,12.360549117139628,12.551923830199344,16592400.0,2022-11-09 15:00:00
12.092442825068291,12.329649784336665,12.53583621861432,16593300.0,2022-11-09 15:15:00
12.049382909163938,12.298969656443084,12.51904147710514,16594200.0,2022-11-09 15:30:00
12.013680596861654,12.266749611014363,12.501541371299364,16595100.0,2022-11-09 15:45:00
11.978934762773909,12.237065668777737,12.483670029651652,16596000.0,2022-11-09 16:00:00
11.938553148068422,12.205828873423991,12.465492408613176,16596900.0,2022-11-09 16:15:00
11.898235184363172,12.175512176547894,12.447054685983227,16597800.0,2022-11-09 16:30:00
11.855504060326302,12.146499056605846,12.42848377207212,16598700.0,2022-11-09 16:45:00
11.820569232681237,12.114126931997102,12.409499699680998,16599600.0,2022-11-09 17:00:00
11.78434043177922,12.085273542045703,12.390336540324038,16600500.0,2022-11-09 17:15:00
11.743750041783912,12.053443092468326,12.370799307155592,16601400.0,2022-11-09 17:30:00
11.702468425378193,12.022271884527346,12.350896168312138,16602300.0,2022-11-09 17:45:00
11.660061775154505,11.990207143222666,12.330606631720874,16603200.0,2022-11-09 18:00:00
11.6015315606927,11.955320087408817,12.309660676189146,16604100.0,2022-11-09 18:15:00
11.548203585255973,11.918487111480134,12.287867607493666,16605000.0,2022-11-09 18:30:00
11.511688500821938,11.881566262896442,12.265352691961374,16605900.0,2022-11-09 18:45:00
11.474799681803043,11.847538478020343,12.242534067003152,16606800.0,2022-11-09 19:00:00
11.43703182715026,11.814393151100433,12.219625615135008,16607700.0,2022-11-09 19:15:00
11.39559211662382,11.780755629464466,12.196831319468542,16608600.0,2022-11-09 19:30:00
11.352386866927352,11.747613263532475,12.174049601893037,16609500.0,2022-11-09 19:45:00
11.270897162602717,11.709807541168123,12.150372225218758,16610400.0,2022-11-09 20:00:00
11.22734394345229,11.669038922346957,12.125643094542388,16611300.0,2022-11-09 20:15:00
11.185847916557352,11.62930008651658,12.100111527566671,16612200.0,2022-11-09 20:30:00
11.165543771444025,11.595366203128284,12.074694480363677,16613100.0,2022-11-09 20:45:00
11.111368355984307,11.55845059533994,12.049370205572712,16614000.0,2022-11-09 21:00:00
11.078337669267034,11.525186525436387,12.024357645946177,16614900.0,2022-11-09 21:15:00
11.032792203060504,11.49139756761002,11.999533450557044,16615800.0,2022-11-09 21:30:00
10.998126381116158,11.458146833168485,11.974872971843247,16616700.0,2022-11-09 21:45:00
10.964776532616852,11.425130827565331,11.950333252301837,16617600.0,2022-11-09 22:00:00
10.927593213399811,11.394294916405476,11.92608463883526,16618500.0,2022-11-09 22:15:00
10.881509841880888,11.359693771943526,11.9019390038926,16619400.0,2022-11-09 22:30:00
10.851289219672797,11.327132841292975,11.877918551061953,16620300.0,2022-11-09 22:45:00
10.818033965849898,11.298339267220078,11.854204830398832,16621200.0,2022-11-09 23:00:00
10.77259318081548,11.2668691294635,11.830543255018087,16622100.0,2022-11-09 23:15:00
10.718795766999898,11.230078595542118,11.806509019032722,16623000.0,2022-11-09 23:30:00
10.673471808495483,11.19651703711386,11.78188502932356,16623900.0,2022-11-09 23:45:00
10.625868589553788,11.159585543967124,11.756805154226509,16624800.0,2022-11-10 00:00:00
10.604588821182034,11.127745829004589,11.731605045473142,16625700.0,2022-11-10 00:15:00
10.566658414997503,11.095325918305106,11.706570778821918,16626600.0,2022-11-10 00:30:00
10.53174741177764,11.063907535211198,11.681612766113336,16627500.0,2022-11-10 00:45:00
10.501302590501137,11.03312635921158,11.65698590943354,16628400.0,2022-11-10 01:00:00
10.4747933149404,11.004029742334607,11.632827736787055,16629300.0,2022-11-10 01:15:00
10.447039252206284,10.977109872141712,11.609071944371811,16630200.0,2022-11-10 01:30:00
10.42107782156354,10.951573153684803,11.585640089623183,16631100.0,2022-11-10 01:45:00
10.400279537521916,10.926139296295696,11.562692768784745,16632000.0,2022-11-10 02:00:00
10.389648289865248,10.902955875663965,11.54044025948841,16632900.0,2022-11-10 02:15:00
10.385300320283584,10.883883632009772,11.519253015903937,16633800.0,2022-11-10 02:30:00
10.392213808104922,10.869416425479717,11.49945445298282,16634700.0,2022-11-10 02:45:00
10.40268913749243,10.8592080823043,11.481311320370736,16635600.0,2022-11-10 03:00:00
10.42259887742256,10.853897373102193,11.464974736540125,16636500.0,2022-11-10 03:15:00
10.443854945719668,10.851188697929238,11.45080123411023,16637400.0,2022-11-10 03:30:00
10.46964327954566,10.854687113399375,11.438683952427068,16638300.0,2022-11-10 03:45:00
10.508727948010586,10.861551941302013,11.428778678657029,16639200.0,2022-11-10 04:00:00
10.553252439542762,10.872759883937656,11.421423957969386,16640100.0,2022-11-10 04:15:00
10.603904925976016,10.889418230450222,11.41665047424994,16641000.0,2022-11-10 04:30:00
10.663306271646992,10.912010349168847,11.414866259993294,16641900.0,2022-11-10 04:45:00
10.7286739089806,10.939322465269315,11.416091756321972,16642800.0,2022-11-10 05:00:00
10.797461686122173,10.971714673902566,11.420348195289828,16643700.0,2022-11-10 05:15:00
10.868578627107595,11.008783516490988,11.427546305531132,16644600.0,2022-11-10 05:30:00
10.947733596077828,11.048990455049694,11.43775254230243,16645500.0,2022-11-10 05:45:00
11.019856301289918,11.092949157190937,11.450922523290972,16646400.0,2022-11-10 06:00:00
11.083457841405655,11.136802984412466,11.466623062448994,16647300.0,2022-11-10 06:15:00
11.137733611734047,11.17970172400354,11.484116863199,16648200.0,2022-11-10 06:30:00
11.19124150559224,11.220913947316026,11.502778204249305,16649100.0,2022-11-10 06:45:00
11.252942795323408,11.263904463958394,11.522373980208178,16650000.0,2022-11-10 07:00:00
11.32654266934446,11.30918628596558,11.54328715325692,16650900.0,2022-11-10 07:15:00
11.39677364802924,11.357626413859393,11.565668252110148,16651800.0,2022-11-10 07:30:00
11.456394533375963,11.402845669903495,11.589148530417376,16652700.0,2022-11-10 07:45:00
11.49914980687749,11.447269788229235,11.613425300640708,16653600.0,2022-11-10 08:00:00
11.544054810126056,11.488797202931236,11.63785479657908,16654500.0,2022-11-10 08:15:00
11.593273911552878,11.528843892832455,11.662211027499955,16655400.0,2022-11-10 08:30:00
11.642133395142418,11.569832233883274,11.68658560289543,16656300.0,2022-11-10 08:45:00
11.684269560038,11.607928839686537,11.710890035401048,16657200.0,2022-11-10 09:00:00
11.729905448345198,11.64648639382538,11.735123977025149,16658100.0,2022-11-10 09:15:00
11.777482395100757,11.685556206503945,11.759505720387596,16659000.0,2022-11-10 09:30:00
11.818729621862868,11.723041051851194,11.78380437125289,16659900.0,2022-11-10 09:45:00
11.856176957614844,11.759590542658362,11.80808686544885,16660800.0,2022-11-10 10:00:00
11.882092299409852,11.790958351410994,11.831658516481792,16661700.0,2022-11-10 10:15:00
11.900131951148834,11.817989951942412,11.854030663616706,16662600.0,2022-11-10 10:30:00
11.910178925055668,11.843989005983712,11.875274430785158,16663500.0,2022-11-10 10:45:00
11.915086524487636,11.862812350351517,11.894798061746894,16664400.0,2022-11-10 11:00:00
11.920727762517751,11.879034583159727,11.912463154245945,16665300.0,2022-11-10 11:15:00
11.92764547969006,11.89587743913308,11.928819718863974,16666200.0,2022-11-10 11:30:00
11.929092820581303,11.906654152047516,11.943337971571118,16667100.0,2022-11-10 11:45:00
11.926367547358089,11.91672164839259,11.956325936691032,16668000.0,2022-11-10 12:00:00
11.919412614383024,11.923379052341692,11.9678073689263,16668900.0,2022-11-10 12:15:00
11.910326146753874,11.927383330761684,11.977698768295951,16669800.0,2022-11-10 12:30:00
11.897313747614412,11.928253088959838,11.985824960099269,16670700.0,2022-11-10 12:45:00
11.881197235644102,11.92593252814378,11.992178884290125,16671600.0,2022-11-10 13:00:00
11.863215542641026,11.92211268629889,11.996906880756798,16672500.0,2022-11-10 13:15:00
11.842318567860772,11.916278582520494,12.000191921468224,16673400.0,2022-11-10 13:30:00
11.818337769814995,11.907610628931826,12.00194312964882,16674300.0,2022-11-10 13:45:00
11.793347115708553,11.897561221727951,12.002284826013575,16675200.0,2022-11-10 14:00:00
11.765202968654055,11.884175502787253,12.001107103414409,16676100.0,2022-11-10 14:15:00
11.738650448846196,11.869216709928748,11.998450349899615,16677000.0,2022-11-10 14:30:00
11.710537037724963,11.85392982238486,11.994528826679367,16677900.0,2022-11-10 14:45:00
11.684802066327167,11.837517892861127,11.989575801568389,16678800.0,2022-11-10 15:00:00
11.663728027121842,11.821624556936488,11.983790188361969,16679700.0,2022-11-10 15:15:00
11.643132863160227,11.807134835074924,11.97746419113639,16680600.0,2022-11-10 15:30:00
11.617719897353766,11.790502528023902,11.97065321733047,16681500.0,2022-11-10 15:45:00
11.592261728548914,11.77377716584624,11.963184717670366,16682400.0,2022-11-10 16:00:00
11.561047308399823,11.754180880316182,11.954939833501095,16683300.0,2022-11-10 16:15:00
11.529187525513422,11.7357336668048,11.9461216734852,16684200.0,2022-11-10 16:30:00
11.497385020527908,11.713763262657077,11.936400889090846,16685100.0,2022-11-10 16:45:00
11.469630411431968,11.693213853953775,11.926118338735083,16686000.0,2022-11-10 17:00:00
11.444970517326832,11.67037477393914,11.915139747424472,16686900.0,2022-11-10 17:15:00
11.42979891280857,11.654279012511507,11.904290275051626,16687800.0,2022-11-10 17:30:00
11.411694226239762,11.636998855093784,11.8936336709978,16688700.0,2022-11-10 17:45:00
11.387572649121278,11.620061903991996,11.88301407033906,16689600.0,2022-11-10 18:00:00
11.360107129380284,11.600935404527998,11.872223771798772,16690500.0,2022-11-10 18:15:00
11.326586454241967,11.58176698872492,11.861052834932508,16691400.0,2022-11-10 18:30:00
11.292292448130246,11.560038665036569,11.849291957169166,16692300.0,2022-11-10 18:45:00
11.257910753131773,11.537013155196131,11.836790172345452,16693200.0,2022-11-10 19:00:00
11.2242514120024,11.512676888881176,11.823533859098967,16694100.0,2022-11-10 19:15:00
11.184617958794172,11.487959680746778,11.809597386420302,16695000.0,2022-11-10 19:30:00
11.14823386798714,11.463184206490324,11.794985970248232,16695900.0,2022-11-10 19:45:00
11.107790107982067,11.434643096731389,11.779576848049588,16696800.0,2022-11-10 20:00:00
11.064826172880222,11.40576713245296,11.763293309464906,16697700.0,2022-11-10 20:15:00
11.022499530796324,11.37605241657374,11.746102721458032,16698600.0,2022-11-10 20:30:00
10.97917775488262,11.345110340734491,11.72820819010366,16699500.0,2022-11-10 20:45:00
10.937646060700832,11.31406672028604,11.70963999981119,16700400.0,2022-11-10 21:00:00
10.893501330943822,11.28238256751731,11.690365801860183,16701300.0,2022-11-10 21:15:00
10.8491003978855,11.249617290696309,11.670413534511,16702200.0,2022-11-10 21:30:00
10.806142336047692,11.215027020587277,11.64995490142357,16703100.0,2022-11-10 21:45:00
10.768366401390407,11.183564205702105,11.629185273454215,16704000.0,2022-11-10 22:00:00
10.738675436458248,11.153527697310746,11.608312697608952,16704900.0,2022-11-10 22:15:00
10.710407353519807,11.124977500916382,11.587746809712288,16705800.0,2022-11-10 22:30:00
10.681627932695694,11.098390533339227,11.56753996681441,16706700.0,2022-11-10 22:45:00
10.645424571636728,11.070253828450335,11.547473396673926,16707600.0,2022-11-10 23:00:00
10.610652011379935,11.041756575990272,11.527432478422892,16708500.0,2022-11-10 23:15:00
10.584142851488687,11.015252760518653,11.50745637929665,16709400.0,2022-11-10 23:30:00
10.563387389000304,10.990489074295308,11.48784029018966,16710300.0,2022-11-10 23:45:00
10.539443234244086,10.96646919343927,11.46866543746362,16711200.0,2022-11-11 00:00:00
10.523867944651489,10.946279609160904,11.450056736372137,16712100.0,2022-11-11 00:15:00
10.504511588006348,10.92434042243628,11.431990088876988,16713000.0,2022-11-11 00:30:00
10.493654371507668,10.906128576446743,11.414729543403556,16713900.0,2022-11-11 00:45:00
10.480527489570504,10.88925744223962,11.398235238678854,16714800.0,2022-11-11 01:00:00
10.468352599558097,10.87386896857525,11.382425874499278,16715700.0,2022-11-11 01:15:00
10.45331439945326,10.857713144044649,11.367120854324527,16716600.0,2022-11-11 01:30:00
10.439297110250411,10.842766857178134,11.352286738302649,16717500.0,2022-11-11 01:45:00
10.42792860302994,10.828447261024207,11.33792466591364,16718400.0,2022-11-11 02:00:00
10.423954581736457,10.816190392574866,11.32412534692806,16719300.0,2022-11-11 02:15:00
10.422184611938016,10.805522683589166,11.311019007241022,16720200.0,2022-11-11 02:30:00
10.41998504562336,10.797143074391396,11.298640623217164,16721100.0,2022-11-11 02:45:00
10.408638659913688,10.787420550112316,11.286808222336804,16722000.0,2022-11-11 03:00:00
10.403079485538369,10.777997401746005,11.275452825721375,16722900.0,2022-11-11 03:15:00
10.402359750685116,10.77012762140866,11.264521825276088,16723800.0,2022-11-11 03:30:00
10.41174187284618,10.764698237213578,11.254196803446863,16724700.0,2022-11-11 03:45:00
10.426935524236722,10.76118134658626,11.244875500700369,16725600.0,2022-11-11 04:00:00
10.455777899658791,10.764701824525307,11.2369221131114,16726500.0,2022-11-11 04:15:00
10.489793549473385,10.772313683885688,11.230840547029032,16727400.0,2022-11-11 04:30:00
10.52682061355801,10.782689313762168,11.226777141144234,16728300.0,2022-11-11 04:45:00
10.58450360043214,10.80172754553582,11.225242245881534,16729200.0,2022-11-11 05:00:00
10.651183676555586,10.826042048847976,11.226504235452218,16730100.0,2022-11-11 05:15:00
10.684980633367513,10.850776743233304,11.230280754419278,16731000.0,2022-11-11 05:30:00
10.705812353495574,10.870617362231648,11.235646258080882,16731900.0,2022-11-11 05:45:00
10.74694488612712,10.893969223779091,11.242282782209656,16732800.0,2022-11-11 06:00:00
10.815869581093864,10.92364462920666,11.25064436875838,16733700.0,2022-11-11 06:15:00
10.868482510836152,10.95473120826292,11.260731738810517,16734600.0,2022-11-11 06:30:00
10.901630976018245,10.983608383613989,11.272153542593244,16735500.0,2022-11-11 06:45:00
10.933782691603582,11.01137245564986,11.28454155674924,16736400.0,2022-11-11 07:00:00
10.9566836223964,11.036368330039348,11.297231524508607,16737300.0,2022-11-11 07:15:00
10.97106973150914,11.058776069727475,11.309701358946212,16738200.0,2022-11-11 07:30:00
10.998635277833856,11.078795756598828,11.32165465344898,16739100.0,2022-11-11 07:45:00
11.015609278263986,11.098243273286448,11.333264335833508,16740000.0,2022-11-11 08:00:00
11.021236899480217,11.114781526711669,11.3441619060272,16740900.0,2022-11-11 08:15:00
11.01692219622797,11.126262882294874,11.354015769609164,16741800.0,2022-11-11 08:30:00
11.01428748881267,11.133339178358282,11.362342613158408,16742700.0,2022-11-11 08:45:00
11.021876734591482,11.141634758490964,11.369553501170836,16743600.0,2022-11-11 09:00:00
11.034393601407606,11.150870823777778,11.376092791399705,16744500.0,2022-11-11 09:15:00
11.050603162890804,11.160281927305146,11.382400068840557,16745400.0,2022-11-11 09:30:00
11.071619902958018,11.171201531772866,11.38868496137452,16746300.0,2022-11-11 09:45:00
11.087898769110511,11.183856678150669,11.395241300060414,16747200.0,2022-11-11 10:00:00
11.097144247726884,11.193411460490829,11.401711078555437,16748100.0,2022-11-11 10:15:00
11.10284275674662,11.202935307361887,11.40813456086952,16749000.0,2022-11-11 10:30:00
11.098191315535068,11.209187338752344,11.414098284407093,16749900.0,2022-11-11 10:45:00
11.085696298761718,11.21182334279538,11.419068303802678,16750800.0,2022-11-11 11:00:00
11.069839264146792,11.210922252465735,11.422841876931152,16751700.0,2022-11-11 11:15:00
11.050132164290282,11.207315108124932,11.425301477958511,16752600.0,2022-11-11 11:30:00
11.030969908367071,11.201675686899572,11.426345776698204,16753500.0,2022-11-11 11:45:00
11.015136192484036,11.19423115876754,11.426097242914713,16754400.0,2022-11-11 12:00:00
10.996691581539483,11.185026395270471,11.424604379549164,16755300.0,2022-11-11 12:15:00
10.980092413522897,11.176012317082137,11.422205682510873,16756200.0,2022-11-11 12:30:00
10.961638306907377,11.165890755771423,11.418976377789344,16757100.0,2022-11-11 12:45:00
10.933924783963562,11.152578055858108,11.414684332680777,16758000.0,2022-11-11 13:00:00
10.914980869322628,11.14047009097513,11.409557046210312,16758900.0,2022-11-11 13:15:00
10.894403493428255,11.127334319600449,11.403868219312862,16759800.0,2022-11-11 13:30:00
10.866504790834664,11.111980457162456,11.39743114139464,16760700.0,2022-11-11 13:45:00
10.840073905870714,11.095940180121588,11.390076365675268,16761600.0,2022-11-11 14:00:00
10.802667367936923,11.076321843121963,11.381733207312552,16762500.0,2022-11-11 14:15:00
10.765697836166256,11.055426237003315,11.372350493645047,16763400.0,2022-11-11 14:30:00
10.733194943731094,11.034534585874722,11.361977449226988,16764300.0,2022-11-11 14:45:00
10.695164011429451,11.010816506963172,11.35063563521924,16765200.0,2022-11-11 15:00:00
10.657064050762616,10.986643369536177,11.338281816752716,16766100.0,2022-11-11 15:15:00
10.625027657181738,10.962200464729769,11.324984043901624,16767000.0,2022-11-11 15:30:00
10.58586078431152,10.935159578189266,11.310855599518762,16767900.0,2022-11-11 15:45:00
10.55141258418106,10.910406226673697,11.296205972924827,16768800.0,2022-11-11 16:00:00
10.516609641845353,10.883707047849056,11.281044167288458,16769700.0,2022-11-11 16:15:00
10.465396279003894,10.85630884624758,11.26514655177558,16770600.0,2022-11-11 16:30:00
10.424154983425774,10.82582188744566,11.248293974033263,16771500.0,2022-11-11 16:45:00
10.397979968150024,10.798044722815693,11.230999728754131,16772400.0,2022-11-11 17:00:00
10.371626915579697,10.771212136515784,11.213570793912217,16773300.0,2022-11-11 17:15:00
10.342028680539338,10.745639359426583,11.19606542099218,16774200.0,2022-11-11 17:30:00
10.312456884544485,10.721377735140807,11.178715911314423,16775100.0,2022-11-11 17:45:00
10.280692775069769,10.695436144039954,11.161383258620608,16776000.0,2022-11-11 18:00:00
10.249194312954511,10.670660180116606,11.143936823467556,16776900.0,2022-11-11 18:15:00
10.21574639028835,10.645213796020387,11.126480622554562,16777800.0,2022-11-11 18:30:00
10.178595946766157,10.618734724715235,11.108798487017664,16778700.0,2022-11-11 18:45:00
10.139446014736269,10.591326294632784,11.090735439675612,16779600.0,2022-11-11 19:00:00
10.10516171925957,10.562428926014594,11.072269420956829,16780500.0,2022-11-11 19:15:00
10.083382672870693,10.538020279253498,11.053750181981496,16781400.0,2022-11-11 19:30:00
10.051976195763444,10.511980249884552,11.035390045080506,16782300.0,2022-11-11 19:45:00
10.019610280048102,10.486847346267838,11.017086781683002,16783200.0,2022-11-11 20:00:00
9.98971367963803,10.461758080651292,10.998732831115904,16784100.0,2022-11-11 20:15:00
9.963523719221095,10.437380698723771,10.980367888160073,16785000.0,2022-11-11 20:30:00
9.941244996599938,10.414649333039556,10.962191807690392,16785900.0,2022-11-11 20:45:00
9.918104278201348,10.391721581388198,10.944276712580566,16786800.0,2022-11-11 21:00:00
9.897806875969154,10.370158983131596,10.926694899557663,16787700.0,2022-11-11 21:15:00
9.88503866575955,10.351523232748432,10.9094992976189,16788600.0,2022-11-11 21:30:00
9.87350776669361,10.334225527081951,10.892817773954269,16789500.0,2022-11-11 21:45:00
9.869200769671313,10.318741218847208,10.876939454747534,16790400.0,2022-11-11 22:00:00
9.863704304808625,10.305180075010496,10.861942690497363,16791300.0,2022-11-11 22:15:00
9.857517635265264,10.293547241229891,10.847793016460738,16792200.0,2022-11-11 22:30:00
9.846705303530136,10.281524438963288,10.834370869715652,16793100.0,2022-11-11 22:45:00
9.836635582082526,10.269933349622546,10.821503404470938,16794000.0,2022-11-11 23:00:00
9.818358988561736,10.256477310246238,10.808994028066214,16794900.0,2022-11-11 23:15:00
9.810791702731382,10.245727212504145,10.796687281129406,16795800.0,2022-11-11 23:30:00
9.797937477745775,10.233341865600217,10.78466131902829,16796700.0,2022-11-11 23:45:00
9.796650955737555,10.223032058747542,10.772943227352313,16797600.0,2022-11-12 00:00:00
9.782653811826064,10.212362516502314,10.761559457480653,16798500.0,2022-11-12 00:15:00
9.766172769999232,10.200583384244744,10.75027997770888,16799400.0,2022-11-12 00:30:00
9.744254099683923,10.187829130962012,10.738883361297432,16800300.0,2022-11-12 00:45:00
9.74236925742729,10.176610608044278,10.727395870838413,16801200.0,2022-11-12 01:00:00
9.72906648494749,10.165019027126872,10.716042148746116,16802100.0,2022-11-12 01:15:00
9.717922026339405,10.15345986736824,10.704803185283511,16803000.0,2022-11-12 01:30:00
9.710593924795107,10.143283101143815,10.69367302936185,16803900.0,2022-11-12 01:45:00
9.70684179109594,10.133415727317054,10.682867239696758,16804800.0,2022-11-12 02:00:00
9.708798737007134,10.125466736931727,10.672506705442329,16805700.0,2022-11-12 02:15:00
9.706959560692129,10.11956648717482,10.662593857295628,16806600.0,2022-11-12 02:30:00
9.716107880860493,10.114152129157016,10.653425774281796,16807500.0,2022-11-12 02:45:00
9.723737219121933,10.11192199159718,10.645006397727458,16808400.0,2022-11-12 03:00:00
9.737371348014573,10.111074339949544,10.63746335416287,16809300.0,2022-11-12 03:15:00
9.75729435039636,10.114914598398071,10.630929474639894,16810200.0,2022-11-12 03:30:00
9.782537049152438,10.120010942949683,10.6256920106507,16811100.0,2022-11-12 03:45:00
9.815353898336353,10.127879009012574,10.621816779417742,16812000.0,2022-11-12 04:00:00
9.851070810147151,10.141029377301525,10.619542081462518,16812900.0,2022-11-12 04:15:00
9.892038811253107,10.156167686595628,10.619054152374352,16813800.0,2022-11-12 04:30:00
9.934687367888657,10.175202995394606,10.62035722041457,16814700.0,2022-11-12 04:45:00
9.980932755676154,10.19639167220994,10.623522153834962,16815600.0,2022-11-12 05:00:00
10.035585897329344,10.221045348498274,10.628540926987489,16816500.0,2022-11-12 05:15:00
10.099178149426704,10.251167264442536,10.635800022279692,16817400.0,2022-11-12 05:30:00
10.168883287491004,10.286275006605033,10.645366984241624,16818300.0,2022-11-12 05:45:00
10.237036842260364,10.323287899007132,10.657311341112209,16819200.0,2022-11-12 06:00:00
10.304708196449798,10.363646237591457,10.671686166933808,16820100.0,2022-11-12 06:15:00
10.377715632609304,10.40661825692104,10.688299865749778,16821000.0,2022-11-12 06:30:00
10.448346986729586,10.450986953427384,10.706874207156288,16821900.0,2022-11-12 06:45:00
10.516700710747212,10.498275979959724,10.727524742346365,16822800.0,2022-11-12 07:00:00
10.580226155007164,10.545154092302775,10.74974776917868,16823700.0,2022-11-12 07:15:00
10.639701140407077,10.5903937076886,10.773172904211778,16824600.0,2022-11-12 07:30:00
10.690221997218442,10.634648187998868,10.797370688112668,16825500.0,2022-11-12 07:45:00
10.730104333618073,10.6751492642875,10.821742084082898,16826400.0,2022-11-12 08:00:00
10.761307015888423,10.712221441166015,10.845850562630336,16827300.0,2022-11-12 08:15:00
10.782895027225894,10.74514934671241,10.86915736131976,16828200.0,2022-11-12 08:30:00
10.803597506321736,10.774113214285745,10.89120974573424,16829100.0,2022-11-12 08:45:00
10.824978911581864,10.800671062503568,10.912171665505848,16830000.0,2022-11-12 09:00:00
10.852460026331318,10.826105519671804,10.931981280485116,16830900.0,2022-11-12 09:15:00
10.881350467296874,10.852202618293564,10.951062249859955,16831800.0,2022-11-12 09:30:00
10.907484442571588,10.87725034186662,10.969717520315632,16832700.0,2022-11-12 09:45:00
10.93424161727812,10.901164405764886,10.987836160362168,16833600.0,2022-11-12 10:00:00
10.961265693336705,10.92575267200769,11.005723649643096,16834500.0,2022-11-12 10:15:00
10.987042117125004,10.948602065971052,11.023229177428366,16835400.0,2022-11-12 10:30:00
11.014771075618617,10.97206529355958,11.040549719630814,16836300.0,2022-11-12 10:45:00
11.038823648994592,10.994253896350598,11.057550091067748,16837200.0,2022-11-12 11:00:00
11.060235961442226,11.016454535679294,11.074346161946105,16838100.0,2022-11-12 11:15:00
11.07689364491511,11.037127612139503,11.090823581697595,16839000.0,2022-11-12 11:30:00
11.087879931991584,11.055851622419034,11.106853029604023,16839900.0,2022-11-12 11:45:00
11.097187597182485,11.070975194895876,11.121885142674628,16840800.0,2022-11-12 12:00:00
11.104757366036644,11.084915185816552,11.136011176382398,16841700.0,2022-11-12 12:15:00
11.111122988945874,11.096947291980833,11.149305023143436,16842600.0,2022-11-12 12:30:00
11.117546192525992,11.10861401696654,11.161704502720184,16843500.0,2022-11-12 12:45:00
11.121130730986232,11.11878206878692,11.173307756304172,16844400.0,2022-11-12 13:00:00
11.122818223616264,11.12801184117742,11.184136196097702,16845300.0,2022-11-12 13:15:00
11.123230775145148,11.135149387884548,11.194145442881704,16846200.0,2022-11-12 13:30:00
11.115525821637329,11.13998968226062,11.203233034894271,16847100.0,2022-11-12 13:45:00
11.10172732568795,11.1410763866118,11.211020176437705,16848000.0,2022-11-12 14:00:00
11.082320982756658,11.139828041339545,11.217335442657816,16848900.0,2022-11-12 14:15:00
11.057581696689049,11.1337086163753,11.221894956361613,16849800.0,2022-11-12 14:30:00
11.027258295073056,11.12466846201535,11.22468159388304,16850700.0,2022-11-12 14:45:00
10.996521402520466,11.113396838485023,11.225714206339212,16851600.0,2022-11-12 15:00:00
10.95861917017434,11.099889355413232,11.225145132733056,16852500.0,2022-11-12 15:15:00
10.92850510715126,11.082456948329108,11.222688853063833,16853400.0,2022-11-12 15:30:00
10.89550692615252,11.064396713547207,11.2186091285329,16854300.0,2022-11-12 15:45:00
10.861116436671873,11.04373296005612,11.21302074385428,16855200.0,2022-11-12 16:00:00
10.827061972150153,11.023788515891717,11.206285969678914,16856100.0,2022-11-12 16:15:00
10.792699271726327,11.002319488110857,11.198454250347062,16857000.0,2022-11-12 16:30:00
10.758459814120098,10.980753918882296,11.189810431683844,16857900.0,2022-11-12 16:45:00
10.722235557334328,10.957709870801567,11.180275615258966,16858800.0,2022-11-12 17:00:00
10.68329912837727,10.933787431006955,11.169727946758254,16859700.0,2022-11-12 17:15:00
10.645701411954043,10.908049530612448,11.158298900463096,16860600.0,2022-11-12 17:30:00
10.605823640972313,10.882742532139227,11.146012505499304,16861500.0,2022-11-12 17:45:00
10.568013680621169,10.855337840134563,11.132979213195318,16862400.0,2022-11-12 18:00:00
10.529733757646063,10.828515238704895,11.119296132705308,16863300.0,2022-11-12 18:15:00
10.49228461322164,10.801695103019084,11.104930275176851,16864200.0,2022-11-12 18:30:00
10.454444413896752,10.772681581850092,11.090000726116806,16865100.0,2022-11-12 18:45:00
10.418239771132528,10.746596916852438,11.074652920124606,16866000.0,2022-11-12 19:00:00
10.383299395603096,10.718914047171126,11.059031969474937,16866900.0,2022-11-12 19:15:00
10.3468107376582,10.69118424922425,11.0430982679074,16867800.0,2022-11-12 19:30:00
10.309501305027805,10.663920451256558,11.026750201084656,16868700.0,2022-11-12 19:45:00
10.28000753143328,10.637135760330764,11.01026505398944,16869600.0,2022-11-12 20:00:00
10.24572415849634,10.610769159087331,10.99356635032058,16870500.0,2022-11-12 20:15:00
10.213129120670036,10.58528646354486,10.976761156983857,16871400.0,2022-11-12 20:30:00
10.18818597522227,10.55918245296832,10.959902275863683,16872300.0,2022-11-12 20:45:00
10.160607348356676,10.535215073085736,10.943170085529797,16873200.0,2022-11-12 21:00:00
10.137460058957627,10.513087037592124,10.926727644798776,16874100.0,2022-11-12 21:15:00
10.115974632751316,10.490461325890664,10.910557070822952,16875000.0,2022-11-12 21:30:00
10.090474954457656,10.468843140157857,10.894664564029185,16875900.0,2022-11-12 21:45:00
10.065665529487909,10.447658936490257,10.878878609236535,16876800.0,2022-11-12 22:00:00
10.04262881171107,10.426792990114238,10.863318150590615,16877700.0,2022-11-12 22:15:00
10.021474023331768,10.406461087347346,10.847986658478314,16878600.0,2022-11-12 22:30:00
10.002234797788327,10.386868798129155,10.832856148685233,16879500.0,2022-11-12 22:45:00
9.986810277460538,10.3689153580017,10.81810778203025,16880400.0,2022-11-12 23:00:00
9.968169423989233,10.351972607755355,10.803710359218982,16881300.0,2022-11-12 23:15:00
9.94846707904962,10.335168921713622,10.78956287127348,16882200.0,2022-11-12 23:30:00
9.930153576428035,10.317117720013252,10.775605941028624,16883100.0,2022-11-12 23:45:00
9.913258175321715,10.301040316704512,10.76185386695452,16884000.0,2022-11-13 00:00:00
9.898055711618625,10.285242572416086,10.748342780069242,16884900.0,2022-11-13 00:15:00
9.881131708803206,10.2692652592123,10.735059681510185,16885800.0,2022-11-13 00:30:00
9.861561455852467,10.253369309302062,10.721937721642997,16886700.0,2022-11-13 00:45:00
9.842607709343072,10.236925833118242,10.708841200501451,16887600.0,2022-11-13 01:00:00
9.8201423415456,10.21993132454207,10.695674466927056,16888500.0,2022-11-13 01:15:00
9.797619622188128,10.203182800815508,10.682447562718004,16889400.0,2022-11-13 01:30:00
9.779484325183375,10.186848952664668,10.669182047209503,16890300.0,2022-11-13 01:45:00
9.763083987329683,10.169757404480798,10.655795387842826,16891200.0,2022-11-13 02:00:00
9.750813861949494,10.155200785473966,10.64253080270018,16892100.0,2022-11-13 02:15:00
9.738537597336125,10.14068397284908,10.62956183261812,16893000.0,2022-11-13 02:30:00
9.728911504114393,10.12650489914512,10.616845012025864,16893900.0,2022-11-13 02:45:00
9.720686661554062,10.114554369006289,10.60458934317408,16894800.0,2022-11-13 03:00:00
9.72062447376824,10.105032945062147,10.592829056956091,16895700.0,2022-11-13 03:15:00
9.728933635960386,10.09766662594524,10.5819433199216,16896600.0,2022-11-13 03:30:00
9.74254457417572,10.0941470097353,10.572068883608868,16897500.0,2022-11-13 03:45:00
9.763815452276045,10.09467210107171,10.563583883138376,16898400.0,2022-11-13 04:00:00
9.791029579094449,10.09897394706981,10.556742549721807,16899300.0,2022-11-13 04:15:00
9.820555947857375,10.106511299218557,10.551489308373316,16900200.0,2022-11-13 04:30:00
9.855453615294541,10.11603726864846,10.548036679499967,16901100.0,2022-11-13 04:45:00
9.896730166257177,10.131257071986006,10.546542488014358,16902000.0,2022-11-13 05:00:00
9.94262405210864,10.149098345998588,10.547258960657343,16902900.0,2022-11-13 05:15:00
9.99565412205851,10.172518300638544,10.550059627739603,16903800.0,2022-11-13 05:30:00
10.051600826722671,10.19854162723148,10.555129753862612,16904700.0,2022-11-13 05:45:00
10.111713450079227,10.228755137742876,10.562604615417154,16905600.0,2022-11-13 06:00:00
10.175660019151874,10.26196277201252,10.572295065493543,16906500.0,2022-11-13 06:15:00
10.23824686513698,10.297736247499804,10.584329919448152,16907400.0,2022-11-13 06:30:00
10.300155527630952,10.336093081446936,10.598352751859068,16908300.0,2022-11-13 06:45:00
10.361906665094764,10.375280905976185,10.614311929435832,16909200.0,2022-11-13 07:00:00
10.41932899368424,10.415187108086847,10.63193847561616,16910100.0,2022-11-13 07:15:00
10.472198975368991,10.455499111212648,10.650858199522997,16911000.0,2022-11-13 07:30:00
10.51560119923074,10.493266579904128,10.670614882819883,16911900.0,2022-11-13 07:45:00
10.547605722868807,10.527322217247235,10.690608580349478,16912800.0,2022-11-13 08:00:00
10.567391593438492,10.557750413315905,10.71020421840134,16913700.0,2022-11-13 08:15:00
10.577143306078604,10.582664812674963,10.728751017467436,16914600.0,2022-11-13 08:30:00
10.587124287262156,10.604408726709114,10.746061196770295,16915500.0,2022-11-13 08:45:00
10.60116518663872,10.623406610417693,10.762031644412454,16916400.0,2022-11-13 09:00:00
10.616181308653063,10.640699864832396,10.77671621102714,16917300.0,2022-11-13 09:15:00
10.63133742134498,10.657497470762294,10.790491937142448,16918200.0,2022-11-13 09:30:00
10.646619797705458,10.67447522073386,10.80366309005958,16919100.0,2022-11-13 09:45:00
10.660450492448485,10.688471712511102,10.816004943419747,16920000.0,2022-11-13 10:00:00
10.672739677368794,10.7024010762576,10.827703919754208,16920900.0,2022-11-13 10:15:00
10.686674719645106,10.716114968806863,10.83884649582694,16921800.0,2022-11-13 10:30:00
10.698074798265996,10.729602102731546,10.849677965003195,16922700.0,2022-11-13 10:45:00
10.702769266123411,10.740270877928534,10.859927852846852,16923600.0,2022-11-13 11:00:00
10.703886937060917,10.7506561299388,10.869673614277271,16924500.0,2022-11-13 11:15:00
10.701346075722595,10.756436739337923,10.878413661160678,16925400.0,2022-11-13 11:30:00
10.698132069716454,10.762033462732392,10.886287697620448,16926300.0,2022-11-13 11:45:00
10.690917282126032,10.764900557811131,10.89303463446433,16927200.0,2022-11-13 12:00:00
10.68078517405304,10.7657969214626,10.898724267558702,16928100.0,2022-11-13 12:15:00
10.669536817494023,10.76516437463484,10.903350336773098,16929000.0,2022-11-13 12:30:00
10.65533828056914,10.762262489177834,10.906925495187084,16929900.0,2022-11-13 12:45:00
10.64362891430876,10.758406270283151,10.909487729074575,16930800.0,2022-11-13 13:00:00
10.634777478598128,10.75476071649271,10.911184423095357,16931700.0,2022-11-13 13:15:00
10.624956562917763,10.749872150721254,10.912156567075748,16932600.0,2022-11-13 13:30:00
10.61339391746897,10.744488500726916,10.912473243496198,16933500.0,2022-11-13 13:45:00
10.596443328221955,10.738218785512707,10.912247647526282,16934400.0,2022-11-13 14:00:00
10.578077179245009,10.7299761090052,10.911238000642664,16935300.0,2022-11-13 14:15:00
10.556974786132306,10.72050693227234,10.909377623666176,16936200.0,2022-11-13 14:30:00
10.529296176524644,10.708461108734245,10.906529790779222,16937100.0,2022-11-13 14:45:00
10.497642588124473,10.69416817131259,10.902594168010047,16938000.0,2022-11-13 15:00:00
10.465532781085624,10.677494013001732,10.897492313331078,16938900.0,2022-11-13 15:15:00
10.434187373401034,10.65932425033437,10.891196833223384,16939800.0,2022-11-13 15:30:00
10.401017224297338,10.639719170548162,10.883704299308311,16940700.0,2022-11-13 15:45:00
10.36782838450334,10.619642133268185,10.875258839494617,16941600.0,2022-11-13 16:00:00
10.33813578402445,10.599384954923654,10.8659280522074,16942500.0,2022-11-13 16:15:00
10.30039005696528,10.576813915331972,10.855732648155776,16943400.0,2022-11-13 16:30:00
10.267514848531478,10.553355497851143,10.84462803983648,16944300.0,2022-11-13 16:45:00
10.235038086807432,10.530382997521723,10.832889265974536,16945200.0,2022-11-13 17:00:00
10.203493193078502,10.507654085428092,10.820573735313484,16946100.0,2022-11-13 17:15:00
10.16642085969443,10.483050227122629,10.807705510834866,16947000.0,2022-11-13 17:30:00
10.12911710354932,10.457702896796238,10.794251357803873,16947900.0,2022-11-13 17:45:00
10.093593470148916,10.432318364935448,10.780210587174416,16948800.0,2022-11-13 18:00:00
10.05701217668402,10.405499524570253,10.76560915329958,16949700.0,2022-11-13 18:15:00
10.02168475815206,10.3801362955354,10.75046886365788,16950600.0,2022-11-13 18:30:00
9.982593224859054,10.353470093568175,10.734924454769558,16951500.0,2022-11-13 18:45:00
9.948574390989672,10.326478995109474,10.719005930713395,16952400.0,2022-11-13 19:00:00
9.916742856274572,10.30045704216282,10.702694126859283,16953300.0,2022-11-13 19:15:00
9.890002312864958,10.273781674203567,10.68623107054988,16954200.0,2022-11-13 19:30:00
9.865055438127058,10.250247730377303,10.669869702947858,16955100.0,2022-11-13 19:45:00
9.84278007070696,10.227850036505163,10.653643540205666,16956000.0,2022-11-13 20:00:00
9.822652712820569,10.207371076854344,10.637816044151268,16956900.0,2022-11-13 20:15:00
9.808806383990653,10.188336129887894,10.622505553928525,16957800.0,2022-11-13 20:30:00
9.798103692858595,10.171261422608756,10.607772438351263,16958700.0,2022-11-13 20:45:00
9.790392031027118,10.156257910194626,10.593745656507156,16959600.0,2022-11-13 21:00:00
9.783812574100558,10.14283613820354,10.580609221180271,16960500.0,2022-11-13 21:15:00
9.775635900227956,10.130565511079974,10.568224011631848,16961400.0,2022-11-13 21:30:00
9.764899334533954,10.119377063202093,10.556437404834004,16962300.0,2022-11-13 21:45:00
9.753004569106976,10.107880485083498,10.54516544710778,16963200.0,2022-11-13 22:00:00
9.743656696371852,10.096437270721362,10.534248584033447,16964100.0,2022-11-13 22:15:00
9.738232756242382,10.086807562323395,10.523757067907432,16965000.0,2022-11-13 22:30:00
9.73463672560988,10.077556225793677,10.513680322497452,16965900.0,2022-11-13 22:45:00
9.728671939946569,10.069185813068636,10.503990693135083,16966800.0,2022-11-13 23:00:00
9.718022103338823,10.05998155272861,10.494660761526234,16967700.0,2022-11-13 23:15:00
9.707211216412688,10.050781300895313,10.485501791759138,16968600.0,2022-11-13 23:30:00
9.690921216004623,10.040297326610366,10.476473562817388,16969500.0,2022-11-13 23:45:00
9.674219297878079,10.028528167094487,10.467215887830283,16970400.0,2022-11-14 00:00:00
9.659548145493089,10.017821000540334,10.457844143518646,16971300.0,2022-11-14 00:15:00
9.647306983753978,10.006249279732485,10.44835669963106,16972200.0,2022-11-14 00:30:00
9.634364114192463,9.99456452509682,10.438681211580416,16973100.0,2022-11-14 00:45:00
9.623204811429245,9.983206285417577,10.42895143684028,16974000.0,2022-11-14 01:00:00
9.61580573493332,9.973048962812765,10.419397805345678,16974900.0,2022-11-14 01:15:00
9.612195996008259,9.964139101122532,10.410027050593134,16975800.0,2022-11-14 01:30:00
9.61427272428196,9.957310241332143,10.401059046055233,16976700.0,2022-11-14 01:45:00
9.61677381533891,9.952137939316188,10.392649957613337,16977600.0,2022-11-14 02:00:00
9.616576977747556,9.947075179252638,10.38489313529336,16978500.0,2022-11-14 02:15:00
9.616333442381952,9.942538189215238,10.377588284278714,16979400.0,2022-11-14 02:30:00
9.621527333211374,9.939562620235527,10.370791416749354,16980300.0,2022-11-14 02:45:00
9.631586137078578,9.938735579089775,10.364623877630892,16981200.0,2022-11-14 03:00:00
9.642757717744338,9.938970779603224,10.359254534556754,16982100.0,2022-11-14 03:15:00
9.655819826097556,9.940286115443696,10.354682020427672,16983000.0,2022-11-14 03:30:00
9.673014832713136,9.945007497991853,10.351124568934052,16983900.0,2022-11-14 03:45:00
9.69659059299136,9.951892932600373,10.348559631768405,16984800.0,2022-11-14 04:00:00
9.72679627028728,9.961228449375465,10.34724478269588,16985700.0,2022-11-14 04:15:00
9.755822876282599,9.972930786802898,10.347217639669372,16986600.0,2022-11-14 04:30:00
9.785080235968605,9.987090685576977,10.348521471501726,16987500.0,2022-11-14 04:45:00
9.815056068227108,10.001733147989215,10.350976232645504,16988400.0,2022-11-14 05:00:00
9.866025679718366,10.022023676703991,10.355048597782202,16989300.0,2022-11-14 05:15:00
9.918200404455277,10.046112607819056,10.360968076767636,16990200.0,2022-11-14 05:30:00
9.971410634391372,10.072419795613357,10.36884072796359,16991100.0,2022-11-14 05:45:00
10.012428652435815,10.099312448649217,10.378341822110944,16992000.0,2022-11-14 06:00:00
10.044103335535915,10.125992175361162,10.389142292481273,16992900.0,2022-11-14 06:15:00
10.06514946940196,10.14956050254318,10.40058306249345,16993800.0,2022-11-14 06:30:00
10.082804890309728,10.17056422859068,10.41204867770522,16994700.0,2022-11-14 06:45:00
10.105542633171584,10.190897525144022,10.42334258715878,16995600.0,2022-11-14 07:00:00
10.136307134339171,10.211063533778963,10.434631016633952,16996500.0,2022-11-14 07:15:00
10.172188713967888,10.233202303396236,10.446194695132798,16997400.0,2022-11-14 07:30:00
10.2057925911804,10.256472734411853,10.458183215852976,16998300.0,2022-11-14 07:45:00
10.23568695885295,10.279465110991332,10.470527828516731,16999200.0,2022-11-14 08:00:00
10.263471098774753,10.301409277907789,10.483198703471269,17000100.0,2022-11-14 08:15:00
10.283982769434402,10.321780766744771,10.495975987305568,17001000.0,2022-11-14 08:30:00
10.303932041823934,10.340420310409591,10.508678283567654,17001900.0,2022-11-14 08:45:00
10.326975708892656,10.360969106783449,10.52129464509374,17002800.0,2022-11-14 09:00:00
10.350827573723324,10.38130378560184,10.533934533866706,17003700.0,2022-11-14 09:15:00
10.369804028900386,10.39865603498375,10.54632494790028,17004600.0,2022-11-14 09:30:00
10.383619604233305,10.41598735258423,10.558594263044435,17005500.0,2022-11-14 09:45:00
10.395089039574684,10.431414873802574,10.570433548304756,17006400.0,2022-11-14 10:00:00
10.404334824244971,10.444167921976335,10.581606887131914,17007300.0,2022-11-14 10:15:00
10.411060076111095,10.456630265727885,10.592242911479833,17008200.0,2022-11-14 10:30:00
10.418378633304291,10.468102627285171,10.602361056735408,17009100.0,2022-11-14 10:45:00
10.425602356380958,10.478500032042463,10.611852418022757,17010000.0,2022-11-14 11:00:00
10.433733003532184,10.488582715269088,10.620841245049128,17010900.0,2022-11-14 11:15:00
10.44089629946614,10.497733929456563,10.629282073577066,17011800.0,2022-11-14 11:30:00
10.446173343622224,10.505855982717982,10.63722633215426,17012700.0,2022-11-14 11:45:00
10.445791508053407,10.507385874426276,10.644173085750111,17013600.0,2022-11-14 12:00:00
10.444530586079482,10.515816092749477,10.650942786582874,17014500.0,2022-11-14 12:15:00
10.438956172068249,10.518689080377492,10.65699150447364,17015400.0,2022-11-14 12:30:00
10.431761528348554,10.520764315962913,10.662294398386994,17016300.0,2022-11-14 12:45:00
10.425386095325436,10.522574558175275,10.666883974098075,17017200.0,2022-11-14 13:00:00
10.41583982574202,10.521147498626163,10.6706032574567,17018100.0,2022-11-14 13:15:00
10.407268013682106,10.519517642675911,10.673504920237407,17019000.0,2022-11-14 13:30:00
10.400375084128312,10.51722709573986,10.6757621345149,17019900.0,2022-11-14 13:45:00
10.393577074714774,10.51462820523594,10.677366429046604,17020800.0,2022-11-14 14:00:00
10.39330744898597,10.5140864678378,10.678800994294988,17021700.0,2022-11-14 14:15:00
10.394758389849263,10.512817238536554,10.680003447033872,17022600.0,2022-11-14 14:30:00
10.392026036053576,10.511487233098476,10.681076328822469,17023500.0,2022-11-14 14:45:00
10.38616265651229,10.508381767881476,10.681837970980435,17024400.0,2022-11-14 15:00:00
10.381652161183172,10.507658858915445,10.682550669285714,17025300.0,2022-11-14 15:15:00
10.374819446532674,10.504681445165224,10.682955751981124,17026200.0,2022-11-14 15:30:00
10.364662460533731,10.501943813636212,10.68313032974686,17027100.0,2022-11-14 15:45:00
10.353807597481287,10.49659087978381,10.682872262856124,17028000.0,2022-11-14 16:00:00
10.342281850354404,10.491275587623663,10.682067562027182,17028900.0,2022-11-14 16:15:00
10.329141424603629,10.48659214915255,10.680895668196769,17029800.0,2022-11-14 16:30:00
10.315319510625136,10.479099410772788,10.679257444739092,17030700.0,2022-11-14 16:45:00
10.302546323970663,10.471502250012769,10.6771452118407,17031600.0,2022-11-14 17:00:00
10.28906590986921,10.464313398534744,10.674594577847929,17032500.0,2022-11-14 17:15:00
10.27074244511104,10.454786107470683,10.671368530196382,17033400.0,2022-11-14 17:30:00
10.25049579357777,10.44437205831922,10.667591911611222,17034300.0,2022-11-14 17:45:00
10.225548061864409,10.432123777734342,10.663067071947564,17035200.0,2022-11-14 18:00:00
10.20032240323918,10.41871876998885,10.657807887806586,17036100.0,2022-11-14 18:15:00
10.177635182075,10.404558377033633,10.651804177055952,17037000.0,2022-11-14 18:30:00
10.157670949305352,10.390047732166948,10.645162331303135,17037900.0,2022-11-14 18:45:00
10.140674272684434,10.376484591180771,10.638130245893684,17038800.0,2022-11-14 19:00:00
10.1237871826321,10.363056608895,10.630789899079655,17039700.0,2022-11-14 19:15:00
10.109522774511344,10.349712475099045,10.6231675142912,17040600.0,2022-11-14 19:30:00
10.10192722493018,10.338807141272143,10.615639380681428,17041500.0,2022-11-14 19:45:00
10.096241408128806,10.328272051237402,10.608314818605333,17042400.0,2022-11-14 20:00:00
10.094772589271066,10.321143486348443,10.60156900085834,17043300.0,2022-11-14 20:15:00
10.09031211103586,10.312580636594896,10.59527475233438,17044200.0,2022-11-14 20:30:00
10.089029347364086,10.307017518506958,10.589491237460924,17045100.0,2022-11-14 20:45:00
10.087007908656064,10.302661480499816,10.584241741987276,17046000.0,2022-11-14 21:00:00
10.086783579256473,10.299331606845788,10.579507677352009,17046900.0,2022-11-14 21:15:00
10.088069902717184,10.29509118624052,10.575242510822036,17047800.0,2022-11-14 21:30:00
10.093613426595136,10.294128238517114,10.571560409319098,17048700.0,2022-11-14 21:45:00
10.09918014529717,10.293705170932116,10.568452175501202,17049600.0,2022-11-14 22:00:00
10.10666604236328,10.294478507938557,10.56592511735704,17050500.0,2022-11-14 22:15:00
10.115246426989062,10.296532153634784,10.563998755140052,17051400.0,2022-11-14 22:30:00
10.123710042239118,10.298388571341247,10.562586386964576,17052300.0,2022-11-14 22:45:00
10.134269981961964,10.302073945247647,10.561740326350083,17053200.0,2022-11-14 23:00:00
10.144777108146943,10.305886901957244,10.561572631802704,17054100.0,2022-11-14 23:15:00
10.156491965361738,10.311506271177583,10.561917100271156,17055000.0,2022-11-14 23:30:00
10.167940421536857,10.316387978752264,10.56265346610254,17055900.0,2022-11-14 23:45:00
10.178929398317807,10.323088858790904,10.564000620279907,17056800.0,2022-11-15 00:00:00
10.192402972085915,10.330166182198598,10.565877988718716,17057700.0,2022-11-15 00:15:00
10.20699324586696,10.338167947695975,10.568156106698911,17058600.0,2022-11-15 00:30:00
10.223307834610374,10.346339169252378,10.570918582817464,17059500.0,2022-11-15 00:45:00
10.240858493307378,10.356079770363632,10.574194440191858,17060400.0,2022-11-15 01:00:00
10.259302256965809,10.366389915067383,10.578112480458588,17061300.0,2022-11-15 01:15:00
10.27613793057656,10.377410954636462,10.582589471665568,17062200.0,2022-11-15 01:30:00
10.293726032171314,10.388600131734464,10.5874256381142,17063100.0,2022-11-15 01:45:00
10.313127650380842,10.400210646560357,10.59270676942622,17064000.0,2022-11-15 02:00:00
10.33094261314017,10.412365079255942,10.598452135538768,17064900.0,2022-11-15 02:15:00
10.34965000021017,10.425267519938076,10.604647114244877,17065800.0,2022-11-15 02:30:00
10.367548584132969,10.438630414654416,10.611236397841653,17066700.0,2022-11-15 02:45:00
10.38799974111083,10.45221063326669,10.61814880963608,17067600.0,2022-11-15 03:00:00
10.410437391554307,10.466657748303644,10.625559819581374,17068500.0,2022-11-15 03:15:00
10.43820652859265,10.481770046046917,10.633448445598033,17069400.0,2022-11-15 03:30:00
10.472952541522137,10.50054298673545,10.642043457577156,17070300.0,2022-11-15 03:45:00
10.510705884081649,10.521336345993497,10.651651193156685,17071200.0,2022-11-15 04:00:00
10.548692567981684,10.54353010966603,10.662417944819612,17072100.0,2022-11-15 04:15:00
10.578842606230172,10.566131425759904,10.674055357903557,17073000.0,2022-11-15 04:30:00
10.606830079837712,10.588651671872263,10.686361131429866,17073900.0,2022-11-15 04:45:00
10.639208745879154,10.612162691947956,10.699350075809486,17074800.0,2022-11-15 05:00:00
10.679773210889804,10.63723036080729,10.713075729348596,17075700.0,2022-11-15 05:15:00
10.725293550382606,10.664315313121032,10.72780427557026,17076600.0,2022-11-15 05:30:00
10.773981479726784,10.69398840611424,10.743584442299191,17077500.0,2022-11-15 05:45:00
10.840128744093573,10.729145969439491,10.760943866977737,17078400.0,2022-11-15 06:00:00
10.918231394266591,10.770649122940386,10.780560423068614,17079300.0,2022-11-15 06:15:00
11.002603334484396,10.81757339281735,10.802735271894353,17080200.0,2022-11-15 06:30:00
11.072361784162752,10.866098852671536,10.827364165043024,17081100.0,2022-11-15 06:45:00
11.131524831254024,10.913538433208606,10.853870216313087,17082000.0,2022-11-15 07:00:00
11.18395069789342,10.960020174911962,10.881644652398007,17082900.0,2022-11-15 07:15:00
11.2206703547623,11.00305225518515,10.9097796238768,17083800.0,2022-11-15 07:30:00
11.253319764375252,11.041031536549106,10.937510991409937,17084700.0,2022-11-15 07:45:00
11.283193394917014,11.077117504726706,10.96469574265965,17085600.0,2022-11-15 08:00:00
11.299007177247727,11.107642346078714,10.990592872966836,17086500.0,2022-11-15 08:15:00
11.312135970816724,11.134101397852373,11.014870411636451,17087400.0,2022-11-15 08:30:00
11.325958326070106,11.158565339541358,11.037689156714965,17088300.0,2022-11-15 08:45:00
11.333202186964012,11.179266749742604,11.058969795908157,17089200.0,2022-11-15 09:00:00
11.338989563698384,11.196679016417011,11.078596949259609,17090100.0,2022-11-15 09:15:00
11.347135230852755,11.211679663360853,11.096641498590476,17091000.0,2022-11-15 09:30:00
11.354668298356287,11.226187258098832,11.113392124326284,17091900.0,2022-11-15 09:45:00
11.352850122583298,11.23688365650613,11.128617730901066,17092800.0,2022-11-15 10:00:00
11.341920436071971,11.245621760319748,11.142458993403553,17093700.0,2022-11-15 10:15:00
11.328803493964438,11.248851741326227,11.154324986056666,17094600.0,2022-11-15 10:30:00
11.315913519484074,11.251316513145348,11.164601349433624,17095500.0,2022-11-15 10:45:00
11.297085429232904,11.249446747710532,11.173081285780544,17096400.0,2022-11-15 11:00:00
11.270109801997584,11.245073527930842,11.179790779309632,17097300.0,2022-11-15 11:15:00
11.236852337999684,11.235839031565146,11.184510813061316,17098200.0,2022-11-15 11:30:00
11.206746357948804,11.224278174090246,11.1872869836698,17099100.0,2022-11-15 11:45:00
11.181216335068614,11.212071461071838,11.1883205918642,17100000.0,2022-11-15 12:00:00
11.159237831881086,11.198690945559724,11.187892157936876,17100900.0,2022-11-15 12:15:00
11.140441698254437,11.186676538132312,11.18661877225372,17101800.0,2022-11-15 12:30:00
11.118861200633289,11.173326008850632,11.184370715566365,17102700.0,2022-11-15 12:45:00
11.098146612297766,11.159883960624466,11.18145646482292,17103600.0,2022-11-15 13:00:00
11.072862112462026,11.144919458856371,11.177837748132095,17104500.0,2022-11-15 13:15:00
11.042370131466052,11.130176177094224,11.173585663232434,17105400.0,2022-11-15 13:30:00
11.00865363030529,11.11349963205353,11.168558866687668,17106300.0,2022-11-15 13:45:00
10.969657612788849,11.091956074779947,11.162227091241412,17107200.0,2022-11-15 14:00:00
10.93436359323526,11.070717069578487,11.154780542772258,17108100.0,2022-11-15 14:15:00
10.899838212815483,11.048145975896826,11.146233073029949,17109000.0,2022-11-15 14:30:00
10.871870348512973,11.02715025497502,11.137099792440324,17109900.0,2022-11-15 14:45:00
10.847577661367856,11.006243305692236,11.127467742374211,17110800.0,2022-11-15 15:00:00
10.81730540453906,10.984781457161835,11.117391022426716,17111700.0,2022-11-15 15:15:00
10.780542726477403,10.962159178487443,11.106782349324094,17112600.0,2022-11-15 15:30:00
10.738877608396187,10.93764231859394,11.095426300691033,17113500.0,2022-11-15 15:45:00
10.695987233270053,10.91166035320452,11.083324793795155,17114400.0,2022-11-15 16:00:00
10.65553414434634,10.884527459464913,11.070429829083768,17115300.0,2022-11-15 16:15:00
10.611622483332408,10.856284964062285,11.056683517175632,17116200.0,2022-11-15 16:30:00
10.565597858053303,10.82629833969413,11.04197030434633,17117100.0,2022-11-15 16:45:00
10.520457548046432,10.796076953027187,11.026504588324409,17118000.0,2022-11-15 17:00:00
10.479744068606609,10.765949116378705,11.010345570336147,17118900.0,2022-11-15 17:15:00
10.436441745193331,10.734770423508431,10.993446871042073,17119800.0,2022-11-15 17:30:00
10.392310590064907,10.703763290871766,10.975948897641723,17120700.0,2022-11-15 17:45:00
10.347035828904804,10.67155260231061,10.957888511397806,17121600.0,2022-11-15 18:00:00
10.30180383245953,10.639257648000338,10.939363648655846,17122500.0,2022-11-15 18:15:00
10.253493577350197,10.60447085474015,10.92013372745196,17123400.0,2022-11-15 18:30:00
10.204615266765083,10.570743232675524,10.90023910872446,17124300.0,2022-11-15 18:45:00
10.162535169517936,10.536882145235024,10.87997272965559,17125200.0,2022-11-15 19:00:00
10.125282449537472,10.50388934150502,10.85945493335019,17126100.0,2022-11-15 19:15:00
10.09583398146506,10.47437592471365,10.838880170706872,17127000.0,2022-11-15 19:30:00
10.068413305453856,10.445888340637948,10.818604204887183,17127900.0,2022-11-15 19:45:00
10.041902352979886,10.417582639022092,10.79864776552315,17128800.0,2022-11-15 20:00:00
10.018473598173887,10.391619316371182,10.77910928551426,17129700.0,2022-11-15 20:15:00
9.99550867296048,10.36823069045228,10.760301261929564,17130600.0,2022-11-15 20:30:00
9.977680159673524,10.34558788184466,10.742091523962388,17131500.0,2022-11-15 20:45:00
9.960332880625204,10.324616896713756,10.724568475865857,17132400.0,2022-11-15 21:00:00
9.944257255237332,10.306237982639288,10.707821318518311,17133300.0,2022-11-15 21:15:00
9.927010223332461,10.287241910436787,10.69176909302458,17134200.0,2022-11-15 21:30:00
9.909045337050998,10.269118324476334,10.67616786037085,17135100.0,2022-11-15 21:45:00
9.897559321685325,10.253666184783729,10.66118391161967,17136000.0,2022-11-15 22:00:00
9.886929936452145,10.237930272842814,10.646781942364468,17136900.0,2022-11-15 22:15:00
9.875851714453741,10.223974035451349,10.632952762030207,17137800.0,2022-11-15 22:30:00
9.860205981647598,10.209704101685434,10.61958906984168,17138700.0,2022-11-15 22:45:00
9.846813901632002,10.194788022059264,10.606511005324869,17139600.0,2022-11-15 23:00:00
9.835735815653951,10.182094357418425,10.593885642634092,17140500.0,2022-11-15 23:15:00
9.827529754856936,10.171104825204615,10.581624551267916,17141400.0,2022-11-15 23:30:00
9.820891011314792,10.159434804996383,10.569826995899488,17142300.0,2022-11-15 23:45:00
9.814515038556003,10.148522305293705,10.558387432043812,17143200.0,2022-11-16 00:00:00
9.806544976825165,10.138563947948574,10.547434607122828,17144100.0,2022-11-16 00:15:00
9.800268633185343,10.129226025705629,10.536911604249,17145000.0,2022-11-16 00:30:00
9.794806956661926,10.119658307684592,10.526854505364124,17145900.0,2022-11-16 00:45:00
9.789083083485064,10.112766284354818,10.517195708004431,17146800.0,2022-11-16 01:00:00
9.782688515969728,10.103804945261082,10.507894778079674,17147700.0,2022-11-16 01:15:00
9.776745136851064,10.096454388338689,10.498926030036587,17148600.0,2022-11-16 01:30:00
9.771604265875123,10.089379552195703,10.490255476023828,17149500.0,2022-11-16 01:45:00
9.767321001349615,10.082260167042028,10.481840603916964,17150400.0,2022-11-16 02:00:00
9.76407447075051,10.075819329573056,10.473679073593118,17151300.0,2022-11-16 02:15:00
9.764455309799507,10.070275708702969,10.465745825170655,17152200.0,2022-11-16 02:30:00
9.772326816338055,10.067132181152516,10.45843981814169,17153100.0,2022-11-16 02:45:00
9.786967582372377,10.066823734007135,10.451893744728412,17154000.0,2022-11-16 03:00:00
9.80554971799762,10.068572609919109,10.446335945318918,17154900.0,2022-11-16 03:15:00
9.824674340090736,10.073006409511654,10.44190468255336,17155800.0,2022-11-16 03:30:00
9.844713918048699,10.078803880494934,10.438692140964555,17156700.0,2022-11-16 03:45:00
9.868522681234749,10.086680802117955,10.4366362682848,17157600.0,2022-11-16 04:00:00
9.890953909982583,10.096465131953671,10.435748198733105,17158500.0,2022-11-16 04:15:00
9.917943518034303,10.108598949673516,10.436014844243603,17159400.0,2022-11-16 04:30:00
9.94326563643776,10.121199134855544,10.43730191954114,17160300.0,2022-11-16 04:45:00
9.963978028635859,10.133136731659322,10.439445981358697,17161200.0,2022-11-16 05:00:00
9.982812964702088,10.145287795520227,10.442340357601436,17162100.0,2022-11-16 05:15:00
10.000715216415063,10.157764799936784,10.445746341688084,17163000.0,2022-11-16 05:30:00
10.018480897902885,10.170024485425245,10.44954506884994,17163900.0,2022-11-16 05:45:00
10.037110813238511,10.18231570331195,10.453718931441648,17164800.0,2022-11-16 06:00:00
10.056728661940216,10.195094684144552,10.4583188025721,17165700.0,2022-11-16 06:15:00
10.078912271424953,10.207785673682324,10.463309775069233,17166600.0,2022-11-16 06:30:00
10.104268516917088,10.222733493830177,10.468804611808148,17167500.0,2022-11-16 06:45:00
10.126944364348024,10.237509588758511,10.47474498717879,17168400.0,2022-11-16 07:00:00
10.147720788019562,10.252031995121635,10.481090150816293,17169300.0,2022-11-16 07:15:00
10.17032029275593,10.267430574055092,10.48791661744962,17170200.0,2022-11-16 07:30:00
10.19551737159986,10.282903126553684,10.495107332380938,17171100.0,2022-11-16 07:45:00
10.220217024012188,10.299669172057612,10.50275533540847,17172000.0,2022-11-16 08:00:00
10.243035207161247,10.3163630868002,10.510880610150505,17172900.0,2022-11-16 08:15:00
10.266666076426748,10.333258057451632,10.51925812853943,17173800.0,2022-11-16 08:30:00
10.298316849307223,10.351310465939507,10.52805846977876,17174700.0,2022-11-16 08:45:00
10.332504792998789,10.372078827126789,10.537717265651247,17175600.0,2022-11-16 09:00:00
10.368502021733956,10.393797454924652,10.548150900496688,17176500.0,2022-11-16 09:15:00
10.39822411848713,10.414539259335658,10.55915977677045,17177400.0,2022-11-16 09:30:00
10.4269440865848,10.435694702791237,10.57072860433174,17178300.0,2022-11-16 09:45:00
10.460436247049577,10.459567047760336,10.582963114784008,17179200.0,2022-11-16 10:00:00
10.4974866385534,10.484103006699334,10.595966953258994,17180100.0,2022-11-16 10:15:00
10.53463597529366,10.508698095115694,10.609564315514511,17181000.0,2022-11-16 10:30:00
10.57830242627446,10.53563529413505,10.623948079816024,17181900.0,2022-11-16 10:45:00
10.618023183704764,10.564062353682038,10.639282711664366,17182800.0,2022-11-16 11:00:00
10.652817639326802,10.59108770116418,10.655172871191231,17183700.0,2022-11-16 11:15:00
10.690287599820309,10.619186430210704,10.671696835536018,17184600.0,2022-11-16 11:30:00
10.725120542208916,10.647092730278464,10.688742210559354,17185500.0,2022-11-16 11:45:00
10.754566527195443,10.67458240869722,10.70605159256458,17186400.0,2022-11-16 12:00:00
10.780872463763764,10.700499209364803,10.723455985170364,17187300.0,2022-11-16 12:15:00
10.8041175873155,10.724269125659106,10.740648105231609,17188200.0,2022-11-16 12:30:00
10.82435881044998,10.745841818689312,10.757330687165796,17189100.0,2022-11-16 12:45:00
10.838204876214068,10.765466728345524,10.773400473502797,17190000.0,2022-11-16 13:00:00
10.85160209960966,10.783427882541938,10.788772133802617,17190900.0,2022-11-16 13:15:00
10.862162466124342,10.79957948759354,10.803425925765884,17191800.0,2022-11-16 13:30:00
10.863632655227928,10.81333086300582,10.817158189090875,17192700.0,2022-11-16 13:45:00
10.86198801097871,10.82544411742288,10.83000096452294,17193600.0,2022-11-16 14:00:00
10.86525560008466,10.836171288972032,10.84196456725642,17194500.0,2022-11-16 14:15:00
10.869831235779673,10.84305217496184,10.85275727315004,17195400.0,2022-11-16 14:30:00
10.87400740948673,10.850137825117308,10.862504711276438,17196300.0,2022-11-16 14:45:00
10.877300490111343,10.857089625268152,10.871515904065305,17197200.0,2022-11-16 15:00:00
10.884760963872898,10.86326611161676,10.87990561271278,17198100.0,2022-11-16 15:15:00
10.89259949128162,10.86997905366214,10.887839718969134,17199000.0,2022-11-16 15:30:00
10.9018478334878,10.87939023572724,10.89590508813982,17199900.0,2022-11-16 15:45:00
10.907912507390694,10.886664116573575,10.903881160929297,17200800.0,2022-11-16 16:00:00
10.911405649033393,10.893877492798309,10.911677970075417,17201700.0,2022-11-16 16:15:00
10.911926099723315,10.899790293285584,10.919212825717706,17202600.0,2022-11-16 16:30:00
10.911390202247288,10.904874433121384,10.926279870431523,17203500.0,2022-11-16 16:45:00
10.909794790142712,10.90887547449115,10.932928014724292,17204400.0,2022-11-16 17:00:00
10.908316127881308,10.913187561789002,10.939183413263937,17205300.0,2022-11-16 17:15:00
10.905562036887606,10.915514905825653,10.944905276896408,17206200.0,2022-11-16 17:30:00
10.898978594183022,10.915412782419052,10.949799615023608,17207100.0,2022-11-16 17:45:00
10.89158593272098,10.9153449647114,10.954017130774895,17208000.0,2022-11-16 18:00:00
10.883368316390914,10.915595119631435,10.957870998598295,17208900.0,2022-11-16 18:15:00
10.874778534177588,10.914248936892417,10.961206280662816,17209800.0,2022-11-16 18:30:00
10.864499890656184,10.912478512115769,10.964040524780446,17210700.0,2022-11-16 18:45:00
10.855462808466951,10.908404266452049,10.966006051513816,17211600.0,2022-11-16 19:00:00
10.847684296413496,10.904976955955288,10.967452932449373,17212500.0,2022-11-16 19:15:00
10.838168513683591,10.901373503096982,10.968496730701592,17213400.0,2022-11-16 19:30:00
10.822934809537683,10.89537732945171,10.968927583517845,17214300.0,2022-11-16 19:45:00
10.808297623134148,10.888291519199852,10.968627802523857,17215200.0,2022-11-16 20:00:00
10.793521748785988,10.879913804502351,10.967643271545834,17216100.0,2022-11-16 20:15:00
10.77709460995858,10.871317376966388,10.966060073332796,17217000.0,2022-11-16 20:30:00
10.760717078564667,10.863127274091887,10.96398824539308,17217900.0,2022-11-16 20:45:00
10.7478291239427,10.855177939650932,10.961710981061662,17218800.0,2022-11-16 21:00:00
10.733983741851448,10.846047361061787,10.959043019601763,17219700.0,2022-11-16 21:15:00
10.720259421514942,10.837157210776835,10.956041183738222,17220600.0,2022-11-16 21:30:00
10.708357071135737,10.82872662850282,10.952684481915249,17221500.0,2022-11-16 21:45:00
10.697219588571102,10.819547212687166,10.949167405334771,17222400.0,2022-11-16 22:00:00
10.68723964184068,10.811286248986963,10.94548919856262,17223300.0,2022-11-16 22:15:00
10.679129492324906,10.803795034425084,10.941899341518678,17224200.0,2022-11-16 22:30:00
10.670334079505894,10.797068758468471,10.938466715631897,17225100.0,2022-11-16 22:45:00
10.661050583220794,10.788403716961446,10.934782099397635,17226000.0,2022-11-16 23:00:00
10.6517454776946,10.78320206796284,10.9312728058428,17226900.0,2022-11-16 23:15:00
10.642558585084718,10.775741083414944,10.927812120643477,17227800.0,2022-11-16 23:30:00
10.629110124956318,10.767681359796365,10.924155247453887,17228700.0,2022-11-16 23:45:00
10.616544850141704,10.760385043300106,10.920348341245942,17229600.0,2022-11-17 00:00:00
10.608312742154911,10.753256785287611,10.916435604251063,17230500.0,2022-11-17 00:15:00
10.601677333942163,10.744593617179254,10.912374772173957,17231400.0,2022-11-17 00:30:00
10.593432669548012,10.739713409283471,10.908547792823445,17232300.0,2022-11-17 00:45:00
10.584295615272255,10.73229099082656,10.90460752715686,17233200.0,2022-11-17 01:00:00
10.572099859892887,10.726042220588388,10.90068339172538,17234100.0,2022-11-17 01:15:00
10.55750288119192,10.717650068562737,10.896567468250844,17235000.0,2022-11-17 01:30:00
10.542870756616356,10.708766142735138,10.892029045634535,17235900.0,2022-11-17 01:45:00
10.531099646633866,10.700970678851975,10.887338580732544,17236800.0,2022-11-17 02:00:00
10.522617059867343,10.692094720980691,10.882414880531815,17237700.0,2022-11-17 02:15:00
10.515096811594391,10.686700752193165,10.877544574877463,17238600.0,2022-11-17 02:30:00
10.510108684136972,10.673688465431884,10.87211791711087,17239500.0,2022-11-17 02:45:00
10.513104065463663,10.670746202453806,10.867145335056028,17240400.0,2022-11-17 03:00:00
10.520086040620022,10.668357689486752,10.862911302597851,17241300.0,2022-11-17 03:15:00
10.533963145150944,10.669462266110862,10.859624215505706,17242200.0,2022-11-17 03:30:00
10.552537474228686,10.672407131277325,10.857357407869022,17243100.0,2022-11-17 03:45:00
10.575807311698776,10.677020173541871,10.856238347440067,17244000.0,2022-11-17 04:00:00
10.604368787472238,10.686161723323272,10.856535986811087,17244900.0,2022-11-17 04:15:00
10.639718216587278,10.699725665903651,10.858605880573055,17245800.0,2022-11-17 04:30:00
10.677828112888276,10.714647480091108,10.8622903336976,17246700.0,2022-11-17 04:45:00
10.718021654528988,10.73568701416557,10.868073973001003,17247600.0,2022-11-17 05:00:00
10.75504883699964,10.756247930381477,10.87553680075376,17248500.0,2022-11-17 05:15:00
10.789746846406564,10.778906025823645,10.88454986871924,17249400.0,2022-11-17 05:30:00
10.82348984538686,10.798588518359892,10.89443194481746,17250300.0,2022-11-17 05:45:00
10.858812419750649,10.825192561401654,10.9057000794561,17251200.0,2022-11-17 06:00:00
10.8960578160643,10.851165544716745,10.918148841496782,17252100.0,2022-11-17 06:15:00
10.929744280829588,10.876184673665016,10.93144370102416,17253000.0,2022-11-17 06:30:00
10.950483479783024,10.897628493414052,10.944836421453708,17253900.0,2022-11-17 06:45:00
10.969012816120914,10.91819165402778,10.958127414537104,17254800.0,2022-11-17 07:00:00
10.98403887597368,10.938812253794277,10.971414875570163,17255700.0,2022-11-17 07:15:00
10.996274468178417,10.955028969236082,10.984283848657402,17256600.0,2022-11-17 07:30:00
11.008963244296748,10.972300932122966,10.996778544700478,17257500.0,2022-11-17 07:45:00
11.019357252678532,10.982774517118973,11.008086361689028,17258400.0,2022-11-17 08:00:00
11.029144030749388,11.005024974988416,11.020132051178331,17259300.0,2022-11-17 08:15:00
11.037399418866686,11.02468858179617,11.032663796101962,17260200.0,2022-11-17 08:30:00
11.045046959849774,11.040750562038358,11.045115824448333,17261100.0,2022-11-17 08:45:00
11.046739163276778,11.042896658843896,11.05527340896442,17262000.0,2022-11-17 09:00:00
11.051097736396216,11.053947609228372,11.064676718385298,17262900.0,2022-11-17 09:15:00
11.048372294937506,11.045152833874909,11.070868546398325,17263800.0,2022-11-17 09:30:00
11.047582983239398,11.052316290895176,11.076529456616324,17264700.0,2022-11-17 09:45:00
11.041929781938563,11.053985497303955,11.081571219421855,17265600.0,2022-11-17 10:00:00
11.0314247814881,11.051772581039662,11.085505380913917,17266500.0,2022-11-17 10:15:00
11.02519610529354,11.053129530222346,11.089105074504673,17267400.0,2022-11-17 10:30:00
11.017503206118654,11.05190896240156,11.092130476002668,17268300.0,2022-11-17 10:45:00
11.009291807330582,11.042866192067798,11.093434700613551,17269200.0,2022-11-17 11:00:00
11.0009403775287,11.042956212831376,11.094656074360993,17270100.0,2022-11-17 11:15:00
10.991204031822326,11.048487835330665,11.096970762681076,17271000.0,2022-11-17 11:30:00
10.974051369251868,11.03224556869181,11.09692880558457,17271900.0,2022-11-17 11:45:00
10.9603319197384,11.021733251443948,11.095403554412783,17272800.0,2022-11-17 12:00:00
10.950584402534528,11.015114763982249,11.093581289107371,17273700.0,2022-11-17 12:15:00
10.944149512450768,11.01691684524541,11.092735321626437,17274600.0,2022-11-17 12:30:00
10.93081597809017,11.004187591190874,11.090953482186736,17275500.0,2022-11-17 12:45:00
10.921886759679612,11.00485504675008,11.089817968049132,17276400.0,2022-11-17 13:00:00
10.90892487322413,10.994099204688265,11.087874521511957,17277300.0,2022-11-17 13:15:00
10.898572208260378,10.988310647879796,11.085710604613272,17278200.0,2022-11-17 13:30:00
10.889385710474514,10.981071250918315,11.083142782348563,17279100.0,2022-11-17 13:45:00
10.881026797222352,10.977047988629872,11.080762372866728,17280000.0,2022-11-17 14:00:00
10.87403609625748,10.96795633362914,11.07791259192082,17280900.0,2022-11-17 14:15:00
10.868663483750378,10.96460119382988,11.07539925877306,17281800.0,2022-11-17 14:30:00
10.859713726701765,10.95825386999154,11.07277209948283,17282700.0,2022-11-17 14:45:00
10.849298270197592,10.948501375765447,11.069596992220774,17283600.0,2022-11-17 15:00:00
10.843441885348588,10.956260070074412,11.067983183815388,17284500.0,2022-11-17 15:15:00
10.830969822933117,10.936819833894088,11.064496454834508,17285400.0,2022-11-17 15:30:00
10.82158017816626,10.923466641976184,11.059902155370583,17286300.0,2022-11-17 15:45:00
10.814880510483668,10.920783354445296,11.055871494221268,17287200.0,2022-11-17 16:00:00
10.808555967836838,10.914902766792332,11.052214110214647,17288100.0,2022-11-17 16:15:00
10.805025423990555,10.91303483878281,11.049186872746033,17289000.0,2022-11-17 16:30:00
10.798673005988148,10.906811404795388,11.046144995442535,17289900.0,2022-11-17 16:45:00
10.792179646981586,10.903101053681109,11.04326842085108,17290800.0,2022-11-17 17:00:00
10.785121918501668,10.897661861913162,11.040501776179426,17291700.0,2022-11-17 17:15:00
10.780352158656976,10.894443619303432,11.037937631277387,17292600.0,2022-11-17 17:30:00
10.775490783125408,10.88685889959058,11.035012536950845,17293500.0,2022-11-17 17:45:00
10.770677071812656,10.886374605660851,11.032539604426,17294400.0,2022-11-17 18:00:00
10.762913436396122,10.882624074880926,11.030010013566176,17295300.0,2022-11-17 18:15:00
10.753724029052767,10.875459746596764,11.027036084939084,17296200.0,2022-11-17 18:30:00
10.743133317552797,10.868917003796255,11.02375725860034,17297100.0,2022-11-17 18:45:00
10.731576229711234,10.858072347150353,11.019802913283906,17298000.0,2022-11-17 19:00:00
10.723658432708293,10.859486106587248,11.016558458334034,17298900.0,2022-11-17 19:15:00
10.709413609571827,10.846328198231191,11.012488872694512,17299800.0,2022-11-17 19:30:00
10.700704776049127,10.843431209549244,11.008633094610127,17300700.0,2022-11-17 19:45:00
10.685045562015626,10.825997863062582,11.003402691427672,17301600.0,2022-11-17 20:00:00
10.672552994042642,10.819964436353128,10.998220636899376,17302500.0,2022-11-17 20:15:00
10.658126464056489,10.81239923132936,10.993123070846682,17303400.0,2022-11-17 20:30:00
10.642101457865298,10.796675233519078,10.987107649628916,17304300.0,2022-11-17 20:45:00
10.626004617199328,10.786322331056422,10.980861283693786,17305200.0,2022-11-17 21:00:00
10.606105515354118,10.780633398479017,10.97510361130001,17306100.0,2022-11-17 21:15:00
10.586835071954132,10.767797935757573,10.96888017549791,17307000.0,2022-11-17 21:30:00
10.570673712998758,10.754593393089534,10.961928001864454,17307900.0,2022-11-17 21:45:00
10.557524706899104,10.742525985367491,10.954640131078309,17308800.0,2022-11-17 22:00:00
10.544582497705198,10.73113718334303,10.947206117799194,17309700.0,2022-11-17 22:15:00
10.53277718827257,10.721233096905392,10.93974925659022,17310600.0,2022-11-17 22:30:00
10.52055486784416,10.709584399789843,10.93226789701113,17311500.0,2022-11-17 22:45:00
10.509223589191016,10.697475893560815,10.924624186345048,17312400.0,2022-11-17 23:00:00
10.49889752875384,10.681448597337258,10.91653823118128,17313300.0,2022-11-17 23:15:00
10.487895682425508,10.67313509792218,10.908922518471526,17314200.0,2022-11-17 23:30:00
10.476542875260767,10.666235542158958,10.901911756167229,17315100.0,2022-11-17 23:45:00
10.46391818693258,10.658034634254731,10.89518941070918,17316000.0,2022-11-18 00:00:00
10.452827356496671,10.644466731629612,10.888154729804604,17316900.0,2022-11-18 00:15:00
10.44355873736456,10.637468798114046,10.881213423674827,17317800.0,2022-11-18 00:30:00
10.431311749318969,10.630687758060976,10.874550596949389,17318700.0,2022-11-18 00:45:00
10.4170815100324,10.619126304927114,10.867699146503684,17319600.0,2022-11-18 01:00:00
10.405009030017943,10.608307893360768,10.860675630830649,17320500.0,2022-11-18 01:15:00
10.39436386232526,10.600057871552556,10.853753781754929,17321400.0,2022-11-18 01:30:00
10.38611031229655,10.591427163047731,10.846854687689946,17322300.0,2022-11-18 01:45:00
10.378961054875028,10.583301256807488,10.840064318465451,17323200.0,2022-11-18 02:00:00
10.370598142360103,10.57341072763028,10.833121019629868,17324100.0,2022-11-18 02:15:00
10.365352779514698,10.565676443429943,10.826356205890615,17325000.0,2022-11-18 02:30:00
10.361798752295964,10.557941261708637,10.819737000446755,17325900.0,2022-11-18 02:45:00
10.363712336804928,10.555459272305155,10.813819334660725,17326800.0,2022-11-18 03:00:00
10.36944926532962,10.551417789405562,10.808457934567873,17327700.0,2022-11-18 03:15:00
10.384061002742667,10.547153125192892,10.803554299245018,17328600.0,2022-11-18 03:30:00
10.40121506417906,10.557680936990176,10.80044586885634,17329500.0,2022-11-18 03:45:00
10.411478774437525,10.556676470024197,10.798079959300988,17330400.0,2022-11-18 04:00:00
10.4313071693435,10.561665086848135,10.796711628934617,17331300.0,2022-11-18 04:15:00
10.449978804547635,10.569992730342092,10.796454878698713,17332200.0,2022-11-18 04:30:00
10.469739981791088,10.576828181642863,10.79716235742727,17333100.0,2022-11-18 04:45:00
10.48819623469771,10.589401085739192,10.799162549458543,17334000.0,2022-11-18 05:00:00
10.504320441428836,10.597491513830535,10.801862340326796,17334900.0,2022-11-18 05:15:00
10.517835947358542,10.612963721139309,10.805631887830648,17335800.0,2022-11-18 05:30:00
10.526741254857352,10.617856757629555,10.809281186031964,17336700.0,2022-11-18 05:45:00
10.543008383034016,10.634685949782789,10.813788131568318,17337600.0,2022-11-18 06:00:00
10.556593860542772,10.632895871938928,10.817304394510485,17338500.0,2022-11-18 06:15:00
10.57326393661508,10.648042903406871,10.821559052253088,17339400.0,2022-11-18 06:30:00
10.590314281788034,10.658279077495576,10.826243440933638,17340300.0,2022-11-18 06:45:00
10.622609720413482,10.673442126887686,10.831852651455812,17341200.0,2022-11-18 07:00:00
10.648553963581804,10.690226729331428,10.838464299595971,17342100.0,2022-11-18 07:15:00
10.676054082931506,10.703896917796454,10.845631308660916,17343000.0,2022-11-18 07:30:00
10.7049153900156,10.722933327116891,10.853797094056558,17343900.0,2022-11-18 07:45:00
10.730044645886515,10.738324493152705,10.862452231924085,17344800.0,2022-11-18 08:00:00
10.756501066458307,10.759754957736382,10.872094555165432,17345700.0,2022-11-18 08:15:00
10.775758359556358,10.773546645287825,10.881780609634369,17346600.0,2022-11-18 08:30:00
10.79246614240678,10.79475688795782,10.89228885103498,17347500.0,2022-11-18 08:45:00
10.80200299333576,10.809820412034409,10.902746016019377,17348400.0,2022-11-18 09:00:00
10.805806095934914,10.821369795758995,10.91257582633368,17349300.0,2022-11-18 09:15:00
10.806509972126454,10.830274885517715,10.921401397513833,17350200.0,2022-11-18 09:30:00
10.804417856631398,10.837717663613487,10.92931582966236,17351100.0,2022-11-18 09:45:00
10.797593568636984,10.838711756094968,10.935740324389142,17352000.0,2022-11-18 10:00:00
10.790342625264936,10.840179771490392,10.940973176994552,17352900.0,2022-11-18 10:15:00
10.782670724752087,10.84398087081452,10.945620443433572,17353800.0,2022-11-18 10:30:00
10.774869041101368,10.843678532093886,10.94936026667068,17354700.0,2022-11-18 10:45:00
10.767355821939054,10.838761923647224,10.95174559712445,17355600.0,2022-11-18 11:00:00
10.757976995405595,10.835416166558003,10.953310066425082,17356500.0,2022-11-18 11:15:00
10.749056357744957,10.843900688482288,10.955708351098634,17357400.0,2022-11-18 11:30:00
10.732733067948963,10.82858584241967,10.955872608302178,17358300.0,2022-11-18 11:45:00
10.717389478129848,10.818899303126177,10.954619442525598,17359200.0,2022-11-18 12:00:00
10.700580082019217,10.821013753542454,10.95388808989762,17360100.0,2022-11-18 12:15:00
10.67925886335962,10.814129461458538,10.952640428254268,17361000.0,2022-11-18 12:30:00
10.65500513762667,10.794339181605986,10.9492756551219,17361900.0,2022-11-18 12:45:00
10.63667870690886,10.782246785831244,10.944811943211477,17362800.0,2022-11-18 13:00:00
10.617347763225212,10.77094663688014,10.939854387776622,17363700.0,2022-11-18 13:15:00
10.596955234291023,10.763317121509502,10.934901848338647,17364600.0,2022-11-18 13:30:00
10.574688508253242,10.743670058741404,10.928591421951785,17365500.0,2022-11-18 13:45:00
10.555237949010994,10.7293586046304,10.921728102437012,17366400.0,2022-11-18 14:00:00
10.535489108800062,10.714919967499764,10.914496629246608,17367300.0,2022-11-18 14:15:00
10.515596529335271,10.699671058581732,10.906910117035144,17368200.0,2022-11-18 14:30:00
10.496755150587807,10.693598824128069,10.899906650089244,17369100.0,2022-11-18 14:45:00
10.473199166158684,10.671775049844817,10.891926815834704,17370000.0,2022-11-18 15:00:00
10.450583076450602,10.658048344509636,10.883519305259084,17370900.0,2022-11-18 15:15:00
10.42088922924489,10.642146810178314,10.874705121740202,17371800.0,2022-11-18 15:30:00
10.390578251073604,10.619506285585556,10.864844413262675,17372700.0,2022-11-18 15:45:00
10.362002277722596,10.607223300333654,10.85495481406503,17373600.0,2022-11-18 16:00:00
10.333679604885573,10.58253541237533,10.84404720872482,17374500.0,2022-11-18 16:15:00
10.307814424905152,10.560794764797317,10.832338495803114,17375400.0,2022-11-18 16:30:00
10.282984224891964,10.54036736101006,10.820233601352596,17376300.0,2022-11-18 16:45:00
10.260940904708969,10.525278939371578,10.80829751985858,17377200.0,2022-11-18 17:00:00
10.23670304911922,10.50082484739289,10.795922813880896,17378100.0,2022-11-18 17:15:00
10.214860437990763,10.489266628757232,10.783980523477386,17379000.0,2022-11-18 17:30:00
10.191294213179592,10.465115481836929,10.771525502817507,17379900.0,2022-11-18 17:45:00
10.170305799836225,10.453434431166311,10.759301839474968,17380800.0,2022-11-18 18:00:00
10.14479873335841,10.423782511361456,10.746416027053684,17381700.0,2022-11-18 18:15:00
10.122916510105332,10.40604910734103,10.733478650157553,17382600.0,2022-11-18 18:30:00
10.099610237141178,10.389323935269536,10.7208083506623,17383500.0,2022-11-18 18:45:00
10.073367192328629,10.371577542396588,10.708338569285235,17384400.0,2022-11-18 19:00:00
10.049283574527312,10.352005241278588,10.69564009641107,17385300.0,2022-11-18 19:15:00
10.021901716392009,10.332087452292724,10.682665150392214,17386200.0,2022-11-18 19:30:00
9.992611685710433,10.311820867240154,10.669573314950334,17387100.0,2022-11-18 19:45:00
9.9609157378747,10.292707033373482,10.656222486146776,17388000.0,2022-11-18 20:00:00
9.930995137821448,10.266290091040416,10.642113875876996,17388900.0,2022-11-18 20:15:00
9.90387289618209,10.246123424783963,10.627718302361563,17389800.0,2022-11-18 20:30:00
9.87771181156307,10.223846829133896,10.613049098657113,17390700.0,2022-11-18 20:45:00
9.853715057511907,10.202630892307663,10.598368984916174,17391600.0,2022-11-18 21:00:00
9.832045818771842,10.18837941489812,10.583851329844482,17392500.0,2022-11-18 21:15:00
9.806255528699726,10.164537669604773,10.569043534184718,17393400.0,2022-11-18 21:30:00
9.780585423624887,10.142813453256265,10.55393320831309,17394300.0,2022-11-18 21:45:00
9.754977065160249,10.122145746639106,10.53858468130712,17395200.0,2022-11-18 22:00:00
9.728461599718273,10.09746304567108,10.523181540595662,17396100.0,2022-11-18 22:15:00
9.70252928165965,10.078490669642235,10.507769378243694,17397000.0,2022-11-18 22:30:00
9.673980300590062,10.057168731397464,10.492166658436297,17397900.0,2022-11-18 22:45:00
9.645490996315232,10.031675033622012,10.4763753495888,17398800.0,2022-11-18 23:00:00
9.62026367554466,10.012052935066947,10.460568336366793,17399700.0,2022-11-18 23:15:00
9.594599808108606,9.99172622188106,10.444782762116432,17400600.0,2022-11-18 23:30:00
9.566747097142912,9.973080393742107,10.42883588705762,17401500.0,2022-11-18 23:45:00
9.534973524998826,9.944950484958154,10.412616905569127,17402400.0,2022-11-19 00:00:00
9.5017373918593,9.919703107106098,10.396026266547,17403300.0,2022-11-19 00:15:00
9.469314611926311,9.899643077916608,10.379187106311408,17404200.0,2022-11-19 00:30:00
9.436881232571986,9.872818801118354,10.361986906759608,17405100.0,2022-11-19 00:45:00
9.404280616781394,9.846885383068209,10.34455498191172,17406000.0,2022-11-19 01:00:00
9.37501982528388,9.824795778437572,10.326789671954916,17406900.0,2022-11-19 01:15:00
9.3446993849963,9.79822037919881,10.308858984728596,17407800.0,2022-11-19 01:30:00
9.316803485768029,9.77761175489448,10.290534717757884,17408700.0,2022-11-19 01:45:00
9.287623670472026,9.748310743514423,10.272099340802916,17409600.0,2022-11-19 02:00:00
9.264819109124268,9.725993070981485,10.253511504034584,17410500.0,2022-11-19 02:15:00
9.241787672136953,9.699735906248723,10.235317663079543,17411400.0,2022-11-19 02:30:00
9.22118115999324,9.679606193778586,10.217499081160051,17412300.0,2022-11-19 02:45:00
9.204581543130114,9.659796129005546,10.200382250643072,17413200.0,2022-11-19 03:00:00
9.193623631902138,9.645579557138047,10.183601287762723,17414100.0,2022-11-19 03:15:00
9.185640405159388,9.629925326548413,10.167265942246107,17415000.0,2022-11-19 03:30:00
9.181168461264205,9.61354833173716,10.151625493812915,17415900.0,2022-11-19 03:45:00
9.18174001966901,9.603882665095858,10.136773941979182,17416800.0,2022-11-19 04:00:00
9.187493780062592,9.591703021330808,10.12311461452868,17417700.0,2022-11-19 04:15:00
9.200703179013336,9.588547217308546,10.110607121733942,17418600.0,2022-11-19 04:30:00
9.219994959159962,9.587483731552403,10.09946914759953,17419500.0,2022-11-19 04:45:00
9.238280684844858,9.585598691523137,10.089974951024564,17420400.0,2022-11-19 05:00:00
9.258310251878608,9.588195102166102,10.082046640057117,17421300.0,2022-11-19 05:15:00
9.278145815068342,9.59158096206384,10.075778410613728,17422200.0,2022-11-19 05:30:00
9.307433730555193,9.603512420653308,10.07099111885443,17423100.0,2022-11-19 05:45:00
9.344793681360379,9.61425506781788,10.067911187957495,17424000.0,2022-11-19 06:00:00
9.37861282950096,9.630965626520226,10.066388205788444,17424900.0,2022-11-19 06:15:00
9.405867043315746,9.640333988492086,10.06640619505565,17425800.0,2022-11-19 06:30:00
9.433895430405581,9.656530626946848,10.067720959714356,17426700.0,2022-11-19 06:45:00
9.46375704255079,9.67182873000072,10.070226499183242,17427600.0,2022-11-19 07:00:00
9.49525112023304,9.690286493195423,10.073840469454954,17428500.0,2022-11-19 07:15:00
9.52346600058516,9.70655403969043,10.078543191013887,17429400.0,2022-11-19 07:30:00
9.543116938847708,9.723261548985032,10.084047122417108,17430300.0,2022-11-19 07:45:00
9.554668389586716,9.740531539786208,10.089911237227488,17431200.0,2022-11-19 08:00:00
9.56272165767964,9.751336441526352,10.095627996703584,17432100.0,2022-11-19 08:15:00
9.571036421202058,9.757654124669736,10.100954028948824,17433000.0,2022-11-19 08:30:00
9.577589109513653,9.770269081574574,10.1059442739806,17433900.0,2022-11-19 08:45:00
9.577554932668873,9.774621476889257,10.110438863247984,17434800.0,2022-11-19 09:00:00
9.57176409926419,9.782697363397409,10.114353261461453,17435700.0,2022-11-19 09:15:00
9.558258746324082,9.781120917584685,10.117209643640775,17436600.0,2022-11-19 09:30:00
9.548148884384208,9.785398415482009,10.119187736570035,17437500.0,2022-11-19 09:45:00
9.532756839027046,9.77797396003204,10.119714379214072,17438400.0,2022-11-19 10:00:00
9.516964689277343,9.773417308908527,10.11908577039454,17439300.0,2022-11-19 10:15:00
9.500786152632346,9.767914255502227,10.117353251272762,17440200.0,2022-11-19 10:30:00
9.484065989366208,9.75925838670614,10.114565302734285,17441100.0,2022-11-19 10:45:00
9.465214943356791,9.751560467366861,10.110917350151569,17442000.0,2022-11-19 11:00:00
9.444885326538557,9.737340923837298,10.106216821740022,17442900.0,2022-11-19 11:15:00
9.421076389015507,9.724926258915168,10.100581943004922,17443800.0,2022-11-19 11:30:00
9.396566102088803,9.710380645516596,10.094212596508116,17444700.0,2022-11-19 11:45:00
9.373318613300128,9.696970030467952,10.087176223091255,17445600.0,2022-11-19 12:00:00
9.3519016516286,9.684034299878059,10.079533455575776,17446500.0,2022-11-19 12:15:00
9.330318127621254,9.669890973890734,10.071126384572246,17447400.0,2022-11-19 12:30:00
9.304927680605182,9.653492906522205,10.0620451655024,17448300.0,2022-11-19 12:45:00
9.279557510550577,9.6370230001747,10.05228024671011,17449200.0,2022-11-19 13:00:00
9.250199629636896,9.613778563067324,10.04196990148954,17450100.0,2022-11-19 13:15:00
9.223944294017167,9.595434741334593,10.031206846945205,17451000.0,2022-11-19 13:30:00
9.20101427757902,9.581600577127139,10.019995468120138,17451900.0,2022-11-19 13:45:00
9.175469828795602,9.560185073936834,10.008502136304996,17452800.0,2022-11-19 14:00:00
9.148041001425694,9.539933094962167,9.996575800031644,17453700.0,2022-11-19 14:15:00
9.114588050075907,9.520579945656973,9.984386873423361,17454600.0,2022-11-19 14:30:00
9.082230724099354,9.499693381710015,9.971755714304276,17455500.0,2022-11-19 14:45:00
9.046399750764426,9.477846919957587,9.958321271515262,17456400.0,2022-11-19 15:00:00
9.01018429439487,9.454353991464533,9.944110452018688,17457300.0,2022-11-19 15:15:00
8.97315676361678,9.42636154682672,9.92917499590585,17458200.0,2022-11-19 15:30:00
8.938218094290034,9.40263513502547,9.913660120329597,17459100.0,2022-11-19 15:45:00
8.90576371771019,9.37927280592347,9.89757651580615,17460000.0,2022-11-19 16:00:00
8.87576555728643,9.35064882038672,9.881197302970335,17460900.0,2022-11-19 16:15:00
8.845713247416127,9.327547167435794,9.864405956999432,17461800.0,2022-11-19 16:30:00
8.814876689603153,9.302600112525976,9.84747478318838,17462700.0,2022-11-19 16:45:00
8.78138132921374,9.276833687853353,9.830403550199096,17463600.0,2022-11-19 17:00:00
8.75324238125972,9.252177758044455,9.813253804751076,17464500.0,2022-11-19 17:15:00
8.728151877124331,9.228967705762948,9.79597401807368,17465400.0,2022-11-19 17:30:00
8.7021270072406,9.205288571631213,9.778882628288327,17466300.0,2022-11-19 17:45:00
8.677106072847456,9.182361879251895,9.761982971746738,17467200.0,2022-11-19 18:00:00
8.653643794549524,9.158875404288624,9.745536052909063,17468100.0,2022-11-19 18:15:00
8.636090636585699,9.142400703018609,9.729310205080434,17469000.0,2022-11-19 18:30:00
8.622800980714718,9.122931523469923,9.713688422311316,17469900.0,2022-11-19 18:45:00
8.61146238242037,9.106777362729058,9.698651909532336,17470800.0,2022-11-19 19:00:00
8.600282429310864,9.09227270514592,9.684328837078292,17471700.0,2022-11-19 19:15:00
8.593042608877624,9.080669837455208,9.670324971508974,17472600.0,2022-11-19 19:30:00
8.584340103629875,9.066647906639908,9.657063872059565,17473500.0,2022-11-19 19:45:00
8.576284100588529,9.055251597391731,9.644217966198672,17474400.0,2022-11-19 20:00:00
8.567109070649265,9.043622046218514,9.632015018730414,17475300.0,2022-11-19 20:15:00
8.559779032102343,9.032836016220536,9.620238457077424,17476200.0,2022-11-19 20:30:00
8.55647098883239,9.02473116423679,9.608926899453076,17477100.0,2022-11-19 20:45:00
8.553321152257617,9.017500430428338,9.597803427467545,17478000.0,2022-11-19 21:00:00
8.550104859931565,9.01023900759596,9.586972315395133,17478900.0,2022-11-19 21:15:00
8.548113793676029,9.000775691762401,9.576654737171022,17479800.0,2022-11-19 21:30:00
8.547303869953732,8.992009138689939,9.566945173298643,17480700.0,2022-11-19 21:45:00
8.548723328317974,8.989674699974062,9.557527741926695,17481600.0,2022-11-19 22:00:00
8.550391847088644,8.986276769020776,9.548417876263953,17482500.0,2022-11-19 22:15:00
8.550848517493408,8.980897363366363,9.539647692006925,17483400.0,2022-11-19 22:30:00
8.553271518458017,8.976326400899078,9.53136443065228,17484300.0,2022-11-19 22:45:00
8.555807590755755,8.97230256829728,9.523579697812192,17485200.0,2022-11-19 23:00:00
8.561733813689333,8.96831759189723,9.516456207401411,17486100.0,2022-11-19 23:15:00
8.570754595322697,8.970120199393625,9.509717196846008,17487000.0,2022-11-19 23:30:00
8.575274675352269,8.968534137775503,9.503528360991313,17487900.0,2022-11-19 23:45:00
8.58217189686371,8.969785372096673,9.497697603904708,17488800.0,2022-11-20 00:00:00
8.591109218348391,8.969162585100642,9.49255887772308,17489700.0,2022-11-20 00:15:00
8.5995006790517,8.969097946640723,9.487950216474426,17490600.0,2022-11-20 00:30:00
8.608164714366115,8.970773038885804,9.484027762093994,17491500.0,2022-11-20 00:45:00
8.61348166680684,8.973614373297417,9.48044425851533,17492400.0,2022-11-20 01:00:00
8.621099652528102,8.976285467425878,9.47726861012824,17493300.0,2022-11-20 01:15:00
8.625102347732588,8.97779510861311,9.474551991100808,17494200.0,2022-11-20 01:30:00
8.62963547648383,8.978168241632334,9.472135888025807,17495100.0,2022-11-20 01:45:00
8.635490143695861,8.980279255205202,9.470059832392867,17496000.0,2022-11-20 02:00:00
8.64516951009481,8.984502634888331,9.468310774795139,17496900.0,2022-11-20 02:15:00
8.658296423641218,8.988712433238684,9.466961744392522,17497800.0,2022-11-20 02:30:00
8.673045887787286,8.995771474310224,9.46585103347562,17498700.0,2022-11-20 02:45:00
8.683790713086252,9.000983849869398,9.465051794213107,17499600.0,2022-11-20 03:00:00
8.698819564216265,9.006306200309423,9.464774978518912,17500500.0,2022-11-20 03:15:00
8.713708033386109,9.014296467468291,9.464846723903408,17501400.0,2022-11-20 03:30:00
8.729130322788889,9.021773499887113,9.465310715840115,17502300.0,2022-11-20 03:45:00
8.74507645288596,9.02751186160291,9.46626350238652,17503200.0,2022-11-20 04:00:00
8.764872147754737,9.038517668834007,9.467742935075416,17504100.0,2022-11-20 04:15:00
8.789438612356369,9.048841772560753,9.470002324201458,17505000.0,2022-11-20 04:30:00
8.815923021758135,9.06298039084131,9.47288435347994,17505900.0,2022-11-20 04:45:00
8.840901933260152,9.075253228688336,9.476544960448193,17506800.0,2022-11-20 05:00:00
8.868098670723741,9.089643432032094,9.481004734758093,17507700.0,2022-11-20 05:15:00
8.901799384544633,9.10671237963918,9.486348989431422,17508600.0,2022-11-20 05:30:00
8.936565427554683,9.12457392809995,9.49272855837292,17509500.0,2022-11-20 05:45:00
8.966050134810915,9.142241190046002,9.500015179038073,17510400.0,2022-11-20 06:00:00
8.99558145217082,9.165376292278328,9.508220394953005,17511300.0,2022-11-20 06:15:00
9.024067768052433,9.185801561148077,9.517049722328903,17512200.0,2022-11-20 06:30:00
9.054063460996838,9.204561367712866,9.5264020338754,17513100.0,2022-11-20 06:45:00
9.084075297231529,9.226662299850089,9.536208145093145,17514000.0,2022-11-20 07:00:00
9.104401433799593,9.245106271758559,9.546254938886833,17514900.0,2022-11-20 07:15:00
9.127176480704463,9.26356856769386,9.556451630368382,17515800.0,2022-11-20 07:30:00
9.150084576237086,9.28225817615848,9.566664738041666,17516700.0,2022-11-20 07:45:00
9.174478067277363,9.299823490768787,9.576961790359585,17517600.0,2022-11-20 08:00:00
9.197333193229785,9.31756008394944,9.587291025685776,17518500.0,2022-11-20 08:15:00
9.22185953352054,9.335404397907698,9.597730052138065,17519400.0,2022-11-20 08:30:00
9.242081905058276,9.348953677312382,9.608174224655626,17520300.0,2022-11-20 08:45:00
9.256653577198595,9.367794995550483,9.618672477481136,17521200.0,2022-11-20 09:00:00
9.270900800785347,9.384163056147012,9.629137436194899,17522100.0,2022-11-20 09:15:00
9.286013392898944,9.399691318942612,9.63949533581844,17523000.0,2022-11-20 09:30:00
9.302612314066183,9.413515068457327,9.649545425759191,17523900.0,2022-11-20 09:45:00
9.317864507003984,9.42398954347724,9.65910139628467,17524800.0,2022-11-20 10:00:00
9.325933775007117,9.436256519801212,9.668402972543,17525700.0,2022-11-20 10:15:00
9.332159780644814,9.445957004634062,9.677276662524344,17526600.0,2022-11-20 10:30:00
9.33722126903992,9.457761864496343,9.685802178105575,17527500.0,2022-11-20 10:45:00
9.337815553227717,9.465684672871571,9.693851804537356,17528400.0,2022-11-20 11:00:00
9.336604688330072,9.47259766053338,9.70116903387405,17529300.0,2022-11-20 11:15:00
9.333800879580672,9.475887199135345,9.707656787342136,17530200.0,2022-11-20 11:30:00
9.329513249069517,9.479164593411292,9.71334685765421,17531100.0,2022-11-20 11:45:00
9.323862419958711,9.48017424007808,9.718113376563828,17532000.0,2022-11-20 12:00:00
9.313525334270045,9.478700156151284,9.722036777884723,17532900.0,2022-11-20 12:15:00
9.30262569915974,9.47857844786706,9.725191594458506,17533800.0,2022-11-20 12:30:00
9.291115709663272,9.476011144238337,9.727637315499798,17534700.0,2022-11-20 12:45:00
9.277103578312706,9.468767492443448,9.729050165574309,17535600.0,2022-11-20 13:00:00
9.262876839269037,9.467425170677714,9.729847178772529,17536500.0,2022-11-20 13:15:00
9.247888137635503,9.46033211733523,9.72980570454294,17537400.0,2022-11-20 13:30:00
9.235353457997498,9.454581253934013,9.729051324047639,17538300.0,2022-11-20 13:45:00
9.22228871561698,9.446102711800206,9.727434191344065,17539200.0,2022-11-20 14:00:00
9.209163503438317,9.44042384929085,9.72542861038043,17540100.0,2022-11-20 14:15:00
9.192741235684862,9.428129090985433,9.722650256704911,17541000.0,2022-11-20 14:30:00
9.17911246240981,9.419109231590856,9.719417275477506,17541900.0,2022-11-20 14:45:00
9.165359613866276,9.410069531524169,9.715868573909315,17542800.0,2022-11-20 15:00:00
9.154060128690812,9.404417768261457,9.71212539035632,17543700.0,2022-11-20 15:15:00
9.140325682466592,9.396051232520387,9.70819803004028,17544600.0,2022-11-20 15:30:00
9.126063368110913,9.384589805769384,9.703821507263838,17545500.0,2022-11-20 15:45:00
9.111339153902525,9.374009920240248,9.699078433239752,17546400.0,2022-11-20 16:00:00
9.094915337818263,9.363935682619072,9.694091964769049,17547300.0,2022-11-20 16:15:00
9.078331028244536,9.353583577799744,9.688891561878147,17548200.0,2022-11-20 16:30:00
9.063148328256887,9.345680932068609,9.683368279638925,17549100.0,2022-11-20 16:45:00
9.045850243106706,9.332303909312381,9.67745262148803,17550000.0,2022-11-20 17:00:00
9.031860602246535,9.320730769395215,9.67122754332098,17550900.0,2022-11-20 17:15:00
9.012364046740728,9.307549685629686,9.664659165824792,17551800.0,2022-11-20 17:30:00
8.99513980688039,9.29744290378922,9.657910311724384,17552700.0,2022-11-20 17:45:00
8.971762588725118,9.283325948683158,9.650775510065792,17553600.0,2022-11-20 18:00:00
8.951536220737271,9.271594045122669,9.643111763044905,17554500.0,2022-11-20 18:15:00
8.930916784352801,9.253997670072525,9.634933498960478,17555400.0,2022-11-20 18:30:00
8.90949122602518,9.238663975804604,9.62633534000872,17556300.0,2022-11-20 18:45:00
8.887526700055643,9.225779644798594,9.617411247649423,17557200.0,2022-11-20 19:00:00
8.865305731290636,9.208445472884184,9.608129020853692,17558100.0,2022-11-20 19:15:00
8.846360300684509,9.192779901697588,9.598580886410696,17559000.0,2022-11-20 19:30:00
8.826317629779377,9.175901434798616,9.588921286529395,17559900.0,2022-11-20 19:45:00
8.81003313303774,9.164280384541833,9.57907011184539,17560800.0,2022-11-20 20:00:00
8.79247652453262,9.147686344134598,9.569203132152449,17561700.0,2022-11-20 20:15:00
8.780444628229672,9.135279775157194,9.55935633524542,17562600.0,2022-11-20 20:30:00
8.763430141338777,9.120112877093124,9.549525518920039,17563500.0,2022-11-20 20:45:00
8.752186565416276,9.107771101672276,9.539844305409884,17564400.0,2022-11-20 21:00:00
8.74085357972685,9.094923066883442,9.530386206658836,17565300.0,2022-11-20 21:15:00
8.729452555256684,9.08165278534483,9.5212549535691,17566200.0,2022-11-20 21:30:00
8.721538810694685,9.072582058977137,9.512430418545668,17567100.0,2022-11-20 21:45:00
8.713654658547778,9.064500234710737,9.504051158263904,17568000.0,2022-11-20 22:00:00
8.707372271319015,9.056209568225967,9.496018106828153,17568900.0,2022-11-20 22:15:00
8.703276586581817,9.04973692862618,9.488146664569136,17569800.0,2022-11-20 22:30:00
8.701025152760062,9.04402140921568,9.480453857802535,17570700.0,2022-11-20 22:45:00
8.69906408658077,9.031515059365807,9.473143179384078,17571600.0,2022-11-20 23:00:00
8.70012490138255,9.030900034836243,9.46631861133183,17572500.0,2022-11-20 23:15:00
8.702257501778456,9.02680057438491,9.459902916482031,17573400.0,2022-11-20 23:30:00
8.70455391111074,9.0221100254694,9.454044133553715,17574300.0,2022-11-20 23:45:00
8.707146026739297,9.018747981930897,9.44868147712883,17575200.0,2022-11-21 00:00:00
8.70908662706033,9.012944772078772,9.4440191181892,17576100.0,2022-11-21 00:15:00
8.713494985088365,9.014123251226557,9.440047170840813,17577000.0,2022-11-21 00:30:00
8.71660304570164,9.015378687633085,9.43676961938277,17577900.0,2022-11-21 00:45:00
8.72025212769827,9.015492307562823,9.43386950620472,17578800.0,2022-11-21 01:00:00
8.724810407376019,9.015426818125254,9.43129588829563,17579700.0,2022-11-21 01:15:00
8.729672776759699,9.016621874391584,9.429042015098979,17580600.0,2022-11-21 01:30:00
8.733553665066593,9.017726350701702,9.427246156255809,17581500.0,2022-11-21 01:45:00
8.73927319702887,9.019601629449417,9.425825694625791,17582400.0,2022-11-21 02:00:00
8.747489522922741,9.025040422220272,9.424586893187222,17583300.0,2022-11-21 02:15:00
8.753047266824462,9.02687032519319,9.423585712513296,17584200.0,2022-11-21 02:30:00
8.760430582617209,9.028445222243954,9.4226674117102,17585100.0,2022-11-21 02:45:00
8.769787082119548,9.030814985968128,9.422059351130612,17586000.0,2022-11-21 03:00:00
8.781389808736707,9.035573807384692,9.421921812103108,17586900.0,2022-11-21 03:15:00
8.79946212300317,9.042807479011698,9.422382340882681,17587800.0,2022-11-21 03:30:00
8.822329925483054,9.051962192777385,9.42356033745296,17588700.0,2022-11-21 03:45:00
8.848158722019837,9.062693894952032,9.42556461183828,17589600.0,2022-11-21 04:00:00
8.87617338302657,9.075722272974012,9.428486507384118,17590500.0,2022-11-21 04:15:00
8.907678953614342,9.089528420457176,9.432407743125228,17591400.0,2022-11-21 04:30:00
8.938169323468486,9.106504482198202,9.437452419889334,17592300.0,2022-11-21 04:45:00
8.965836196090336,9.123981659956675,9.443451141942305,17593200.0,2022-11-21 05:00:00
8.992602422622006,9.142283466683853,9.450351470598848,17594100.0,2022-11-21 05:15:00
9.023880612993002,9.158122755559008,9.457926025468758,17595000.0,2022-11-21 05:30:00
9.052965557183647,9.178274696928742,9.466278245763808,17595900.0,2022-11-21 05:45:00
9.083263976504425,9.198165286396515,9.475434731215278,17596800.0,2022-11-21 06:00:00
9.11903502579157,9.219247320662797,9.485383402209296,17597700.0,2022-11-21 06:15:00
9.149466042785678,9.239068888651124,9.495968343047203,17598600.0,2022-11-21 06:30:00
9.17596156758466,9.2655601792126,9.507324694362753,17599500.0,2022-11-21 06:45:00
9.198512411738545,9.28496111406881,9.518922779222484,17600400.0,2022-11-21 07:00:00
9.223764500532472,9.307270789772431,9.530763446910695,17601300.0,2022-11-21 07:15:00
9.245391400137189,9.321071250567085,9.542195402735551,17602200.0,2022-11-21 07:30:00
9.268763424258209,9.340716700991667,9.553709603090034,17603100.0,2022-11-21 07:45:00
9.291524929992583,9.35930231506659,9.565304661742317,17604000.0,2022-11-21 08:00:00
9.30661462647506,9.378108064058814,9.576958581510535,17604900.0,2022-11-21 08:15:00
9.315346901673648,9.392983588862224,9.588255317747858,17605800.0,2022-11-21 08:30:00
9.319479492394356,9.406380372941763,9.59908967009167,17606700.0,2022-11-21 08:45:00
9.318590021398176,9.412547914695107,9.608736752639645,17607600.0,2022-11-21 09:00:00
9.315206728993886,9.421531999066973,9.617477253116789,17608500.0,2022-11-21 09:15:00
9.310804888321732,9.427018305051352,9.625278378624143,17609400.0,2022-11-21 09:30:00
9.30672414362466,9.428540498897789,9.63179328170944,17610300.0,2022-11-21 09:45:00
9.298150164293094,9.431643700222663,9.637419566048752,17611200.0,2022-11-21 10:00:00
9.288491685419462,9.430824311809891,9.641996564799568,17612100.0,2022-11-21 10:15:00
9.27344846119908,9.427625640467834,9.64551485090442,17613000.0,2022-11-21 10:30:00
9.258044141922868,9.42693486566059,9.6483013308737,17613900.0,2022-11-21 10:45:00
9.237370166206526,9.418299653635236,9.64970893572795,17614800.0,2022-11-21 11:00:00
9.213659594600093,9.40960792696715,9.6498495840506,17615700.0,2022-11-21 11:15:00
9.189375261514124,9.39856026044242,9.648725698041176,17616600.0,2022-11-21 11:30:00
9.163112662156031,9.389498160793304,9.646600319877027,17617500.0,2022-11-21 11:45:00
9.133818460572003,9.37924414798297,9.64344635882357,17618400.0,2022-11-21 12:00:00
9.102116291197007,9.357219004679699,9.638608320096061,17619300.0,2022-11-21 12:15:00
9.070101347343455,9.342168291525367,9.632580572875584,17620200.0,2022-11-21 12:30:00
9.038046873005898,9.320934773162946,9.625333530797784,17621100.0,2022-11-21 12:45:00
9.004554287029276,9.298604337439997,9.616965264369682,17622000.0,2022-11-21 13:00:00
8.971973529557694,9.280406828003585,9.607958764127485,17622900.0,2022-11-21 13:15:00
8.938302582253954,9.258089231139984,9.598153590687646,17623800.0,2022-11-21 13:30:00
8.904824162977198,9.23526954574508,9.587582149656106,17624700.0,2022-11-21 13:45:00
8.870050831526491,9.214185306841491,9.576396029596788,17625600.0,2022-11-21 14:00:00
8.838690123016937,9.189468912681917,9.564482206817338,17626500.0,2022-11-21 14:15:00
8.812375976173376,9.166128033494836,9.552168107363713,17627400.0,2022-11-21 14:30:00
8.788703687828086,9.146514590386817,9.539742025218851,17628300.0,2022-11-21 14:45:00
8.76101835362283,9.124951864018295,9.527201323517005,17629200.0,2022-11-21 15:00:00
8.737316940038191,9.106033606199956,9.514668160736527,17630100.0,2022-11-21 15:15:00
8.712299215626668,9.085111656143598,9.50204038185208,17631000.0,2022-11-21 15:30:00
8.689465541670547,9.065900058203368,9.489410069850383,17631900.0,2022-11-21 15:45:00
8.667307321576784,9.045973949359553,9.476739722644291,17632800.0,2022-11-21 16:00:00
8.645623635582444,9.027913158133714,9.46412734370905,17633700.0,2022-11-21 16:15:00
8.620731682943557,9.007524798481613,9.451572146700887,17634600.0,2022-11-21 16:30:00
8.598356910608329,8.990741799964994,9.439000178638793,17635500.0,2022-11-21 16:45:00
8.580583639122285,8.971997672754581,9.426621817673489,17636400.0,2022-11-21 17:00:00
8.566288725853882,8.955831545928682,9.414401865676632,17637300.0,2022-11-21 17:15:00
8.552036563202927,8.940093057100066,9.40236620755248,17638200.0,2022-11-21 17:30:00
8.541069744278412,8.927806043833387,9.390586201780394,17639100.0,2022-11-21 17:45:00
8.529739715644698,8.91441265892194,9.379146667940594,17640000.0,2022-11-21 18:00:00
8.518363594593445,8.900572257234684,9.368090020033732,17640900.0,2022-11-21 18:15:00
8.511604116490467,8.888145044183474,9.35753969234795,17641800.0,2022-11-21 18:30:00
8.503643856717993,8.877881753605337,9.347378279288256,17642700.0,2022-11-21 18:45:00
8.491918944796165,8.867259178349439,9.337686956125228,17643600.0,2022-11-21 19:00:00
8.477987263734665,8.855177310853993,9.328449333768802,17644500.0,2022-11-21 19:15:00
8.465418327178782,8.84549738583197,9.319318368601188,17645400.0,2022-11-21 19:30:00
8.457803811747223,8.835369040272726,9.310444446823697,17646300.0,2022-11-21 19:45:00
8.452805400314677,8.82825131537833,9.301800038541831,17647200.0,2022-11-21 20:00:00
8.447118232063389,8.818430053103466,9.293376086157759,17648100.0,2022-11-21 20:15:00
8.441049964523694,8.810148484431696,9.285297825791448,17649000.0,2022-11-21 20:30:00
8.433401517526319,8.803275649534742,9.277551789272282,17649900.0,2022-11-21 20:45:00
8.431714146182392,8.796877699688782,9.269987054636525,17650800.0,2022-11-21 21:00:00
8.427172992373558,8.788322966295256,9.262869888976688,17651700.0,2022-11-21 21:15:00
8.421748600303681,8.783609990740757,9.256104754279711,17652600.0,2022-11-21 21:30:00
8.420294742483653,8.778891085779593,9.249695393049562,17653500.0,2022-11-21 21:45:00
8.42019571166677,8.77570677154582,9.243534880839299,17654400.0,2022-11-21 22:00:00
8.41683905612569,8.769697656125905,9.237592037001841,17655300.0,2022-11-21 22:15:00
8.417725076062888,8.767102556519566,9.231821274553,17656200.0,2022-11-21 22:30:00
8.418837169545075,8.761968206522804,9.226444397327523,17657100.0,2022-11-21 22:45:00
8.419404559723958,8.761462244925188,9.221294564320916,17658000.0,2022-11-21 23:00:00
8.41677244061375,8.755891611427725,9.216509123498179,17658900.0,2022-11-21 23:15:00
8.417214522655684,8.75556167009667,9.211847682529337,17659800.0,2022-11-21 23:30:00
8.41427093134409,8.752777720130803,9.207368407223864,17660700.0,2022-11-21 23:45:00
8.40781392215176,8.745533349205562,9.203061371972993,17661600.0,2022-11-22 00:00:00
8.407706250287521,8.743016877063793,9.198932470589224,17662500.0,2022-11-22 00:15:00
8.405298948980628,8.742254807164425,9.194863485180461,17663400.0,2022-11-22 00:30:00
8.397366328578647,8.736878495187492,9.190976408025657,17664300.0,2022-11-22 00:45:00
8.389073054666142,8.73338905635652,9.186986041911624,17665200.0,2022-11-22 01:00:00
8.381331649375296,8.729165425961908,9.182764791674671,17666100.0,2022-11-22 01:15:00
8.375826935793475,8.722849895275038,9.17844950653926,17667000.0,2022-11-22 01:30:00
8.374768504676554,8.719935304486825,9.173975935950656,17667900.0,2022-11-22 01:45:00
8.382281209349445,8.716973458250862,9.169699169996807,17668800.0,2022-11-22 02:00:00
8.390571548168055,8.715913994261863,9.165780092877586,17669700.0,2022-11-22 02:15:00
8.395437016249325,8.715570647335122,9.162313888564425,17670600.0,2022-11-22 02:30:00
8.401723309547313,8.718883394479345,9.15924200857306,17671500.0,2022-11-22 02:45:00
8.41114438583095,8.717817758009993,9.156670082046553,17672400.0,2022-11-22 03:00:00
8.422797130628755,8.72110322204145,9.154556148987304,17673300.0,2022-11-22 03:15:00
8.432537050593309,8.724737188839352,9.15311928355632,17674200.0,2022-11-22 03:30:00
8.450420022082108,8.730739858662178,9.152350051326618,17675100.0,2022-11-22 03:45:00
8.473013297354338,8.737965717066983,9.152447057388034,17676000.0,2022-11-22 04:00:00
8.496640423096247,8.745649542368314,9.1534338671386,17676900.0,2022-11-22 04:15:00
8.526699749998858,8.75934783728443,9.155525292150932,17677800.0,2022-11-22 04:30:00
8.560148043852566,8.773875267242174,9.158911253506098,17678700.0,2022-11-22 04:45:00
8.589303272285942,8.792391342011816,9.16346123202504,17679600.0,2022-11-22 05:00:00
8.630882241619055,8.811007802779729,9.169194193907474,17680500.0,2022-11-22 05:15:00
8.669660395805648,8.830534125630528,9.176112868131392,17681400.0,2022-11-22 05:30:00
8.703523867328787,8.852424698292046,9.184215509518474,17682300.0,2022-11-22 05:45:00
8.734459974850008,8.874894572165667,9.193388536054492,17683200.0,2022-11-22 06:00:00
8.759966613143392,8.897259438134821,9.20321221404415,17684100.0,2022-11-22 06:15:00
8.784709975527571,8.917258650953208,9.213441075986138,17685000.0,2022-11-22 06:30:00
8.809640468519822,8.93753290032737,9.22389684822205,17685900.0,2022-11-22 06:45:00
8.834479107890191,8.953382881329034,9.234356675219942,17686800.0,2022-11-22 07:00:00
8.86562376274031,8.972940591819366,9.24500766599308,17687700.0,2022-11-22 07:15:00
8.892697871155042,8.993797686709119,9.256144694207418,17688600.0,2022-11-22 07:30:00
8.910668312011854,9.009707511358648,9.267400578528429,17689500.0,2022-11-22 07:45:00
8.932567711382788,9.03207106806571,9.278966490313383,17690400.0,2022-11-22 08:00:00
8.95292382898429,9.05290425097224,9.290601782927434,17691300.0,2022-11-22 08:15:00
8.97301804740585,9.072180376385372,9.302169845447184,17692200.0,2022-11-22 08:30:00
8.99000075600695,9.084294382104659,9.313213325989533,17693100.0,2022-11-22 08:45:00
9.001432090922782,9.100796183745542,9.323956195176066,17694000.0,2022-11-22 09:00:00
9.007374155619319,9.110325597580298,9.334092973833936,17694900.0,2022-11-22 09:15:00
9.01511516688517,9.126932512035722,9.343944615016115,17695800.0,2022-11-22 09:30:00
9.020655727058848,9.135181482719378,9.352978852838797,17696700.0,2022-11-22 09:45:00
9.025701110202322,9.142343370762232,9.361180312666612,17697600.0,2022-11-22 10:00:00
9.0290014391704,9.149001989563347,9.368781853038573,17698500.0,2022-11-22 10:15:00
9.029593019624096,9.155126993473587,9.375739576899232,17699400.0,2022-11-22 10:30:00
9.027569871924861,9.161408378433741,9.382238262774038,17700300.0,2022-11-22 10:45:00
9.020664575711592,9.165498432657188,9.38799813093832,17701200.0,2022-11-22 11:00:00
9.013171965478769,9.166827841107263,9.392852881544787,17702100.0,2022-11-22 11:15:00
9.004241093199667,9.164337504657745,9.39672579953269,17703000.0,2022-11-22 11:30:00
8.994191881365321,9.16346444196644,9.399729076212743,17703900.0,2022-11-22 11:45:00
8.98221926136587,9.158160356219428,9.401878150017836,17704800.0,2022-11-22 12:00:00
8.967843016373795,9.156512957712595,9.403373065184487,17705700.0,2022-11-22 12:15:00
8.952975285470746,9.150059854233763,9.40397997219067,17706600.0,2022-11-22 12:30:00
8.937521497748486,9.143110642830937,9.403812469507566,17707500.0,2022-11-22 12:45:00
8.923858554611805,9.14041686648525,9.403157830932221,17708400.0,2022-11-22 13:00:00
8.907268590956841,9.128803764036778,9.401650771940073,17709300.0,2022-11-22 13:15:00
8.888884890684746,9.122348226650836,9.399361383918896,17710200.0,2022-11-22 13:30:00
8.867565531694114,9.108057608373745,9.396134618356333,17711100.0,2022-11-22 13:45:00
8.84454156691343,9.095625749622537,9.392131937012115,17712000.0,2022-11-22 14:00:00
8.82174843200157,9.081087487626744,9.38737425258531,17712900.0,2022-11-22 14:15:00
8.799547950023033,9.06844651382048,9.382146632276312,17713800.0,2022-11-22 14:30:00
8.77764354224573,9.053552344181472,9.376445438384506,17714700.0,2022-11-22 14:45:00
8.755616566640208,9.041225464053968,9.370482768982487,17715600.0,2022-11-22 15:00:00
8.734149965200416,9.02830965154867,9.364117694772784,17716500.0,2022-11-22 15:15:00
8.714170836173118,9.013801562422483,9.357268549850867,17717400.0,2022-11-22 15:30:00
8.694958312158246,9.001963540197604,9.350029436988462,17718300.0,2022-11-22 15:45:00
8.675708308638388,8.986491092040941,9.342372819789517,17719200.0,2022-11-22 16:00:00
8.659585697261821,8.96809601375613,9.334281025112215,17720100.0,2022-11-22 16:15:00
8.650267539541085,8.951709550869268,9.326400093630454,17721000.0,2022-11-22 16:30:00
8.642142746683692,8.944432447137585,9.31917705454164,17721900.0,2022-11-22 16:45:00
8.632740605018489,8.938266418069244,9.312505914928268,17722800.0,2022-11-22 17:00:00
8.624248371514097,8.928972751585926,9.30605339661892,17723700.0,2022-11-22 17:15:00
8.619395589051852,8.919388739799526,9.299950697737575,17724600.0,2022-11-22 17:30:00
8.614321717597601,8.91209791288733,9.294287177498115,17725500.0,2022-11-22 17:45:00
8.611512060787142,8.912309866782758,9.288953919572787,17726400.0,2022-11-22 18:00:00
8.606700278836591,8.905279839013588,9.283717109004632,17727300.0,2022-11-22 18:15:00
8.605700436554017,8.897804271266443,9.278542487427904,17728200.0,2022-11-22 18:30:00
8.611891892795848,8.890894161847033,9.273863876726756,17729100.0,2022-11-22 18:45:00
8.617611091733467,8.892767539139788,9.269895845690026,17730000.0,2022-11-22 19:00:00
8.62003146236601,8.890592509284627,9.266597814148577,17730900.0,2022-11-22 19:15:00
8.62097506345894,8.889005729075475,9.263821707516302,17731800.0,2022-11-22 19:30:00
8.623119047151825,8.889701268487654,9.26149472584444,17732700.0,2022-11-22 19:45:00
8.625426205783443,8.887795535163619,9.259553376455543,17733600.0,2022-11-22 20:00:00
8.631028626507591,8.8923526614714,9.257968308260606,17734500.0,2022-11-22 20:15:00
8.634840225610688,8.89422788352918,9.256617947820573,17735400.0,2022-11-22 20:30:00
8.639008895037769,8.893133192316796,9.2553761078247,17736300.0,2022-11-22 20:45:00
8.6443920369859,8.89266563511251,9.254406790289703,17737200.0,2022-11-22 21:00:00
8.649619311717794,8.895570422312204,9.253773058127326,17738100.0,2022-11-22 21:15:00
8.656309269100046,8.902570150494409,9.25343767782586,17739000.0,2022-11-22 21:30:00
8.663058575931402,8.902921495476662,9.253295861775326,17739900.0,2022-11-22 21:45:00
8.669333165688677,8.906808083539302,9.253254469172264,17740800.0,2022-11-22 22:00:00
8.676136876687565,8.906508257621205,9.253482602080746,17741700.0,2022-11-22 22:15:00
8.6856893579686,8.917566292776808,9.25401200602128,17742600.0,2022-11-22 22:30:00
8.694160150687852,8.92298351836383,9.254681670348365,17743500.0,2022-11-22 22:45:00
8.70200778487059,8.923605819399262,9.255335656608846,17744400.0,2022-11-22 23:00:00
8.715271371929422,8.931967234315843,9.256146831808147,17745300.0,2022-11-22 23:15:00
8.724217789140864,8.925763192381542,9.256889081646328,17746200.0,2022-11-22 23:30:00
8.738753603997523,8.93749783930496,9.258282120649458,17747100.0,2022-11-22 23:45:00
8.75156191751437,8.942593591718364,9.260465482060049,17748000.0,2022-11-23 00:00:00
8.768749241578115,8.954129936384446,9.263314265650129,17748900.0,2022-11-23 00:15:00
8.786184587227709,8.964378714723315,9.26666106898122,17749800.0,2022-11-23 00:30:00
8.80389801689489,8.97141215214264,9.270388801940106,17750700.0,2022-11-23 00:45:00
8.822544582334316,8.989938377278639,9.274909902083678,17751600.0,2022-11-23 01:00:00
8.83613431267494,8.996758644257056,9.279678241346156,17752500.0,2022-11-23 01:15:00
8.85154838631848,9.00087725576101,9.284281785203447,17753400.0,2022-11-23 01:30:00
8.868237088114526,9.013876938409101,9.289339402185064,17754300.0,2022-11-23 01:45:00
8.882015583212452,9.024348215447278,9.29501490821862,17755200.0,2022-11-23 02:00:00
8.897589238103036,9.038974736550047,9.30120043897178,17756100.0,2022-11-23 02:15:00
8.914721673901834,9.058226156273546,9.3078810557485,17757000.0,2022-11-23 02:30:00
8.928763319490676,9.05994995270034,9.314050763285364,17757900.0,2022-11-23 02:45:00
8.948768648891662,9.071896898918794,9.32035473636266,17758800.0,2022-11-23 03:00:00
8.968569065187895,9.085507578041101,9.327179469434602,17759700.0,2022-11-23 03:15:00
8.990412736294369,9.101273437954914,9.334549855862711,17760600.0,2022-11-23 03:30:00
9.011907941987262,9.111759981296126,9.342141824051197,17761500.0,2022-11-23 03:45:00
9.037750688982653,9.128788976613928,9.350263668328612,17762400.0,2022-11-23 04:00:00
9.063318412456804,9.150314516100407,9.359282341055952,17763300.0,2022-11-23 04:15:00
9.090218617602847,9.167637177672745,9.368867664587489,17764200.0,2022-11-23 04:30:00
9.117887462503392,9.182752237997565,9.378554965046243,17765100.0,2022-11-23 04:45:00
9.148282044128916,9.201733602431254,9.388755915405648,17766000.0,2022-11-23 05:00:00
9.181056697041017,9.224835021871815,9.399881222677974,17766900.0,2022-11-23 05:15:00
9.216779522475784,9.246682656573219,9.411841484519375,17767800.0,2022-11-23 05:30:00
9.249609265873673,9.266135223594658,9.424215584422306,17768700.0,2022-11-23 05:45:00
9.285113434859417,9.294119380763384,9.437713835759034,17769600.0,2022-11-23 06:00:00
9.322449150386111,9.31716799042004,9.45191383752032,17770500.0,2022-11-23 06:15:00
9.359001625284371,9.342610877284846,9.466685551779102,17771400.0,2022-11-23 06:30:00
9.391588369890666,9.371026121377673,9.482415397091112,17772300.0,2022-11-23 06:45:00
9.423963820900946,9.392163827483529,9.498172941199352,17773200.0,2022-11-23 07:00:00
9.455475178450383,9.42321347789021,9.514744164717122,17774100.0,2022-11-23 07:15:00
9.48361996750788,9.446259716558895,9.53135270273708,17775000.0,2022-11-23 07:30:00
9.513524633151373,9.475548380403028,9.548631242293812,17775900.0,2022-11-23 07:45:00
9.538720388352912,9.49666694657712,9.565526461496775,17776800.0,2022-11-23 08:00:00
9.5545396726724,9.511958506007625,9.581290786827743,17777700.0,2022-11-23 08:15:00
9.568448390193614,9.534466629038745,9.596957361560545,17778600.0,2022-11-23 08:30:00
9.580970693373295,9.557754119613111,9.612810327429662,17779500.0,2022-11-23 08:45:00
9.588539112736209,9.57001642020288,9.627480677096306,17780400.0,2022-11-23 09:00:00
9.594826054968765,9.581085599985713,9.640843392792736,17781300.0,2022-11-23 09:15:00
9.597197405040461,9.593809053574049,9.653331513229322,17782200.0,2022-11-23 09:30:00
9.59480737057554,9.60144423401652,9.664774832794183,17783100.0,2022-11-23 09:45:00
9.589629029453778,9.611304424324269,9.675456127998608,17784000.0,2022-11-23 10:00:00
9.578795804265594,9.61167328387936,9.68439255015618,17784900.0,2022-11-23 10:15:00
9.565789984536172,9.611399199945012,9.691737688938268,17785800.0,2022-11-23 10:30:00
9.55559003672002,9.616480801953792,9.698460197101584,17786700.0,2022-11-23 10:45:00
9.544837958710367,9.611554455948893,9.703632143952255,17787600.0,2022-11-23 11:00:00
9.538028512413437,9.60924012223435,9.70777467670206,17788500.0,2022-11-23 11:15:00
9.531654038916429,9.609042315301261,9.711332512289356,17789400.0,2022-11-23 11:30:00
9.522544950083631,9.604427047852575,9.71409988035242,17790300.0,2022-11-23 11:45:00
9.511733228977002,9.598697385993072,9.715979762099549,17791200.0,2022-11-23 12:00:00
9.503199621097508,9.59550560111198,9.717442450483649,17792100.0,2022-11-23 12:15:00
9.492515028978525,9.594936666085044,9.71894136896935,17793000.0,2022-11-23 12:30:00
9.479566356287094,9.588892751123096,9.719795037960093,17793900.0,2022-11-23 12:45:00
9.46653786925792,9.580768355178774,9.719841573081926,17794800.0,2022-11-23 13:00:00
9.454044324449288,9.574386609616226,9.719305470306642,17795700.0,2022-11-23 13:15:00
9.440016294282886,9.565153818046458,9.718112993216783,17796600.0,2022-11-23 13:30:00
9.428833899175215,9.560520671607447,9.71673682645809,17797500.0,2022-11-23 13:45:00
9.415085668560032,9.552907605007778,9.715097202380928,17798400.0,2022-11-23 14:00:00
9.403251499853262,9.545524902225822,9.713108086522743,17799300.0,2022-11-23 14:15:00
9.387397065175335,9.535036018754482,9.710497684714253,17800200.0,2022-11-23 14:30:00
9.374229024512193,9.524577864398232,9.707388471038483,17801100.0,2022-11-23 14:45:00
9.361718160403102,9.520962441201378,9.704564788584186,17802000.0,2022-11-23 15:00:00
9.347341428674243,9.510648808722664,9.701429703745966,17802900.0,2022-11-23 15:15:00
9.33314856191718,9.499040721702995,9.69766114272604,17803800.0,2022-11-23 15:30:00
9.320021557260736,9.492057730103928,9.693831752156205,17804700.0,2022-11-23 15:45:00
9.309321540067625,9.48573998506098,9.690107401754068,17805600.0,2022-11-23 16:00:00
9.299096560357277,9.473008308294256,9.685863647878,17806500.0,2022-11-23 16:15:00
9.293280362597358,9.466537074536626,9.681762375806311,17807400.0,2022-11-23 16:30:00
9.281426808680349,9.461566198839671,9.677890227616563,17808300.0,2022-11-23 16:45:00
9.269041080601536,9.451627836311983,9.673806875584596,17809200.0,2022-11-23 17:00:00
9.257400961719954,9.443615295744056,9.66955494476335,17810100.0,2022-11-23 17:15:00
9.247209642905242,9.43479224268948,9.665127646290317,17811000.0,2022-11-23 17:30:00
9.237380998581742,9.42707441869762,9.660659267568077,17811900.0,2022-11-23 17:45:00
9.224913191754457,9.419454729159687,9.65618105170532,17812800.0,2022-11-23 18:00:00
9.21426312693682,9.412852782138687,9.651738846958512,17813700.0,2022-11-23 18:15:00
9.199580908998117,9.399281978426076,9.646746102792813,17814600.0,2022-11-23 18:30:00
9.188092510401491,9.3951902866272,9.641940528260497,17815500.0,2022-11-23 18:45:00
9.1735285741005,9.379088778834406,9.63648125101442,17816400.0,2022-11-23 19:00:00
9.16306880836504,9.374734648720386,9.6312743766622,17817300.0,2022-11-23 19:15:00
9.150865362974141,9.369694091667796,9.626297815933118,17818200.0,2022-11-23 19:30:00
9.140043618065715,9.358798157932318,9.620916501329864,17819100.0,2022-11-23 19:45:00
9.126347464853255,9.344085576328666,9.61488657622055,17820000.0,2022-11-23 20:00:00
9.116730765412726,9.339855019746237,9.609099788590575,17820900.0,2022-11-23 20:15:00
9.103565364532722,9.325696134601571,9.603043152085313,17821800.0,2022-11-23 20:30:00
9.088111126793873,9.318374101835364,9.597098396604192,17822700.0,2022-11-23 20:45:00
9.06936868370917,9.306596883232388,9.590960766590946,17823600.0,2022-11-23 21:00:00
9.056724319404637,9.294086209926377,9.584635849104613,17824500.0,2022-11-23 21:15:00
9.044484538516558,9.282003642017342,9.57822866276285,17825400.0,2022-11-23 21:30:00
9.032881876493786,9.277118170416323,9.572060002169923,17826300.0,2022-11-23 21:45:00
9.022342113770808,9.267403463080823,9.566006584134103,17827200.0,2022-11-23 22:00:00
9.005758362898638,9.259863733378015,9.559858825790116,17828100.0,2022-11-23 22:15:00
8.992122890345751,9.247756205599245,9.553383908815853,17829000.0,2022-11-23 22:30:00
8.98073641471274,9.235849006957903,9.54658552911587,17829900.0,2022-11-23 22:45:00
8.967382057192998,9.2264793442327,9.539678545724323,17830800.0,2022-11-23 23:00:00
8.954793598347065,9.217918174781163,9.532732775875775,17831700.0,2022-11-23 23:15:00
8.94393757218261,9.2053553001727,9.525607839336168,17832600.0,2022-11-23 23:30:00
8.933924503858979,9.195015208352313,9.518473948765353,17833500.0,2022-11-23 23:45:00
8.921891500114432,9.183932370577766,9.511426752285693,17834400.0,2022-11-24 00:00:00
8.913162551283094,9.176425124888569,9.50464065375131,17835300.0,2022-11-24 00:15:00
8.90280399819883,9.16594252887687,9.497948293944024,17836200.0,2022-11-24 00:30:00
8.897004538449895,9.159996503624136,9.491548027117345,17837100.0,2022-11-24 00:45:00
8.890976546219402,9.153720413545056,9.485446396565292,17838000.0,2022-11-24 01:00:00
8.888127312673573,9.150157120451885,9.479561715901804,17838900.0,2022-11-24 01:15:00
8.882364420603643,9.141282427069225,9.473723518165393,17839800.0,2022-11-24 01:30:00
8.878547277335567,9.132158705579823,9.467839617791215,17840700.0,2022-11-24 01:45:00
8.878110843713939,9.126413686281102,9.46234827189219,17841600.0,2022-11-24 02:00:00
8.880104158487534,9.124610988010351,9.457546544016932,17842500.0,2022-11-24 02:15:00
8.883554604987548,9.12253893049144,9.45325927287423,17843400.0,2022-11-24 02:30:00
8.888504138086905,9.123197572679024,9.449596203695632,17844300.0,2022-11-24 02:45:00
8.896203655172215,9.121310054365757,9.446423711643558,17845200.0,2022-11-24 03:00:00
8.90698974181505,9.124504650975501,9.443962782603748,17846100.0,2022-11-24 03:15:00
8.923174369659542,9.13005658355059,9.442275343064452,17847000.0,2022-11-24 03:30:00
8.941493130386265,9.133308095628285,9.441266017056886,17847900.0,2022-11-24 03:45:00
8.966248070149572,9.145491699437391,9.441367402950943,17848800.0,2022-11-24 04:00:00
8.992691767118073,9.151437579532356,9.442426532847197,17849700.0,2022-11-24 04:15:00
9.022373349397682,9.162144063304888,9.444640211166275,17850600.0,2022-11-24 04:30:00
9.054487645638499,9.185802438468675,9.448680341345016,17851500.0,2022-11-24 04:45:00
9.08177396154642,9.195138852282701,9.453579990208183,17852400.0,2022-11-24 05:00:00
9.11614199631064,9.2135646015848,9.459595455564418,17853300.0,2022-11-24 05:15:00
9.159429414839412,9.239691767679505,9.467330675158466,17854200.0,2022-11-24 05:30:00
9.200401697220103,9.260115881512524,9.476229412182867,17855100.0,2022-11-24 05:45:00
9.239626363889816,9.283139595718808,9.486244005400007,17856000.0,2022-11-24 06:00:00
9.281035979017746,9.309995814246337,9.497618736764462,17856900.0,2022-11-24 06:15:00
9.324156180747346,9.338033496275376,9.510290407296344,17857800.0,2022-11-24 06:30:00
9.365731455635808,9.367286515002013,9.524101630832542,17858700.0,2022-11-24 06:45:00
9.403433386155859,9.39137742695108,9.538419754432272,17859600.0,2022-11-24 07:00:00
9.440867870553747,9.421501613282729,9.553674723404042,17860500.0,2022-11-24 07:15:00
9.479956064759122,9.458103041304573,9.570496502970125,17861400.0,2022-11-24 07:30:00
9.521960711377439,9.48178371085128,9.587327849848307,17862300.0,2022-11-24 07:45:00
9.563830013983821,9.511836422460632,9.604564669851497,17863200.0,2022-11-24 08:00:00
9.603939197148359,9.544323236587728,9.62253795284429,17864100.0,2022-11-24 08:15:00
9.63599200939616,9.572687169164329,9.640819727643704,17865000.0,2022-11-24 08:30:00
9.667319451730652,9.601953359408249,9.659305927214307,17865900.0,2022-11-24 08:45:00
9.701212224772464,9.62746400692677,9.677678290095518,17866800.0,2022-11-24 09:00:00
9.734134148649098,9.658923801781247,9.696635028858669,17867700.0,2022-11-24 09:15:00
9.76436304690374,9.683971379811105,9.715326196340609,17868600.0,2022-11-24 09:30:00
9.7905409144273,9.70838678038976,9.73357130363792,17869500.0,2022-11-24 09:45:00
9.81584502260139,9.733376282284938,9.751689009566064,17870400.0,2022-11-24 10:00:00
9.839276474343919,9.758075924902531,9.76960845910491,17871300.0,2022-11-24 10:15:00
9.857745422497352,9.779906462476157,9.787089442630148,17872200.0,2022-11-24 10:30:00
9.875665987820344,9.803224602399505,9.804364635046115,17873100.0,2022-11-24 10:45:00
9.892348183375603,9.821102864387779,9.82086967302768,17874000.0,2022-11-24 11:00:00
9.912598684708131,9.841803893117344,9.837049044462608,17874900.0,2022-11-24 11:15:00
9.931989351129896,9.858490105739705,9.852523414771465,17875800.0,2022-11-24 11:30:00
9.952407178678163,9.878719687995343,9.86786843909596,17876700.0,2022-11-24 11:45:00
9.968210672088992,9.894360420819234,9.882599199050832,17877600.0,2022-11-24 12:00:00
9.981734012601326,9.910660629306179,9.896915554916296,17878500.0,2022-11-24 12:15:00
9.991838061829775,9.923607698142458,9.91054065771848,17879400.0,2022-11-24 12:30:00
9.997286492427577,9.938568905761661,9.923728769795185,17880300.0,2022-11-24 12:45:00
10.002244633397993,9.948563250974884,9.936049578399585,17881200.0,2022-11-24 13:00:00
10.005983613490358,9.959159858923984,9.947713160042138,17882100.0,2022-11-24 13:15:00
10.00405590697401,9.967806525650143,9.958635699216543,17883000.0,2022-11-24 13:30:00
9.999319220262196,9.975763645915102,9.968822838746604,17883900.0,2022-11-24 13:45:00
9.990145458549318,9.979129005775155,9.97782550085176,17884800.0,2022-11-24 14:00:00
9.978691417667171,9.978732508165159,9.985310888239155,17885700.0,2022-11-24 14:15:00
9.96495000262273,9.974342045737153,9.9909361735456,17886600.0,2022-11-24 14:30:00
9.954173229428484,9.974789943736129,9.995892946988771,17887500.0,2022-11-24 14:45:00
9.940464683709859,9.970347881763857,9.999749367083254,17888400.0,2022-11-24 15:00:00
9.927224864601175,9.966753460644473,10.002725004374238,17889300.0,2022-11-24 15:15:00
9.914866653952522,9.96337209562369,10.005147036920976,17890200.0,2022-11-24 15:30:00
9.897885542271512,9.953925405931203,10.0061937433737,17891100.0,2022-11-24 15:45:00
9.884354467681405,9.947181618793264,10.006567169096584,17892000.0,2022-11-24 16:00:00
9.869055579472391,9.94047027565761,10.00643479336304,17892900.0,2022-11-24 16:15:00
9.853244839057208,9.931463074604382,10.00558779908302,17893800.0,2022-11-24 16:30:00
9.835205238002327,9.923416583518096,10.004211011033702,17894700.0,2022-11-24 16:45:00
9.815654708112493,9.912936474096083,10.002188081290818,17895600.0,2022-11-24 17:00:00
9.795814379682398,9.900293109234772,9.99922474063424,17896500.0,2022-11-24 17:15:00
9.773180640882686,9.890088230947066,9.995854702710004,17897400.0,2022-11-24 17:30:00
9.747849217919997,9.872215081387827,9.991155379374112,17898300.0,2022-11-24 17:45:00
9.727513967565164,9.863760387594047,9.986547997279578,17899200.0,2022-11-24 18:00:00
9.702984676765709,9.845576892339542,9.98093706827659,17900100.0,2022-11-24 18:15:00
9.680929740581972,9.83234826947418,9.974905709426602,17901000.0,2022-11-24 18:30:00
9.658334846789247,9.817766056722505,9.968331499283073,17901900.0,2022-11-24 18:45:00
9.635023431141311,9.794834079298813,9.960530794427283,17902800.0,2022-11-24 19:00:00
9.615354846291806,9.786714917363865,9.953264057414152,17903700.0,2022-11-24 19:15:00
9.594086038552236,9.771313291421603,9.945813455944599,17904600.0,2022-11-24 19:30:00
9.575111188957727,9.756190165700016,9.93812711565628,17905500.0,2022-11-24 19:45:00
9.553808502954489,9.737724140930878,9.929806288439018,17906400.0,2022-11-24 20:00:00
9.535093682321932,9.726877457509625,9.921655034766184,17907300.0,2022-11-24 20:15:00
9.51541057520898,9.709331698271534,9.913118234575293,17908200.0,2022-11-24 20:30:00
9.498829694629924,9.696147309206099,9.90458791206153,17909100.0,2022-11-24 20:45:00
9.483529606879271,9.681732819825543,9.895891938224674,17910000.0,2022-11-24 21:00:00
9.46613230171469,9.6647289850494,9.886963416371888,17910900.0,2022-11-24 21:15:00
9.448992823610553,9.648468627508253,9.877945494262988,17911800.0,2022-11-24 21:30:00
9.430705054076489,9.639545981704794,9.869421901024541,17912700.0,2022-11-24 21:45:00
9.412485581607735,9.621309549011764,9.860666169153795,17913600.0,2022-11-24 22:00:00
9.393276749556495,9.607426793165375,9.85188984092807,17914500.0,2022-11-24 22:15:00
9.377198757727074,9.598026179779328,9.843390804693533,17915400.0,2022-11-24 22:30:00
9.357594204689558,9.5850802159204,9.834934083231696,17916300.0,2022-11-24 22:45:00
9.336932827568193,9.566350291681859,9.825867013643927,17917200.0,2022-11-24 23:00:00
9.31447567835093,9.545387160922894,9.816128492365712,17918100.0,2022-11-24 23:15:00
9.295863411235697,9.534190403491321,9.806610413288816,17919000.0,2022-11-24 23:30:00
9.272805391353208,9.51682892814435,9.796944713018746,17919900.0,2022-11-24 23:45:00
9.251406253981722,9.501937726146126,9.787266729173844,17920800.0,2022-11-25 00:00:00
9.230015252763543,9.496119937522415,9.778029271471441,17921700.0,2022-11-25 00:15:00
9.202202139748993,9.474901048597154,9.768001211941632,17922600.0,2022-11-25 00:30:00
9.175766755148832,9.451773303233889,9.75703545028442,17923500.0,2022-11-25 00:45:00
9.152542463732635,9.430624060242488,9.745474327377961,17924400.0,2022-11-25 01:00:00
9.129708955891322,9.411326339129063,9.73389958965851,17925300.0,2022-11-25 01:15:00
9.110613645132064,9.398095875507844,9.722620641739551,17926200.0,2022-11-25 01:30:00
9.09156810652604,9.382400334032404,9.711542300462929,17927100.0,2022-11-25 01:45:00
9.074270929994192,9.365890895059144,9.700492454449762,17928000.0,2022-11-25 02:00:00
9.061413579833433,9.349343140585114,9.689473221722372,17928900.0,2022-11-25 02:15:00
9.050967206665852,9.33518028528544,9.678825261999101,17929800.0,2022-11-25 02:30:00
9.047216896663114,9.328658230231989,9.669040004310537,17930700.0,2022-11-25 02:45:00
9.045642317298736,9.3175158087354,9.659861523051044,17931600.0,2022-11-25 03:00:00
9.051726886921342,9.316143762277692,9.651527692751417,17932500.0,2022-11-25 03:15:00
9.058126590346072,9.310148763419683,9.64399629411008,17933400.0,2022-11-25 03:30:00
9.065310146557474,9.310392697732924,9.637315328842547,17934300.0,2022-11-25 03:45:00
9.074663831658125,9.306802752298724,9.631317762624745,17935200.0,2022-11-25 04:00:00
9.085720858285773,9.301486335278845,9.625988328399554,17936100.0,2022-11-25 04:15:00
9.101244255314569,9.308442358114169,9.621975032168686,17937000.0,2022-11-25 04:30:00
9.115982803987235,9.307275024726698,9.61896010552108,17937900.0,2022-11-25 04:45:00
9.135667520243155,9.314712447738069,9.617230683250218,17938800.0,2022-11-25 05:00:00
9.157709986517473,9.327594514504277,9.617064109793631,17939700.0,2022-11-25 05:15:00
9.180125291506073,9.331692157120402,9.617823088180929,17940600.0,2022-11-25 05:30:00
9.210337402895117,9.353322368859367,9.62011508838707,17941500.0,2022-11-25 05:45:00
9.238973671320286,9.36436554961933,9.623408639841823,17942400.0,2022-11-25 06:00:00
9.270752099281674,9.374630558601844,9.627526520017993,17943300.0,2022-11-25 06:15:00
9.30686927089051,9.404900993640451,9.633637589560218,17944200.0,2022-11-25 06:30:00
9.337244282141347,9.414571635354744,9.640311232447631,17945100.0,2022-11-25 06:45:00
9.367395485527775,9.429233278230349,9.647583407956542,17946000.0,2022-11-25 07:00:00
9.400022518790616,9.4620329372394,9.656763667561094,17946900.0,2022-11-25 07:15:00
9.424536613067968,9.474956108146381,9.666241934753325,17947800.0,2022-11-25 07:30:00
9.45003553664079,9.499322585470546,9.676525569274942,17948700.0,2022-11-25 07:45:00
9.478134845343977,9.51562942694938,9.686791369876842,17949600.0,2022-11-25 08:00:00
9.507723309784025,9.539628451436132,9.697821765784413,17950500.0,2022-11-25 08:15:00
9.527965962991631,9.558798032911037,9.709066207555011,17951400.0,2022-11-25 08:30:00
9.545587508111527,9.573792235343909,9.719972010103913,17952300.0,2022-11-25 08:45:00
9.559432046714708,9.590440538060289,9.730736369110284,17953200.0,2022-11-25 09:00:00
9.572609420999038,9.609483414287341,9.741636915165666,17954100.0,2022-11-25 09:15:00
9.580708646280618,9.621729464139168,9.752009476680144,17955000.0,2022-11-25 09:30:00
9.582234518308905,9.62980083901432,9.761210455855453,17955900.0,2022-11-25 09:45:00
9.58030181086344,9.637534000694238,9.769442493349294,17956800.0,2022-11-25 10:00:00
9.578034222404808,9.648349220463139,9.777247684753725,17957700.0,2022-11-25 10:15:00
9.570307284893216,9.650541596204002,9.783978290713987,17958600.0,2022-11-25 10:30:00
9.559691384526214,9.648933459449113,9.789170932386051,17959500.0,2022-11-25 10:45:00
9.549791220080127,9.64977201826869,9.793296284560224,17960400.0,2022-11-25 11:00:00
9.538358354266425,9.647918473015034,9.796356002915628,17961300.0,2022-11-25 11:15:00
9.526125222149137,9.654024770190066,9.799468271690264,17962200.0,2022-11-25 11:30:00
9.506368951037166,9.6347560464373,9.8000126958362,17963100.0,2022-11-25 11:45:00
9.491937432918752,9.628919598413779,9.799478283296189,17964000.0,2022-11-25 12:00:00
9.477180052644888,9.621132652086564,9.798252067413193,17964900.0,2022-11-25 12:15:00
9.462914449107933,9.619057379570519,9.796869498008318,17965800.0,2022-11-25 12:30:00
9.448710002651545,9.615113999710744,9.795370869673192,17966700.0,2022-11-25 12:45:00
9.43230731763603,9.60805679737554,9.793165448351155,17967600.0,2022-11-25 13:00:00
9.40903428945991,9.57925522961504,9.788459838640032,17968500.0,2022-11-25 13:15:00
9.389205365636249,9.57283224197529,9.783603359965484,17969400.0,2022-11-25 13:30:00
9.365134178945778,9.561885076849245,9.778498769807927,17970300.0,2022-11-25 13:45:00
9.340368197923862,9.550839482969868,9.77303441496071,17971200.0,2022-11-25 14:00:00
9.311406959121111,9.532086131986675,9.766637087145014,17972100.0,2022-11-25 14:15:00
9.283763679394266,9.513399454727464,9.759268602651122,17973000.0,2022-11-25 14:30:00
9.256221956428163,9.494825580626673,9.751161243727653,17973900.0,2022-11-25 14:45:00
9.231164266676938,9.47977024406978,9.74275758719074,17974800.0,2022-11-25 15:00:00
9.20742963547172,9.467620605380128,9.734135453189769,17975700.0,2022-11-25 15:15:00
9.184823546138183,9.449020556190414,9.724952414485577,17976600.0,2022-11-25 15:30:00
9.163028931464012,9.427443575579069,9.71507336482858,17977500.0,2022-11-25 15:45:00
9.142003500707,9.412405280674289,9.70501763987861,17978400.0,2022-11-25 16:00:00
9.123719530443369,9.396085040736748,9.694799247041407,17979300.0,2022-11-25 16:15:00
9.106517466137861,9.379744981064832,9.684622012626596,17980200.0,2022-11-25 16:30:00
9.089769779228922,9.361222418355732,9.674312989908527,17981100.0,2022-11-25 16:45:00
9.072035491085229,9.349544708703062,9.664289217122864,17982000.0,2022-11-25 17:00:00
9.05885989643239,9.337606163795407,9.654571291919863,17982900.0,2022-11-25 17:15:00
9.042347872498857,9.325218958043983,9.644906760783964,17983800.0,2022-11-25 17:30:00
9.025216165518701,9.306228963196418,9.635039612318346,17984700.0,2022-11-25 17:45:00
9.010071888960832,9.290428280615746,9.625103323999603,17985600.0,2022-11-25 18:00:00
8.996746774561414,9.275894882355194,9.615526184296515,17986500.0,2022-11-25 18:15:00
8.983247665842821,9.268894036243395,9.606461404655793,17987400.0,2022-11-25 18:30:00
8.970030415424707,9.257799842809575,9.597664527755093,17988300.0,2022-11-25 18:45:00
8.958108879091142,9.247251337505665,9.58889046808185,17989200.0,2022-11-25 19:00:00
8.945679118461685,9.234219867882844,9.58009219763513,17990100.0,2022-11-25 19:15:00
8.934704170518748,9.223208485176087,9.571312419908269,17991000.0,2022-11-25 19:30:00
8.9243121933532,9.215413490059854,9.562560278787847,17991900.0,2022-11-25 19:45:00
8.913772416120473,9.199681627417489,9.553719959343656,17992800.0,2022-11-25 20:00:00
8.90519656868688,9.194655841835823,9.545194804480456,17993700.0,2022-11-25 20:15:00
8.894899920792824,9.180764865349326,9.536607211882973,17994600.0,2022-11-25 20:30:00
8.885390008825825,9.167850111868558,9.528209705739597,17995500.0,2022-11-25 20:45:00
8.876232024901043,9.16102809636482,9.520172769749944,17996400.0,2022-11-25 21:00:00
8.866930373761747,9.151589228739315,9.512481785021999,17997300.0,2022-11-25 21:15:00
8.85870766270151,9.146422813385197,9.505097574025427,17998200.0,2022-11-25 21:30:00
8.847100892957604,9.134731808209434,9.49769965971551,17999100.0,2022-11-25 21:45:00
8.83669624643592,9.127127669775607,9.490422622468653,18000000.0,2022-11-25 22:00:00
8.82589564122348,9.1188929038613,9.483117646511287,18000900.0,2022-11-25 22:15:00
8.814574776588609,9.10800094232387,9.475731681072482,18001800.0,2022-11-25 22:30:00
8.802730722557657,9.09789347032302,9.46823862935764,18002700.0,2022-11-25 22:45:00
8.791409023037868,9.090650458455777,9.460759721568111,18003600.0,2022-11-25 23:00:00
8.778136554983886,9.079131045498404,9.453138108261063,18004500.0,2022-11-25 23:15:00
8.764021250890439,9.066591059322542,9.445430378869998,18005400.0,2022-11-25 23:30:00
8.75103610956891,9.06332525561226,9.4376353588621,18006300.0,2022-11-25 23:45:00
8.733537614701058,9.045712140967565,9.429652138111614,18007200.0,2022-11-26 00:00:00
8.719189223848236,9.034743796566705,9.421423101439098,18008100.0,2022-11-26 00:15:00
8.703234190285512,9.022021366094249,9.413136460813169,18009000.0,2022-11-26 00:30:00
8.688608008127163,9.011134296651823,9.404776602581729,18009900.0,2022-11-26 00:45:00
8.670777838892075,9.001803122017375,9.396313349121725,18010800.0,2022-11-26 01:00:00
8.653440262700594,8.987747220214386,9.387558849298305,18011700.0,2022-11-26 01:15:00
8.636002410995268,8.971447146376844,9.378546917140296,18012600.0,2022-11-26 01:30:00
8.62032598753515,8.962663117309193,9.369444885572813,18013500.0,2022-11-26 01:45:00
8.603243028243153,8.945419337479834,9.360306529171844,18014400.0,2022-11-26 02:00:00
8.590915773395814,8.939715953636638,9.35101264350966,18015300.0,2022-11-26 02:15:00
8.579692126760154,8.921927177186795,9.341764256423279,18016200.0,2022-11-26 02:30:00
8.571655972273485,8.914647076006807,9.332585363737007,18017100.0,2022-11-26 02:45:00
8.56412620301929,8.904712666215609,9.323631853845752,18018000.0,2022-11-26 03:00:00
8.55988829881792,8.897017641839895,9.314809112257011,18018900.0,2022-11-26 03:15:00
8.556543460603173,8.885619052047172,9.30635550530747,18019800.0,2022-11-26 03:30:00
8.558650550660412,8.88221394104922,9.298384432613725,18020700.0,2022-11-26 03:45:00
8.561145195415921,8.87836793819875,9.290817364336212,18021600.0,2022-11-26 04:00:00
8.564928212558797,8.868318616638541,9.283958047530577,18022500.0,2022-11-26 04:15:00
8.57333834108311,8.869651191135931,9.277946872507568,18023400.0,2022-11-26 04:30:00
8.584206855393557,8.873629387751214,9.272819275864228,18024300.0,2022-11-26 04:45:00
8.594366735078523,8.870796451700516,9.268509642302925,18025200.0,2022-11-26 05:00:00
8.609669098492258,8.873857561472217,9.265033393150125,18026100.0,2022-11-26 05:15:00
8.626202246073321,8.879926803886585,9.262482849779136,18027000.0,2022-11-26 05:30:00
8.64505344184176,8.885696936039585,9.260773640263245,18027900.0,2022-11-26 05:45:00
8.66595668573879,8.8926632929299,9.260136878390608,18028800.0,2022-11-26 06:00:00
8.689249787111217,8.902987124981822,9.26051421448554,18029700.0,2022-11-26 06:15:00
8.716689495020713,8.917491873678182,9.261958416816071,18030600.0,2022-11-26 06:30:00
8.745930726892563,8.929168184543075,9.264399939979498,18031500.0,2022-11-26 06:45:00
8.776348099212694,8.945212644750514,9.26800891689507,18032400.0,2022-11-26 07:00:00
8.8052546928114,8.959822934555039,9.272659059478768,18033300.0,2022-11-26 07:15:00
8.832907865089378,8.976685896517884,9.278312457431756,18034200.0,2022-11-26 07:30:00
8.858993812422035,8.995626266245484,9.284870557507805,18035100.0,2022-11-26 07:45:00
8.885179519973201,9.012220249412287,9.29196622343096,18036000.0,2022-11-26 08:00:00
8.909075593661582,9.029511134922396,9.299647999628029,18036900.0,2022-11-26 08:15:00
8.931830672218748,9.050426445819296,9.307890442558463,18037800.0,2022-11-26 08:30:00
8.95037832047933,9.065319910365213,9.316261114318849,18038700.0,2022-11-26 08:45:00
8.968068875540812,9.078919433951537,9.324595590087918,18039600.0,2022-11-26 09:00:00
8.984684209973022,9.091253129021055,9.332832791429006,18040500.0,2022-11-26 09:15:00
9.001265752530156,9.10726794874236,9.341185381001559,18041400.0,2022-11-26 09:30:00
9.015924112093636,9.123739227574735,9.349636477165273,18042300.0,2022-11-26 09:45:00
9.027222653836537,9.132946881981757,9.357614375381251,18043200.0,2022-11-26 10:00:00
9.039320947944793,9.148068819003466,9.365502658748126,18044100.0,2022-11-26 10:15:00
9.047542655989604,9.154913208325231,9.372911274199085,18045000.0,2022-11-26 10:30:00
9.058174025312852,9.170937116164092,9.38035147687571,18045900.0,2022-11-26 10:45:00
9.06673724964496,9.175770248727588,9.387166655454994,18046800.0,2022-11-26 11:00:00
9.074316715400409,9.184445840152419,9.393610659899114,18047700.0,2022-11-26 11:15:00
9.08113654451946,9.191076828979696,9.399617346663236,18048600.0,2022-11-26 11:30:00
9.086249513638256,9.20128659582954,9.405623234677348,18049500.0,2022-11-26 11:45:00
9.091364617062991,9.204853309411344,9.411132114543106,18050400.0,2022-11-26 12:00:00
9.097039754424845,9.212721341970049,9.416517929517022,18051300.0,2022-11-26 12:15:00
9.100002181537826,9.217299777698594,9.421478120319108,18052200.0,2022-11-26 12:30:00
9.103423533415462,9.223341248891296,9.42624459806652,18053100.0,2022-11-26 12:45:00
9.105440739036265,9.227209798559294,9.430662054685364,18054000.0,2022-11-26 13:00:00
9.107078679109069,9.232827392759216,9.43493330308488,18054900.0,2022-11-26 13:15:00
9.10878555826464,9.23529753604404,9.43879067109964,18055800.0,2022-11-26 13:30:00
9.110304488306545,9.23976507620883,9.442462248357817,18056700.0,2022-11-26 13:45:00
9.113533159548078,9.240691839787603,9.445620089008278,18057600.0,2022-11-26 14:00:00
9.117254597670563,9.246409436113705,9.44881652717099,18058500.0,2022-11-26 14:15:00
9.12136465944061,9.251499215702264,9.45203264495772,18059400.0,2022-11-26 14:30:00
9.12364176953331,9.251549306259395,9.454897801520744,18060300.0,2022-11-26 14:45:00
9.126122415903689,9.255216971529473,9.457574931072186,18061200.0,2022-11-26 15:00:00
9.126997407969826,9.256603543932654,9.460018754400174,18062100.0,2022-11-26 15:15:00
9.129070971629261,9.259038290523865,9.462280870755826,18063000.0,2022-11-26 15:30:00
9.13108779604933,9.261349180831838,9.464627145635358,18063900.0,2022-11-26 15:45:00
9.13126325292918,9.26305476939624,9.466836137334136,18064800.0,2022-11-26 16:00:00
9.13130726009916,9.264269320960596,9.468880685937485,18065700.0,2022-11-26 16:15:00
9.13257500345785,9.267052930330978,9.47083896661114,18066600.0,2022-11-26 16:30:00
9.133930143035967,9.266384678096355,9.47253990549368,18067500.0,2022-11-26 16:45:00
9.135012422740964,9.267214618394632,9.474085253273,18068400.0,2022-11-26 17:00:00
9.139987809322177,9.270761027236937,9.475844103261714,18069300.0,2022-11-26 17:15:00
9.143032657948615,9.273544944525938,9.477711854013373,18070200.0,2022-11-26 17:30:00
9.147498948266472,9.274958872130073,9.479604111420388,18071100.0,2022-11-26 17:45:00
9.151019559574706,9.279376564877715,9.481683451558558,18072000.0,2022-11-26 18:00:00
9.15391127413536,9.282104053763073,9.483861357835325,18072900.0,2022-11-26 18:15:00
9.158425481480592,9.28802038893663,9.486257688954352,18073800.0,2022-11-26 18:30:00
9.160323506162637,9.286334857757517,9.488290949857884,18074700.0,2022-11-26 18:45:00
9.165481393177453,9.289702778037794,9.490388204787822,18075600.0,2022-11-26 19:00:00
9.168513109170352,9.292397856555478,9.49252841004568,18076500.0,2022-11-26 19:15:00
9.171929662554092,9.297126069358276,9.494904396539038,18077400.0,2022-11-26 19:30:00
9.176092437249729,9.29783513539718,9.497109172333472,18078300.0,2022-11-26 19:45:00
9.18183338888786,9.304503928448202,9.4996567988494,18079200.0,2022-11-26 20:00:00
9.185359972796425,9.306569253249368,9.502045594733278,18080100.0,2022-11-26 20:15:00
9.191035460622087,9.30936903965043,9.504322555718993,18081000.0,2022-11-26 20:30:00
9.197690690868349,9.312582427882097,9.506695733290915,18081900.0,2022-11-26 20:45:00
9.203900720392094,9.317761733835455,9.509307292775603,18082800.0,2022-11-26 21:00:00
9.210222001284484,9.324358058607123,9.512303303785783,18083700.0,2022-11-26 21:15:00
9.215782042739512,9.327824316666316,9.515271676549299,18084600.0,2022-11-26 21:30:00
9.223562359603363,9.332665885166744,9.518327821899977,18085500.0,2022-11-26 21:45:00
9.2322888536276,9.337972465422958,9.521481396825468,18086400.0,2022-11-26 22:00:00
9.239478006395442,9.339991799720144,9.524525329180872,18087300.0,2022-11-26 22:15:00
9.249330299301246,9.349815492799555,9.528168330304394,18088200.0,2022-11-26 22:30:00
9.25760890500678,9.354488096347668,9.531885138859197,18089100.0,2022-11-26 22:45:00
9.2655185633291,9.35995082695865,9.535681251687139,18090000.0,2022-11-26 23:00:00
9.274110611622941,9.36496195670312,9.53947206814716,18090900.0,2022-11-26 23:15:00
9.283418173781673,9.377355433990909,9.543968950842855,18091800.0,2022-11-26 23:30:00
9.289964938596462,9.379038724128035,9.548073149714858,18092700.0,2022-11-26 23:45:00
9.2985278059048,9.387005715009586,9.552304896282513,18093600.0,2022-11-27 00:00:00
9.305249523744317,9.392238939613776,9.556444910511837,18094500.0,2022-11-27 00:15:00
9.313160026297759,9.398358444355033,9.560689533361682,18095400.0,2022-11-27 00:30:00
9.321282470349667,9.405634268440252,9.56511995643414,18096300.0,2022-11-27 00:45:00
9.330511115658052,9.414490467507981,9.569755560882374,18097200.0,2022-11-27 01:00:00
9.338153067351428,9.4160086927807,9.573983147755312,18098100.0,2022-11-27 01:15:00
9.34944978184331,9.42438545689256,9.578438933248872,18099000.0,2022-11-27 01:30:00
9.359945958241504,9.430764094158135,9.583105008921917,18099900.0,2022-11-27 01:45:00
9.371761219549272,9.442967622494905,9.588429164516809,18100800.0,2022-11-27 02:00:00
9.383677647367936,9.449295195452148,9.593814241258512,18101700.0,2022-11-27 02:15:00
9.397687564247533,9.459345263741215,9.599372102960206,18102600.0,2022-11-27 02:30:00
9.410219440793282,9.467436910443345,9.605041172863933,18103500.0,2022-11-27 02:45:00
9.424125210028548,9.477569999410564,9.610958751365283,18104400.0,2022-11-27 03:00:00
9.436962256268256,9.48726922166636,9.617127432357833,18105300.0,2022-11-27 03:15:00
9.450730717843781,9.497387978994023,9.623552579744764,18106200.0,2022-11-27 03:30:00
9.466382973963528,9.508280892924294,9.6302712975598,18107100.0,2022-11-27 03:45:00
9.480341139032008,9.519284055854595,9.637244427493265,18108000.0,2022-11-27 04:00:00
9.494750802595524,9.528697032794872,9.644239630369709,18108900.0,2022-11-27 04:15:00
9.50996455492418,9.54136922956268,9.65158453636965,18109800.0,2022-11-27 04:30:00
9.525728006443336,9.553640420869327,9.65921898742167,18110700.0,2022-11-27 04:45:00
9.540561654236184,9.56535772857971,9.666996120524349,18111600.0,2022-11-27 05:00:00
9.555731166998461,9.574504113683426,9.674723880580228,18112500.0,2022-11-27 05:15:00
9.57082293011962,9.58643638368067,9.682603671285651,18113400.0,2022-11-27 05:30:00
9.585437948547234,9.601415123692172,9.69113087838152,18114300.0,2022-11-27 05:45:00
9.601427998457725,9.611762331622032,9.699549076654096,18115200.0,2022-11-27 06:00:00
9.618872650984496,9.62291721504836,9.70789582086932,18116100.0,2022-11-27 06:15:00
9.641093221865686,9.640528603998717,9.717015341902854,18117000.0,2022-11-27 06:30:00
9.663311800275906,9.6554489193953,9.726551591242893,18117900.0,2022-11-27 06:45:00
9.686047149389305,9.671899555258374,9.736610946253576,18118800.0,2022-11-27 07:00:00
9.708571509636931,9.687894248986622,9.74698795241304,18119700.0,2022-11-27 07:15:00
9.732695577288094,9.70316290588834,9.75754869510221,18120600.0,2022-11-27 07:30:00
9.754205518771153,9.722024657545399,9.768736370661225,18121500.0,2022-11-27 07:45:00
9.778406093297415,9.739155444546592,9.78033025387516,18122400.0,2022-11-27 08:00:00
9.802515719061406,9.754649303300125,9.79183449105459,18123300.0,2022-11-27 08:15:00
9.828127925407022,9.772644936366383,9.803581639314563,18124200.0,2022-11-27 08:30:00
9.851621469444883,9.793704994874105,9.81610539090816,18125100.0,2022-11-27 08:45:00
9.8726772049286,9.813057948438232,9.82909762274691,18126000.0,2022-11-27 09:00:00
9.894579759737672,9.83229214103583,9.842369608384972,18126900.0,2022-11-27 09:15:00
9.912841099044329,9.850489858593482,9.855685774597712,18127800.0,2022-11-27 09:30:00
9.93043064428275,9.861446486246841,9.868015086172306,18128700.0,2022-11-27 09:45:00
9.94900380776786,9.878696898031874,9.880293129791632,18129600.0,2022-11-27 10:00:00
9.968549202350205,9.89446981111788,9.892537560904174,18130500.0,2022-11-27 10:15:00
9.98767005116343,9.915884974416777,9.905610422078688,18131400.0,2022-11-27 10:30:00
10.006076100778833,9.927651681050765,9.917998168396144,18132300.0,2022-11-27 10:45:00
10.026061389127037,9.947746090481639,9.930942753737503,18133200.0,2022-11-27 11:00:00
10.04425936619634,9.966345465752829,9.944172144031262,18134100.0,2022-11-27 11:15:00
10.06024555507558,9.982378051751382,9.95729937531209,18135000.0,2022-11-27 11:30:00
10.072902236215516,9.994244358053928,9.969608772541411,18135900.0,2022-11-27 11:45:00
10.086801388296212,10.01125280906882,9.982062149764321,18136800.0,2022-11-27 12:00:00
10.096130476274327,10.02457846655986,9.994250049376125,18137700.0,2022-11-27 12:15:00
10.10441178080622,10.036469238957263,10.005878709136072,18138600.0,2022-11-27 12:30:00
10.110209110568569,10.044242293015504,10.016463384931187,18139500.0,2022-11-27 12:45:00
10.115594131660815,10.057328834826766,10.027139656325238,18140400.0,2022-11-27 13:00:00
10.121138820360162,10.064826023539233,10.03712840973113,18141300.0,2022-11-27 13:15:00
10.130908956734142,10.082429408526927,10.048055302278712,18142200.0,2022-11-27 13:30:00
10.139710802135758,10.085431992557504,10.0575174296872,18143100.0,2022-11-27 13:45:00
10.152936056636404,10.1003255587094,10.067430246263148,18144000.0,2022-11-27 14:00:00
